held_out_identity,subj,metric,time_ms,beta_uV
F_1,s1,G,0.0,0.04351614623133345
F_1,s1,G,20.0,0.05646837489757042
F_1,s1,G,40.0,0.07790429906817653
F_1,s1,G,60.0,0.11250085761781026
F_1,s1,G,80.0,0.09344701094068043
F_1,s1,G,100.0,0.022134215865028846
F_1,s1,G,120.0,-0.1824086422018663
F_1,s1,G,140.0,-0.18638759281599515
F_1,s1,G,160.0,-0.23030441803775176
F_1,s1,G,180.0,-0.09618743262937078
F_1,s1,G,200.0,-0.059256299676959834
F_1,s1,G,220.0,0.026923089756010057
F_1,s1,G,240.0,-0.07895593361528211
F_1,s1,G,260.0,-0.031412747563240015
F_1,s1,G,280.0,0.06852166268042832
F_1,s1,G,300.0,0.206559762735201
F_1,s1,G,320.0,-0.05905978738489018
F_1,s1,G,340.0,-0.08099542659188308
F_1,s1,G,360.0,0.07565568598608818
F_1,s1,G,380.0,0.10998697065165415
F_1,s1,G,400.0,0.3182294315906243
F_1,s1,G,420.0,0.2608133227402113
F_1,s1,G,440.0,0.07402698218305505
F_1,s1,G,460.0,0.11550683777935508
F_1,s1,G,480.0,0.3571114048801949
F_1,s1,G,500.0,0.3064154598002946
F_1,s1,G,520.0,0.2936045017504182
F_1,s1,G,540.0,0.2555801019829118
F_1,s1,G,560.0,0.4712147816129808
F_1,s1,G,580.0,0.7090942074935673
F_1,s1,G,600.0,0.4970660701586969
F_1,s1,G,620.0,0.14698200665921737
F_1,s1,G,640.0,0.3173807883148331
F_1,s1,G,660.0,0.5282714863761802
F_1,s1,G,680.0,0.502701269657436
F_1,s1,G,700.0,0.2549654180568934
F_1,s1,G,720.0,0.1510150291178184
F_1,s1,G,740.0,0.2087629985249788
F_1,s1,G,760.0,0.2878762702248234
F_1,s1,G,780.0,0.24421825205519587
F_1,s1,G,800.0,0.37556873492506265
F_1,s1,G,820.0,0.4818611732867399
F_1,s1,G,840.0,0.6096125313144354
F_1,s1,G,860.0,0.5331033340363195
F_1,s1,G,880.0,0.381367872342925
F_1,s1,G,900.0,0.47222993661003365
F_1,s1,G,920.0,0.494845611995615
F_1,s1,G,940.0,0.4842863525761874
F_1,s1,G,960.0,0.3916110476175001
F_1,s1,G,980.0,0.3747742346303651
F_1,s1,A,0.0,0.04315784133862653
F_1,s1,A,20.0,-0.06507211606329154
F_1,s1,A,40.0,0.017642145722349567
F_1,s1,A,60.0,0.2664295802523984
F_1,s1,A,80.0,0.22206305896691242
F_1,s1,A,100.0,0.1328357183075233
F_1,s1,A,120.0,0.15515805114004697
F_1,s1,A,140.0,0.33224941047477174
F_1,s1,A,160.0,0.4610664568925652
F_1,s1,A,180.0,0.4680290752524976
F_1,s1,A,200.0,0.09530447053011094
F_1,s1,A,220.0,0.004790460960581192
F_1,s1,A,240.0,0.08850551527755754
F_1,s1,A,260.0,0.17006648579548517
F_1,s1,A,280.0,0.25574625553606545
F_1,s1,A,300.0,0.1809595101989157
F_1,s1,A,320.0,0.0433719287977246
F_1,s1,A,340.0,0.14015285110582354
F_1,s1,A,360.0,0.412862100207478
F_1,s1,A,380.0,0.3118705501227929
F_1,s1,A,400.0,-0.0754232264683729
F_1,s1,A,420.0,-0.11882730537843712
F_1,s1,A,440.0,0.16508423090485091
F_1,s1,A,460.0,0.18338647707977607
F_1,s1,A,480.0,0.0841084700719468
F_1,s1,A,500.0,-0.06275119412114272
F_1,s1,A,520.0,-0.025452250373875447
F_1,s1,A,540.0,0.05327727789786024
F_1,s1,A,560.0,-0.008434309647623019
F_1,s1,A,580.0,-0.16915872102180776
F_1,s1,A,600.0,0.07547424901575275
F_1,s1,A,620.0,0.09751900789512818
F_1,s1,A,640.0,-0.2153758166891362
F_1,s1,A,660.0,-0.14131128724744377
F_1,s1,A,680.0,-0.013758395564270526
F_1,s1,A,700.0,-0.04881718498893464
F_1,s1,A,720.0,0.06790829838277687
F_1,s1,A,740.0,0.12706431755762487
F_1,s1,A,760.0,0.1788254610802012
F_1,s1,A,780.0,0.15730203040627957
F_1,s1,A,800.0,-0.24037004207894794
F_1,s1,A,820.0,-0.4380147510237612
F_1,s1,A,840.0,-0.35218585339433395
F_1,s1,A,860.0,-0.04964415793513705
F_1,s1,A,880.0,0.018138766502378806
F_1,s1,A,900.0,0.014304955339677398
F_1,s1,A,920.0,-0.15567892488976545
F_1,s1,A,940.0,-0.05856721971445856
F_1,s1,A,960.0,0.05381860411434673
F_1,s1,A,980.0,0.2039713061285916
F_1,s1,I,0.0,-0.3050951761124807
F_1,s1,I,20.0,-0.06497841958372734
F_1,s1,I,40.0,-0.016571561580662274
F_1,s1,I,60.0,-0.3041143152705682
F_1,s1,I,80.0,-0.2181515609339782
F_1,s1,I,100.0,-0.06958217321570534
F_1,s1,I,120.0,-0.2621000482245995
F_1,s1,I,140.0,-0.5589030360294596
F_1,s1,I,160.0,-0.5652388445268659
F_1,s1,I,180.0,-0.5839376976651354
F_1,s1,I,200.0,-0.22809020277514308
F_1,s1,I,220.0,-0.09238258323262978
F_1,s1,I,240.0,-0.030313281362862682
F_1,s1,I,260.0,-0.16834124038074497
F_1,s1,I,280.0,-0.16926371690974915
F_1,s1,I,300.0,-0.11721589579065353
F_1,s1,I,320.0,-0.24265658625689945
F_1,s1,I,340.0,-0.6124572132044646
F_1,s1,I,360.0,-0.6512604888249502
F_1,s1,I,380.0,-0.158319137237936
F_1,s1,I,400.0,0.02581024095318446
F_1,s1,I,420.0,-0.31768167933059405
F_1,s1,I,440.0,-0.604153869203745
F_1,s1,I,460.0,-0.5492409992313152
F_1,s1,I,480.0,-0.5991244173889182
F_1,s1,I,500.0,-0.2783645215900907
F_1,s1,I,520.0,-0.6195360887049879
F_1,s1,I,540.0,-0.6482244780803694
F_1,s1,I,560.0,-0.21902170120570094
F_1,s1,I,580.0,-0.11654679263871714
F_1,s1,I,600.0,-0.6280407303113218
F_1,s1,I,620.0,-0.5785349685380683
F_1,s1,I,640.0,-0.1942021814398784
F_1,s1,I,660.0,-0.4333368601850158
F_1,s1,I,680.0,-0.5151614247223114
F_1,s1,I,700.0,-0.5103440393254411
F_1,s1,I,720.0,-0.4908810574204114
F_1,s1,I,740.0,-0.440988269502389
F_1,s1,I,760.0,-0.6585234331933438
F_1,s1,I,780.0,-0.8305856802360703
F_1,s1,I,800.0,-0.5136876914111574
F_1,s1,I,820.0,-0.1813151482499834
F_1,s1,I,840.0,-0.5779364282929352
F_1,s1,I,860.0,-0.8467875331023316
F_1,s1,I,880.0,-0.6661806718812229
F_1,s1,I,900.0,-0.6506277605834807
F_1,s1,I,920.0,-0.5266452445926602
F_1,s1,I,940.0,-0.3276039750286682
F_1,s1,I,960.0,-0.6675597408436243
F_1,s1,I,980.0,-0.9141526708835033
F_2,s1,G,0.0,0.123160533746533
F_2,s1,G,20.0,0.08438730883448348
F_2,s1,G,40.0,0.030702104556883242
F_2,s1,G,60.0,0.08909863699723958
F_2,s1,G,80.0,0.12892099219426625
F_2,s1,G,100.0,0.00990293009516665
F_2,s1,G,120.0,-0.07516426313921318
F_2,s1,G,140.0,-0.03953187228196543
F_2,s1,G,160.0,-0.12353095438296098
F_2,s1,G,180.0,-0.054165314861669284
F_2,s1,G,200.0,0.005537092302460633
F_2,s1,G,220.0,0.17256892368061047
F_2,s1,G,240.0,-0.008064710202427276
F_2,s1,G,260.0,-0.0246957514869192
F_2,s1,G,280.0,0.09563052017518232
F_2,s1,G,300.0,0.20096375253336196
F_2,s1,G,320.0,0.15932397011882954
F_2,s1,G,340.0,0.1704753229950421
F_2,s1,G,360.0,0.11221607534715788
F_2,s1,G,380.0,0.2581355118547454
F_2,s1,G,400.0,0.5720019026253057
F_2,s1,G,420.0,0.46494110360160495
F_2,s1,G,440.0,0.3023371074596051
F_2,s1,G,460.0,0.33809409012672487
F_2,s1,G,480.0,0.4930598788679219
F_2,s1,G,500.0,0.4392612037734837
F_2,s1,G,520.0,0.3404005632200654
F_2,s1,G,540.0,0.29536453783508776
F_2,s1,G,560.0,0.4526619318886347
F_2,s1,G,580.0,0.6047883259110061
F_2,s1,G,600.0,0.46153339293564516
F_2,s1,G,620.0,0.22839808495356345
F_2,s1,G,640.0,0.33525266618233396
F_2,s1,G,660.0,0.5556928393092027
F_2,s1,G,680.0,0.5315337109725048
F_2,s1,G,700.0,0.3510845155287854
F_2,s1,G,720.0,0.16107359691912865
F_2,s1,G,740.0,0.060288157194496025
F_2,s1,G,760.0,0.13856481955057276
F_2,s1,G,780.0,0.2811639181923413
F_2,s1,G,800.0,0.3520649300845293
F_2,s1,G,820.0,0.28813728152393214
F_2,s1,G,840.0,0.4261427245364246
F_2,s1,G,860.0,0.39462192845228605
F_2,s1,G,880.0,0.34104937725176115
F_2,s1,G,900.0,0.32426152566019495
F_2,s1,G,920.0,0.28933223073373304
F_2,s1,G,940.0,0.37297473749468096
F_2,s1,G,960.0,0.4078376479979262
F_2,s1,G,980.0,0.36956397807549907
F_2,s1,A,0.0,0.11974041931743956
F_2,s1,A,20.0,-0.19401244083217983
F_2,s1,A,40.0,-0.12409272596986343
F_2,s1,A,60.0,0.0335775097599794
F_2,s1,A,80.0,0.09444997938007638
F_2,s1,A,100.0,0.18451365055082333
F_2,s1,A,120.0,0.10162633087248227
F_2,s1,A,140.0,0.15451526474548996
F_2,s1,A,160.0,0.16841686913191545
F_2,s1,A,180.0,0.3257779366498628
F_2,s1,A,200.0,0.09394245898398432
F_2,s1,A,220.0,-0.1806867971070006
F_2,s1,A,240.0,-0.1565064869853146
F_2,s1,A,260.0,0.09578165609778143
F_2,s1,A,280.0,0.2406218739476335
F_2,s1,A,300.0,0.12041893427426378
F_2,s1,A,320.0,-0.07837745481149265
F_2,s1,A,340.0,0.03615633729942287
F_2,s1,A,360.0,0.3016961748583885
F_2,s1,A,380.0,0.3086263843103054
F_2,s1,A,400.0,0.053216114221736714
F_2,s1,A,420.0,0.042835328156203265
F_2,s1,A,440.0,0.07221047240651277
F_2,s1,A,460.0,0.09003805625305536
F_2,s1,A,480.0,0.12215118898107354
F_2,s1,A,500.0,-0.0166374485035191
F_2,s1,A,520.0,-0.2072554498533339
F_2,s1,A,540.0,-0.1904914004769554
F_2,s1,A,560.0,-0.042945369606892055
F_2,s1,A,580.0,-0.035320521453355354
F_2,s1,A,600.0,-0.10455911437317128
F_2,s1,A,620.0,-0.3835247035375816
F_2,s1,A,640.0,-0.39581704070685886
F_2,s1,A,660.0,0.03468624203025884
F_2,s1,A,680.0,0.09253295181838228
F_2,s1,A,700.0,-0.08407911286412775
F_2,s1,A,720.0,-0.1066296941632292
F_2,s1,A,740.0,0.07145776440416585
F_2,s1,A,760.0,0.16108143671359854
F_2,s1,A,780.0,0.08269266506976822
F_2,s1,A,800.0,-0.35614089460696674
F_2,s1,A,820.0,-0.5422338114179368
F_2,s1,A,840.0,-0.2734704837324192
F_2,s1,A,860.0,-0.0713627249146942
F_2,s1,A,880.0,-0.18874912518244066
F_2,s1,A,900.0,-0.21636081636986967
F_2,s1,A,920.0,-0.26792248273623664
F_2,s1,A,940.0,-0.13898826306520534
F_2,s1,A,960.0,0.048239640205893775
F_2,s1,A,980.0,0.19397500214201568
F_2,s1,I,0.0,-0.22345982704225859
F_2,s1,I,20.0,0.09872037027237723
F_2,s1,I,40.0,-0.010196387526744673
F_2,s1,I,60.0,-0.28261753267184353
F_2,s1,I,80.0,-0.3251475015634292
F_2,s1,I,100.0,-0.14904403213240194
F_2,s1,I,120.0,-0.12985643520280565
F_2,s1,I,140.0,-0.3471140644722928
F_2,s1,I,160.0,-0.35397352855466424
F_2,s1,I,180.0,-0.43007985428819107
F_2,s1,I,200.0,-0.14010564155262212
F_2,s1,I,220.0,0.0032741024790311074
F_2,s1,I,240.0,-0.060520196882040744
F_2,s1,I,260.0,-0.36966315553961837
F_2,s1,I,280.0,-0.37083731546912435
F_2,s1,I,300.0,-0.21284305955149735
F_2,s1,I,320.0,-0.2323758264674718
F_2,s1,I,340.0,-0.4919553711176282
F_2,s1,I,360.0,-0.5969682676761366
F_2,s1,I,380.0,-0.31128039817157765
F_2,s1,I,400.0,-0.1941524653788631
F_2,s1,I,420.0,-0.45383925750810006
F_2,s1,I,440.0,-0.4739876415705424
F_2,s1,I,460.0,-0.2826358011500746
F_2,s1,I,480.0,-0.2843620553132385
F_2,s1,I,500.0,-0.15954051775398856
F_2,s1,I,520.0,-0.4204079199214581
F_2,s1,I,540.0,-0.43303818955801465
F_2,s1,I,560.0,-0.23560910080097264
F_2,s1,I,580.0,-0.40072829035190183
F_2,s1,I,600.0,-0.5210934088889044
F_2,s1,I,620.0,-0.002847653524494509
F_2,s1,I,640.0,0.014118781561350796
F_2,s1,I,660.0,-0.5697440510784353
F_2,s1,I,680.0,-0.6421657850710496
F_2,s1,I,700.0,-0.4208689712945518
F_2,s1,I,720.0,-0.21721829784162772
F_2,s1,I,740.0,-0.36871120919930145
F_2,s1,I,760.0,-0.7330460541302081
F_2,s1,I,780.0,-0.7558825526845522
F_2,s1,I,800.0,-0.37537738011897165
F_2,s1,I,820.0,-0.00032803152147400927
F_2,s1,I,840.0,-0.37816686894430784
F_2,s1,I,860.0,-0.6511559716790203
F_2,s1,I,880.0,-0.5036875909376386
F_2,s1,I,900.0,-0.4646366190784498
F_2,s1,I,920.0,-0.43098376742054123
F_2,s1,I,940.0,-0.23915481467297356
F_2,s1,I,960.0,-0.5378977017530394
F_2,s1,I,980.0,-0.8207071007607702
M_1,s1,G,0.0,0.14503496528096088
M_1,s1,G,20.0,0.03616157612769662
M_1,s1,G,40.0,-0.03975292227267889
M_1,s1,G,60.0,0.023943375017018306
M_1,s1,G,80.0,0.04080878272625407
M_1,s1,G,100.0,-0.03584328032102578
M_1,s1,G,120.0,-0.12944584675872817
M_1,s1,G,140.0,-0.08889276100502541
M_1,s1,G,160.0,-0.13579985048516113
M_1,s1,G,180.0,0.053280913172257874
M_1,s1,G,200.0,0.12080603216003066
M_1,s1,G,220.0,0.25123327982307986
M_1,s1,G,240.0,-0.008413141861972152
M_1,s1,G,260.0,-0.11618798685133631
M_1,s1,G,280.0,0.008576692464572891
M_1,s1,G,300.0,0.13627702688266624
M_1,s1,G,320.0,-0.06169201741049135
M_1,s1,G,340.0,-0.12521614876321419
M_1,s1,G,360.0,0.11369870328986234
M_1,s1,G,380.0,0.09739592114925494
M_1,s1,G,400.0,0.2601257105992836
M_1,s1,G,420.0,0.30804870828402964
M_1,s1,G,440.0,0.2516415926045794
M_1,s1,G,460.0,0.1545526915840824
M_1,s1,G,480.0,0.19498408607321163
M_1,s1,G,500.0,0.09052456809741444
M_1,s1,G,520.0,0.14989711350215723
M_1,s1,G,540.0,0.1515144871808325
M_1,s1,G,560.0,0.1419851283127524
M_1,s1,G,580.0,0.2640359846198427
M_1,s1,G,600.0,0.1673236152004881
M_1,s1,G,620.0,0.0508453816195637
M_1,s1,G,640.0,0.20191612561970765
M_1,s1,G,660.0,0.20994136849762457
M_1,s1,G,680.0,0.11186241703621742
M_1,s1,G,700.0,0.1184784157186633
M_1,s1,G,720.0,0.13075765653310156
M_1,s1,G,740.0,-0.01759330317994512
M_1,s1,G,760.0,-0.047048314712469896
M_1,s1,G,780.0,0.017089601448697173
M_1,s1,G,800.0,0.08990569397573331
M_1,s1,G,820.0,0.03945722885493391
M_1,s1,G,840.0,0.27338615972820446
M_1,s1,G,860.0,0.2755283503258787
M_1,s1,G,880.0,0.13776313282041858
M_1,s1,G,900.0,0.15964581376412146
M_1,s1,G,920.0,0.18228693001737045
M_1,s1,G,940.0,0.19281745786114088
M_1,s1,G,960.0,0.12808386749096448
M_1,s1,G,980.0,0.04036953908865917
M_1,s1,A,0.0,-0.0539562798928065
M_1,s1,A,20.0,-0.2397014041177861
M_1,s1,A,40.0,-0.17415605497521275
M_1,s1,A,60.0,-0.0412752708206682
M_1,s1,A,80.0,-0.07972297027684826
M_1,s1,A,100.0,0.010491459008939955
M_1,s1,A,120.0,0.0012671111251606332
M_1,s1,A,140.0,0.12254087715114999
M_1,s1,A,160.0,0.27035787626165647
M_1,s1,A,180.0,0.20722002865240474
M_1,s1,A,200.0,0.020340636431619347
M_1,s1,A,220.0,-0.15187128824686957
M_1,s1,A,240.0,-0.039757254076285636
M_1,s1,A,260.0,0.25496085076049657
M_1,s1,A,280.0,0.2906735411181934
M_1,s1,A,300.0,0.14119433643123191
M_1,s1,A,320.0,0.2381911555138086
M_1,s1,A,340.0,0.36758604985387666
M_1,s1,A,360.0,0.2873583289015196
M_1,s1,A,380.0,0.306509393822209
M_1,s1,A,400.0,0.3617282301489292
M_1,s1,A,420.0,0.23717142123295296
M_1,s1,A,440.0,-0.044795059804505266
M_1,s1,A,460.0,-0.07114289800753645
M_1,s1,A,480.0,-0.07472583164232541
M_1,s1,A,500.0,-0.11112214886527982
M_1,s1,A,520.0,-0.11335387907883791
M_1,s1,A,540.0,-0.09165665157601142
M_1,s1,A,560.0,-0.07942733137079469
M_1,s1,A,580.0,-0.16643424460447004
M_1,s1,A,600.0,0.05892177240002496
M_1,s1,A,620.0,-0.05831370985684056
M_1,s1,A,640.0,-0.25977961554525
M_1,s1,A,660.0,0.15512873310108563
M_1,s1,A,680.0,0.15928263557488972
M_1,s1,A,700.0,-0.024691575030685486
M_1,s1,A,720.0,-0.08612412271094574
M_1,s1,A,740.0,0.08229588576573488
M_1,s1,A,760.0,0.2101192655603059
M_1,s1,A,780.0,0.19233627637341574
M_1,s1,A,800.0,-0.23895203630796663
M_1,s1,A,820.0,-0.37546288318966803
M_1,s1,A,840.0,-0.2457131907772384
M_1,s1,A,860.0,0.022684609288277275
M_1,s1,A,880.0,0.11501050861951306
M_1,s1,A,900.0,0.006938512145895453
M_1,s1,A,920.0,-0.09135681223915179
M_1,s1,A,940.0,0.06630522230749025
M_1,s1,A,960.0,0.2230751784727844
M_1,s1,A,980.0,0.3290002099592541
M_1,s1,I,0.0,-0.06442589287142045
M_1,s1,I,20.0,0.1998129617898037
M_1,s1,I,40.0,0.08834353482632705
M_1,s1,I,60.0,-0.11149334567806798
M_1,s1,I,80.0,-0.07468078972635482
M_1,s1,I,100.0,-0.05608330200641093
M_1,s1,I,120.0,-0.0684759432681818
M_1,s1,I,140.0,-0.273753203821528
M_1,s1,I,160.0,-0.24080694764780258
M_1,s1,I,180.0,-0.19476017724952666
M_1,s1,I,200.0,-0.12396047051386445
M_1,s1,I,220.0,-0.03175821126646213
M_1,s1,I,240.0,-0.07409870145838589
M_1,s1,I,260.0,-0.35234733187277734
M_1,s1,I,280.0,-0.35076930852599186
M_1,s1,I,300.0,-0.27337823188921395
M_1,s1,I,320.0,-0.4276529262183249
M_1,s1,I,340.0,-0.6043320819060911
M_1,s1,I,360.0,-0.5836420522687921
M_1,s1,I,380.0,-0.41046606570840666
M_1,s1,I,400.0,-0.4141456530365725
M_1,s1,I,420.0,-0.5989302591552901
M_1,s1,I,440.0,-0.38511466115605697
M_1,s1,I,460.0,-0.11414471067528609
M_1,s1,I,480.0,-0.20905358520966513
M_1,s1,I,500.0,-0.20452046424745693
M_1,s1,I,520.0,-0.41897727331108703
M_1,s1,I,540.0,-0.2906953693822001
M_1,s1,I,560.0,-0.05809518196779115
M_1,s1,I,580.0,-0.29316377453610726
M_1,s1,I,600.0,-0.5831456571937375
M_1,s1,I,620.0,-0.08830794532557634
M_1,s1,I,640.0,-0.009980486965097138
M_1,s1,I,660.0,-0.5356454001194606
M_1,s1,I,680.0,-0.5873788854334278
M_1,s1,I,700.0,-0.4196301722624166
M_1,s1,I,720.0,-0.16875319816780396
M_1,s1,I,740.0,-0.2767800490498913
M_1,s1,I,760.0,-0.6189386533822332
M_1,s1,I,780.0,-0.6385428350095591
M_1,s1,I,800.0,-0.21946505147479478
M_1,s1,I,820.0,0.05556523775551862
M_1,s1,I,840.0,-0.3272162014641339
M_1,s1,I,860.0,-0.6467523088854672
M_1,s1,I,880.0,-0.5252603232090234
M_1,s1,I,900.0,-0.39162863414711246
M_1,s1,I,920.0,-0.3212713127421128
M_1,s1,I,940.0,-0.20519224149903453
M_1,s1,I,960.0,-0.4427050236359287
M_1,s1,I,980.0,-0.7177924553943672
M_2,s1,G,0.0,0.09062098564801924
M_2,s1,G,20.0,-0.005555403461742055
M_2,s1,G,40.0,0.027987752445035284
M_2,s1,G,60.0,0.04924868837944588
M_2,s1,G,80.0,0.12158638176319093
M_2,s1,G,100.0,0.08241166123087362
M_2,s1,G,120.0,-0.061530164253541596
M_2,s1,G,140.0,0.026350593068613325
M_2,s1,G,160.0,-0.1443528696763023
M_2,s1,G,180.0,-0.03465903791931886
M_2,s1,G,200.0,-0.06342560879439922
M_2,s1,G,220.0,-0.09189596281384266
M_2,s1,G,240.0,-0.10111093706918942
M_2,s1,G,260.0,-0.11606523487577969
M_2,s1,G,280.0,-0.09219845530335927
M_2,s1,G,300.0,0.10315836344901505
M_2,s1,G,320.0,-0.23349577656863435
M_2,s1,G,340.0,-0.24488826341259973
M_2,s1,G,360.0,-0.18058749543533067
M_2,s1,G,380.0,-0.1907570657927196
M_2,s1,G,400.0,-0.0008238875962326697
M_2,s1,G,420.0,-0.15231979741860657
M_2,s1,G,440.0,-0.27941056784115786
M_2,s1,G,460.0,-0.02924151891180582
M_2,s1,G,480.0,0.25703784663114865
M_2,s1,G,500.0,0.21097889071291487
M_2,s1,G,520.0,-0.028133480000830158
M_2,s1,G,540.0,-0.11836229001308284
M_2,s1,G,560.0,0.22045529141875964
M_2,s1,G,580.0,0.5137902059014573
M_2,s1,G,600.0,0.29474558985067634
M_2,s1,G,620.0,-0.1785214885516436
M_2,s1,G,640.0,-0.010636038530101602
M_2,s1,G,660.0,0.27325223745176164
M_2,s1,G,680.0,0.29803255789766825
M_2,s1,G,700.0,0.06556642278646743
M_2,s1,G,720.0,-0.14872732977826275
M_2,s1,G,740.0,-0.0726084461694194
M_2,s1,G,760.0,-0.020431806514651804
M_2,s1,G,780.0,-0.0400124461716018
M_2,s1,G,800.0,0.07320319899781948
M_2,s1,G,820.0,0.09027779343309336
M_2,s1,G,840.0,0.25810162527589453
M_2,s1,G,860.0,0.2080855353796973
M_2,s1,G,880.0,0.003151322644157281
M_2,s1,G,900.0,-0.11168074234362803
M_2,s1,G,920.0,-0.0437607647461211
M_2,s1,G,940.0,0.056292981148543364
M_2,s1,G,960.0,-0.04137265701898701
M_2,s1,G,980.0,-0.06510068195485333
M_2,s1,A,0.0,0.002332052019149586
M_2,s1,A,20.0,-0.17191249601818476
M_2,s1,A,40.0,-0.08447752582329482
M_2,s1,A,60.0,0.25861205561136447
M_2,s1,A,80.0,0.2681938065964251
M_2,s1,A,100.0,0.189737383633868
M_2,s1,A,120.0,-0.038714676890255886
M_2,s1,A,140.0,-0.04913688818927764
M_2,s1,A,160.0,0.14646358291222172
M_2,s1,A,180.0,0.21616336695527702
M_2,s1,A,200.0,0.0031193837676260217
M_2,s1,A,220.0,-0.08890000885118082
M_2,s1,A,240.0,0.05539809381965602
M_2,s1,A,260.0,0.37864395108669685
M_2,s1,A,280.0,0.5096562294378489
M_2,s1,A,300.0,0.23369891139184173
M_2,s1,A,320.0,0.2557032758117937
M_2,s1,A,340.0,0.3200428290889611
M_2,s1,A,360.0,0.5094060938770223
M_2,s1,A,380.0,0.5350573602425472
M_2,s1,A,400.0,0.42196420912097926
M_2,s1,A,420.0,0.36007769174529664
M_2,s1,A,440.0,0.31890003947785966
M_2,s1,A,460.0,0.2684485008104464
M_2,s1,A,480.0,0.05614179258949492
M_2,s1,A,500.0,-0.0132827467319531
M_2,s1,A,520.0,0.0979193018531587
M_2,s1,A,540.0,0.24522527007727102
M_2,s1,A,560.0,0.08548561499648702
M_2,s1,A,580.0,-0.04518077318227659
M_2,s1,A,600.0,0.10703506986726631
M_2,s1,A,620.0,-0.1045311655102419
M_2,s1,A,640.0,-0.2187243175793724
M_2,s1,A,660.0,0.011608000234772556
M_2,s1,A,680.0,0.1368238680271459
M_2,s1,A,700.0,0.05590690035069645
M_2,s1,A,720.0,-0.037616062296459245
M_2,s1,A,740.0,0.03945239738712655
M_2,s1,A,760.0,0.16188717367147373
M_2,s1,A,780.0,0.12203724049443639
M_2,s1,A,800.0,-0.16262689547041198
M_2,s1,A,820.0,-0.37162977036108513
M_2,s1,A,840.0,-0.4026173907236126
M_2,s1,A,860.0,-0.2365245634123448
M_2,s1,A,880.0,-0.12916952198437098
M_2,s1,A,900.0,-0.04475362624987998
M_2,s1,A,920.0,-0.02617476196982852
M_2,s1,A,940.0,0.1024891733736381
M_2,s1,A,960.0,0.22682967388373393
M_2,s1,A,980.0,0.23952108308795833
M_2,s1,I,0.0,0.03722558678980942
M_2,s1,I,20.0,0.33736837794128605
M_2,s1,I,40.0,0.02606421256778893
M_2,s1,I,60.0,-0.5507557993962844
M_2,s1,I,80.0,-0.5707484705162936
M_2,s1,I,100.0,-0.4208048086350716
M_2,s1,I,120.0,-0.16449177285182703
M_2,s1,I,140.0,-0.161193542610253
M_2,s1,I,160.0,-0.05267987033455862
M_2,s1,I,180.0,-0.265958483218606
M_2,s1,I,200.0,-0.00504847377108697
M_2,s1,I,220.0,-0.011323055731951276
M_2,s1,I,240.0,-0.15155732010852535
M_2,s1,I,260.0,-0.5529652242967368
M_2,s1,I,280.0,-0.7111277372628855
M_2,s1,I,300.0,-0.4253488306439322
M_2,s1,I,320.0,0.05148645269767836
M_2,s1,I,340.0,-0.08113581166587557
M_2,s1,I,360.0,-0.8163165679693472
M_2,s1,I,380.0,-0.47934237750077
M_2,s1,I,400.0,-0.10588771210085146
M_2,s1,I,420.0,-0.5020686649172649
M_2,s1,I,440.0,-0.4431811755143651
M_2,s1,I,460.0,-0.16175586380559326
M_2,s1,I,480.0,-0.06074212227330161
M_2,s1,I,500.0,-0.03621051203833553
M_2,s1,I,520.0,-0.06484368008174113
M_2,s1,I,540.0,-0.16780090701953523
M_2,s1,I,560.0,-0.2568356671756787
M_2,s1,I,580.0,-0.6814808155647049
M_2,s1,I,600.0,-0.40934078110936795
M_2,s1,I,620.0,0.778389212389295
M_2,s1,I,640.0,0.5219207009701616
M_2,s1,I,660.0,-0.12020356578760193
M_2,s1,I,680.0,-0.3313007401339363
M_2,s1,I,700.0,-0.253364571681038
M_2,s1,I,720.0,0.12970328025821568
M_2,s1,I,740.0,-0.25227343374948424
M_2,s1,I,760.0,-0.6016681401225608
M_2,s1,I,780.0,-0.3652043825573061
M_2,s1,I,800.0,-0.10299167535038775
M_2,s1,I,820.0,0.1565016157407832
M_2,s1,I,840.0,-0.1932176606169106
M_2,s1,I,860.0,-0.44498492152314895
M_2,s1,I,880.0,-0.11983204713215061
M_2,s1,I,900.0,0.0738329341424032
M_2,s1,I,920.0,-0.06680487534795132
M_2,s1,I,940.0,-0.09622172467386217
M_2,s1,I,960.0,-0.1352323661781365
M_2,s1,I,980.0,-0.508675421854558
F_1,s2,G,0.0,-0.16369944841875003
F_1,s2,G,20.0,-0.0031755272990075002
F_1,s2,G,40.0,0.016617223791977824
F_1,s2,G,60.0,0.08885911956575909
F_1,s2,G,80.0,0.0676884140599416
F_1,s2,G,100.0,0.12175755825776469
F_1,s2,G,120.0,0.07137744396028181
F_1,s2,G,140.0,-0.006266055015097978
F_1,s2,G,160.0,0.09038108301397463
F_1,s2,G,180.0,-0.049826159315319224
F_1,s2,G,200.0,-0.13952218158461105
F_1,s2,G,220.0,-0.12427161386997833
F_1,s2,G,240.0,-0.14490966281031792
F_1,s2,G,260.0,-0.12774192480844349
F_1,s2,G,280.0,-0.05645230010578342
F_1,s2,G,300.0,0.09726688912389739
F_1,s2,G,320.0,-0.008796789209560812
F_1,s2,G,340.0,0.053523265069007175
F_1,s2,G,360.0,0.09969997797681046
F_1,s2,G,380.0,0.053952603617038325
F_1,s2,G,400.0,0.06882480410703595
F_1,s2,G,420.0,0.1262112280356281
F_1,s2,G,440.0,0.18166447125545887
F_1,s2,G,460.0,0.28674830622328323
F_1,s2,G,480.0,0.2937397652638339
F_1,s2,G,500.0,0.19595782078025145
F_1,s2,G,520.0,0.289825609130734
F_1,s2,G,540.0,0.16945106282478167
F_1,s2,G,560.0,0.04536180518240704
F_1,s2,G,580.0,0.2606948343424937
F_1,s2,G,600.0,0.17891597768383596
F_1,s2,G,620.0,0.22734320715278053
F_1,s2,G,640.0,0.18766073948131592
F_1,s2,G,660.0,0.1000797796925385
F_1,s2,G,680.0,-0.01899471924071605
F_1,s2,G,700.0,0.29281224341849965
F_1,s2,G,720.0,0.40893623322107486
F_1,s2,G,740.0,0.36270717479952613
F_1,s2,G,760.0,0.3847296757449109
F_1,s2,G,780.0,0.42117408807097345
F_1,s2,G,800.0,0.4555375870793934
F_1,s2,G,820.0,0.5218669799560564
F_1,s2,G,840.0,0.4710910559226871
F_1,s2,G,860.0,0.4862043684037328
F_1,s2,G,880.0,0.5397149131766649
F_1,s2,G,900.0,0.7258355633259382
F_1,s2,G,920.0,0.6891318484665542
F_1,s2,G,940.0,0.553213622857055
F_1,s2,G,960.0,0.6392333201117779
F_1,s2,G,980.0,0.5587197381986171
F_1,s2,A,0.0,-0.31538815176970864
F_1,s2,A,20.0,-0.3108120949818147
F_1,s2,A,40.0,-0.36915915446332187
F_1,s2,A,60.0,-0.26855365370431394
F_1,s2,A,80.0,-0.10430516696796814
F_1,s2,A,100.0,-0.15972398022478546
F_1,s2,A,120.0,-0.3852236831314232
F_1,s2,A,140.0,-0.18959684284082365
F_1,s2,A,160.0,0.02137431841323426
F_1,s2,A,180.0,-0.040375734509417074
F_1,s2,A,200.0,-0.10456714445804187
F_1,s2,A,220.0,0.03995420999947223
F_1,s2,A,240.0,0.22752297082753598
F_1,s2,A,260.0,0.22647595402055765
F_1,s2,A,280.0,0.4022238797662073
F_1,s2,A,300.0,0.3567879542065907
F_1,s2,A,320.0,0.45795253254375595
F_1,s2,A,340.0,0.7225918331632348
F_1,s2,A,360.0,0.6376824827022343
F_1,s2,A,380.0,0.5988547240447607
F_1,s2,A,400.0,0.6415904696076572
F_1,s2,A,420.0,0.425009877741928
F_1,s2,A,440.0,0.46740245208540243
F_1,s2,A,460.0,0.29349195622370744
F_1,s2,A,480.0,0.33463507627714384
F_1,s2,A,500.0,0.31528279671980786
F_1,s2,A,520.0,0.1943024771104065
F_1,s2,A,540.0,0.44675411338874604
F_1,s2,A,560.0,0.2794580510965444
F_1,s2,A,580.0,0.10372794700049537
F_1,s2,A,600.0,0.20551086607850438
F_1,s2,A,620.0,0.49945458253774255
F_1,s2,A,640.0,0.3908732201724436
F_1,s2,A,660.0,0.14553025299320063
F_1,s2,A,680.0,0.2036717953613636
F_1,s2,A,700.0,0.10934626777803878
F_1,s2,A,720.0,-0.004095086227089909
F_1,s2,A,740.0,0.09298646413756713
F_1,s2,A,760.0,0.3150422733719725
F_1,s2,A,780.0,0.26738665198334693
F_1,s2,A,800.0,0.2047640718028013
F_1,s2,A,820.0,0.26258157920128
F_1,s2,A,840.0,0.4385443653796124
F_1,s2,A,860.0,0.5700460967383478
F_1,s2,A,880.0,0.37952050228317114
F_1,s2,A,900.0,0.3509428180991533
F_1,s2,A,920.0,0.34802056204792015
F_1,s2,A,940.0,0.30841777725308056
F_1,s2,A,960.0,0.09075974061878998
F_1,s2,A,980.0,0.21494947448823093
F_1,s2,I,0.0,0.5073544493650614
F_1,s2,I,20.0,0.8004009179768793
F_1,s2,I,40.0,0.6847006756157361
F_1,s2,I,60.0,0.5203719277711835
F_1,s2,I,80.0,0.2595719935897163
F_1,s2,I,100.0,0.2553444560620313
F_1,s2,I,120.0,0.5160428270960954
F_1,s2,I,140.0,0.22575471146944226
F_1,s2,I,160.0,0.11626146968095358
F_1,s2,I,180.0,0.506145325758858
F_1,s2,I,200.0,0.5691467807329949
F_1,s2,I,220.0,0.4343513056217798
F_1,s2,I,240.0,0.37701422792906186
F_1,s2,I,260.0,0.4773795236830307
F_1,s2,I,280.0,-0.04903444730532497
F_1,s2,I,300.0,-0.30196491316423635
F_1,s2,I,320.0,-0.03349011096017568
F_1,s2,I,340.0,-0.5757994227032086
F_1,s2,I,360.0,-0.5940980734157567
F_1,s2,I,380.0,-0.3631331279753788
F_1,s2,I,400.0,-0.38863797683538326
F_1,s2,I,420.0,-0.1502689348680279
F_1,s2,I,440.0,-0.26984105928424895
F_1,s2,I,460.0,-0.15551493210582734
F_1,s2,I,480.0,-0.29058851691731735
F_1,s2,I,500.0,-0.1995664991779379
F_1,s2,I,520.0,-0.05746763603760488
F_1,s2,I,540.0,-0.5092340788853538
F_1,s2,I,560.0,-0.17760966400036163
F_1,s2,I,580.0,-0.19421843529642072
F_1,s2,I,600.0,-0.3649431791140163
F_1,s2,I,620.0,-0.4308550123163419
F_1,s2,I,640.0,-0.46343861370335593
F_1,s2,I,660.0,-0.3008004302518591
F_1,s2,I,680.0,-0.2961465452413111
F_1,s2,I,700.0,-0.2628277425918284
F_1,s2,I,720.0,-0.09017912343240037
F_1,s2,I,740.0,-0.2854275345064703
F_1,s2,I,760.0,-0.5054704280450883
F_1,s2,I,780.0,-0.46186107115132724
F_1,s2,I,800.0,-0.5573502991228718
F_1,s2,I,820.0,-0.9079831326085165
F_1,s2,I,840.0,-1.0752167430109476
F_1,s2,I,860.0,-1.0734061810640656
F_1,s2,I,880.0,-0.8673756962913646
F_1,s2,I,900.0,-0.8524613558206966
F_1,s2,I,920.0,-0.593777914171347
F_1,s2,I,940.0,-0.5418946110578132
F_1,s2,I,960.0,-0.47344218219432505
F_1,s2,I,980.0,-0.2950857039816351
F_2,s2,G,0.0,-0.11549873653705692
F_2,s2,G,20.0,0.011027134731286279
F_2,s2,G,40.0,-0.00666686531312523
F_2,s2,G,60.0,-0.03414178294121262
F_2,s2,G,80.0,-0.06935868557485049
F_2,s2,G,100.0,0.023156741762303874
F_2,s2,G,120.0,0.00168678804820592
F_2,s2,G,140.0,-0.04858942393982994
F_2,s2,G,160.0,0.028844328776131467
F_2,s2,G,180.0,-0.044326920626616806
F_2,s2,G,200.0,-0.02629854106219376
F_2,s2,G,220.0,-0.056460857298615
F_2,s2,G,240.0,-0.052736836110693464
F_2,s2,G,260.0,-0.07673356571916787
F_2,s2,G,280.0,-0.07554132601876368
F_2,s2,G,300.0,0.06891113306230096
F_2,s2,G,320.0,0.050272693017723635
F_2,s2,G,340.0,0.11928481975918942
F_2,s2,G,360.0,0.2140017970289507
F_2,s2,G,380.0,0.25697839497613684
F_2,s2,G,400.0,0.17187061710844492
F_2,s2,G,420.0,0.18006558484249618
F_2,s2,G,440.0,0.220759549856752
F_2,s2,G,460.0,0.3294625029501462
F_2,s2,G,480.0,0.4210617022708611
F_2,s2,G,500.0,0.25580714341239463
F_2,s2,G,520.0,0.365883505407709
F_2,s2,G,540.0,0.3641236107640195
F_2,s2,G,560.0,0.10364020614223318
F_2,s2,G,580.0,0.14716330982984244
F_2,s2,G,600.0,0.03210028747635277
F_2,s2,G,620.0,-0.027360974326603338
F_2,s2,G,640.0,-0.07083405303345133
F_2,s2,G,660.0,-0.08372454156544135
F_2,s2,G,680.0,-0.11390836242121319
F_2,s2,G,700.0,0.15478143657505494
F_2,s2,G,720.0,0.2000729707822717
F_2,s2,G,740.0,0.12508081787704298
F_2,s2,G,760.0,0.15827050455505998
F_2,s2,G,780.0,0.1288592942077466
F_2,s2,G,800.0,0.20390871619366574
F_2,s2,G,820.0,0.2923747843834462
F_2,s2,G,840.0,0.2865799349846769
F_2,s2,G,860.0,0.3080163800413611
F_2,s2,G,880.0,0.2731214819745009
F_2,s2,G,900.0,0.4164979029169572
F_2,s2,G,920.0,0.2714934064397546
F_2,s2,G,940.0,0.2027433052325582
F_2,s2,G,960.0,0.29724911400308945
F_2,s2,G,980.0,0.23959150563785844
F_2,s2,A,0.0,-0.04884051909198782
F_2,s2,A,20.0,-0.1890955703657829
F_2,s2,A,40.0,-0.22945485217425265
F_2,s2,A,60.0,-0.258601637173544
F_2,s2,A,80.0,-0.1107392733727767
F_2,s2,A,100.0,-0.07310605076364649
F_2,s2,A,120.0,-0.3062155521461206
F_2,s2,A,140.0,-0.20624468477631736
F_2,s2,A,160.0,0.0261384725390211
F_2,s2,A,180.0,0.04996213950890688
F_2,s2,A,200.0,-0.1385039612410785
F_2,s2,A,220.0,0.01691373508635416
F_2,s2,A,240.0,0.20371913304815312
F_2,s2,A,260.0,0.2277115866162538
F_2,s2,A,280.0,0.4279212880163499
F_2,s2,A,300.0,0.1637284383540257
F_2,s2,A,320.0,0.22905178992323083
F_2,s2,A,340.0,0.47788248352738016
F_2,s2,A,360.0,0.4171468536813219
F_2,s2,A,380.0,0.37777160556660166
F_2,s2,A,400.0,0.41430723071886844
F_2,s2,A,420.0,0.4978713116228575
F_2,s2,A,440.0,0.400740987940459
F_2,s2,A,460.0,0.2776366106870901
F_2,s2,A,480.0,0.3288760731657257
F_2,s2,A,500.0,0.2655403677491681
F_2,s2,A,520.0,0.11020256359396365
F_2,s2,A,540.0,0.32732535116370576
F_2,s2,A,560.0,0.34914593339323663
F_2,s2,A,580.0,0.1994079771879685
F_2,s2,A,600.0,0.22918353147527162
F_2,s2,A,620.0,0.5278529012285483
F_2,s2,A,640.0,0.35097486192332233
F_2,s2,A,660.0,0.14559222826287782
F_2,s2,A,680.0,0.13841856811747574
F_2,s2,A,700.0,0.1355375327770464
F_2,s2,A,720.0,0.02793839385824618
F_2,s2,A,740.0,0.13344589598392095
F_2,s2,A,760.0,0.1976329958954103
F_2,s2,A,780.0,0.017918578760066736
F_2,s2,A,800.0,-0.04775970229486552
F_2,s2,A,820.0,-0.04827723851477661
F_2,s2,A,840.0,0.0835263743025656
F_2,s2,A,860.0,0.3124927750047908
F_2,s2,A,880.0,0.2692032332440043
F_2,s2,A,900.0,0.281309914016209
F_2,s2,A,920.0,0.40917872720900017
F_2,s2,A,940.0,0.5744711247874404
F_2,s2,A,960.0,0.3870737137158492
F_2,s2,A,980.0,0.47497373824409456
F_2,s2,I,0.0,-0.049730995033229114
F_2,s2,I,20.0,0.34562247069829827
F_2,s2,I,40.0,0.2896454471898381
F_2,s2,I,60.0,0.41154268847702846
F_2,s2,I,80.0,0.22837641363146877
F_2,s2,I,100.0,0.17824127296284628
F_2,s2,I,120.0,0.42095234820963856
F_2,s2,I,140.0,0.26844444444962784
F_2,s2,I,160.0,0.07971612105407397
F_2,s2,I,180.0,0.2077788698667443
F_2,s2,I,200.0,0.44584326596831386
F_2,s2,I,220.0,0.28974263529999567
F_2,s2,I,240.0,0.30200407735600826
F_2,s2,I,260.0,0.4388359953773323
F_2,s2,I,280.0,-0.03950653002791421
F_2,s2,I,300.0,-0.052630534551183064
F_2,s2,I,320.0,0.19324495385230844
F_2,s2,I,340.0,-0.23990865629186603
F_2,s2,I,360.0,-0.20212605073937234
F_2,s2,I,380.0,-0.09342636947054489
F_2,s2,I,400.0,-0.13456286719239474
F_2,s2,I,420.0,-0.11721750393287686
F_2,s2,I,440.0,-0.0787868477007064
F_2,s2,I,460.0,-0.19960628271003658
F_2,s2,I,480.0,-0.41324940472514765
F_2,s2,I,500.0,-0.16904730252482458
F_2,s2,I,520.0,0.03018940065729503
F_2,s2,I,540.0,-0.26587472479990154
F_2,s2,I,560.0,-0.08461079763473146
F_2,s2,I,580.0,-0.16087507628169648
F_2,s2,I,600.0,-0.24349233440026455
F_2,s2,I,620.0,-0.2907242650663988
F_2,s2,I,640.0,-0.21557267739406305
F_2,s2,I,660.0,-0.11998776721563992
F_2,s2,I,680.0,-0.014115435749436071
F_2,s2,I,700.0,0.0670814859862789
F_2,s2,I,720.0,0.13111979902002116
F_2,s2,I,740.0,0.004343063913143652
F_2,s2,I,760.0,-0.13360555776020466
F_2,s2,I,780.0,-0.018356864043319376
F_2,s2,I,800.0,-0.13537268011155895
F_2,s2,I,820.0,-0.312431612112115
F_2,s2,I,840.0,-0.3658005239146877
F_2,s2,I,860.0,-0.5150449549165449
F_2,s2,I,880.0,-0.38268814486617686
F_2,s2,I,900.0,-0.4663269934142464
F_2,s2,I,920.0,-0.37667141974473733
F_2,s2,I,940.0,-0.48609220292645416
F_2,s2,I,960.0,-0.3531227077977921
F_2,s2,I,980.0,-0.2888830299216788
M_1,s2,G,0.0,-0.33386575557400205
M_1,s2,G,20.0,-0.2342352057740062
M_1,s2,G,40.0,-0.314880239800542
M_1,s2,G,60.0,-0.197750189832363
M_1,s2,G,80.0,-0.04761045936644154
M_1,s2,G,100.0,0.10596985055513271
M_1,s2,G,120.0,0.13378080438172463
M_1,s2,G,140.0,0.10730178758325942
M_1,s2,G,160.0,0.14582410238874532
M_1,s2,G,180.0,-0.009929144581977245
M_1,s2,G,200.0,-0.1746810685331704
M_1,s2,G,220.0,-0.06683397562726007
M_1,s2,G,240.0,-0.06507860595929597
M_1,s2,G,260.0,0.088945109281529
M_1,s2,G,280.0,0.0646912926412326
M_1,s2,G,300.0,0.28843821357150945
M_1,s2,G,320.0,0.2420728211320881
M_1,s2,G,340.0,0.2901513972706733
M_1,s2,G,360.0,0.330004033551137
M_1,s2,G,380.0,0.45216119859740583
M_1,s2,G,400.0,0.36978251261194345
M_1,s2,G,420.0,0.14816534200526177
M_1,s2,G,440.0,0.17038980995997502
M_1,s2,G,460.0,0.34705970281006027
M_1,s2,G,480.0,0.24831883663019472
M_1,s2,G,500.0,0.12681657381766104
M_1,s2,G,520.0,0.20545253698683683
M_1,s2,G,540.0,0.16364042207892227
M_1,s2,G,560.0,-0.03427565170694405
M_1,s2,G,580.0,0.06424792786030684
M_1,s2,G,600.0,-0.016606427634950044
M_1,s2,G,620.0,0.0025275827004732077
M_1,s2,G,640.0,0.0717362657875545
M_1,s2,G,660.0,0.03904257346669582
M_1,s2,G,680.0,0.04562990065456424
M_1,s2,G,700.0,0.2922918461744314
M_1,s2,G,720.0,0.3457876540289876
M_1,s2,G,740.0,0.3997916374883383
M_1,s2,G,760.0,0.32334088193942745
M_1,s2,G,780.0,0.2813997432599223
M_1,s2,G,800.0,0.38671823069064526
M_1,s2,G,820.0,0.47263686952731765
M_1,s2,G,840.0,0.4639418195402725
M_1,s2,G,860.0,0.46837441385367384
M_1,s2,G,880.0,0.42925501010932987
M_1,s2,G,900.0,0.55754329004505
M_1,s2,G,920.0,0.5464887962357013
M_1,s2,G,940.0,0.5012253885895802
M_1,s2,G,960.0,0.5304379271880291
M_1,s2,G,980.0,0.3808455065812001
M_1,s2,A,0.0,-0.010181725339613534
M_1,s2,A,20.0,-0.015314375228077007
M_1,s2,A,40.0,-0.03190587417587117
M_1,s2,A,60.0,-0.16092474130101547
M_1,s2,A,80.0,-0.08423867144780962
M_1,s2,A,100.0,-0.07069098990790523
M_1,s2,A,120.0,-0.34230383113556184
M_1,s2,A,140.0,-0.4058199786403947
M_1,s2,A,160.0,-0.15819925256594602
M_1,s2,A,180.0,-0.002582045504964714
M_1,s2,A,200.0,-0.11347479135260052
M_1,s2,A,220.0,0.0312509840674198
M_1,s2,A,240.0,0.11568617597032468
M_1,s2,A,260.0,0.14676945569434283
M_1,s2,A,280.0,0.3508347228526729
M_1,s2,A,300.0,0.13834685800227958
M_1,s2,A,320.0,0.2095546596601242
M_1,s2,A,340.0,0.3935047065507205
M_1,s2,A,360.0,0.33266073424617876
M_1,s2,A,380.0,0.3838973222553252
M_1,s2,A,400.0,0.3272634413846532
M_1,s2,A,420.0,0.33970835048439474
M_1,s2,A,440.0,0.3090405931051142
M_1,s2,A,460.0,0.17570021547571785
M_1,s2,A,480.0,0.2502463213751518
M_1,s2,A,500.0,0.24880949045593992
M_1,s2,A,520.0,0.04031997318467591
M_1,s2,A,540.0,0.3080821447497793
M_1,s2,A,560.0,0.290395914301302
M_1,s2,A,580.0,0.10642512387189945
M_1,s2,A,600.0,0.23864875901419128
M_1,s2,A,620.0,0.5591538884242006
M_1,s2,A,640.0,0.3389536730504122
M_1,s2,A,660.0,0.14997913289727358
M_1,s2,A,680.0,0.16113482310975236
M_1,s2,A,700.0,0.08231342532852107
M_1,s2,A,720.0,-0.03150076978152167
M_1,s2,A,740.0,-0.01495109094345315
M_1,s2,A,760.0,0.06001470910466479
M_1,s2,A,780.0,-0.018009345141527765
M_1,s2,A,800.0,-0.14464626934551258
M_1,s2,A,820.0,-0.039124053186540955
M_1,s2,A,840.0,0.20073167473900427
M_1,s2,A,860.0,0.44551252968184063
M_1,s2,A,880.0,0.3483021038258133
M_1,s2,A,900.0,0.31833415601080395
M_1,s2,A,920.0,0.3223131955043647
M_1,s2,A,940.0,0.43551874233617366
M_1,s2,A,960.0,0.2543190264080194
M_1,s2,A,980.0,0.32871188186550904
M_1,s2,I,0.0,0.004109873404542719
M_1,s2,I,20.0,0.3196828514486282
M_1,s2,I,40.0,0.26507835071871755
M_1,s2,I,60.0,0.39259935335149354
M_1,s2,I,80.0,0.1916560708490166
M_1,s2,I,100.0,0.07879273183986726
M_1,s2,I,120.0,0.38279714459076086
M_1,s2,I,140.0,0.32732485719832755
M_1,s2,I,160.0,0.11380429701047072
M_1,s2,I,180.0,0.14260645071605269
M_1,s2,I,200.0,0.4293247417525793
M_1,s2,I,220.0,0.26808269045028493
M_1,s2,I,240.0,0.3187127771488757
M_1,s2,I,260.0,0.4089913710267677
M_1,s2,I,280.0,-0.0997590041768461
M_1,s2,I,300.0,-0.15224289866177376
M_1,s2,I,320.0,0.10534596764495247
M_1,s2,I,340.0,-0.29347692329550673
M_1,s2,I,360.0,-0.2983905287550612
M_1,s2,I,380.0,-0.22689832728730747
M_1,s2,I,400.0,-0.2722922726708511
M_1,s2,I,420.0,-0.1644927445142949
M_1,s2,I,440.0,-0.1590822358318411
M_1,s2,I,460.0,-0.2639463417984404
M_1,s2,I,480.0,-0.3873039748811663
M_1,s2,I,500.0,-0.22892286973083573
M_1,s2,I,520.0,-0.05121413373630093
M_1,s2,I,540.0,-0.2920528717450257
M_1,s2,I,560.0,-0.17263607506388667
M_1,s2,I,580.0,-0.2076401016121505
M_1,s2,I,600.0,-0.3110281941185821
M_1,s2,I,620.0,-0.4615747926818422
M_1,s2,I,640.0,-0.39224170487094917
M_1,s2,I,660.0,-0.23496362285475286
M_1,s2,I,680.0,-0.15768100942422159
M_1,s2,I,700.0,-0.1087090717068332
M_1,s2,I,720.0,-0.039230556970525104
M_1,s2,I,740.0,-0.0905674820000304
M_1,s2,I,760.0,-0.16679418568675444
M_1,s2,I,780.0,-0.08230620362759195
M_1,s2,I,800.0,-0.18282331615116668
M_1,s2,I,820.0,-0.4308823599073177
M_1,s2,I,840.0,-0.565343888423029
M_1,s2,I,860.0,-0.7023018415616927
M_1,s2,I,880.0,-0.6232530574604
M_1,s2,I,900.0,-0.7101863355396101
M_1,s2,I,920.0,-0.5358011797182626
M_1,s2,I,940.0,-0.5967759650561519
M_1,s2,I,960.0,-0.5417077250334115
M_1,s2,I,980.0,-0.4296006682655668
M_2,s2,G,0.0,0.03956868474910051
M_2,s2,G,20.0,0.1396744871564274
M_2,s2,G,40.0,0.14209409916822666
M_2,s2,G,60.0,0.14937655231505442
M_2,s2,G,80.0,0.15245691064122913
M_2,s2,G,100.0,0.392399416765629
M_2,s2,G,120.0,0.3466336311663402
M_2,s2,G,140.0,0.2540986137909015
M_2,s2,G,160.0,0.4158660165787114
M_2,s2,G,180.0,0.3646806956885777
M_2,s2,G,200.0,0.24430316624466134
M_2,s2,G,220.0,0.42907510466148613
M_2,s2,G,240.0,0.3450224976962786
M_2,s2,G,260.0,0.22417779119061848
M_2,s2,G,280.0,0.23914726739751413
M_2,s2,G,300.0,0.19716936665083876
M_2,s2,G,320.0,0.10633963715445384
M_2,s2,G,340.0,0.2168474991483703
M_2,s2,G,360.0,0.43531151287478037
M_2,s2,G,380.0,0.30806237473236786
M_2,s2,G,400.0,0.1508895287627645
M_2,s2,G,420.0,0.40707997526599643
M_2,s2,G,440.0,0.45246069265310507
M_2,s2,G,460.0,0.47805491299152697
M_2,s2,G,480.0,0.6679250690993084
M_2,s2,G,500.0,0.5020298233687817
M_2,s2,G,520.0,0.532219872245034
M_2,s2,G,540.0,0.37906801224044534
M_2,s2,G,560.0,0.2602088505148432
M_2,s2,G,580.0,0.5461145411821836
M_2,s2,G,600.0,0.3422579836692109
M_2,s2,G,620.0,0.2401409484269911
M_2,s2,G,640.0,0.20317808120821934
M_2,s2,G,660.0,0.15153575755306603
M_2,s2,G,680.0,0.12277374161571575
M_2,s2,G,700.0,0.3503142633389156
M_2,s2,G,720.0,0.47445077957917164
M_2,s2,G,740.0,0.42833521178635514
M_2,s2,G,760.0,0.3208233763242992
M_2,s2,G,780.0,0.24362795501971846
M_2,s2,G,800.0,0.21466636238422587
M_2,s2,G,820.0,0.25136168814463183
M_2,s2,G,840.0,0.29962027783291917
M_2,s2,G,860.0,0.20243791853569298
M_2,s2,G,880.0,0.24928270528710694
M_2,s2,G,900.0,0.4219948160721543
M_2,s2,G,920.0,0.4746899607691504
M_2,s2,G,940.0,0.44872948901201637
M_2,s2,G,960.0,0.5266455887380412
M_2,s2,G,980.0,0.49153743922794674
M_2,s2,A,0.0,0.10332034277097461
M_2,s2,A,20.0,0.11491219777989073
M_2,s2,A,40.0,0.03627249852510202
M_2,s2,A,60.0,-0.168062648807834
M_2,s2,A,80.0,-0.038553383061123124
M_2,s2,A,100.0,-0.18398102572093222
M_2,s2,A,120.0,-0.4136356412256724
M_2,s2,A,140.0,-0.18467892527425456
M_2,s2,A,160.0,-0.14020489439841427
M_2,s2,A,180.0,-0.012868150995813399
M_2,s2,A,200.0,-0.0639013272613507
M_2,s2,A,220.0,-0.15442314212234012
M_2,s2,A,240.0,0.04668210280628893
M_2,s2,A,260.0,0.215147702177978
M_2,s2,A,280.0,0.36849541965956745
M_2,s2,A,300.0,0.07524734572155192
M_2,s2,A,320.0,0.11338763292647974
M_2,s2,A,340.0,0.2842623442169703
M_2,s2,A,360.0,0.13402555784588724
M_2,s2,A,380.0,0.2198057983986315
M_2,s2,A,400.0,0.222892554552048
M_2,s2,A,420.0,0.10955041824333214
M_2,s2,A,440.0,0.12167607896325569
M_2,s2,A,460.0,0.07976554507383561
M_2,s2,A,480.0,0.16935796782685947
M_2,s2,A,500.0,0.11771134353420104
M_2,s2,A,520.0,-0.1150846786823243
M_2,s2,A,540.0,0.11964216390145553
M_2,s2,A,560.0,0.11757407000999177
M_2,s2,A,580.0,-0.16488356073235894
M_2,s2,A,600.0,-0.01924675035629743
M_2,s2,A,620.0,0.3164916287139922
M_2,s2,A,640.0,0.1723371897945582
M_2,s2,A,660.0,0.009247606893273155
M_2,s2,A,680.0,0.10150210862817129
M_2,s2,A,700.0,0.006074739120990574
M_2,s2,A,720.0,-0.07703192092071035
M_2,s2,A,740.0,-0.003990853739763128
M_2,s2,A,760.0,0.06797674736260853
M_2,s2,A,780.0,-0.07010976297897054
M_2,s2,A,800.0,-0.14183992261205797
M_2,s2,A,820.0,-0.0582270919495306
M_2,s2,A,840.0,0.12576735070580364
M_2,s2,A,860.0,0.37350713560647303
M_2,s2,A,880.0,0.22892442601101853
M_2,s2,A,900.0,0.17882553464481113
M_2,s2,A,920.0,0.23415223516096417
M_2,s2,A,940.0,0.38115095136907917
M_2,s2,A,960.0,0.1564401940556815
M_2,s2,A,980.0,0.25094768001607926
M_2,s2,I,0.0,-0.4779985065553104
M_2,s2,I,20.0,-0.07008499236708929
M_2,s2,I,40.0,-0.09267261193026458
M_2,s2,I,60.0,0.23795645253173792
M_2,s2,I,80.0,0.18480519080058508
M_2,s2,I,100.0,-0.040734053432333495
M_2,s2,I,120.0,0.22012430849830872
M_2,s2,I,140.0,0.0474641394228521
M_2,s2,I,160.0,-0.3996436574912928
M_2,s2,I,180.0,-0.49254484426100753
M_2,s2,I,200.0,-0.062257265375734894
M_2,s2,I,220.0,-0.1538836314497448
M_2,s2,I,240.0,-0.2718704910752144
M_2,s2,I,260.0,-0.02585942919604442
M_2,s2,I,280.0,-0.3130122149179781
M_2,s2,I,300.0,-0.06771441571144463
M_2,s2,I,320.0,0.26415897128566956
M_2,s2,I,340.0,-0.1410281729037092
M_2,s2,I,360.0,-0.36656760752231576
M_2,s2,I,380.0,-0.21691580441886665
M_2,s2,I,400.0,-0.23273082776998694
M_2,s2,I,420.0,-0.5224417215595849
M_2,s2,I,440.0,-0.3190950343299709
M_2,s2,I,460.0,-0.40219774557240673
M_2,s2,I,480.0,-0.8100872918544286
M_2,s2,I,500.0,-0.392292620964269
M_2,s2,I,520.0,-0.030370326040753126
M_2,s2,I,540.0,0.1121010467378701
M_2,s2,I,560.0,0.03587371594229698
M_2,s2,I,580.0,-0.24676160312060988
M_2,s2,I,600.0,-0.33465310585160135
M_2,s2,I,620.0,-0.1315199601442032
M_2,s2,I,640.0,-0.22820203062446892
M_2,s2,I,660.0,-0.02421959055303241
M_2,s2,I,680.0,0.24764646824619202
M_2,s2,I,700.0,0.32925192018918525
M_2,s2,I,720.0,0.11017803528083994
M_2,s2,I,740.0,-0.005962286165721198
M_2,s2,I,760.0,-0.004494857681982933
M_2,s2,I,780.0,0.23365081995796788
M_2,s2,I,800.0,0.3148541853428255
M_2,s2,I,820.0,0.19927528472984124
M_2,s2,I,840.0,0.12351029717578266
M_2,s2,I,860.0,-0.18440655464525554
M_2,s2,I,880.0,-0.11923221857538793
M_2,s2,I,900.0,-0.36343960131230507
M_2,s2,I,920.0,-0.4454939082720084
M_2,s2,I,940.0,-0.6945849231173342
M_2,s2,I,960.0,-0.6092007445096728
M_2,s2,I,980.0,-0.7782468787995492
F_1,s3,G,0.0,-0.17524333498374792
F_1,s3,G,20.0,-0.3016491077540291
F_1,s3,G,40.0,-0.15458967894562875
F_1,s3,G,60.0,-0.18970481746259876
F_1,s3,G,80.0,-0.14244375391410252
F_1,s3,G,100.0,-0.11237068384674608
F_1,s3,G,120.0,-0.042861288424267605
F_1,s3,G,140.0,-0.14714527576504066
F_1,s3,G,160.0,-0.08149492641355341
F_1,s3,G,180.0,0.0014144183328526003
F_1,s3,G,200.0,0.13641942512802735
F_1,s3,G,220.0,-0.026455671052037985
F_1,s3,G,240.0,-0.055494346263673666
F_1,s3,G,260.0,-0.1641860807765096
F_1,s3,G,280.0,-0.27654887890310925
F_1,s3,G,300.0,-0.1834383018322201
F_1,s3,G,320.0,-0.17812287096988258
F_1,s3,G,340.0,-0.16162708362753436
F_1,s3,G,360.0,-0.10975804152385758
F_1,s3,G,380.0,-0.012354335720349219
F_1,s3,G,400.0,0.034158763504650205
F_1,s3,G,420.0,0.004458004204939539
F_1,s3,G,440.0,0.037759006053072204
F_1,s3,G,460.0,0.103698728530257
F_1,s3,G,480.0,0.06829647122573411
F_1,s3,G,500.0,0.07442203749388904
F_1,s3,G,520.0,0.013727845402668394
F_1,s3,G,540.0,0.0025471479062395275
F_1,s3,G,560.0,-0.25693960788600917
F_1,s3,G,580.0,-0.13777490083992272
F_1,s3,G,600.0,-0.18821309719279936
F_1,s3,G,620.0,-0.304383080740152
F_1,s3,G,640.0,-0.212489513342906
F_1,s3,G,660.0,-0.2106260713726491
F_1,s3,G,680.0,-0.28882123978602575
F_1,s3,G,700.0,-0.2030262820753759
F_1,s3,G,720.0,-0.05049471584782832
F_1,s3,G,740.0,-0.09863349520757955
F_1,s3,G,760.0,-0.06618186313558533
F_1,s3,G,780.0,-0.227091678674936
F_1,s3,G,800.0,-0.17522837116476608
F_1,s3,G,820.0,-0.24138221636478602
F_1,s3,G,840.0,-0.22869900556886752
F_1,s3,G,860.0,-0.042071915399439136
F_1,s3,G,880.0,-0.05339268209250268
F_1,s3,G,900.0,-0.08332109720370429
F_1,s3,G,920.0,-0.11453481078658666
F_1,s3,G,940.0,-0.08679973908583904
F_1,s3,G,960.0,-0.29452174726911845
F_1,s3,G,980.0,-0.22034106471481174
F_1,s3,A,0.0,0.24217107109703306
F_1,s3,A,20.0,0.19887962543704557
F_1,s3,A,40.0,0.09736952902445054
F_1,s3,A,60.0,0.16771219583163174
F_1,s3,A,80.0,0.36926368768979223
F_1,s3,A,100.0,0.20670091518399747
F_1,s3,A,120.0,0.20096834501646668
F_1,s3,A,140.0,0.29907245919535963
F_1,s3,A,160.0,0.48367446194085967
F_1,s3,A,180.0,0.1959947869462977
F_1,s3,A,200.0,0.09820446894528412
F_1,s3,A,220.0,0.14757533983516757
F_1,s3,A,240.0,0.21311206067233956
F_1,s3,A,260.0,0.23527808437958778
F_1,s3,A,280.0,0.1471232938394672
F_1,s3,A,300.0,0.1444008778007117
F_1,s3,A,320.0,-0.05296568274788352
F_1,s3,A,340.0,-0.1409322962925105
F_1,s3,A,360.0,-0.21081200511537013
F_1,s3,A,380.0,0.05423447602987122
F_1,s3,A,400.0,0.10953044195567682
F_1,s3,A,420.0,-0.14758490949790398
F_1,s3,A,440.0,0.002342504661771553
F_1,s3,A,460.0,-0.07917053530938863
F_1,s3,A,480.0,-0.16405521306008825
F_1,s3,A,500.0,-0.4065445318581775
F_1,s3,A,520.0,-0.43765923626384357
F_1,s3,A,540.0,-0.4527539376335723
F_1,s3,A,560.0,-0.18192819255513706
F_1,s3,A,580.0,-0.3378945564753698
F_1,s3,A,600.0,-0.32970598401556817
F_1,s3,A,620.0,-0.09179192438317987
F_1,s3,A,640.0,-0.23610360054399976
F_1,s3,A,660.0,-0.1635852553336317
F_1,s3,A,680.0,-0.29724349578296194
F_1,s3,A,700.0,-0.376948071333243
F_1,s3,A,720.0,-0.20601547946008142
F_1,s3,A,740.0,-0.06118291038561181
F_1,s3,A,760.0,0.03260864068843802
F_1,s3,A,780.0,-0.1717794367745876
F_1,s3,A,800.0,-0.21863726355400923
F_1,s3,A,820.0,-0.2054818426538187
F_1,s3,A,840.0,-0.183443740601794
F_1,s3,A,860.0,-0.18220271369366295
F_1,s3,A,880.0,-0.10717344687010641
F_1,s3,A,900.0,-0.09828053800559358
F_1,s3,A,920.0,-0.027537104303078
F_1,s3,A,940.0,-0.06654747551707908
F_1,s3,A,960.0,0.01736669139904219
F_1,s3,A,980.0,-0.005253192765006451
F_1,s3,I,0.0,-0.16188340987777605
F_1,s3,I,20.0,0.06393944346479512
F_1,s3,I,40.0,0.14409894407461502
F_1,s3,I,60.0,0.26770709463790027
F_1,s3,I,80.0,0.03219699361849776
F_1,s3,I,100.0,-0.023735606336543008
F_1,s3,I,120.0,-0.14518074344653348
F_1,s3,I,140.0,-0.1288327753401047
F_1,s3,I,160.0,-0.4869071211075901
F_1,s3,I,180.0,-0.22293901354711013
F_1,s3,I,200.0,-0.18817916777545896
F_1,s3,I,220.0,-0.13298739083225122
F_1,s3,I,240.0,-0.2791892092052569
F_1,s3,I,260.0,-0.38275811139694343
F_1,s3,I,280.0,-0.2969233387133254
F_1,s3,I,300.0,-0.2555942497996164
F_1,s3,I,320.0,-0.15298148784586668
F_1,s3,I,340.0,0.039694988119164
F_1,s3,I,360.0,0.1314413591598692
F_1,s3,I,380.0,-0.10448373212686116
F_1,s3,I,400.0,-0.18226623390814184
F_1,s3,I,420.0,-0.1289496159326256
F_1,s3,I,440.0,-0.2504750776232122
F_1,s3,I,460.0,-0.31681524434846947
F_1,s3,I,480.0,-0.28671241317740404
F_1,s3,I,500.0,-0.13704873922500743
F_1,s3,I,520.0,-0.43993849985804606
F_1,s3,I,540.0,-0.45343646526032133
F_1,s3,I,560.0,-0.48217457455141427
F_1,s3,I,580.0,-0.33912038733280164
F_1,s3,I,600.0,-0.2029354347910255
F_1,s3,I,620.0,-0.2422036025798454
F_1,s3,I,640.0,-0.05103755441807287
F_1,s3,I,660.0,-0.10866609538708003
F_1,s3,I,680.0,0.1277580165156133
F_1,s3,I,700.0,0.1654420669368758
F_1,s3,I,720.0,-0.2733213972224271
F_1,s3,I,740.0,-0.44284414091496893
F_1,s3,I,760.0,-0.6858636161146536
F_1,s3,I,780.0,-0.6472894193236931
F_1,s3,I,800.0,-0.4159466978192591
F_1,s3,I,820.0,-0.23907249922402035
F_1,s3,I,840.0,-0.23909737852397822
F_1,s3,I,860.0,-0.24588291140768812
F_1,s3,I,880.0,-0.4311409962229332
F_1,s3,I,900.0,-0.4536641589374857
F_1,s3,I,920.0,-0.6729250009790038
F_1,s3,I,940.0,-0.5870421307198233
F_1,s3,I,960.0,-0.2861755914918597
F_1,s3,I,980.0,-0.237923841584829
F_2,s3,G,0.0,-0.18856861695844895
F_2,s3,G,20.0,-0.1901264823192992
F_2,s3,G,40.0,-0.1407814778844538
F_2,s3,G,60.0,-0.2587064876809718
F_2,s3,G,80.0,-0.16969331050862302
F_2,s3,G,100.0,-0.1766552187625595
F_2,s3,G,120.0,-0.12799745570935028
F_2,s3,G,140.0,-0.2260754048574191
F_2,s3,G,160.0,-0.1338088812351361
F_2,s3,G,180.0,-0.10188232900539404
F_2,s3,G,200.0,0.06560148125131679
F_2,s3,G,220.0,-0.1378505516637324
F_2,s3,G,240.0,-0.27304897529744243
F_2,s3,G,260.0,-0.2981981007023394
F_2,s3,G,280.0,-0.33471217488911453
F_2,s3,G,300.0,-0.17586130525331267
F_2,s3,G,320.0,-0.012942030841384788
F_2,s3,G,340.0,0.027062458662506325
F_2,s3,G,360.0,0.13327811854769714
F_2,s3,G,380.0,0.31200551559511464
F_2,s3,G,400.0,0.23111288485912443
F_2,s3,G,420.0,0.1600221683803461
F_2,s3,G,440.0,0.20523598963596257
F_2,s3,G,460.0,0.29291006326546504
F_2,s3,G,480.0,0.23727642419375528
F_2,s3,G,500.0,0.21316528734943113
F_2,s3,G,520.0,0.05301275804099826
F_2,s3,G,540.0,0.06985579916125353
F_2,s3,G,560.0,-0.04220110212939929
F_2,s3,G,580.0,-0.06350124643852986
F_2,s3,G,600.0,-0.2279771750274902
F_2,s3,G,620.0,-0.35585277205160737
F_2,s3,G,640.0,-0.22303045646414232
F_2,s3,G,660.0,-0.14968358021070882
F_2,s3,G,680.0,-0.23739407704862442
F_2,s3,G,700.0,-0.2263680906198566
F_2,s3,G,720.0,-0.2029354168084686
F_2,s3,G,740.0,-0.2872390797618869
F_2,s3,G,760.0,-0.3725777081618623
F_2,s3,G,780.0,-0.4006902654421595
F_2,s3,G,800.0,-0.3738831312342661
F_2,s3,G,820.0,-0.312692405891585
F_2,s3,G,840.0,-0.2676130117390922
F_2,s3,G,860.0,-0.24792398205639898
F_2,s3,G,880.0,-0.13679446035198112
F_2,s3,G,900.0,-0.05204662539993705
F_2,s3,G,920.0,-0.01911371112609283
F_2,s3,G,940.0,0.04795171297190315
F_2,s3,G,960.0,-0.18890976662436748
F_2,s3,G,980.0,-0.15413613399510945
F_2,s3,A,0.0,0.22913461342122451
F_2,s3,A,20.0,0.3196456209108116
F_2,s3,A,40.0,0.06196757013999002
F_2,s3,A,60.0,-0.021880585882595154
F_2,s3,A,80.0,-0.0886160543847717
F_2,s3,A,100.0,-0.20273061329636552
F_2,s3,A,120.0,-0.0580697710217379
F_2,s3,A,140.0,-0.04642984713876648
F_2,s3,A,160.0,0.020487315149636996
F_2,s3,A,180.0,-0.2872022556520214
F_2,s3,A,200.0,-0.35943515753191135
F_2,s3,A,220.0,-0.18190997895512873
F_2,s3,A,240.0,-0.08785145569504244
F_2,s3,A,260.0,-0.15808514735179885
F_2,s3,A,280.0,-0.3294528185845997
F_2,s3,A,300.0,-0.33767833697913413
F_2,s3,A,320.0,-0.5975309634685652
F_2,s3,A,340.0,-0.6948463070447926
F_2,s3,A,360.0,-0.6629336323353252
F_2,s3,A,380.0,-0.42923321951722426
F_2,s3,A,400.0,-0.30111493148589547
F_2,s3,A,420.0,-0.5984528242778456
F_2,s3,A,440.0,-0.5183530028545439
F_2,s3,A,460.0,-0.4799580231373388
F_2,s3,A,480.0,-0.33116122726589675
F_2,s3,A,500.0,-0.5389935655750081
F_2,s3,A,520.0,-0.6694965261421358
F_2,s3,A,540.0,-0.6884731482247598
F_2,s3,A,560.0,-0.5703768155822657
F_2,s3,A,580.0,-0.5512336389763206
F_2,s3,A,600.0,-0.48199647356000896
F_2,s3,A,620.0,-0.18861047877850745
F_2,s3,A,640.0,-0.39404686228831276
F_2,s3,A,660.0,-0.3715138274841714
F_2,s3,A,680.0,-0.3800271147535897
F_2,s3,A,700.0,-0.40544539337127244
F_2,s3,A,720.0,-0.306917011822351
F_2,s3,A,740.0,-0.09067919074879364
F_2,s3,A,760.0,-0.08090139922004305
F_2,s3,A,780.0,-0.2778328376581786
F_2,s3,A,800.0,-0.3492503844534274
F_2,s3,A,820.0,-0.42839710393900565
F_2,s3,A,840.0,-0.25471777891563396
F_2,s3,A,860.0,-0.05385553199318281
F_2,s3,A,880.0,0.007084201024374542
F_2,s3,A,900.0,-0.2266607742445899
F_2,s3,A,920.0,-0.2647745978253997
F_2,s3,A,940.0,-0.2591959104205339
F_2,s3,A,960.0,-0.17948980130392883
F_2,s3,A,980.0,-0.2806263485892405
F_2,s3,I,0.0,-0.05892734827871084
F_2,s3,I,20.0,-0.11647513045395343
F_2,s3,I,40.0,0.09034602687625076
F_2,s3,I,60.0,0.30054200708780165
F_2,s3,I,80.0,0.4471875684228287
F_2,s3,I,100.0,0.4467755962575539
F_2,s3,I,120.0,0.10645804543427229
F_2,s3,I,140.0,0.07462924040758286
F_2,s3,I,160.0,-0.1218067805122933
F_2,s3,I,180.0,0.23547588726504365
F_2,s3,I,200.0,0.24511338010297018
F_2,s3,I,220.0,0.13675406622510183
F_2,s3,I,240.0,0.13099641728491135
F_2,s3,I,260.0,0.053618295376747935
F_2,s3,I,280.0,0.057089144699615596
F_2,s3,I,300.0,0.10236621364480653
F_2,s3,I,320.0,0.18809463704439397
F_2,s3,I,340.0,0.39353501539948527
F_2,s3,I,360.0,0.27562888487070003
F_2,s3,I,380.0,0.09293805246554109
F_2,s3,I,400.0,0.09871244166536844
F_2,s3,I,420.0,0.16614405477224362
F_2,s3,I,440.0,0.05431208801361166
F_2,s3,I,460.0,-0.0018023536041474868
F_2,s3,I,480.0,-0.07796784907245287
F_2,s3,I,500.0,0.04585805953982243
F_2,s3,I,520.0,-0.20696077631120016
F_2,s3,I,540.0,-0.2450348358286903
F_2,s3,I,560.0,-0.20214002358597757
F_2,s3,I,580.0,-0.20048222925414946
F_2,s3,I,600.0,-0.15400740475195063
F_2,s3,I,620.0,-0.24186785542481573
F_2,s3,I,640.0,-0.10608292470454828
F_2,s3,I,660.0,-0.08203371794322385
F_2,s3,I,680.0,0.08003686914270351
F_2,s3,I,700.0,0.082138258338672
F_2,s3,I,720.0,-0.28732055988938177
F_2,s3,I,740.0,-0.4103257441596011
F_2,s3,I,760.0,-0.4049048962642292
F_2,s3,I,780.0,-0.2733086487575332
F_2,s3,I,800.0,-0.08096178733568131
F_2,s3,I,820.0,0.08250475586061373
F_2,s3,I,840.0,0.10980684073578507
F_2,s3,I,860.0,-0.033654305123556244
F_2,s3,I,880.0,-0.16236559382511234
F_2,s3,I,900.0,0.02183626719280357
F_2,s3,I,920.0,-0.0312898490078071
F_2,s3,I,940.0,0.04400543767357168
F_2,s3,I,960.0,0.25969551915527295
F_2,s3,I,980.0,0.37934499664946203
M_1,s3,G,0.0,0.08516438085831085
M_1,s3,G,20.0,-0.1252690760050172
M_1,s3,G,40.0,-0.14920011774717618
M_1,s3,G,60.0,-0.178108140266294
M_1,s3,G,80.0,-0.1295695794272224
M_1,s3,G,100.0,-0.17194814354701093
M_1,s3,G,120.0,-0.11589059589826518
M_1,s3,G,140.0,-0.10101841037502328
M_1,s3,G,160.0,0.027053593098822097
M_1,s3,G,180.0,0.23352537562690567
M_1,s3,G,200.0,0.31403560386875307
M_1,s3,G,220.0,0.11734898041039675
M_1,s3,G,240.0,0.15768703218997276
M_1,s3,G,260.0,0.10563388959957765
M_1,s3,G,280.0,0.06247775850445292
M_1,s3,G,300.0,0.15647549268274533
M_1,s3,G,320.0,0.11936881864271365
M_1,s3,G,340.0,0.09221132246239847
M_1,s3,G,360.0,0.1066368798637824
M_1,s3,G,380.0,0.23059719383739646
M_1,s3,G,400.0,0.14433636272181893
M_1,s3,G,420.0,0.23153521413599315
M_1,s3,G,440.0,0.21435637773434688
M_1,s3,G,460.0,0.34285256761522676
M_1,s3,G,480.0,0.39549672688454524
M_1,s3,G,500.0,0.4241652039227103
M_1,s3,G,520.0,0.20488938463956943
M_1,s3,G,540.0,0.20403323845765653
M_1,s3,G,560.0,0.07804933550619139
M_1,s3,G,580.0,0.10831800357985377
M_1,s3,G,600.0,-0.09815016164406319
M_1,s3,G,620.0,-0.24237863097668516
M_1,s3,G,640.0,0.021819788013571983
M_1,s3,G,660.0,0.11313008974178755
M_1,s3,G,680.0,0.1293900918569248
M_1,s3,G,700.0,0.21222302957253802
M_1,s3,G,720.0,0.20232300467369166
M_1,s3,G,740.0,0.12368107673299518
M_1,s3,G,760.0,0.07527077784364053
M_1,s3,G,780.0,-0.023031692367737836
M_1,s3,G,800.0,0.013437004354708723
M_1,s3,G,820.0,0.0447946304831639
M_1,s3,G,840.0,0.19437355452507504
M_1,s3,G,860.0,0.23399006385721527
M_1,s3,G,880.0,0.33325325020150487
M_1,s3,G,900.0,0.28955453525604447
M_1,s3,G,920.0,0.33292365678593683
M_1,s3,G,940.0,0.36758123815230115
M_1,s3,G,960.0,0.1413192169109282
M_1,s3,G,980.0,0.15784128404224684
M_1,s3,A,0.0,0.09058938418492804
M_1,s3,A,20.0,0.2138508656477041
M_1,s3,A,40.0,0.09276102526917368
M_1,s3,A,60.0,0.015945536151888276
M_1,s3,A,80.0,-0.015868814107019638
M_1,s3,A,100.0,-0.2899300940701478
M_1,s3,A,120.0,-0.21015493067771768
M_1,s3,A,140.0,-0.06561098300677379
M_1,s3,A,160.0,-0.029786795057966407
M_1,s3,A,180.0,-0.2858884180115898
M_1,s3,A,200.0,-0.3939991288031035
M_1,s3,A,220.0,-0.36795142144303494
M_1,s3,A,240.0,-0.3549618029563676
M_1,s3,A,260.0,-0.43328211181968224
M_1,s3,A,280.0,-0.42263904013863696
M_1,s3,A,300.0,-0.47080820714212074
M_1,s3,A,320.0,-0.6483143819668534
M_1,s3,A,340.0,-0.7092150098457193
M_1,s3,A,360.0,-0.6777653442825846
M_1,s3,A,380.0,-0.40716011273447417
M_1,s3,A,400.0,-0.3868859582108567
M_1,s3,A,420.0,-0.6557009090238183
M_1,s3,A,440.0,-0.5557028788539714
M_1,s3,A,460.0,-0.6017703480719271
M_1,s3,A,480.0,-0.6031844962203512
M_1,s3,A,500.0,-0.8803847230798956
M_1,s3,A,520.0,-0.8015453519437177
M_1,s3,A,540.0,-0.791735894354498
M_1,s3,A,560.0,-0.7155310695712058
M_1,s3,A,580.0,-0.6868348493668125
M_1,s3,A,600.0,-0.6044752882827427
M_1,s3,A,620.0,-0.3878067213291665
M_1,s3,A,640.0,-0.39234111408789574
M_1,s3,A,660.0,-0.4702125721002834
M_1,s3,A,680.0,-0.5240882808301538
M_1,s3,A,700.0,-0.5778578291547342
M_1,s3,A,720.0,-0.4699237418655391
M_1,s3,A,740.0,-0.2402044676476111
M_1,s3,A,760.0,-0.15258381411185115
M_1,s3,A,780.0,-0.3652248545913751
M_1,s3,A,800.0,-0.48331093311878187
M_1,s3,A,820.0,-0.6403272652357966
M_1,s3,A,840.0,-0.5985415807113578
M_1,s3,A,860.0,-0.4906853825118651
M_1,s3,A,880.0,-0.4357435564060913
M_1,s3,A,900.0,-0.5312720930705985
M_1,s3,A,920.0,-0.5073394194485573
M_1,s3,A,940.0,-0.47055402750891223
M_1,s3,A,960.0,-0.3727992364218009
M_1,s3,A,980.0,-0.39343322289611754
M_1,s3,I,0.0,-0.07939047584152537
M_1,s3,I,20.0,-0.08653437904482571
M_1,s3,I,40.0,0.09301211399209716
M_1,s3,I,60.0,0.27104842770108384
M_1,s3,I,80.0,0.38594623426737973
M_1,s3,I,100.0,0.5509133194230745
M_1,s3,I,120.0,0.28774258905427086
M_1,s3,I,140.0,0.14998898184048715
M_1,s3,I,160.0,-0.04178893325415986
M_1,s3,I,180.0,0.23640953925138633
M_1,s3,I,200.0,0.25034219321923856
M_1,s3,I,220.0,0.24154180022969488
M_1,s3,I,240.0,0.215619611519478
M_1,s3,I,260.0,0.2197903572062629
M_1,s3,I,280.0,0.10111139901334187
M_1,s3,I,300.0,0.22167002628290428
M_1,s3,I,320.0,0.3122858171013886
M_1,s3,I,340.0,0.5466073120212994
M_1,s3,I,360.0,0.4706592635793051
M_1,s3,I,380.0,0.2059467998569237
M_1,s3,I,400.0,0.17588259728438022
M_1,s3,I,420.0,0.20962078957547314
M_1,s3,I,440.0,0.17051040305950071
M_1,s3,I,460.0,0.09420069274784121
M_1,s3,I,480.0,0.051632080694449425
M_1,s3,I,500.0,0.17443399663819353
M_1,s3,I,520.0,-0.16552261784854014
M_1,s3,I,540.0,-0.2599459226001174
M_1,s3,I,560.0,-0.15275000440498174
M_1,s3,I,580.0,-0.21609817493433503
M_1,s3,I,600.0,-0.12661015679637216
M_1,s3,I,620.0,-0.18167300556524907
M_1,s3,I,640.0,-0.1968460385985794
M_1,s3,I,660.0,-0.15921305405234704
M_1,s3,I,680.0,-0.036904038315550475
M_1,s3,I,700.0,-0.010631472089665694
M_1,s3,I,720.0,-0.3459158059156569
M_1,s3,I,740.0,-0.5237363898424365
M_1,s3,I,760.0,-0.6131408629565996
M_1,s3,I,780.0,-0.45083661804117
M_1,s3,I,800.0,-0.15375736801230327
M_1,s3,I,820.0,0.06499860128229325
M_1,s3,I,840.0,0.11952996304815995
M_1,s3,I,860.0,0.007503340577138307
M_1,s3,I,880.0,-0.12105622032323589
M_1,s3,I,900.0,0.058060182020047924
M_1,s3,I,920.0,-0.043474412106632235
M_1,s3,I,940.0,-0.011612787548161224
M_1,s3,I,960.0,0.13156493515467027
M_1,s3,I,980.0,0.23780615793172075
M_2,s3,G,0.0,-0.338011343648955
M_2,s3,G,20.0,-0.35959666186311356
M_2,s3,G,40.0,-0.15520458698438444
M_2,s3,G,60.0,-0.32241449549778567
M_2,s3,G,80.0,-0.33230180083296507
M_2,s3,G,100.0,-0.21475595682931084
M_2,s3,G,120.0,-0.17808224635017453
M_2,s3,G,140.0,-0.2131145722272232
M_2,s3,G,160.0,-0.18077350541264903
M_2,s3,G,180.0,-0.10645969895581796
M_2,s3,G,200.0,0.0750264810112516
M_2,s3,G,220.0,-0.06460568265705244
M_2,s3,G,240.0,-0.09348740922041612
M_2,s3,G,260.0,-0.20270844035905722
M_2,s3,G,280.0,-0.30854408822869295
M_2,s3,G,300.0,-0.2769132375334874
M_2,s3,G,320.0,-0.34404993762744496
M_2,s3,G,340.0,-0.3563653607877654
M_2,s3,G,360.0,-0.21479222109325916
M_2,s3,G,380.0,-0.09490747635384392
M_2,s3,G,400.0,-0.01985452320425389
M_2,s3,G,420.0,-0.019740817498759555
M_2,s3,G,440.0,-0.03149527550951817
M_2,s3,G,460.0,0.041507070445801486
M_2,s3,G,480.0,-0.012855281688368553
M_2,s3,G,500.0,0.02408273135573427
M_2,s3,G,520.0,-0.10975690312421117
M_2,s3,G,540.0,0.061848546500199525
M_2,s3,G,560.0,-0.0939618690660047
M_2,s3,G,580.0,-0.23257398785070474
M_2,s3,G,600.0,-0.434059252746491
M_2,s3,G,620.0,-0.40606047477685736
M_2,s3,G,640.0,-0.24617401543201953
M_2,s3,G,660.0,-0.24071732556013994
M_2,s3,G,680.0,-0.2501935857880837
M_2,s3,G,700.0,-0.21162875808312615
M_2,s3,G,720.0,-0.19994114488506942
M_2,s3,G,740.0,-0.28793729326432116
M_2,s3,G,760.0,-0.24010283809968871
M_2,s3,G,780.0,-0.41232845839260873
M_2,s3,G,800.0,-0.3682751753683323
M_2,s3,G,820.0,-0.5295682077877734
M_2,s3,G,840.0,-0.5118402275934955
M_2,s3,G,860.0,-0.2338606404068938
M_2,s3,G,880.0,-0.0543231162525232
M_2,s3,G,900.0,-0.1720521476716986
M_2,s3,G,920.0,-0.1618173508148617
M_2,s3,G,940.0,-0.25531800162428375
M_2,s3,G,960.0,-0.2745196785066093
M_2,s3,G,980.0,-0.3226159890786855
M_2,s3,A,0.0,0.3572252584331994
M_2,s3,A,20.0,0.4442653236909768
M_2,s3,A,40.0,0.2696508709197247
M_2,s3,A,60.0,0.2821731593001
M_2,s3,A,80.0,0.14543583826087358
M_2,s3,A,100.0,-0.062246064218615865
M_2,s3,A,120.0,0.16238452742757337
M_2,s3,A,140.0,0.17829363887938454
M_2,s3,A,160.0,0.09668571103873318
M_2,s3,A,180.0,-0.2638131621216873
M_2,s3,A,200.0,-0.396147997144367
M_2,s3,A,220.0,-0.19047782405155939
M_2,s3,A,240.0,-0.31163329908188525
M_2,s3,A,260.0,-0.32133814467018196
M_2,s3,A,280.0,-0.26331440366053427
M_2,s3,A,300.0,-0.31472416362221717
M_2,s3,A,320.0,-0.44172657857559755
M_2,s3,A,340.0,-0.40645611134294246
M_2,s3,A,360.0,-0.38149050680542496
M_2,s3,A,380.0,-0.1430480125779476
M_2,s3,A,400.0,-0.15667818666710798
M_2,s3,A,420.0,-0.3921393554420745
M_2,s3,A,440.0,-0.3118698195956924
M_2,s3,A,460.0,-0.3166424584496018
M_2,s3,A,480.0,-0.34366160460051626
M_2,s3,A,500.0,-0.4283912005255702
M_2,s3,A,520.0,-0.5200776340362274
M_2,s3,A,540.0,-0.6394222095401303
M_2,s3,A,560.0,-0.4616097767476688
M_2,s3,A,580.0,-0.41260308145495483
M_2,s3,A,600.0,-0.33064041777433895
M_2,s3,A,620.0,-0.18406781669957847
M_2,s3,A,640.0,-0.26541016320432365
M_2,s3,A,660.0,-0.4174445266649198
M_2,s3,A,680.0,-0.5821342877991795
M_2,s3,A,700.0,-0.6430768921946106
M_2,s3,A,720.0,-0.5177335287049268
M_2,s3,A,740.0,-0.359404798199729
M_2,s3,A,760.0,-0.2271657496834942
M_2,s3,A,780.0,-0.3635723876507843
M_2,s3,A,800.0,-0.4822523524674563
M_2,s3,A,820.0,-0.5267067654364621
M_2,s3,A,840.0,-0.6850376867915042
M_2,s3,A,860.0,-0.6171226984321299
M_2,s3,A,880.0,-0.5183155805796655
M_2,s3,A,900.0,-0.5587249964508181
M_2,s3,A,920.0,-0.6324471212104286
M_2,s3,A,940.0,-0.5566734547170074
M_2,s3,A,960.0,-0.5337854483648097
M_2,s3,A,980.0,-0.4457047092837788
M_2,s3,I,0.0,-0.10711393567339635
M_2,s3,I,20.0,-0.31404612271318866
M_2,s3,I,40.0,-0.11957126234366525
M_2,s3,I,60.0,0.058653778863438
M_2,s3,I,80.0,0.43698974226048276
M_2,s3,I,100.0,0.35044877270271646
M_2,s3,I,120.0,-0.2082404960579089
M_2,s3,I,140.0,-0.2303179744146234
M_2,s3,I,160.0,-0.36087512947065215
M_2,s3,I,180.0,0.038812887821084927
M_2,s3,I,200.0,0.08922262491099797
M_2,s3,I,220.0,-0.09129009714736469
M_2,s3,I,240.0,0.08654903832241939
M_2,s3,I,260.0,0.12320307304209689
M_2,s3,I,280.0,0.1987608911435371
M_2,s3,I,300.0,0.6562524990433627
M_2,s3,I,320.0,0.9022141862961892
M_2,s3,I,340.0,1.266303027735718
M_2,s3,I,360.0,0.8826538448904833
M_2,s3,I,380.0,0.56637136596673
M_2,s3,I,400.0,0.5964587711262149
M_2,s3,I,420.0,0.5229416894158052
M_2,s3,I,440.0,0.44269693273869287
M_2,s3,I,460.0,0.3364145782200568
M_2,s3,I,480.0,0.41958032824777725
M_2,s3,I,500.0,0.3098322643314789
M_2,s3,I,520.0,0.1807680192659166
M_2,s3,I,540.0,-0.040981263390306805
M_2,s3,I,560.0,0.06134433919207713
M_2,s3,I,580.0,-0.02444593415633478
M_2,s3,I,600.0,0.08976197319124582
M_2,s3,I,620.0,-0.06559313636628818
M_2,s3,I,640.0,0.06532016009140476
M_2,s3,I,660.0,0.07817328113482974
M_2,s3,I,680.0,0.11892787830764487
M_2,s3,I,700.0,0.13001512267007764
M_2,s3,I,720.0,-0.16884999273377366
M_2,s3,I,740.0,-0.2182571614381349
M_2,s3,I,760.0,-0.23531694849288287
M_2,s3,I,780.0,0.21317454088286222
M_2,s3,I,800.0,0.31422068426043226
M_2,s3,I,820.0,0.6361546154597797
M_2,s3,I,840.0,0.7325407594505422
M_2,s3,I,860.0,0.3939117132287368
M_2,s3,I,880.0,0.35229615688708915
M_2,s3,I,900.0,0.5488792560510497
M_2,s3,I,920.0,0.5190271190550256
M_2,s3,I,940.0,0.8489084209967552
M_2,s3,I,960.0,0.807428406727735
M_2,s3,I,980.0,1.0104505187624586
F_1,s4,G,0.0,0.04681541944322555
F_1,s4,G,20.0,0.016315265747951974
F_1,s4,G,40.0,-0.013713431887793642
F_1,s4,G,60.0,-0.03347323657349998
F_1,s4,G,80.0,0.003096082376112169
F_1,s4,G,100.0,-0.0010735789323224401
F_1,s4,G,120.0,0.04130888236907746
F_1,s4,G,140.0,0.05322455662370914
F_1,s4,G,160.0,0.03689778489863957
F_1,s4,G,180.0,0.06877779403027529
F_1,s4,G,200.0,0.08608696456929782
F_1,s4,G,220.0,0.04400180617302782
F_1,s4,G,240.0,0.04077848237845606
F_1,s4,G,260.0,0.13442705043797482
F_1,s4,G,280.0,0.14273927371680603
F_1,s4,G,300.0,0.10927348654480429
F_1,s4,G,320.0,0.1395320523402052
F_1,s4,G,340.0,0.1697411694584632
F_1,s4,G,360.0,0.13654167612741033
F_1,s4,G,380.0,0.04144170916772204
F_1,s4,G,400.0,0.021936978993847264
F_1,s4,G,420.0,0.023771012510757833
F_1,s4,G,440.0,0.06076061403602767
F_1,s4,G,460.0,0.0747680407778407
F_1,s4,G,480.0,0.03764516147655832
F_1,s4,G,500.0,-0.031140374994179196
F_1,s4,G,520.0,-0.003786131552737562
F_1,s4,G,540.0,0.03986975271393235
F_1,s4,G,560.0,-0.0011161613585099414
F_1,s4,G,580.0,-0.09564657180952305
F_1,s4,G,600.0,-0.10587471692346427
F_1,s4,G,620.0,-0.12408644999654242
F_1,s4,G,640.0,-0.08445530053647045
F_1,s4,G,660.0,-0.027917109194983736
F_1,s4,G,680.0,-0.03971556336086395
F_1,s4,G,700.0,-0.04069736640927946
F_1,s4,G,720.0,-0.0443575933431144
F_1,s4,G,740.0,-0.06557559960506457
F_1,s4,G,760.0,-0.027925039111304298
F_1,s4,G,780.0,-0.02108408176666164
F_1,s4,G,800.0,-0.0674599923323149
F_1,s4,G,820.0,-0.053298395742937175
F_1,s4,G,840.0,-0.06069109694817852
F_1,s4,G,860.0,-0.0663251889559854
F_1,s4,G,880.0,-0.03693819999178849
F_1,s4,G,900.0,0.01914966773103334
F_1,s4,G,920.0,0.06920591170608055
F_1,s4,G,940.0,0.08878930902033452
F_1,s4,G,960.0,0.0724690097576417
F_1,s4,G,980.0,0.07009903970722846
F_1,s4,A,0.0,0.018281668419642905
F_1,s4,A,20.0,0.00576649490795221
F_1,s4,A,40.0,-0.06163136597563674
F_1,s4,A,60.0,-0.07077424293233389
F_1,s4,A,80.0,-0.04013078486266151
F_1,s4,A,100.0,-0.09084783331845377
F_1,s4,A,120.0,-0.06955246039505641
F_1,s4,A,140.0,-0.03783173146157784
F_1,s4,A,160.0,-0.06496796431011342
F_1,s4,A,180.0,-0.15757534994053363
F_1,s4,A,200.0,-0.17895300581328472
F_1,s4,A,220.0,-0.0694644919140057
F_1,s4,A,240.0,-0.0625129180900056
F_1,s4,A,260.0,0.0020908791157170717
F_1,s4,A,280.0,-0.044365504795947905
F_1,s4,A,300.0,-0.09393451768167103
F_1,s4,A,320.0,-0.05918784853260534
F_1,s4,A,340.0,0.00845363718285666
F_1,s4,A,360.0,0.0495176044990667
F_1,s4,A,380.0,0.10836479022248763
F_1,s4,A,400.0,0.07091810714190036
F_1,s4,A,420.0,0.05322737140115237
F_1,s4,A,440.0,-0.030327891353093057
F_1,s4,A,460.0,-0.07716155355778184
F_1,s4,A,480.0,-0.013374189875313414
F_1,s4,A,500.0,0.03296766860610342
F_1,s4,A,520.0,0.041769153244789574
F_1,s4,A,540.0,0.008710938335602186
F_1,s4,A,560.0,-0.0022806803743055833
F_1,s4,A,580.0,-0.00474107373730108
F_1,s4,A,600.0,0.014749912772589122
F_1,s4,A,620.0,0.03381880017978814
F_1,s4,A,640.0,-0.013531046243107678
F_1,s4,A,660.0,-0.12815341817582301
F_1,s4,A,680.0,-0.11542344879122539
F_1,s4,A,700.0,-0.057361625440346564
F_1,s4,A,720.0,-0.022238557502102865
F_1,s4,A,740.0,-0.05095173339520294
F_1,s4,A,760.0,-0.04610688365344931
F_1,s4,A,780.0,-0.1109558456753211
F_1,s4,A,800.0,-0.16156912811228724
F_1,s4,A,820.0,-0.1544948542261455
F_1,s4,A,840.0,-0.12418991815758625
F_1,s4,A,860.0,-0.17839816545417425
F_1,s4,A,880.0,-0.2115783164405433
F_1,s4,A,900.0,-0.19875770238841123
F_1,s4,A,920.0,-0.18063715544865003
F_1,s4,A,940.0,-0.18261327048975007
F_1,s4,A,960.0,-0.1662922950793272
F_1,s4,A,980.0,-0.11682762010342927
F_1,s4,I,0.0,-0.07201993547048008
F_1,s4,I,20.0,-0.0712804215547446
F_1,s4,I,40.0,-0.0826157371442731
F_1,s4,I,60.0,-0.11016566389985648
F_1,s4,I,80.0,-0.13147480813233756
F_1,s4,I,100.0,-0.044333512166483305
F_1,s4,I,120.0,-0.08697978969380513
F_1,s4,I,140.0,-0.09776608601629291
F_1,s4,I,160.0,-0.015981425492288606
F_1,s4,I,180.0,0.11831827263576256
F_1,s4,I,200.0,0.17861821266081876
F_1,s4,I,220.0,0.0785476665150162
F_1,s4,I,240.0,0.0050624627260035734
F_1,s4,I,260.0,-0.13181978467438785
F_1,s4,I,280.0,-0.016903044285960275
F_1,s4,I,300.0,0.06585022557667634
F_1,s4,I,320.0,-0.0074026563398645676
F_1,s4,I,340.0,-0.08737332552810564
F_1,s4,I,360.0,-0.1398890121558318
F_1,s4,I,380.0,-0.08703950080649339
F_1,s4,I,400.0,0.012250952659430426
F_1,s4,I,420.0,0.06531801268337849
F_1,s4,I,440.0,0.16835380140398784
F_1,s4,I,460.0,0.28022910737591666
F_1,s4,I,480.0,0.18593617028506296
F_1,s4,I,500.0,0.1901412429049851
F_1,s4,I,520.0,0.12268623879538232
F_1,s4,I,540.0,0.17677806868941504
F_1,s4,I,560.0,0.20883489501403163
F_1,s4,I,580.0,0.3620290250244107
F_1,s4,I,600.0,0.38648228384429656
F_1,s4,I,620.0,0.30373970857600807
F_1,s4,I,640.0,0.2984064571720661
F_1,s4,I,660.0,0.37632089669961033
F_1,s4,I,680.0,0.40957397358673725
F_1,s4,I,700.0,0.28499361009861746
F_1,s4,I,720.0,0.1818733520730006
F_1,s4,I,740.0,0.18267617116202997
F_1,s4,I,760.0,0.15054191362142924
F_1,s4,I,780.0,0.17799514302913105
F_1,s4,I,800.0,0.24971749414738353
F_1,s4,I,820.0,0.26544530734450755
F_1,s4,I,840.0,0.256722394914956
F_1,s4,I,860.0,0.3208186477536494
F_1,s4,I,880.0,0.32009137518916475
F_1,s4,I,900.0,0.2413866312671378
F_1,s4,I,920.0,0.16041456592674724
F_1,s4,I,940.0,0.11884043823877898
F_1,s4,I,960.0,0.2061853281058152
F_1,s4,I,980.0,0.16842655845569476
F_2,s4,G,0.0,0.08158540284475835
F_2,s4,G,20.0,0.0377505288087365
F_2,s4,G,40.0,-0.009579405994487478
F_2,s4,G,60.0,-0.04716978211065284
F_2,s4,G,80.0,-0.022247198596857226
F_2,s4,G,100.0,-0.030649760117375177
F_2,s4,G,120.0,0.011736093227231788
F_2,s4,G,140.0,0.06638542657438584
F_2,s4,G,160.0,0.06429544252316743
F_2,s4,G,180.0,0.1015069693911213
F_2,s4,G,200.0,0.1416603471617393
F_2,s4,G,220.0,0.0960583477066739
F_2,s4,G,240.0,0.060181707625398276
F_2,s4,G,260.0,0.14717509704618068
F_2,s4,G,280.0,0.1304047611732664
F_2,s4,G,300.0,0.12107728423079656
F_2,s4,G,320.0,0.16595250422673785
F_2,s4,G,340.0,0.16589136596538898
F_2,s4,G,360.0,0.1674135207650456
F_2,s4,G,380.0,0.10718566857298119
F_2,s4,G,400.0,0.07442303601275257
F_2,s4,G,420.0,0.039517409320142464
F_2,s4,G,440.0,0.11032472465008762
F_2,s4,G,460.0,0.17209847951126064
F_2,s4,G,480.0,0.14173035622461194
F_2,s4,G,500.0,0.09949096134593352
F_2,s4,G,520.0,0.09867086267543625
F_2,s4,G,540.0,0.13073991206358754
F_2,s4,G,560.0,0.10989906259543909
F_2,s4,G,580.0,0.06889082436401413
F_2,s4,G,600.0,0.06084274113615375
F_2,s4,G,620.0,0.02225273187317051
F_2,s4,G,640.0,0.08137536939702966
F_2,s4,G,660.0,0.11709885452952307
F_2,s4,G,680.0,0.06806155915909046
F_2,s4,G,700.0,0.02058822186592343
F_2,s4,G,720.0,0.019332207040538375
F_2,s4,G,740.0,-0.007559128100702979
F_2,s4,G,760.0,0.022708525908810846
F_2,s4,G,780.0,0.023311798561475486
F_2,s4,G,800.0,-0.04448996076540781
F_2,s4,G,820.0,-0.05867652328195144
F_2,s4,G,840.0,-0.04052218230397617
F_2,s4,G,860.0,-0.037249310836856245
F_2,s4,G,880.0,-0.016909824450359018
F_2,s4,G,900.0,-0.011011792198987222
F_2,s4,G,920.0,0.030981300025424915
F_2,s4,G,940.0,0.06335940657580443
F_2,s4,G,960.0,0.0710388184843531
F_2,s4,G,980.0,0.0764470779682514
F_2,s4,A,0.0,-0.015696294096081198
F_2,s4,A,20.0,0.044433212895095955
F_2,s4,A,40.0,0.10312009927514569
F_2,s4,A,60.0,0.15319638267988916
F_2,s4,A,80.0,0.15325761021736656
F_2,s4,A,100.0,0.1147936178425557
F_2,s4,A,120.0,0.11741428532118846
F_2,s4,A,140.0,0.07396225556687731
F_2,s4,A,160.0,-0.030595177177056884
F_2,s4,A,180.0,-0.10731306062739399
F_2,s4,A,200.0,-0.10346564065488145
F_2,s4,A,220.0,0.05267603053096836
F_2,s4,A,240.0,0.10906403369048558
F_2,s4,A,260.0,0.09784146812794742
F_2,s4,A,280.0,0.09060514542354237
F_2,s4,A,300.0,0.08856034041023292
F_2,s4,A,320.0,0.10856908443831498
F_2,s4,A,340.0,0.0628622837593094
F_2,s4,A,360.0,0.10698235983067195
F_2,s4,A,380.0,0.21755091395043266
F_2,s4,A,400.0,0.178384041683532
F_2,s4,A,420.0,0.1982398634590568
F_2,s4,A,440.0,0.11411883389569183
F_2,s4,A,460.0,0.06739047588566806
F_2,s4,A,480.0,0.12069847109809168
F_2,s4,A,500.0,0.15465855093506894
F_2,s4,A,520.0,0.16966412028098538
F_2,s4,A,540.0,0.12841886793719728
F_2,s4,A,560.0,0.0698379589070975
F_2,s4,A,580.0,0.037512896312621766
F_2,s4,A,600.0,0.023062014565780553
F_2,s4,A,620.0,0.05491917037280977
F_2,s4,A,640.0,0.06718533012820421
F_2,s4,A,660.0,0.03654618631139062
F_2,s4,A,680.0,0.06713302911456186
F_2,s4,A,700.0,0.14231643887509313
F_2,s4,A,720.0,0.11541752475492666
F_2,s4,A,740.0,0.05384628046044479
F_2,s4,A,760.0,0.0758682102995347
F_2,s4,A,780.0,0.08657371104968946
F_2,s4,A,800.0,0.08920544012381881
F_2,s4,A,820.0,0.08709297672203671
F_2,s4,A,840.0,0.07587538607166987
F_2,s4,A,860.0,0.03708399284146892
F_2,s4,A,880.0,0.03357777724150944
F_2,s4,A,900.0,0.04917432550332229
F_2,s4,A,920.0,0.02227988614366662
F_2,s4,A,940.0,-0.05202227393681674
F_2,s4,A,960.0,-0.09182987564458378
F_2,s4,A,980.0,-0.08443614628492135
F_2,s4,I,0.0,0.02827753105984475
F_2,s4,I,20.0,-0.007203907925378436
F_2,s4,I,40.0,-0.114592815169934
F_2,s4,I,60.0,-0.1719707693963762
F_2,s4,I,80.0,-0.18181006531734145
F_2,s4,I,100.0,-0.11876805033247373
F_2,s4,I,120.0,-0.17269167809273883
F_2,s4,I,140.0,-0.167613346001448
F_2,s4,I,160.0,-0.036704291723926544
F_2,s4,I,180.0,0.008760270596864444
F_2,s4,I,200.0,0.039835901447419816
F_2,s4,I,220.0,-0.04443618434821949
F_2,s4,I,240.0,-0.15269030074601622
F_2,s4,I,260.0,-0.22094049873291788
F_2,s4,I,280.0,-0.1728218319880247
F_2,s4,I,300.0,-0.14463810267762764
F_2,s4,I,320.0,-0.1740822010590843
F_2,s4,I,340.0,-0.14530999981124476
F_2,s4,I,360.0,-0.23583245471429362
F_2,s4,I,380.0,-0.26159283842191894
F_2,s4,I,400.0,-0.17262571306633198
F_2,s4,I,420.0,-0.11844663062694827
F_2,s4,I,440.0,-0.08282118691916932
F_2,s4,I,460.0,-0.03126790611947575
F_2,s4,I,480.0,-0.07629694764441802
F_2,s4,I,500.0,-0.06776504433955606
F_2,s4,I,520.0,-0.11123378532257971
F_2,s4,I,540.0,-0.07313858292952818
F_2,s4,I,560.0,-0.009741558121030877
F_2,s4,I,580.0,0.09761787991345762
F_2,s4,I,600.0,0.05418218889774922
F_2,s4,I,620.0,-0.02244515769632438
F_2,s4,I,640.0,-0.02671586068508912
F_2,s4,I,660.0,0.040543665175338264
F_2,s4,I,680.0,0.08888156335486104
F_2,s4,I,700.0,-0.058712666227342156
F_2,s4,I,720.0,-0.1132143147470383
F_2,s4,I,740.0,-0.11111719320420435
F_2,s4,I,760.0,-0.10062755467102573
F_2,s4,I,780.0,-0.08661192563996749
F_2,s4,I,800.0,-0.06737680569759363
F_2,s4,I,820.0,-0.02638546521970381
F_2,s4,I,840.0,-0.018855776717695193
F_2,s4,I,860.0,0.0005732289097799617
F_2,s4,I,880.0,0.014549726332197033
F_2,s4,I,900.0,-0.011940570387718452
F_2,s4,I,920.0,0.02295447296286314
F_2,s4,I,940.0,0.04839188654905191
F_2,s4,I,960.0,0.16300722670079626
F_2,s4,I,980.0,0.1441092885848408
M_1,s4,G,0.0,0.03784200731477496
M_1,s4,G,20.0,0.026367992555663293
M_1,s4,G,40.0,0.022811044985554342
M_1,s4,G,60.0,0.008985590624171085
M_1,s4,G,80.0,0.01159219780179599
M_1,s4,G,100.0,0.016082032477776564
M_1,s4,G,120.0,0.0976964451139592
M_1,s4,G,140.0,0.06272403796644324
M_1,s4,G,160.0,0.013676049628505712
M_1,s4,G,180.0,0.05374926045215548
M_1,s4,G,200.0,0.034862055057516064
M_1,s4,G,220.0,0.012074985262130026
M_1,s4,G,240.0,0.03896640427255252
M_1,s4,G,260.0,0.08486812616672461
M_1,s4,G,280.0,0.06693308445404576
M_1,s4,G,300.0,0.03285669779728326
M_1,s4,G,320.0,0.023924251436112584
M_1,s4,G,340.0,0.03718725142098775
M_1,s4,G,360.0,0.0437047330115936
M_1,s4,G,380.0,-0.03821135819483423
M_1,s4,G,400.0,0.009882724535435046
M_1,s4,G,420.0,0.05410076464327468
M_1,s4,G,440.0,0.012001661044220506
M_1,s4,G,460.0,-0.016823084484040865
M_1,s4,G,480.0,-0.007449662637777257
M_1,s4,G,500.0,0.0012692678217980091
M_1,s4,G,520.0,0.03891820925568751
M_1,s4,G,540.0,0.028609423286887134
M_1,s4,G,560.0,-0.028654665284421066
M_1,s4,G,580.0,-0.08726558243685882
M_1,s4,G,600.0,-0.1589313619958453
M_1,s4,G,620.0,-0.21599174973707097
M_1,s4,G,640.0,-0.14265084977856782
M_1,s4,G,660.0,-0.08195726465023989
M_1,s4,G,680.0,-0.14291257754158432
M_1,s4,G,700.0,-0.11936060916136992
M_1,s4,G,720.0,-0.09209696095658274
M_1,s4,G,740.0,-0.1266013403149234
M_1,s4,G,760.0,-0.11817230942432998
M_1,s4,G,780.0,-0.14450950375222416
M_1,s4,G,800.0,-0.17418488200695592
M_1,s4,G,820.0,-0.18242127386969595
M_1,s4,G,840.0,-0.20908978211152202
M_1,s4,G,860.0,-0.23791834431614028
M_1,s4,G,880.0,-0.17612307111592662
M_1,s4,G,900.0,-0.14048725366822065
M_1,s4,G,920.0,-0.10273379871808708
M_1,s4,G,940.0,-0.05534487145765167
M_1,s4,G,960.0,-0.04533919323810888
M_1,s4,G,980.0,-0.05036765024567727
M_1,s4,A,0.0,-0.006071697564488776
M_1,s4,A,20.0,-0.001651304033596139
M_1,s4,A,40.0,0.030759555919734043
M_1,s4,A,60.0,0.07181925948877028
M_1,s4,A,80.0,0.12020936175910393
M_1,s4,A,100.0,0.06170959082670802
M_1,s4,A,120.0,0.044137773381765506
M_1,s4,A,140.0,0.013254416992727867
M_1,s4,A,160.0,-0.04544401328468575
M_1,s4,A,180.0,-0.10184053387587552
M_1,s4,A,200.0,-0.09724423898574375
M_1,s4,A,220.0,0.0411803750961217
M_1,s4,A,240.0,0.10326159412206792
M_1,s4,A,260.0,0.07012644579846913
M_1,s4,A,280.0,0.03108115428593189
M_1,s4,A,300.0,0.00462195723738533
M_1,s4,A,320.0,0.02289451345200652
M_1,s4,A,340.0,0.04742813017481002
M_1,s4,A,360.0,0.11399822214202475
M_1,s4,A,380.0,0.17440144444135058
M_1,s4,A,400.0,0.11007834803730016
M_1,s4,A,420.0,0.14526919490853762
M_1,s4,A,440.0,0.04926263664232014
M_1,s4,A,460.0,-0.020136972460669974
M_1,s4,A,480.0,0.006506744041859351
M_1,s4,A,500.0,0.12852913579695152
M_1,s4,A,520.0,0.19461523579139223
M_1,s4,A,540.0,0.16524325408352483
M_1,s4,A,560.0,0.07954002077677393
M_1,s4,A,580.0,0.07299207059343049
M_1,s4,A,600.0,0.18272389134394135
M_1,s4,A,620.0,0.2190591132400879
M_1,s4,A,640.0,0.1584853150812091
M_1,s4,A,660.0,0.0912717836372316
M_1,s4,A,680.0,0.15825232323207947
M_1,s4,A,700.0,0.23444703836173025
M_1,s4,A,720.0,0.23012962616577506
M_1,s4,A,740.0,0.17880093846622222
M_1,s4,A,760.0,0.18136329841287258
M_1,s4,A,780.0,0.14627467858331047
M_1,s4,A,800.0,0.11094340833595606
M_1,s4,A,820.0,0.0860719146059655
M_1,s4,A,840.0,0.11052053065209004
M_1,s4,A,860.0,0.04386647431424221
M_1,s4,A,880.0,-0.02824152333733028
M_1,s4,A,900.0,-0.05287212042080637
M_1,s4,A,920.0,-0.057054821060254744
M_1,s4,A,940.0,-0.07820090808764668
M_1,s4,A,960.0,-0.10780772507432837
M_1,s4,A,980.0,-0.10397055019329579
M_1,s4,I,0.0,0.02435156448224303
M_1,s4,I,20.0,-0.013919318501314726
M_1,s4,I,40.0,-0.1484278085620922
M_1,s4,I,60.0,-0.1885464896614056
M_1,s4,I,80.0,-0.22170775651840746
M_1,s4,I,100.0,-0.1529553770301326
M_1,s4,I,120.0,-0.18495657179660865
M_1,s4,I,140.0,-0.12757104602206581
M_1,s4,I,160.0,0.0034198253099031115
M_1,s4,I,180.0,0.05805753555309772
M_1,s4,I,200.0,0.09066911788599537
M_1,s4,I,220.0,-0.029308892142497968
M_1,s4,I,240.0,-0.14660640615804876
M_1,s4,I,260.0,-0.17122292294583916
M_1,s4,I,280.0,-0.11527224117957625
M_1,s4,I,300.0,-0.05889069061238132
M_1,s4,I,320.0,-0.0690520048638109
M_1,s4,I,340.0,-0.07430145833722922
M_1,s4,I,360.0,-0.1717139015643953
M_1,s4,I,380.0,-0.17363258301735507
M_1,s4,I,400.0,-0.09424912115449308
M_1,s4,I,420.0,-0.08127931875520333
M_1,s4,I,440.0,0.015511252606099646
M_1,s4,I,460.0,0.13145082010462347
M_1,s4,I,480.0,0.12150847339571101
M_1,s4,I,500.0,0.03305436621208448
M_1,s4,I,520.0,-0.11276116316454535
M_1,s4,I,540.0,-0.05547969558837344
M_1,s4,I,560.0,0.09201456227748564
M_1,s4,I,580.0,0.21616677696026207
M_1,s4,I,600.0,0.10825989490654725
M_1,s4,I,620.0,0.0024170535686368344
M_1,s4,I,640.0,0.05204043520348539
M_1,s4,I,660.0,0.1685440136235582
M_1,s4,I,680.0,0.17619857784331244
M_1,s4,I,700.0,-0.00833102004554545
M_1,s4,I,720.0,-0.07915975621285858
M_1,s4,I,740.0,-0.04404299228905387
M_1,s4,I,760.0,-0.004897658988126871
M_1,s4,I,780.0,0.03902865723430346
M_1,s4,I,800.0,0.047551761526787334
M_1,s4,I,820.0,0.1068384625800478
M_1,s4,I,840.0,0.09571045810141902
M_1,s4,I,860.0,0.16405953377533003
M_1,s4,I,880.0,0.21460087344798068
M_1,s4,I,900.0,0.20459297016508698
M_1,s4,I,920.0,0.23026256840093146
M_1,s4,I,940.0,0.22312772064624872
M_1,s4,I,960.0,0.34359123844487455
M_1,s4,I,980.0,0.34387646408806216
M_2,s4,G,0.0,0.05286483055816666
M_2,s4,G,20.0,0.035124874453974386
M_2,s4,G,40.0,-0.03923613420563488
M_2,s4,G,60.0,-0.15363037592344247
M_2,s4,G,80.0,-0.15842598772134003
M_2,s4,G,100.0,-0.10003065032909375
M_2,s4,G,120.0,-0.04222815120425847
M_2,s4,G,140.0,-0.0057083485164010975
M_2,s4,G,160.0,-0.04448776910065611
M_2,s4,G,180.0,0.010092285622612166
M_2,s4,G,200.0,0.053037350349208444
M_2,s4,G,220.0,0.036350715606729575
M_2,s4,G,240.0,0.00403946340153042
M_2,s4,G,260.0,0.05623421841612977
M_2,s4,G,280.0,0.07919692836278945
M_2,s4,G,300.0,0.07919964204777082
M_2,s4,G,320.0,0.08732383767942596
M_2,s4,G,340.0,0.07372257077972746
M_2,s4,G,360.0,0.11361761005934756
M_2,s4,G,380.0,0.08207145729876578
M_2,s4,G,400.0,0.07203583835961958
M_2,s4,G,420.0,0.05635589688059736
M_2,s4,G,440.0,0.10802193249775845
M_2,s4,G,460.0,0.16733637425286285
M_2,s4,G,480.0,0.13947127666906306
M_2,s4,G,500.0,0.06030174948400568
M_2,s4,G,520.0,0.08456797152130008
M_2,s4,G,540.0,0.09879966372030057
M_2,s4,G,560.0,0.004911971134469057
M_2,s4,G,580.0,-0.08870100844682528
M_2,s4,G,600.0,-0.12272625140317059
M_2,s4,G,620.0,-0.15469651529077286
M_2,s4,G,640.0,-0.03939819672757966
M_2,s4,G,660.0,-0.017107909810084428
M_2,s4,G,680.0,-0.012732727801832894
M_2,s4,G,700.0,-0.02643121209700643
M_2,s4,G,720.0,-0.041636736679309276
M_2,s4,G,740.0,-0.07152965522684929
M_2,s4,G,760.0,-0.06957211599268441
M_2,s4,G,780.0,-0.10241158584564485
M_2,s4,G,800.0,-0.16787727343705863
M_2,s4,G,820.0,-0.1919653901730591
M_2,s4,G,840.0,-0.16552731223969083
M_2,s4,G,860.0,-0.16030302286490486
M_2,s4,G,880.0,-0.1566434447348372
M_2,s4,G,900.0,-0.11687269011276884
M_2,s4,G,920.0,-0.10125296256499869
M_2,s4,G,940.0,-0.06928194981993412
M_2,s4,G,960.0,-0.10636459674073119
M_2,s4,G,980.0,-0.1459225637916226
M_2,s4,A,0.0,-0.01079982648347795
M_2,s4,A,20.0,-0.04102964670576855
M_2,s4,A,40.0,-0.057775570937021306
M_2,s4,A,60.0,0.042213016263757716
M_2,s4,A,80.0,0.07319811739927112
M_2,s4,A,100.0,-0.021833152788013076
M_2,s4,A,120.0,0.0065215625475577715
M_2,s4,A,140.0,0.0025204828693701324
M_2,s4,A,160.0,-0.05003067626164584
M_2,s4,A,180.0,-0.11879780104014764
M_2,s4,A,200.0,-0.1617755707451387
M_2,s4,A,220.0,-0.08678267491422317
M_2,s4,A,240.0,-0.02443357583482389
M_2,s4,A,260.0,-0.01599594846552796
M_2,s4,A,280.0,-0.01667745610423184
M_2,s4,A,300.0,-0.0090064011665292
M_2,s4,A,320.0,0.013298574289834286
M_2,s4,A,340.0,0.03814143408242428
M_2,s4,A,360.0,0.1372303444668599
M_2,s4,A,380.0,0.2200019271475303
M_2,s4,A,400.0,0.20230201102849407
M_2,s4,A,420.0,0.21612493260965057
M_2,s4,A,440.0,0.16607334268284418
M_2,s4,A,460.0,0.12967744941068066
M_2,s4,A,480.0,0.15034274915747597
M_2,s4,A,500.0,0.23681093108663753
M_2,s4,A,520.0,0.17373024420281064
M_2,s4,A,540.0,0.07583383667633023
M_2,s4,A,560.0,0.07228511177630154
M_2,s4,A,580.0,0.170813007518627
M_2,s4,A,600.0,0.2038898181303337
M_2,s4,A,620.0,0.1992030775337264
M_2,s4,A,640.0,0.20317058767411195
M_2,s4,A,660.0,0.1719456219140013
M_2,s4,A,680.0,0.15234222174957596
M_2,s4,A,700.0,0.18328950489050655
M_2,s4,A,720.0,0.18052434729180838
M_2,s4,A,740.0,0.1319487383857288
M_2,s4,A,760.0,0.16077680222039462
M_2,s4,A,780.0,0.16827400852377622
M_2,s4,A,800.0,0.2074958328866186
M_2,s4,A,820.0,0.19427066920527125
M_2,s4,A,840.0,0.1520021040866268
M_2,s4,A,860.0,0.11897832458172342
M_2,s4,A,880.0,0.09262334972847364
M_2,s4,A,900.0,0.05840820784571871
M_2,s4,A,920.0,0.0370154431851196
M_2,s4,A,940.0,0.04499387253491459
M_2,s4,A,960.0,0.01974370947896368
M_2,s4,A,980.0,0.027773262651788002
M_2,s4,I,0.0,0.05743982382451096
M_2,s4,I,20.0,0.0317378612448273
M_2,s4,I,40.0,-0.0200003801931187
M_2,s4,I,60.0,-0.005174060666778696
M_2,s4,I,80.0,-0.05226835164711737
M_2,s4,I,100.0,-0.020610514336892594
M_2,s4,I,120.0,-0.06830537948110417
M_2,s4,I,140.0,-0.1440376139880364
M_2,s4,I,160.0,0.07239388486031464
M_2,s4,I,180.0,0.09541657658724145
M_2,s4,I,200.0,0.06553030761499676
M_2,s4,I,220.0,0.06054629510607776
M_2,s4,I,240.0,-0.0310113867115032
M_2,s4,I,260.0,-0.06155761704570397
M_2,s4,I,280.0,-0.0608622687831384
M_2,s4,I,300.0,-0.1347021507353235
M_2,s4,I,320.0,-0.0803821451295541
M_2,s4,I,340.0,0.09287929031296106
M_2,s4,I,360.0,-0.06052219519462086
M_2,s4,I,380.0,-0.20829508895551996
M_2,s4,I,400.0,-0.15194916566388372
M_2,s4,I,420.0,-0.09038314781135681
M_2,s4,I,440.0,-0.26005203843970487
M_2,s4,I,460.0,-0.20011531440080305
M_2,s4,I,480.0,-0.03422438407891781
M_2,s4,I,500.0,-0.07621257572547227
M_2,s4,I,520.0,-0.2382204214361604
M_2,s4,I,540.0,-0.20136159794969266
M_2,s4,I,560.0,0.02389863954078096
M_2,s4,I,580.0,0.12210502943484605
M_2,s4,I,600.0,0.023766116375468355
M_2,s4,I,620.0,-0.1074201878578199
M_2,s4,I,640.0,-0.12608300492889446
M_2,s4,I,660.0,0.07855299308396516
M_2,s4,I,680.0,0.10523534081075261
M_2,s4,I,700.0,-0.03543266153869321
M_2,s4,I,720.0,-0.01626146674124733
M_2,s4,I,740.0,0.02029748236838891
M_2,s4,I,760.0,0.06260934003092081
M_2,s4,I,780.0,0.09223503965154653
M_2,s4,I,800.0,0.07768595912347338
M_2,s4,I,820.0,0.204542155440599
M_2,s4,I,840.0,0.29617459434194
M_2,s4,I,860.0,0.2639101966917372
M_2,s4,I,880.0,0.28164532615723725
M_2,s4,I,900.0,0.2958509163593875
M_2,s4,I,920.0,0.40272822047486656
M_2,s4,I,940.0,0.4044403542988112
M_2,s4,I,960.0,0.5616980298291018
M_2,s4,I,980.0,0.6004088499519447
F_1,s6,G,0.0,-0.14425909809868673
F_1,s6,G,20.0,-0.23902345937594094
F_1,s6,G,40.0,0.05656984993541965
F_1,s6,G,60.0,0.1987394872018252
F_1,s6,G,80.0,0.13394195853138713
F_1,s6,G,100.0,0.07787178415740681
F_1,s6,G,120.0,0.1374570393752834
F_1,s6,G,140.0,0.1064157699384276
F_1,s6,G,160.0,0.12055724555545864
F_1,s6,G,180.0,-0.038978406953084965
F_1,s6,G,200.0,0.053297557129322284
F_1,s6,G,220.0,0.11163039994453616
F_1,s6,G,240.0,0.09914689665872974
F_1,s6,G,260.0,0.030515684446660113
F_1,s6,G,280.0,-0.0037062004291618118
F_1,s6,G,300.0,0.03182685077346508
F_1,s6,G,320.0,-0.1480070745668437
F_1,s6,G,340.0,-0.020703100289177077
F_1,s6,G,360.0,0.043156461624782406
F_1,s6,G,380.0,0.07719839770095904
F_1,s6,G,400.0,0.208197415476051
F_1,s6,G,420.0,0.3532006508068498
F_1,s6,G,440.0,0.22588506674871905
F_1,s6,G,460.0,0.10057840062837681
F_1,s6,G,480.0,0.23800407885866892
F_1,s6,G,500.0,0.17243196045462184
F_1,s6,G,520.0,0.20690545871922195
F_1,s6,G,540.0,0.09779579170657736
F_1,s6,G,560.0,-0.038042708380557996
F_1,s6,G,580.0,-0.11604708571114243
F_1,s6,G,600.0,-0.15955138571809932
F_1,s6,G,620.0,-0.18360634482765045
F_1,s6,G,640.0,-0.13705631311659078
F_1,s6,G,660.0,-0.15687354911846288
F_1,s6,G,680.0,-0.09546530750129076
F_1,s6,G,700.0,0.05881470364683285
F_1,s6,G,720.0,0.2548923524765369
F_1,s6,G,740.0,0.24458012116993436
F_1,s6,G,760.0,-0.13263620504047102
F_1,s6,G,780.0,-0.2311317753814287
F_1,s6,G,800.0,0.08913373149613131
F_1,s6,G,820.0,0.05696716336930797
F_1,s6,G,840.0,-0.0987071230563397
F_1,s6,G,860.0,-0.0609982781036572
F_1,s6,G,880.0,-0.09797330839843561
F_1,s6,G,900.0,0.007617852644921344
F_1,s6,G,920.0,-0.1308546162706404
F_1,s6,G,940.0,-0.25610690734307723
F_1,s6,G,960.0,-0.007451738861352818
F_1,s6,G,980.0,0.06751963689976544
F_1,s6,A,0.0,-0.2171471827914265
F_1,s6,A,20.0,-0.0122067193728249
F_1,s6,A,40.0,0.010674545766766616
F_1,s6,A,60.0,0.09678809007194315
F_1,s6,A,80.0,0.21201377413525752
F_1,s6,A,100.0,0.09862560381269037
F_1,s6,A,120.0,0.05206195570237644
F_1,s6,A,140.0,0.11438063414068869
F_1,s6,A,160.0,-0.05321292843110065
F_1,s6,A,180.0,-0.09181196599548215
F_1,s6,A,200.0,0.029372664186421316
F_1,s6,A,220.0,0.247273769146862
F_1,s6,A,240.0,0.08031171756417495
F_1,s6,A,260.0,-0.07804279257726465
F_1,s6,A,280.0,0.11871143721194793
F_1,s6,A,300.0,0.15473000377645427
F_1,s6,A,320.0,0.1383851413574182
F_1,s6,A,340.0,0.12236176289014902
F_1,s6,A,360.0,0.2742945011709754
F_1,s6,A,380.0,0.20279360782076358
F_1,s6,A,400.0,0.11183822743611897
F_1,s6,A,420.0,0.11905233423497537
F_1,s6,A,440.0,0.21114263225757388
F_1,s6,A,460.0,0.25346799178726837
F_1,s6,A,480.0,0.09576572336353985
F_1,s6,A,500.0,0.14743591048938245
F_1,s6,A,520.0,0.10006770654342893
F_1,s6,A,540.0,0.14508239314088414
F_1,s6,A,560.0,0.04784512701617072
F_1,s6,A,580.0,0.26371571326570553
F_1,s6,A,600.0,0.3729561281819925
F_1,s6,A,620.0,0.4557518282045243
F_1,s6,A,640.0,0.5148689260450802
F_1,s6,A,660.0,0.4327544489278444
F_1,s6,A,680.0,0.5432290929314448
F_1,s6,A,700.0,0.5358752299998432
F_1,s6,A,720.0,0.43760140960856453
F_1,s6,A,740.0,0.2495923057030286
F_1,s6,A,760.0,0.2808587717531823
F_1,s6,A,780.0,0.4287432401621975
F_1,s6,A,800.0,0.5162173210111328
F_1,s6,A,820.0,0.6443948939780961
F_1,s6,A,840.0,0.5286960089434389
F_1,s6,A,860.0,0.5999409517895866
F_1,s6,A,880.0,0.7951860180812531
F_1,s6,A,900.0,0.63685702429837
F_1,s6,A,920.0,0.7357448636411328
F_1,s6,A,940.0,0.736364234364389
F_1,s6,A,960.0,0.7325643393682636
F_1,s6,A,980.0,0.5657723259544367
F_1,s6,I,0.0,0.25998449132888496
F_1,s6,I,20.0,0.2103977924444887
F_1,s6,I,40.0,0.01286014610577274
F_1,s6,I,60.0,-0.2178974266510907
F_1,s6,I,80.0,-0.37548596976985715
F_1,s6,I,100.0,-0.20903242048035894
F_1,s6,I,120.0,-0.2389208387525808
F_1,s6,I,140.0,-0.33145111336331434
F_1,s6,I,160.0,-0.2634123048319578
F_1,s6,I,180.0,-0.06037545261758085
F_1,s6,I,200.0,0.24699775049520378
F_1,s6,I,220.0,0.006696089997843241
F_1,s6,I,240.0,0.05861591162402489
F_1,s6,I,260.0,0.28412314178071063
F_1,s6,I,280.0,-0.10771495917907964
F_1,s6,I,300.0,-0.05147529105161541
F_1,s6,I,320.0,-0.09564202768036167
F_1,s6,I,340.0,0.05364007176074162
F_1,s6,I,360.0,0.11654631035338253
F_1,s6,I,380.0,0.12802215795992677
F_1,s6,I,400.0,0.13304735950599558
F_1,s6,I,420.0,-0.1537990770777162
F_1,s6,I,440.0,-0.16589951281208629
F_1,s6,I,460.0,0.050086780366395925
F_1,s6,I,480.0,-0.09702433134337288
F_1,s6,I,500.0,-0.3309715973122626
F_1,s6,I,520.0,-0.1878871175970191
F_1,s6,I,540.0,-0.19591260514705391
F_1,s6,I,560.0,-0.209051129265742
F_1,s6,I,580.0,-0.2744567600294029
F_1,s6,I,600.0,-0.2851695141596505
F_1,s6,I,620.0,-0.32712462854164615
F_1,s6,I,640.0,-0.5469052636376089
F_1,s6,I,660.0,-0.4284041379748885
F_1,s6,I,680.0,-0.48290799894345465
F_1,s6,I,700.0,-0.5925373939127441
F_1,s6,I,720.0,-0.6887648642140729
F_1,s6,I,740.0,-0.7835340542098412
F_1,s6,I,760.0,-0.29477998633662317
F_1,s6,I,780.0,-0.3028726124120583
F_1,s6,I,800.0,-0.6950454851365158
F_1,s6,I,820.0,-0.8407659513730625
F_1,s6,I,840.0,-0.8617606092198983
F_1,s6,I,860.0,-0.9942383313917902
F_1,s6,I,880.0,-0.9576726600123558
F_1,s6,I,900.0,-0.7126967242989913
F_1,s6,I,920.0,-0.6612726034849241
F_1,s6,I,940.0,-0.5074597424771524
F_1,s6,I,960.0,-0.3386309893573446
F_1,s6,I,980.0,-0.04164020565791374
F_2,s6,G,0.0,-0.15788072394530184
F_2,s6,G,20.0,-0.24731537380746846
F_2,s6,G,40.0,-0.014088606724390135
F_2,s6,G,60.0,0.039206301419314915
F_2,s6,G,80.0,-0.1689926326709164
F_2,s6,G,100.0,-0.17961383027380964
F_2,s6,G,120.0,0.08125071896270361
F_2,s6,G,140.0,0.06808570626943383
F_2,s6,G,160.0,-0.04126976723451858
F_2,s6,G,180.0,-0.043092031479394666
F_2,s6,G,200.0,0.05395022915716151
F_2,s6,G,220.0,0.060665607466681815
F_2,s6,G,240.0,0.009720254570177785
F_2,s6,G,260.0,-0.03361483672344032
F_2,s6,G,280.0,-0.1562703110436404
F_2,s6,G,300.0,-0.16406880178830038
F_2,s6,G,320.0,-0.1645763298879592
F_2,s6,G,340.0,0.007764921138903411
F_2,s6,G,360.0,0.15238547520119367
F_2,s6,G,380.0,0.12895343380447316
F_2,s6,G,400.0,0.19925797901353892
F_2,s6,G,420.0,0.38901779895887756
F_2,s6,G,440.0,0.24915471171670667
F_2,s6,G,460.0,0.19516921916640956
F_2,s6,G,480.0,0.2947752653794495
F_2,s6,G,500.0,0.18343198267913746
F_2,s6,G,520.0,0.19180509807889567
F_2,s6,G,540.0,-0.08691034952597436
F_2,s6,G,560.0,-0.13122328313746534
F_2,s6,G,580.0,-0.22843811900222302
F_2,s6,G,600.0,-0.40064263753572293
F_2,s6,G,620.0,-0.4340047373348115
F_2,s6,G,640.0,-0.19633195541308623
F_2,s6,G,660.0,-0.04640630674468643
F_2,s6,G,680.0,-0.050737646874361005
F_2,s6,G,700.0,0.023523168894885413
F_2,s6,G,720.0,0.18754890997955415
F_2,s6,G,740.0,0.24252559523451256
F_2,s6,G,760.0,-0.018302493342547382
F_2,s6,G,780.0,-0.10648011069919966
F_2,s6,G,800.0,0.30520611969346656
F_2,s6,G,820.0,0.26869997463147915
F_2,s6,G,840.0,0.09447482825670864
F_2,s6,G,860.0,0.05044078286022151
F_2,s6,G,880.0,-0.010718114531160394
F_2,s6,G,900.0,0.13177504034333684
F_2,s6,G,920.0,0.023248156884544676
F_2,s6,G,940.0,-0.13875552762630244
F_2,s6,G,960.0,0.020567508577418334
F_2,s6,G,980.0,0.10404419468392252
F_2,s6,A,0.0,-0.2058783490111416
F_2,s6,A,20.0,-0.22619590922484226
F_2,s6,A,40.0,-0.3280084113113385
F_2,s6,A,60.0,-0.15335078216593245
F_2,s6,A,80.0,0.11262532747313707
F_2,s6,A,100.0,-0.1630415033512536
F_2,s6,A,120.0,-0.34755974492191977
F_2,s6,A,140.0,-0.17535174542207033
F_2,s6,A,160.0,-0.16102234967219395
F_2,s6,A,180.0,-0.25819549780433176
F_2,s6,A,200.0,-0.2266044861504692
F_2,s6,A,220.0,0.06517887192636687
F_2,s6,A,240.0,0.32640711503895825
F_2,s6,A,260.0,0.21629193308304
F_2,s6,A,280.0,0.1141475183953417
F_2,s6,A,300.0,0.2579636554500451
F_2,s6,A,320.0,0.23849089321743366
F_2,s6,A,340.0,-0.09758856318848264
F_2,s6,A,360.0,0.020316303874691823
F_2,s6,A,380.0,0.21917961291776422
F_2,s6,A,400.0,0.05209322127597947
F_2,s6,A,420.0,-0.3627850116711042
F_2,s6,A,440.0,-0.35724021621183844
F_2,s6,A,460.0,-0.08003719628900395
F_2,s6,A,480.0,-0.17586681383461783
F_2,s6,A,500.0,-0.4226490221033422
F_2,s6,A,520.0,-0.45603820259674455
F_2,s6,A,540.0,-0.22022586130778463
F_2,s6,A,560.0,-0.20015585931181243
F_2,s6,A,580.0,-0.1851414055014089
F_2,s6,A,600.0,-0.32504901841596595
F_2,s6,A,620.0,-0.158768649067141
F_2,s6,A,640.0,-0.10950737994929814
F_2,s6,A,660.0,-0.36406566651884953
F_2,s6,A,680.0,-0.3040045584716935
F_2,s6,A,700.0,-0.19573245046496485
F_2,s6,A,720.0,-0.08090661704822999
F_2,s6,A,740.0,-0.24340060227559246
F_2,s6,A,760.0,-0.1677277051409709
F_2,s6,A,780.0,0.13397309881930047
F_2,s6,A,800.0,0.08144017086227401
F_2,s6,A,820.0,0.1360642151830863
F_2,s6,A,840.0,0.015652443983667746
F_2,s6,A,860.0,0.13450721803058047
F_2,s6,A,880.0,0.3255951822666668
F_2,s6,A,900.0,0.12793253603700774
F_2,s6,A,920.0,0.16047003835060594
F_2,s6,A,940.0,0.2009622524786613
F_2,s6,A,960.0,0.11472351199520231
F_2,s6,A,980.0,0.06609505586653522
F_2,s6,I,0.0,0.18429183456080947
F_2,s6,I,20.0,0.2269150889090532
F_2,s6,I,40.0,0.23838410699346396
F_2,s6,I,60.0,-0.18889456960456602
F_2,s6,I,80.0,-0.3327495935249938
F_2,s6,I,100.0,-0.16851763644950782
F_2,s6,I,120.0,-0.09303017484018614
F_2,s6,I,140.0,0.043744081601049374
F_2,s6,I,160.0,-0.0321341313143132
F_2,s6,I,180.0,-0.07776642685435364
F_2,s6,I,200.0,0.14898421283058683
F_2,s6,I,220.0,0.042732660977023856
F_2,s6,I,240.0,-0.20646943757732186
F_2,s6,I,260.0,-0.09951218270567602
F_2,s6,I,280.0,-0.09522205681378659
F_2,s6,I,300.0,-0.055646572244635054
F_2,s6,I,320.0,-0.16185162168621176
F_2,s6,I,340.0,0.02081672683773747
F_2,s6,I,360.0,0.00857057835003229
F_2,s6,I,380.0,-0.06586383460872088
F_2,s6,I,400.0,-0.03515826537476567
F_2,s6,I,420.0,0.01770157576776059
F_2,s6,I,440.0,0.279450256505138
F_2,s6,I,460.0,0.36468051298257464
F_2,s6,I,480.0,0.15551088860569856
F_2,s6,I,500.0,0.05914630269469871
F_2,s6,I,520.0,0.2296357708765194
F_2,s6,I,540.0,0.23373031516015277
F_2,s6,I,560.0,0.08252180096219874
F_2,s6,I,580.0,0.1341014459048022
F_2,s6,I,600.0,0.23304467894253464
F_2,s6,I,620.0,0.20327688537546895
F_2,s6,I,640.0,-0.01964655003459496
F_2,s6,I,660.0,0.13956805518195173
F_2,s6,I,680.0,0.1404622326772359
F_2,s6,I,700.0,0.07150384234604146
F_2,s6,I,720.0,-0.12082945275544899
F_2,s6,I,740.0,-0.3463048038994685
F_2,s6,I,760.0,-0.0696624766192721
F_2,s6,I,780.0,-0.21391839067294466
F_2,s6,I,800.0,-0.5301690252922215
F_2,s6,I,820.0,-0.6423025452927476
F_2,s6,I,840.0,-0.6399153129268932
F_2,s6,I,860.0,-0.48840128737786015
F_2,s6,I,880.0,-0.24529688123015508
F_2,s6,I,900.0,-0.1945305836686485
F_2,s6,I,920.0,-0.3651867565497567
F_2,s6,I,940.0,-0.06259896255186098
F_2,s6,I,960.0,0.3008938896907653
F_2,s6,I,980.0,0.44689211074071844
M_1,s6,G,0.0,-0.11115953600676283
M_1,s6,G,20.0,-0.1285219927140243
M_1,s6,G,40.0,0.22495457742433228
M_1,s6,G,60.0,0.11851720740102337
M_1,s6,G,80.0,-0.07763636812239783
M_1,s6,G,100.0,-0.08467204034065609
M_1,s6,G,120.0,0.36477142924019346
M_1,s6,G,140.0,0.45668001772008426
M_1,s6,G,160.0,0.2089772814548007
M_1,s6,G,180.0,0.0783180793224898
M_1,s6,G,200.0,0.21292590404420417
M_1,s6,G,220.0,0.1598018342999845
M_1,s6,G,240.0,-0.07011084939336971
M_1,s6,G,260.0,-0.10522603665923734
M_1,s6,G,280.0,-0.16401975277042014
M_1,s6,G,300.0,-0.12038182284535064
M_1,s6,G,320.0,-0.1919457482135108
M_1,s6,G,340.0,-0.10895825148863414
M_1,s6,G,360.0,0.04206004706112549
M_1,s6,G,380.0,0.05516311740789176
M_1,s6,G,400.0,0.179893808294383
M_1,s6,G,420.0,0.25061363602509534
M_1,s6,G,440.0,0.12173172337326583
M_1,s6,G,460.0,0.044603127316900665
M_1,s6,G,480.0,0.12577324391008798
M_1,s6,G,500.0,0.008905791742623057
M_1,s6,G,520.0,-0.009497691729701246
M_1,s6,G,540.0,-0.030701343069237247
M_1,s6,G,560.0,-0.1565237283693599
M_1,s6,G,580.0,-0.33497153682896513
M_1,s6,G,600.0,-0.5338631519574321
M_1,s6,G,620.0,-0.4326617840269959
M_1,s6,G,640.0,-0.19983798258419666
M_1,s6,G,660.0,-0.14505317974701304
M_1,s6,G,680.0,-0.12901053989170133
M_1,s6,G,700.0,-0.12333559936893189
M_1,s6,G,720.0,-0.07338231905367773
M_1,s6,G,740.0,0.08134142016474738
M_1,s6,G,760.0,-0.22706354332087367
M_1,s6,G,780.0,-0.3365845401563931
M_1,s6,G,800.0,-0.1565218658983965
M_1,s6,G,820.0,-0.0866716669811605
M_1,s6,G,840.0,0.06384649196138774
M_1,s6,G,860.0,0.04773395423599243
M_1,s6,G,880.0,-0.06758362486213847
M_1,s6,G,900.0,-0.010871404612686986
M_1,s6,G,920.0,-0.19323921926280685
M_1,s6,G,940.0,-0.2978886735407651
M_1,s6,G,960.0,-0.1497755480895983
M_1,s6,G,980.0,-0.036187185780663905
M_1,s6,A,0.0,-0.14874869922174966
M_1,s6,A,20.0,-0.03753409949827313
M_1,s6,A,40.0,-0.17106854159582646
M_1,s6,A,60.0,0.02409251897304808
M_1,s6,A,80.0,0.22153264000102102
M_1,s6,A,100.0,-0.003788502653761655
M_1,s6,A,120.0,-0.18615866212954738
M_1,s6,A,140.0,-0.2611022486705996
M_1,s6,A,160.0,-0.264485005550497
M_1,s6,A,180.0,-0.23930431979818773
M_1,s6,A,200.0,-0.16721716086003516
M_1,s6,A,220.0,0.0006477093545556867
M_1,s6,A,240.0,0.082384944599881
M_1,s6,A,260.0,0.03012310909119356
M_1,s6,A,280.0,-0.0018318796044118069
M_1,s6,A,300.0,0.12007809038878225
M_1,s6,A,320.0,0.1306869446941592
M_1,s6,A,340.0,-0.10064656794528887
M_1,s6,A,360.0,0.07007098697430499
M_1,s6,A,380.0,0.122038858929503
M_1,s6,A,400.0,0.06753985982103015
M_1,s6,A,420.0,-0.19869293893143777
M_1,s6,A,440.0,-0.3203756593428032
M_1,s6,A,460.0,-0.04729390322705512
M_1,s6,A,480.0,-0.09175767218012447
M_1,s6,A,500.0,-0.28694367888332994
M_1,s6,A,520.0,-0.3105092013223105
M_1,s6,A,540.0,-0.2628112324348332
M_1,s6,A,560.0,-0.3358952014777757
M_1,s6,A,580.0,-0.1726408926236691
M_1,s6,A,600.0,-0.07293847263161331
M_1,s6,A,620.0,-0.06470459000089698
M_1,s6,A,640.0,-0.1968658472822706
M_1,s6,A,660.0,-0.44951964087357105
M_1,s6,A,680.0,-0.2645459038527841
M_1,s6,A,700.0,-0.1474513003749825
M_1,s6,A,720.0,-0.09055366305031703
M_1,s6,A,740.0,-0.28472387589427084
M_1,s6,A,760.0,-0.1465335051564835
M_1,s6,A,780.0,0.17462938717472945
M_1,s6,A,800.0,0.29344376278920076
M_1,s6,A,820.0,0.34549056565146696
M_1,s6,A,840.0,0.10796102338165908
M_1,s6,A,860.0,0.05239072435873751
M_1,s6,A,880.0,0.014788392220509622
M_1,s6,A,900.0,0.03307608341821107
M_1,s6,A,920.0,0.3510945388260363
M_1,s6,A,940.0,0.3068299373636426
M_1,s6,A,960.0,0.12858173240819634
M_1,s6,A,980.0,0.06886285527907773
M_1,s6,I,0.0,0.17553087145482413
M_1,s6,I,20.0,0.20301766890308795
M_1,s6,I,40.0,0.15740507856118618
M_1,s6,I,60.0,-0.270873591785291
M_1,s6,I,80.0,-0.3713811766692475
M_1,s6,I,100.0,-0.17778998580054167
M_1,s6,I,120.0,-0.12148230088837655
M_1,s6,I,140.0,0.06589181563432739
M_1,s6,I,160.0,-0.03174214283776142
M_1,s6,I,180.0,-0.02301878206622529
M_1,s6,I,200.0,0.19232040036424364
M_1,s6,I,220.0,0.11682591059638216
M_1,s6,I,240.0,-0.10699701310367948
M_1,s6,I,260.0,-0.031790713845003316
M_1,s6,I,280.0,0.0716872454824873
M_1,s6,I,300.0,0.10194125337445212
M_1,s6,I,320.0,-0.0894672198746542
M_1,s6,I,340.0,0.1178890657280196
M_1,s6,I,360.0,0.12083392742409874
M_1,s6,I,380.0,0.07684457695721346
M_1,s6,I,400.0,0.02791947612219521
M_1,s6,I,420.0,0.055817071577496005
M_1,s6,I,440.0,0.3408129853588608
M_1,s6,I,460.0,0.4158470426868128
M_1,s6,I,480.0,0.23016579686710423
M_1,s6,I,500.0,0.2223051141655066
M_1,s6,I,520.0,0.3370938618702507
M_1,s6,I,540.0,0.3808474921502237
M_1,s6,I,560.0,0.356454982888981
M_1,s6,I,580.0,0.4176393428071887
M_1,s6,I,600.0,0.40009948991978433
M_1,s6,I,620.0,0.3320507811190787
M_1,s6,I,640.0,0.23277497126111238
M_1,s6,I,660.0,0.5241753923797533
M_1,s6,I,680.0,0.46974706613993417
M_1,s6,I,700.0,0.2904275811818462
M_1,s6,I,720.0,0.06070103081607853
M_1,s6,I,740.0,-0.12272666613750388
M_1,s6,I,760.0,0.11921323227935687
M_1,s6,I,780.0,-0.11868431980298888
M_1,s6,I,800.0,-0.4414235211949834
M_1,s6,I,820.0,-0.5027902701595213
M_1,s6,I,840.0,-0.4864260716427905
M_1,s6,I,860.0,-0.28431361043355435
M_1,s6,I,880.0,0.015566443721912071
M_1,s6,I,900.0,-0.049096348896130515
M_1,s6,I,920.0,-0.37250932182211155
M_1,s6,I,940.0,-0.0448520385491909
M_1,s6,I,960.0,0.46044836452483084
M_1,s6,I,980.0,0.6000457292960988
M_2,s6,G,0.0,-0.1900703843442195
M_2,s6,G,20.0,-0.3077747605302057
M_2,s6,G,40.0,-0.2837119908095932
M_2,s6,G,60.0,-0.11381032463641746
M_2,s6,G,80.0,-0.038544218423387955
M_2,s6,G,100.0,-0.10635615958562672
M_2,s6,G,120.0,-0.021602884164291458
M_2,s6,G,140.0,-0.05369146410517478
M_2,s6,G,160.0,-0.06521052932548808
M_2,s6,G,180.0,0.03704960170106722
M_2,s6,G,200.0,0.21688590920921277
M_2,s6,G,220.0,0.036559747032094414
M_2,s6,G,240.0,0.09762682605528974
M_2,s6,G,260.0,0.13027669790761354
M_2,s6,G,280.0,0.07859066273921511
M_2,s6,G,300.0,0.03608344738073135
M_2,s6,G,320.0,0.11282874359808046
M_2,s6,G,340.0,0.16949097465055935
M_2,s6,G,360.0,0.23192950904621057
M_2,s6,G,380.0,0.26766714714415835
M_2,s6,G,400.0,0.24571838175253197
M_2,s6,G,420.0,0.3624001409340062
M_2,s6,G,440.0,0.43023544901624355
M_2,s6,G,460.0,0.38501454901447285
M_2,s6,G,480.0,0.5736776253242114
M_2,s6,G,500.0,0.22192863893771023
M_2,s6,G,520.0,0.28555967929553594
M_2,s6,G,540.0,0.30091382523177895
M_2,s6,G,560.0,0.25945023912271425
M_2,s6,G,580.0,0.01671035407713581
M_2,s6,G,600.0,-0.22403150293753393
M_2,s6,G,620.0,-0.11965976476191903
M_2,s6,G,640.0,0.1943261672462895
M_2,s6,G,660.0,0.30413177891090615
M_2,s6,G,680.0,0.11150966145133467
M_2,s6,G,700.0,0.1676457087350597
M_2,s6,G,720.0,0.30807016990327685
M_2,s6,G,740.0,0.31136545543698535
M_2,s6,G,760.0,-0.023809529606770102
M_2,s6,G,780.0,0.014825207445739064
M_2,s6,G,800.0,0.27746508711095297
M_2,s6,G,820.0,0.21802545338709098
M_2,s6,G,840.0,-0.03409778798626807
M_2,s6,G,860.0,-0.14397908833721407
M_2,s6,G,880.0,-0.08423050173354263
M_2,s6,G,900.0,-0.026621784019446842
M_2,s6,G,920.0,-0.19852936592879733
M_2,s6,G,940.0,-0.30117190366215596
M_2,s6,G,960.0,-0.10322487261083821
M_2,s6,G,980.0,0.07563295788498806
M_2,s6,A,0.0,-0.3702070466354685
M_2,s6,A,20.0,-0.14309426043725662
M_2,s6,A,40.0,-0.008126301314720509
M_2,s6,A,60.0,0.06269108382663034
M_2,s6,A,80.0,0.15148631842317312
M_2,s6,A,100.0,-0.0831900684015423
M_2,s6,A,120.0,-0.10675760462347963
M_2,s6,A,140.0,0.02248848831246461
M_2,s6,A,160.0,0.09514741457782173
M_2,s6,A,180.0,0.034448865408194314
M_2,s6,A,200.0,0.09125248319209481
M_2,s6,A,220.0,0.16892112483660834
M_2,s6,A,240.0,0.20874116563863648
M_2,s6,A,260.0,0.29069173288289785
M_2,s6,A,280.0,0.4225482942685782
M_2,s6,A,300.0,0.4946565284988765
M_2,s6,A,320.0,0.37567078012171734
M_2,s6,A,340.0,0.15754813188953146
M_2,s6,A,360.0,0.3493847433995024
M_2,s6,A,380.0,0.4385181605628929
M_2,s6,A,400.0,0.426109481457947
M_2,s6,A,420.0,0.11630304838454739
M_2,s6,A,440.0,-0.2002705251919999
M_2,s6,A,460.0,-0.029156586483466473
M_2,s6,A,480.0,-0.02947505054053612
M_2,s6,A,500.0,-0.08311922548406409
M_2,s6,A,520.0,-0.3132016225988776
M_2,s6,A,540.0,-0.1687030736022897
M_2,s6,A,560.0,-0.12341844861335584
M_2,s6,A,580.0,0.08028197837759476
M_2,s6,A,600.0,0.050398594469315355
M_2,s6,A,620.0,0.20063558449952237
M_2,s6,A,640.0,0.11506448986784874
M_2,s6,A,660.0,-0.22076790579209993
M_2,s6,A,680.0,0.0031162835932146853
M_2,s6,A,700.0,0.12147798681706433
M_2,s6,A,720.0,0.005961794782997333
M_2,s6,A,740.0,-0.13495544809494128
M_2,s6,A,760.0,-0.06477113639143253
M_2,s6,A,780.0,0.13522972799518512
M_2,s6,A,800.0,0.27318817623467473
M_2,s6,A,820.0,0.4669563380856303
M_2,s6,A,840.0,0.485396433169206
M_2,s6,A,860.0,0.49414458340745654
M_2,s6,A,880.0,0.4096896978011424
M_2,s6,A,900.0,0.24045258830378718
M_2,s6,A,920.0,0.4657757022523381
M_2,s6,A,940.0,0.34047653962269014
M_2,s6,A,960.0,0.3578192333413798
M_2,s6,A,980.0,0.2358573750262966
M_2,s6,I,0.0,0.3382679179217474
M_2,s6,I,20.0,0.430692427255599
M_2,s6,I,40.0,0.7420431188763545
M_2,s6,I,60.0,0.2014577366727494
M_2,s6,I,80.0,-0.007619815765587082
M_2,s6,I,100.0,-0.01449161778361402
M_2,s6,I,120.0,0.209660386084247
M_2,s6,I,140.0,0.3648349703968695
M_2,s6,I,160.0,0.0526199461887816
M_2,s6,I,180.0,-0.15258151630634537
M_2,s6,I,200.0,-0.10664043994030575
M_2,s6,I,220.0,-0.05861674060111788
M_2,s6,I,240.0,-0.5403247719007402
M_2,s6,I,260.0,-0.5178231907065045
M_2,s6,I,280.0,-0.24836319639843774
M_2,s6,I,300.0,-0.20694363393119034
M_2,s6,I,320.0,-0.6974057537239737
M_2,s6,I,340.0,-0.5039036903294167
M_2,s6,I,360.0,-0.3340581860877284
M_2,s6,I,380.0,-0.29540108238869167
M_2,s6,I,400.0,-0.327183052513714
M_2,s6,I,420.0,-0.11253538374844968
M_2,s6,I,440.0,-0.04438970364364328
M_2,s6,I,460.0,0.3237210595875602
M_2,s6,I,480.0,0.11992228511025149
M_2,s6,I,500.0,0.02232399127481293
M_2,s6,I,520.0,0.25732267159092925
M_2,s6,I,540.0,0.25488675934804905
M_2,s6,I,560.0,-0.07516821796227663
M_2,s6,I,580.0,0.08168362776439358
M_2,s6,I,600.0,0.26750086818789137
M_2,s6,I,620.0,0.02751406282971447
M_2,s6,I,640.0,-0.1038380885563747
M_2,s6,I,660.0,0.22717740069799447
M_2,s6,I,680.0,0.16489023180030293
M_2,s6,I,700.0,-0.06828404860688553
M_2,s6,I,720.0,-0.08175959347952477
M_2,s6,I,740.0,-0.18318965393557785
M_2,s6,I,760.0,-0.022081992785904836
M_2,s6,I,780.0,-0.30543034269076397
M_2,s6,I,800.0,-0.4627058291185321
M_2,s6,I,820.0,-0.6564149159273389
M_2,s6,I,840.0,-0.7054432180522612
M_2,s6,I,860.0,-0.4025058891919805
M_2,s6,I,880.0,-0.13778716270201652
M_2,s6,I,900.0,0.06793698999696529
M_2,s6,I,920.0,-0.003727097666537782
M_2,s6,I,940.0,0.18271485280460587
M_2,s6,I,960.0,0.28172591604606567
M_2,s6,I,980.0,0.6730489918913886
F_1,s7,G,0.0,-0.31659458995494894
F_1,s7,G,20.0,-0.15274534054683417
F_1,s7,G,40.0,-0.1244811623082814
F_1,s7,G,60.0,-0.29585660108268164
F_1,s7,G,80.0,-0.37266376275637003
F_1,s7,G,100.0,-0.3079415579878996
F_1,s7,G,120.0,-0.2858840412746745
F_1,s7,G,140.0,-0.539480962449981
F_1,s7,G,160.0,-0.854774745607767
F_1,s7,G,180.0,-0.8723344950415506
F_1,s7,G,200.0,-0.5541159677426414
F_1,s7,G,220.0,-0.18656851019045606
F_1,s7,G,240.0,-0.0071632447111542805
F_1,s7,G,260.0,-0.1806000559315613
F_1,s7,G,280.0,-0.3957451463362228
F_1,s7,G,300.0,-0.40999573702052505
F_1,s7,G,320.0,-0.44399238473643554
F_1,s7,G,340.0,-0.2217167553117203
F_1,s7,G,360.0,-0.10069046262185827
F_1,s7,G,380.0,-0.1443379906507531
F_1,s7,G,400.0,-0.09835950564693235
F_1,s7,G,420.0,-0.05616860988981831
F_1,s7,G,440.0,-0.033339530659002914
F_1,s7,G,460.0,-0.1669603072534231
F_1,s7,G,480.0,0.051582375231889244
F_1,s7,G,500.0,0.06496318267401607
F_1,s7,G,520.0,0.09003778847336884
F_1,s7,G,540.0,0.08571901641743811
F_1,s7,G,560.0,0.11544447855098725
F_1,s7,G,580.0,0.21336765811294933
F_1,s7,G,600.0,0.1045049867833864
F_1,s7,G,620.0,0.05861412173713337
F_1,s7,G,640.0,0.1578742504989871
F_1,s7,G,660.0,0.29146962558450523
F_1,s7,G,680.0,0.33268085671398373
F_1,s7,G,700.0,0.3720739591824843
F_1,s7,G,720.0,0.4437956246319831
F_1,s7,G,740.0,0.5388549216086443
F_1,s7,G,760.0,0.4966235888513202
F_1,s7,G,780.0,0.6131253834972992
F_1,s7,G,800.0,0.4340112088557123
F_1,s7,G,820.0,0.25869975062513895
F_1,s7,G,840.0,0.2705996639350806
F_1,s7,G,860.0,0.27518687808477077
F_1,s7,G,880.0,0.3898067508946174
F_1,s7,G,900.0,0.16597630542373742
F_1,s7,G,920.0,-0.05655945583125886
F_1,s7,G,940.0,-0.23350322816215469
F_1,s7,G,960.0,-0.1732714636995287
F_1,s7,G,980.0,-0.03945129922192997
F_1,s7,A,0.0,-0.1258015316303271
F_1,s7,A,20.0,0.07144552395782766
F_1,s7,A,40.0,0.2927495515100233
F_1,s7,A,60.0,0.20581489093872962
F_1,s7,A,80.0,-0.06696169640449948
F_1,s7,A,100.0,-0.03415728484251837
F_1,s7,A,120.0,-0.2006274755788936
F_1,s7,A,140.0,-0.6744711701583681
F_1,s7,A,160.0,-1.0578849016765577
F_1,s7,A,180.0,-1.8259458999615255
F_1,s7,A,200.0,-2.2249549055413924
F_1,s7,A,220.0,-2.027639888174435
F_1,s7,A,240.0,-1.6032865322041847
F_1,s7,A,260.0,-1.3519038958424938
F_1,s7,A,280.0,-1.494649029961108
F_1,s7,A,300.0,-1.3067041772784171
F_1,s7,A,320.0,-1.14247641540982
F_1,s7,A,340.0,-1.1810573680993808
F_1,s7,A,360.0,-0.9692560004090567
F_1,s7,A,380.0,-1.179159922504692
F_1,s7,A,400.0,-1.0226624079015176
F_1,s7,A,420.0,-0.5679279703102122
F_1,s7,A,440.0,-0.3687990045221021
F_1,s7,A,460.0,-0.31150942656197383
F_1,s7,A,480.0,-0.20604169880205103
F_1,s7,A,500.0,-0.12061630977054252
F_1,s7,A,520.0,-0.30871316945386484
F_1,s7,A,540.0,-0.7838619796307345
F_1,s7,A,560.0,-0.5667059744885056
F_1,s7,A,580.0,-0.5810473800020858
F_1,s7,A,600.0,-0.3948561328288172
F_1,s7,A,620.0,-0.3032467757053453
F_1,s7,A,640.0,-0.5557758751079953
F_1,s7,A,660.0,-0.5069968974717267
F_1,s7,A,680.0,-0.36786051698446415
F_1,s7,A,700.0,-0.5271488823074679
F_1,s7,A,720.0,-0.5861312154620693
F_1,s7,A,740.0,-0.5549424028069927
F_1,s7,A,760.0,-0.6576904878887231
F_1,s7,A,780.0,-0.8343557709050868
F_1,s7,A,800.0,-0.8926277871751683
F_1,s7,A,820.0,-0.751917003718692
F_1,s7,A,840.0,-0.4757207766773195
F_1,s7,A,860.0,-0.512512494459268
F_1,s7,A,880.0,-0.5836318663932293
F_1,s7,A,900.0,-0.6062104655104359
F_1,s7,A,920.0,-0.6249510380710146
F_1,s7,A,940.0,-0.46142696421580043
F_1,s7,A,960.0,-0.3909910329219197
F_1,s7,A,980.0,-0.33167340624646224
F_1,s7,I,0.0,0.5952529894695326
F_1,s7,I,20.0,0.6296502153543401
F_1,s7,I,40.0,0.39655470618348504
F_1,s7,I,60.0,0.7654973935569902
F_1,s7,I,80.0,0.920923048502285
F_1,s7,I,100.0,0.7342473592287271
F_1,s7,I,120.0,1.0214302499899455
F_1,s7,I,140.0,1.8768271667304546
F_1,s7,I,160.0,2.224701116675768
F_1,s7,I,180.0,2.6831788971922124
F_1,s7,I,200.0,2.8404044038239267
F_1,s7,I,220.0,2.587339430939426
F_1,s7,I,240.0,2.1831606641401455
F_1,s7,I,260.0,2.2230762052138164
F_1,s7,I,280.0,2.4564379608556504
F_1,s7,I,300.0,2.0211628545766547
F_1,s7,I,320.0,1.277282656525822
F_1,s7,I,340.0,0.9668245615315916
F_1,s7,I,360.0,0.9516634072058203
F_1,s7,I,380.0,0.9561772725924378
F_1,s7,I,400.0,0.4227729348321424
F_1,s7,I,420.0,0.16895821731675864
F_1,s7,I,440.0,0.2020075389769991
F_1,s7,I,460.0,0.33434237700405545
F_1,s7,I,480.0,-0.10777091986947529
F_1,s7,I,500.0,-0.38489566489556126
F_1,s7,I,520.0,0.17020365374135082
F_1,s7,I,540.0,0.8252000162820182
F_1,s7,I,560.0,0.5616989830790015
F_1,s7,I,580.0,0.2069716943002473
F_1,s7,I,600.0,0.2772976661181862
F_1,s7,I,620.0,0.3870684092835
F_1,s7,I,640.0,0.6333790013211131
F_1,s7,I,660.0,0.4822329093461705
F_1,s7,I,680.0,0.21521472040539427
F_1,s7,I,700.0,0.5005920480368379
F_1,s7,I,720.0,0.33877116135009055
F_1,s7,I,740.0,0.27588618890692446
F_1,s7,I,760.0,0.3556565223612819
F_1,s7,I,780.0,0.5159031144991257
F_1,s7,I,800.0,0.6064720211099023
F_1,s7,I,820.0,0.5823455446918092
F_1,s7,I,840.0,0.3595865422241174
F_1,s7,I,860.0,0.5562224666295881
F_1,s7,I,880.0,0.6791024408625606
F_1,s7,I,900.0,0.9877535658474526
F_1,s7,I,920.0,1.031739932526977
F_1,s7,I,940.0,0.6177785299096538
F_1,s7,I,960.0,0.43284546253358286
F_1,s7,I,980.0,0.2648446110874403
F_2,s7,G,0.0,-0.4830716159013164
F_2,s7,G,20.0,-0.47551939114473296
F_2,s7,G,40.0,-0.32256857203772865
F_2,s7,G,60.0,-0.13491633077450954
F_2,s7,G,80.0,-0.16737800226965793
F_2,s7,G,100.0,-0.22521608070737403
F_2,s7,G,120.0,-0.24933131922373203
F_2,s7,G,140.0,-0.4032040622533427
F_2,s7,G,160.0,-0.5825592256089291
F_2,s7,G,180.0,-0.4988146982694055
F_2,s7,G,200.0,-0.2977584750819017
F_2,s7,G,220.0,-0.11846224107042858
F_2,s7,G,240.0,-0.00937850125317341
F_2,s7,G,260.0,-0.061438803410969245
F_2,s7,G,280.0,-0.34470180761750135
F_2,s7,G,300.0,-0.47852502160689764
F_2,s7,G,320.0,-0.5282397567498
F_2,s7,G,340.0,-0.3829289722921597
F_2,s7,G,360.0,-0.2034904424270228
F_2,s7,G,380.0,-0.3344741876338779
F_2,s7,G,400.0,-0.2303142688367843
F_2,s7,G,420.0,-0.17489469326007973
F_2,s7,G,440.0,-0.10653485910364127
F_2,s7,G,460.0,-0.11342390218893296
F_2,s7,G,480.0,0.08258386979082842
F_2,s7,G,500.0,0.06687818206648649
F_2,s7,G,520.0,0.04443518881140915
F_2,s7,G,540.0,0.3706508104862401
F_2,s7,G,560.0,0.41222857465864354
F_2,s7,G,580.0,0.21575402641530517
F_2,s7,G,600.0,-0.052850771057889046
F_2,s7,G,620.0,-0.004650199917375392
F_2,s7,G,640.0,0.17606142811926578
F_2,s7,G,660.0,0.2429336511231666
F_2,s7,G,680.0,0.08088551905654837
F_2,s7,G,700.0,-0.041384602749865246
F_2,s7,G,720.0,-0.08541283084590853
F_2,s7,G,740.0,-0.09235559527111399
F_2,s7,G,760.0,-0.1596200294712457
F_2,s7,G,780.0,-0.01377776910662959
F_2,s7,G,800.0,-0.19479265707158017
F_2,s7,G,820.0,-0.2878020704261744
F_2,s7,G,840.0,-0.26842423024113166
F_2,s7,G,860.0,-0.4127244703159433
F_2,s7,G,880.0,-0.36291682741312814
F_2,s7,G,900.0,-0.5696331308491798
F_2,s7,G,920.0,-0.7293317922261395
F_2,s7,G,940.0,-0.8693757937822473
F_2,s7,G,960.0,-0.7929127455906194
F_2,s7,G,980.0,-0.7212776036178391
F_2,s7,A,0.0,-0.1931551004447742
F_2,s7,A,20.0,-0.2056575572823739
F_2,s7,A,40.0,0.10067112114067087
F_2,s7,A,60.0,0.2621105854733874
F_2,s7,A,80.0,0.18879176030622066
F_2,s7,A,100.0,0.09238653776955068
F_2,s7,A,120.0,-0.1204482058753192
F_2,s7,A,140.0,-0.5945250350058715
F_2,s7,A,160.0,-0.9362809332528343
F_2,s7,A,180.0,-1.4459659190103114
F_2,s7,A,200.0,-1.5846971144343107
F_2,s7,A,220.0,-1.4537503864127355
F_2,s7,A,240.0,-1.0990573806901165
F_2,s7,A,260.0,-0.950462611052362
F_2,s7,A,280.0,-1.0108311947488868
F_2,s7,A,300.0,-0.9418517865857562
F_2,s7,A,320.0,-0.8717509682530862
F_2,s7,A,340.0,-0.7951428063104524
F_2,s7,A,360.0,-0.5435685538007139
F_2,s7,A,380.0,-0.6213309515144276
F_2,s7,A,400.0,-0.4715623613596468
F_2,s7,A,420.0,-0.3110154251643671
F_2,s7,A,440.0,-0.3890967089855583
F_2,s7,A,460.0,-0.3942159826044237
F_2,s7,A,480.0,-0.19431717552131794
F_2,s7,A,500.0,-0.033435291193047834
F_2,s7,A,520.0,-0.21737356801851282
F_2,s7,A,540.0,-0.5916941029326305
F_2,s7,A,560.0,-0.3714044525540351
F_2,s7,A,580.0,-0.26673422255269136
F_2,s7,A,600.0,-0.16957876641410974
F_2,s7,A,620.0,-0.3359555492214455
F_2,s7,A,640.0,-0.3018150126618251
F_2,s7,A,660.0,-0.08630675118932893
F_2,s7,A,680.0,-0.15288901086549256
F_2,s7,A,700.0,-0.31791773810402363
F_2,s7,A,720.0,-0.26597455057981934
F_2,s7,A,740.0,-0.1889180981303548
F_2,s7,A,760.0,-0.34733419141639654
F_2,s7,A,780.0,-0.579207665178284
F_2,s7,A,800.0,-0.5302949405220982
F_2,s7,A,820.0,-0.40835766508255733
F_2,s7,A,840.0,-0.08256595936253214
F_2,s7,A,860.0,0.13970171626899658
F_2,s7,A,880.0,0.1002926186114986
F_2,s7,A,900.0,0.12502903021705625
F_2,s7,A,920.0,0.04594691184808715
F_2,s7,A,940.0,0.11319940739037279
F_2,s7,A,960.0,0.04274091772030145
F_2,s7,A,980.0,0.049813314312279644
F_2,s7,I,0.0,0.3560824945878889
F_2,s7,I,20.0,0.207295767746826
F_2,s7,I,40.0,-0.04972002684254308
F_2,s7,I,60.0,0.15088096564423914
F_2,s7,I,80.0,0.24289565080974965
F_2,s7,I,100.0,0.13775811291364926
F_2,s7,I,120.0,0.6923988210372578
F_2,s7,I,140.0,1.7860984249927894
F_2,s7,I,160.0,2.279677740595228
F_2,s7,I,180.0,2.654950871476051
F_2,s7,I,200.0,2.8283219293755097
F_2,s7,I,220.0,2.7801704013277035
F_2,s7,I,240.0,2.506032773431485
F_2,s7,I,260.0,2.414200416827025
F_2,s7,I,280.0,2.47362243378797
F_2,s7,I,300.0,2.138313899263883
F_2,s7,I,320.0,1.5531613344024349
F_2,s7,I,340.0,1.2449772068360716
F_2,s7,I,360.0,1.0059846833558959
F_2,s7,I,380.0,0.6956952909757492
F_2,s7,I,400.0,0.31337957716740933
F_2,s7,I,420.0,0.3331319270050873
F_2,s7,I,440.0,0.6552440800201107
F_2,s7,I,460.0,0.7536175530402128
F_2,s7,I,480.0,0.17207654892438262
F_2,s7,I,500.0,-0.03123621045917857
F_2,s7,I,520.0,0.4967822639903188
F_2,s7,I,540.0,0.9053729260610329
F_2,s7,I,560.0,0.587629622728248
F_2,s7,I,580.0,0.24093086953536205
F_2,s7,I,600.0,0.2953229545529659
F_2,s7,I,620.0,0.48272448390097933
F_2,s7,I,640.0,0.32110083327853506
F_2,s7,I,660.0,0.03811477492327929
F_2,s7,I,680.0,0.08367976027283927
F_2,s7,I,700.0,0.2592849343014498
F_2,s7,I,720.0,0.111591887834193
F_2,s7,I,740.0,-0.03451807791420847
F_2,s7,I,760.0,-0.15470033028736907
F_2,s7,I,780.0,-0.10839092774594261
F_2,s7,I,800.0,0.011166242822888361
F_2,s7,I,820.0,0.1359046142132846
F_2,s7,I,840.0,-0.028941652851861732
F_2,s7,I,860.0,0.06273234316235199
F_2,s7,I,880.0,0.2500728089253581
F_2,s7,I,900.0,0.5166808233807774
F_2,s7,I,920.0,0.4812421181719311
F_2,s7,I,940.0,0.03355855756347331
F_2,s7,I,960.0,-0.018759413304467953
F_2,s7,I,980.0,0.03705778157165507
M_1,s7,G,0.0,-0.6485183716220587
M_1,s7,G,20.0,-0.5584647107822424
M_1,s7,G,40.0,-0.524415181217945
M_1,s7,G,60.0,-0.48877619258988636
M_1,s7,G,80.0,-0.48899630097772967
M_1,s7,G,100.0,-0.4240431385184833
M_1,s7,G,120.0,-0.15080922102918087
M_1,s7,G,140.0,-0.20319101385531219
M_1,s7,G,160.0,-0.34507761756093547
M_1,s7,G,180.0,-0.35256908277142407
M_1,s7,G,200.0,-0.30079341058653186
M_1,s7,G,220.0,-0.24512672280618908
M_1,s7,G,240.0,-0.18402090525516596
M_1,s7,G,260.0,-0.5403570996961026
M_1,s7,G,280.0,-0.980008409529924
M_1,s7,G,300.0,-1.1401102999894688
M_1,s7,G,320.0,-0.984856045809676
M_1,s7,G,340.0,-0.54429505809295
M_1,s7,G,360.0,-0.37416909080988225
M_1,s7,G,380.0,-0.48815231404019754
M_1,s7,G,400.0,-0.41819785722902914
M_1,s7,G,420.0,-0.31872356651776285
M_1,s7,G,440.0,-0.282503252452059
M_1,s7,G,460.0,-0.3021096278498956
M_1,s7,G,480.0,0.02379302037871614
M_1,s7,G,500.0,0.0412938853698806
M_1,s7,G,520.0,0.20934039992388345
M_1,s7,G,540.0,0.39165304640120524
M_1,s7,G,560.0,0.321483087891494
M_1,s7,G,580.0,0.2187499268718242
M_1,s7,G,600.0,0.04690376820153966
M_1,s7,G,620.0,-0.16727231583298588
M_1,s7,G,640.0,0.11082864179656031
M_1,s7,G,660.0,0.35496481119361484
M_1,s7,G,680.0,0.2417446347919042
M_1,s7,G,700.0,0.13794926617368897
M_1,s7,G,720.0,0.21834785986874944
M_1,s7,G,740.0,0.28216085643511285
M_1,s7,G,760.0,0.3872306608789098
M_1,s7,G,780.0,0.5215170047588281
M_1,s7,G,800.0,0.3362652093457343
M_1,s7,G,820.0,0.18313846418589028
M_1,s7,G,840.0,0.14866387594675823
M_1,s7,G,860.0,0.12472359858206997
M_1,s7,G,880.0,0.15203078515120252
M_1,s7,G,900.0,-0.22107551671189296
M_1,s7,G,920.0,-0.49045471834817245
M_1,s7,G,940.0,-0.5934419425473366
M_1,s7,G,960.0,-0.6569380095164079
M_1,s7,G,980.0,-0.6120315048570252
M_1,s7,A,0.0,0.23844072082923257
M_1,s7,A,20.0,0.3862096126764072
M_1,s7,A,40.0,0.6923658955240515
M_1,s7,A,60.0,0.8560818398300144
M_1,s7,A,80.0,0.763721532554018
M_1,s7,A,100.0,0.5900032975563143
M_1,s7,A,120.0,0.12073532981351204
M_1,s7,A,140.0,-0.4317484029859066
M_1,s7,A,160.0,-0.8190025560242371
M_1,s7,A,180.0,-1.4471303463154834
M_1,s7,A,200.0,-1.8044417586759216
M_1,s7,A,220.0,-1.8896468746179647
M_1,s7,A,240.0,-1.6350523968827204
M_1,s7,A,260.0,-1.2381177308559994
M_1,s7,A,280.0,-1.0901397160009436
M_1,s7,A,300.0,-0.8304261176431815
M_1,s7,A,320.0,-0.7659707848376824
M_1,s7,A,340.0,-0.9543602888057582
M_1,s7,A,360.0,-0.6830167715567352
M_1,s7,A,380.0,-0.6007113129284816
M_1,s7,A,400.0,-0.5118981390968089
M_1,s7,A,420.0,-0.281483750098923
M_1,s7,A,440.0,-0.4635964898680778
M_1,s7,A,460.0,-0.5599585104639181
M_1,s7,A,480.0,-0.29942802619830905
M_1,s7,A,500.0,-0.20574965370687093
M_1,s7,A,520.0,-0.38283042620773977
M_1,s7,A,540.0,-0.5272095456788043
M_1,s7,A,560.0,-0.2915570609981808
M_1,s7,A,580.0,-0.22555781939388184
M_1,s7,A,600.0,-0.12884137787108665
M_1,s7,A,620.0,-0.1503946460360832
M_1,s7,A,640.0,-0.1402734981392182
M_1,s7,A,660.0,0.009229205026022202
M_1,s7,A,680.0,-0.007691999423449364
M_1,s7,A,700.0,-0.19377383542065935
M_1,s7,A,720.0,-0.21394287604010317
M_1,s7,A,740.0,-0.07005290396693736
M_1,s7,A,760.0,-0.10017047187754957
M_1,s7,A,780.0,-0.28815616939246513
M_1,s7,A,800.0,-0.3503929033068939
M_1,s7,A,820.0,-0.24881309574947977
M_1,s7,A,840.0,0.07583217361431777
M_1,s7,A,860.0,0.18533537151690077
M_1,s7,A,880.0,-0.004847167976285732
M_1,s7,A,900.0,0.02455283175361983
M_1,s7,A,920.0,0.06395501377019674
M_1,s7,A,940.0,0.2829737148136003
M_1,s7,A,960.0,0.3603117322089117
M_1,s7,A,980.0,0.20619708539921996
M_1,s7,I,0.0,-0.1885504670216457
M_1,s7,I,20.0,-0.25671904789692884
M_1,s7,I,40.0,-0.43494994546557997
M_1,s7,I,60.0,-0.19512570108408067
M_1,s7,I,80.0,-0.14574846056969337
M_1,s7,I,100.0,-0.23346938059889946
M_1,s7,I,120.0,0.303661821908993
M_1,s7,I,140.0,1.3078606110704853
M_1,s7,I,160.0,1.764633159224373
M_1,s7,I,180.0,2.26437063025343
M_1,s7,I,200.0,2.708147381920816
M_1,s7,I,220.0,2.9324133407983375
M_1,s7,I,240.0,2.727616424805321
M_1,s7,I,260.0,2.5379072860916643
M_1,s7,I,280.0,2.4659455467533062
M_1,s7,I,300.0,2.1019452518553137
M_1,s7,I,320.0,1.5336545216891642
M_1,s7,I,340.0,1.3133188250421701
M_1,s7,I,360.0,1.0753325926260118
M_1,s7,I,380.0,0.6029127074592735
M_1,s7,I,400.0,0.267750479131354
M_1,s7,I,420.0,0.24645455998570098
M_1,s7,I,440.0,0.5327755284720705
M_1,s7,I,460.0,0.7391731109861763
M_1,s7,I,480.0,0.27802491193592815
M_1,s7,I,500.0,0.139672292503007
M_1,s7,I,520.0,0.6126902450235463
M_1,s7,I,540.0,0.9207533458654784
M_1,s7,I,560.0,0.5183143269461047
M_1,s7,I,580.0,0.15529214464844168
M_1,s7,I,600.0,0.2733167260178109
M_1,s7,I,620.0,0.4019750590130019
M_1,s7,I,640.0,0.3142288403236751
M_1,s7,I,660.0,0.11151532938209091
M_1,s7,I,680.0,0.09506675844150278
M_1,s7,I,700.0,0.26885478237321264
M_1,s7,I,720.0,0.13200541985057904
M_1,s7,I,740.0,-0.1242188772129183
M_1,s7,I,760.0,-0.3144169628354947
M_1,s7,I,780.0,-0.19199504465465278
M_1,s7,I,800.0,0.012341583197758854
M_1,s7,I,820.0,0.1582987576697603
M_1,s7,I,840.0,-0.05576153359363062
M_1,s7,I,860.0,-0.01759323096695642
M_1,s7,I,880.0,0.23279707036852956
M_1,s7,I,900.0,0.4815822553785141
M_1,s7,I,920.0,0.4455471025005219
M_1,s7,I,940.0,-0.10387472339593182
M_1,s7,I,960.0,-0.32041691727177607
M_1,s7,I,980.0,-0.26113426764830694
M_2,s7,G,0.0,-0.08355423581188516
M_2,s7,G,20.0,-0.0811922794750266
M_2,s7,G,40.0,-0.32788743674727566
M_2,s7,G,60.0,-0.44701293806177583
M_2,s7,G,80.0,-0.38254759695223695
M_2,s7,G,100.0,-0.5156232113639526
M_2,s7,G,120.0,-0.8785438126582299
M_2,s7,G,140.0,-1.2882702348892427
M_2,s7,G,160.0,-1.4565882907743735
M_2,s7,G,180.0,-1.3822057073547411
M_2,s7,G,200.0,-1.1328471188986984
M_2,s7,G,220.0,-0.8890880246090841
M_2,s7,G,240.0,-0.544237567632728
M_2,s7,G,260.0,-0.3995996763746754
M_2,s7,G,280.0,-0.5209933394462297
M_2,s7,G,300.0,-0.5008623460476985
M_2,s7,G,320.0,-0.43758598422050227
M_2,s7,G,340.0,-0.3211669155100203
M_2,s7,G,360.0,-0.2470546140987352
M_2,s7,G,380.0,-0.1318766967139599
M_2,s7,G,400.0,-0.0955189725467398
M_2,s7,G,420.0,-0.07423118642147317
M_2,s7,G,440.0,-0.059217767935810454
M_2,s7,G,460.0,-0.27050360976453036
M_2,s7,G,480.0,-0.31971955810578634
M_2,s7,G,500.0,-0.33718460392775673
M_2,s7,G,520.0,-0.22054698118661883
M_2,s7,G,540.0,-0.1737817030042973
M_2,s7,G,560.0,-0.177346560954833
M_2,s7,G,580.0,-0.18845626252288455
M_2,s7,G,600.0,-0.3561613233965615
M_2,s7,G,620.0,-0.33892741607695254
M_2,s7,G,640.0,-0.3165703946864721
M_2,s7,G,660.0,-0.18428497889603757
M_2,s7,G,680.0,-0.13742399203182593
M_2,s7,G,700.0,-0.1390432723385293
M_2,s7,G,720.0,-0.17490693616888442
M_2,s7,G,740.0,-0.14253633579440927
M_2,s7,G,760.0,-0.24207397199712527
M_2,s7,G,780.0,-0.22338135105439175
M_2,s7,G,800.0,-0.3585924971082977
M_2,s7,G,820.0,-0.5317035010826696
M_2,s7,G,840.0,-0.39865717661023076
M_2,s7,G,860.0,-0.25818722801660143
M_2,s7,G,880.0,-0.1480691967304912
M_2,s7,G,900.0,-0.2530799994076076
M_2,s7,G,920.0,-0.3451996292392968
M_2,s7,G,940.0,-0.3907786901131732
M_2,s7,G,960.0,-0.3396724970277678
M_2,s7,G,980.0,-0.2442283337450423
M_2,s7,A,0.0,-0.360499122067904
M_2,s7,A,20.0,-0.1312365565975087
M_2,s7,A,40.0,0.2660970482205072
M_2,s7,A,60.0,0.5721024428854922
M_2,s7,A,80.0,0.43191579212171993
M_2,s7,A,100.0,0.24993837513960176
M_2,s7,A,120.0,-0.08209731676747904
M_2,s7,A,140.0,-0.7572490643276284
M_2,s7,A,160.0,-1.2232428404769893
M_2,s7,A,180.0,-1.6244837836530945
M_2,s7,A,200.0,-1.6343067118573278
M_2,s7,A,220.0,-1.3233020504231219
M_2,s7,A,240.0,-1.0401776187196448
M_2,s7,A,260.0,-0.9363686351430345
M_2,s7,A,280.0,-1.0558550073483013
M_2,s7,A,300.0,-0.9927900880706165
M_2,s7,A,320.0,-1.1811945655318512
M_2,s7,A,340.0,-1.0684645572592655
M_2,s7,A,360.0,-0.7522581023255035
M_2,s7,A,380.0,-0.9245270978989603
M_2,s7,A,400.0,-0.6269843040689321
M_2,s7,A,420.0,-0.4849003225159777
M_2,s7,A,440.0,-0.5523041087893764
M_2,s7,A,460.0,-0.4514043467797106
M_2,s7,A,480.0,0.08016960361058578
M_2,s7,A,500.0,0.216745072575048
M_2,s7,A,520.0,-0.17525178662783775
M_2,s7,A,540.0,-0.4641840637819993
M_2,s7,A,560.0,-0.06663200043558362
M_2,s7,A,580.0,-0.09890151979687156
M_2,s7,A,600.0,-0.12727223629385048
M_2,s7,A,620.0,-0.18949803380952268
M_2,s7,A,640.0,0.007497293156269097
M_2,s7,A,660.0,0.2918034992989254
M_2,s7,A,680.0,-0.00045009201357959494
M_2,s7,A,700.0,-0.2360538695342398
M_2,s7,A,720.0,-0.05640751628445049
M_2,s7,A,740.0,0.02588915807522121
M_2,s7,A,760.0,0.030059596536651995
M_2,s7,A,780.0,-0.08898253484300855
M_2,s7,A,800.0,-0.0758345288046568
M_2,s7,A,820.0,-0.12183952276685238
M_2,s7,A,840.0,-0.0634514318794801
M_2,s7,A,860.0,-0.04928606568631656
M_2,s7,A,880.0,-0.09376297591039884
M_2,s7,A,900.0,-0.018030088955369505
M_2,s7,A,920.0,0.013435288859319272
M_2,s7,A,940.0,0.036715618151889756
M_2,s7,A,960.0,-0.13452519488787476
M_2,s7,A,980.0,-0.2657689526977587
M_2,s7,I,0.0,-0.2740071254981369
M_2,s7,I,20.0,-0.5002457478022341
M_2,s7,I,40.0,-0.40926227620851896
M_2,s7,I,60.0,-0.02430401036718549
M_2,s7,I,80.0,0.0017796078455995235
M_2,s7,I,100.0,-0.021712567696264395
M_2,s7,I,120.0,1.1616193138446513
M_2,s7,I,140.0,2.906434307619275
M_2,s7,I,160.0,3.5203248962347504
M_2,s7,I,180.0,3.837133297133219
M_2,s7,I,200.0,4.007938267237619
M_2,s7,I,220.0,3.9167805336846087
M_2,s7,I,240.0,3.4251395747925892
M_2,s7,I,260.0,3.1099539797934868
M_2,s7,I,280.0,2.8865769514028017
M_2,s7,I,300.0,2.550459128571796
M_2,s7,I,320.0,2.2309666328399507
M_2,s7,I,340.0,1.9073726142581489
M_2,s7,I,360.0,1.299754629450753
M_2,s7,I,380.0,0.52328077165821
M_2,s7,I,400.0,0.2337600591901974
M_2,s7,I,420.0,0.23657033122878263
M_2,s7,I,440.0,0.43691998058229564
M_2,s7,I,460.0,0.6634752456979087
M_2,s7,I,480.0,0.7925062645437964
M_2,s7,I,500.0,0.7724997186363596
M_2,s7,I,520.0,0.8275531710775772
M_2,s7,I,540.0,1.5847168887596546
M_2,s7,I,560.0,1.2491126929882053
M_2,s7,I,580.0,0.590201755310953
M_2,s7,I,600.0,1.0533817446591491
M_2,s7,I,620.0,1.1455396838806031
M_2,s7,I,640.0,0.552095469000483
M_2,s7,I,660.0,0.0865553140009783
M_2,s7,I,680.0,0.33908504718759563
M_2,s7,I,700.0,0.42162135792839117
M_2,s7,I,720.0,0.21127857690877394
M_2,s7,I,740.0,-0.026814896552460388
M_2,s7,I,760.0,-0.0688302101592484
M_2,s7,I,780.0,0.0650623552497156
M_2,s7,I,800.0,0.3358183559313497
M_2,s7,I,820.0,0.6091541232954673
M_2,s7,I,840.0,0.4273077925055894
M_2,s7,I,860.0,0.32970040574993414
M_2,s7,I,880.0,0.515210682826263
M_2,s7,I,900.0,0.7143719699220594
M_2,s7,I,920.0,0.17344422078046318
M_2,s7,I,940.0,-0.40880687123070925
M_2,s7,I,960.0,-0.40261028106956914
M_2,s7,I,980.0,-0.24609059188640398
F_1,s8,G,0.0,0.137810520038173
F_1,s8,G,20.0,0.03628966015341922
F_1,s8,G,40.0,-0.007590560269534242
F_1,s8,G,60.0,-0.051336540702705186
F_1,s8,G,80.0,-0.0185203697271066
F_1,s8,G,100.0,0.06446708296636257
F_1,s8,G,120.0,0.0389626526431851
F_1,s8,G,140.0,-0.0015623417754103835
F_1,s8,G,160.0,-0.045804232879694526
F_1,s8,G,180.0,-0.0694834491172725
F_1,s8,G,200.0,-0.17582331083952532
F_1,s8,G,220.0,-0.17050189065972554
F_1,s8,G,240.0,-0.12856956455717478
F_1,s8,G,260.0,-0.14101291371469557
F_1,s8,G,280.0,-0.12487184046526877
F_1,s8,G,300.0,0.01710206692064562
F_1,s8,G,320.0,-0.0023492411421466887
F_1,s8,G,340.0,-0.09328473496873183
F_1,s8,G,360.0,0.010241703934512496
F_1,s8,G,380.0,-0.0053842961783437115
F_1,s8,G,400.0,0.006357597154688144
F_1,s8,G,420.0,0.0982958314799193
F_1,s8,G,440.0,-0.10085674066740201
F_1,s8,G,460.0,-0.09025111316261707
F_1,s8,G,480.0,-0.06060147837857263
F_1,s8,G,500.0,-0.027069419894679377
F_1,s8,G,520.0,-0.05427827511812748
F_1,s8,G,540.0,-0.1677294009069718
F_1,s8,G,560.0,-0.0866116374308853
F_1,s8,G,580.0,-0.05783837291589968
F_1,s8,G,600.0,-0.03985595911039829
F_1,s8,G,620.0,-0.01395480550220897
F_1,s8,G,640.0,0.04998077075728914
F_1,s8,G,660.0,0.07104048309869834
F_1,s8,G,680.0,0.12910655795180798
F_1,s8,G,700.0,0.09963713206919106
F_1,s8,G,720.0,0.027218440413094187
F_1,s8,G,740.0,0.04126320564029572
F_1,s8,G,760.0,0.11694304881252554
F_1,s8,G,780.0,0.040052162537997135
F_1,s8,G,800.0,-0.025595877078116596
F_1,s8,G,820.0,-0.09614935619629988
F_1,s8,G,840.0,-0.032486533261703386
F_1,s8,G,860.0,0.08401013968712812
F_1,s8,G,880.0,0.12363671128830493
F_1,s8,G,900.0,0.14950440304863094
F_1,s8,G,920.0,0.16938704543010832
F_1,s8,G,940.0,0.1621355807320245
F_1,s8,G,960.0,0.1841033195768777
F_1,s8,G,980.0,0.18378474234244044
F_1,s8,A,0.0,-0.039138493939211344
F_1,s8,A,20.0,-0.06865177534530262
F_1,s8,A,40.0,-0.06881845068890749
F_1,s8,A,60.0,0.02837163409505452
F_1,s8,A,80.0,0.0657156354546874
F_1,s8,A,100.0,-0.13201681015724115
F_1,s8,A,120.0,-0.14651204959735042
F_1,s8,A,140.0,-0.03260445395062717
F_1,s8,A,160.0,-0.18701660413685217
F_1,s8,A,180.0,-0.1888033170917394
F_1,s8,A,200.0,-0.09506022095919477
F_1,s8,A,220.0,0.025104061562053318
F_1,s8,A,240.0,-0.12440985124783638
F_1,s8,A,260.0,-0.1863554698611122
F_1,s8,A,280.0,0.053394794119307795
F_1,s8,A,300.0,-0.0128463693600107
F_1,s8,A,320.0,-0.16031003924404286
F_1,s8,A,340.0,0.0505804451870306
F_1,s8,A,360.0,0.1959120965744189
F_1,s8,A,380.0,0.24864524297092305
F_1,s8,A,400.0,0.42627621274917954
F_1,s8,A,420.0,0.24960062851352854
F_1,s8,A,440.0,0.2780449814182074
F_1,s8,A,460.0,0.3648809705134128
F_1,s8,A,480.0,0.11594825279123373
F_1,s8,A,500.0,0.06872016595749073
F_1,s8,A,520.0,-0.08333081303395024
F_1,s8,A,540.0,-0.1140740818489707
F_1,s8,A,560.0,-0.11787823740279449
F_1,s8,A,580.0,0.036705164918484606
F_1,s8,A,600.0,0.14908173432697275
F_1,s8,A,620.0,0.0849404458170468
F_1,s8,A,640.0,-0.19253644273602621
F_1,s8,A,660.0,-0.16284193548339926
F_1,s8,A,680.0,0.0806339025353375
F_1,s8,A,700.0,0.1342807405672684
F_1,s8,A,720.0,0.1425856132171673
F_1,s8,A,740.0,0.06358790830274326
F_1,s8,A,760.0,0.01920095448067019
F_1,s8,A,780.0,-0.07626837333260027
F_1,s8,A,800.0,-0.03166345294760535
F_1,s8,A,820.0,0.006217062133296453
F_1,s8,A,840.0,0.02492754643016179
F_1,s8,A,860.0,-0.013352019784672327
F_1,s8,A,880.0,0.09262791710419704
F_1,s8,A,900.0,0.22069598245140476
F_1,s8,A,920.0,0.11518712949624385
F_1,s8,A,940.0,0.014678216700569159
F_1,s8,A,960.0,-0.0846355771457238
F_1,s8,A,980.0,-0.11193613660544394
F_1,s8,I,0.0,-0.09761567553207755
F_1,s8,I,20.0,-0.03777128363395832
F_1,s8,I,40.0,0.052325383072986495
F_1,s8,I,60.0,0.0015737102232329797
F_1,s8,I,80.0,-0.09216804646731566
F_1,s8,I,100.0,0.13660656873281599
F_1,s8,I,120.0,0.1527615494426535
F_1,s8,I,140.0,-0.014074929804479618
F_1,s8,I,160.0,0.16038146303754336
F_1,s8,I,180.0,0.07568034555959798
F_1,s8,I,200.0,-0.00978269932752271
F_1,s8,I,220.0,-0.07723319386503297
F_1,s8,I,240.0,0.022145858227500786
F_1,s8,I,260.0,-0.10082559856447923
F_1,s8,I,280.0,-0.17907631235559404
F_1,s8,I,300.0,-0.07642965823145928
F_1,s8,I,320.0,-0.17395374272120528
F_1,s8,I,340.0,-0.30474910113803194
F_1,s8,I,360.0,-0.13704390621710405
F_1,s8,I,380.0,-0.2938392632844785
F_1,s8,I,400.0,-0.8678509741199625
F_1,s8,I,420.0,-0.45184799996799374
F_1,s8,I,440.0,-0.05429724897678685
F_1,s8,I,460.0,-0.315233045648045
F_1,s8,I,480.0,-0.10929797006234157
F_1,s8,I,500.0,0.10233592081336879
F_1,s8,I,520.0,0.2850862588604841
F_1,s8,I,540.0,0.49733053607070266
F_1,s8,I,560.0,0.39770789812475327
F_1,s8,I,580.0,0.0766530387011394
F_1,s8,I,600.0,-0.013523358128831552
F_1,s8,I,620.0,0.3519266469619222
F_1,s8,I,640.0,0.45815615621797456
F_1,s8,I,660.0,0.1057377864189841
F_1,s8,I,680.0,-0.3468220004418082
F_1,s8,I,700.0,-0.4196186253211384
F_1,s8,I,720.0,-0.20557681843882128
F_1,s8,I,740.0,-0.10860885284758776
F_1,s8,I,760.0,-0.16710137784497883
F_1,s8,I,780.0,-0.018573942966036774
F_1,s8,I,800.0,0.03254333802922653
F_1,s8,I,820.0,0.019069001630191908
F_1,s8,I,840.0,-0.03348966572290095
F_1,s8,I,860.0,-0.07406991812569305
F_1,s8,I,880.0,-0.130132728579116
F_1,s8,I,900.0,-0.13720040715380835
F_1,s8,I,920.0,-0.18248230593034395
F_1,s8,I,940.0,-0.09149312470688398
F_1,s8,I,960.0,-0.02163495006365164
F_1,s8,I,980.0,-0.11706023416983653
F_2,s8,G,0.0,0.000977049959382666
F_2,s8,G,20.0,0.055436170072675185
F_2,s8,G,40.0,-0.013400495189121123
F_2,s8,G,60.0,-0.06992142036273583
F_2,s8,G,80.0,-0.04525278569968638
F_2,s8,G,100.0,-0.026760672175664982
F_2,s8,G,120.0,-0.06757168786679399
F_2,s8,G,140.0,-0.07879849083049267
F_2,s8,G,160.0,-0.15235513173555817
F_2,s8,G,180.0,-0.18427079847853628
F_2,s8,G,200.0,-0.27624225521529167
F_2,s8,G,220.0,-0.23807354170935888
F_2,s8,G,240.0,-0.1590270261575312
F_2,s8,G,260.0,-0.2022360576503293
F_2,s8,G,280.0,-0.2362643343058211
F_2,s8,G,300.0,-0.16121503123027336
F_2,s8,G,320.0,-0.20934941224764628
F_2,s8,G,340.0,-0.23053368080059916
F_2,s8,G,360.0,-0.09492025529036233
F_2,s8,G,380.0,-0.13803211443632135
F_2,s8,G,400.0,-0.09632178284708949
F_2,s8,G,420.0,0.06876151672162581
F_2,s8,G,440.0,-0.20734712724132182
F_2,s8,G,460.0,-0.3230116907453061
F_2,s8,G,480.0,-0.2507605844801831
F_2,s8,G,500.0,-0.12350704819959986
F_2,s8,G,520.0,-0.1081908087843331
F_2,s8,G,540.0,-0.30809582481712716
F_2,s8,G,560.0,-0.271481100023202
F_2,s8,G,580.0,-0.26156510555915075
F_2,s8,G,600.0,-0.3155246658423464
F_2,s8,G,620.0,-0.23462711261698307
F_2,s8,G,640.0,-0.06567061868756953
F_2,s8,G,660.0,0.018090997033701896
F_2,s8,G,680.0,0.06730705363381444
F_2,s8,G,700.0,-0.012002404526659238
F_2,s8,G,720.0,-0.12438959758882545
F_2,s8,G,740.0,-0.18769596576962588
F_2,s8,G,760.0,-0.09424514336711368
F_2,s8,G,780.0,-0.10562451077423837
F_2,s8,G,800.0,-0.15494144985304004
F_2,s8,G,820.0,-0.21328566362078388
F_2,s8,G,840.0,-0.1542247093373732
F_2,s8,G,860.0,-0.12434343592239024
F_2,s8,G,880.0,-0.05077220849583183
F_2,s8,G,900.0,0.015534599716476975
F_2,s8,G,920.0,0.0637767616281956
F_2,s8,G,940.0,0.0739402858632058
F_2,s8,G,960.0,0.04420200839881006
F_2,s8,G,980.0,-0.016106024518816046
F_2,s8,A,0.0,-0.005811462975204724
F_2,s8,A,20.0,-0.0021469942019572167
F_2,s8,A,40.0,0.06899729926132996
F_2,s8,A,60.0,0.1259584005982098
F_2,s8,A,80.0,-0.04042367582617539
F_2,s8,A,100.0,-0.1197357243987002
F_2,s8,A,120.0,-0.1274939471117985
F_2,s8,A,140.0,-0.11803129948422698
F_2,s8,A,160.0,-0.27455872748552995
F_2,s8,A,180.0,-0.3062602945337447
F_2,s8,A,200.0,-0.1981504180422908
F_2,s8,A,220.0,-0.016059379104565397
F_2,s8,A,240.0,-0.13667653196686855
F_2,s8,A,260.0,-0.14489621746599107
F_2,s8,A,280.0,0.040375479948093304
F_2,s8,A,300.0,-0.08133794874181924
F_2,s8,A,320.0,-0.14678076903423323
F_2,s8,A,340.0,0.04551083384636247
F_2,s8,A,360.0,0.024083431242561557
F_2,s8,A,380.0,0.046827211221311366
F_2,s8,A,400.0,0.12658862493352102
F_2,s8,A,420.0,0.0028550459302019715
F_2,s8,A,440.0,0.2995395992506593
F_2,s8,A,460.0,0.4150701351096855
F_2,s8,A,480.0,0.255794588557095
F_2,s8,A,500.0,0.21331690120385366
F_2,s8,A,520.0,0.07177586789734762
F_2,s8,A,540.0,0.046016174383173396
F_2,s8,A,560.0,-0.1629318754864889
F_2,s8,A,580.0,-0.15805376433994206
F_2,s8,A,600.0,0.057383198923204405
F_2,s8,A,620.0,0.1613124163404649
F_2,s8,A,640.0,-0.10444214156142995
F_2,s8,A,660.0,-0.29339720843554107
F_2,s8,A,680.0,-0.18406812931141917
F_2,s8,A,700.0,-0.06322783516539188
F_2,s8,A,720.0,-0.06858905725621374
F_2,s8,A,740.0,-0.025436061956843257
F_2,s8,A,760.0,-0.08985748598940237
F_2,s8,A,780.0,-0.22593260716647662
F_2,s8,A,800.0,-0.15862145314151518
F_2,s8,A,820.0,-0.19954252671237688
F_2,s8,A,840.0,-0.08832807746029928
F_2,s8,A,860.0,-0.203299717312495
F_2,s8,A,880.0,-0.21953005854803467
F_2,s8,A,900.0,-0.19319273984153926
F_2,s8,A,920.0,-0.19556719298762448
F_2,s8,A,940.0,-0.2841931827137915
F_2,s8,A,960.0,-0.32754725889195035
F_2,s8,A,980.0,-0.199430115313517
F_2,s8,I,0.0,0.06218997185106412
F_2,s8,I,20.0,0.05057039544176523
F_2,s8,I,40.0,0.08302717890276429
F_2,s8,I,60.0,0.027540546005454646
F_2,s8,I,80.0,0.09967246433560352
F_2,s8,I,100.0,0.20551169403482067
F_2,s8,I,120.0,0.21884650856035082
F_2,s8,I,140.0,0.24625126790384444
F_2,s8,I,160.0,0.4097722357781304
F_2,s8,I,180.0,0.31525586417707907
F_2,s8,I,200.0,0.13006402394272165
F_2,s8,I,220.0,0.08083426479856662
F_2,s8,I,240.0,0.14978193302723777
F_2,s8,I,260.0,0.02434764086588749
F_2,s8,I,280.0,-0.13021145211667198
F_2,s8,I,300.0,-0.034805008373103116
F_2,s8,I,320.0,0.0883691524399042
F_2,s8,I,340.0,-0.1988589117017898
F_2,s8,I,360.0,0.002631634078826106
F_2,s8,I,380.0,0.07706613939784798
F_2,s8,I,400.0,-0.17351163946302822
F_2,s8,I,420.0,0.004955306514156876
F_2,s8,I,440.0,-0.05102515757257936
F_2,s8,I,460.0,-0.17476507643801986
F_2,s8,I,480.0,0.0392198229244764
F_2,s8,I,500.0,0.17467422909139096
F_2,s8,I,520.0,0.17990282263357507
F_2,s8,I,540.0,0.383490810575123
F_2,s8,I,560.0,0.47526232973210364
F_2,s8,I,580.0,0.2661200157592315
F_2,s8,I,600.0,0.18683539744625427
F_2,s8,I,620.0,0.34550639118424575
F_2,s8,I,640.0,0.38049356840780857
F_2,s8,I,660.0,0.2555120386471109
F_2,s8,I,680.0,0.04698197427805366
F_2,s8,I,700.0,-0.0291087419376571
F_2,s8,I,720.0,0.11321439937881815
F_2,s8,I,740.0,0.1453308034417776
F_2,s8,I,760.0,0.1650937176670655
F_2,s8,I,780.0,0.2958248560249267
F_2,s8,I,800.0,0.30486259958313877
F_2,s8,I,820.0,0.2526093854229915
F_2,s8,I,840.0,0.09429828831438233
F_2,s8,I,860.0,0.18751163407162183
F_2,s8,I,880.0,0.21511124536840018
F_2,s8,I,900.0,0.17699532462073653
F_2,s8,I,920.0,0.09895116195255281
F_2,s8,I,940.0,0.22405318785275405
F_2,s8,I,960.0,0.3195265227825692
F_2,s8,I,980.0,0.17022695823505687
M_1,s8,G,0.0,0.04991399005871894
M_1,s8,G,20.0,0.09467143122344963
M_1,s8,G,40.0,0.13076153661289658
M_1,s8,G,60.0,0.15786590722038488
M_1,s8,G,80.0,0.1999845206859393
M_1,s8,G,100.0,0.11667293226542981
M_1,s8,G,120.0,0.012051301372995708
M_1,s8,G,140.0,0.08696696544355934
M_1,s8,G,160.0,-0.018317758796837766
M_1,s8,G,180.0,-0.03390334337494718
M_1,s8,G,200.0,-0.05054942156518701
M_1,s8,G,220.0,0.04272070935463162
M_1,s8,G,240.0,-0.010431030431615695
M_1,s8,G,260.0,-0.010087631538131546
M_1,s8,G,280.0,0.016244841796372048
M_1,s8,G,300.0,0.05469145958580304
M_1,s8,G,320.0,0.07050959168016328
M_1,s8,G,340.0,0.02356755500950323
M_1,s8,G,360.0,0.09050936421721657
M_1,s8,G,380.0,0.1292071410870716
M_1,s8,G,400.0,0.09375857222184444
M_1,s8,G,420.0,0.22010241817829318
M_1,s8,G,440.0,0.09880669179532414
M_1,s8,G,460.0,0.04859052421279292
M_1,s8,G,480.0,0.13458074572433412
M_1,s8,G,500.0,0.12033876307377965
M_1,s8,G,520.0,0.12262764581745697
M_1,s8,G,540.0,0.08184262927065397
M_1,s8,G,560.0,0.15141445948112542
M_1,s8,G,580.0,0.08511977452568882
M_1,s8,G,600.0,-0.007281430397970294
M_1,s8,G,620.0,-0.0034747550634100788
M_1,s8,G,640.0,0.12330700536942973
M_1,s8,G,660.0,0.08812582946185055
M_1,s8,G,680.0,0.06360833048171805
M_1,s8,G,700.0,0.017065417359061794
M_1,s8,G,720.0,-0.09630328523954865
M_1,s8,G,740.0,-0.09925651020424271
M_1,s8,G,760.0,0.011823991200215338
M_1,s8,G,780.0,0.022209129481066146
M_1,s8,G,800.0,-0.07936558350080579
M_1,s8,G,820.0,-0.0956694172804987
M_1,s8,G,840.0,0.01583762470484624
M_1,s8,G,860.0,0.08790855305797075
M_1,s8,G,880.0,0.07752142150430158
M_1,s8,G,900.0,0.1013324895981228
M_1,s8,G,920.0,0.12694255809282504
M_1,s8,G,940.0,0.07832097839584368
M_1,s8,G,960.0,0.11617275319076104
M_1,s8,G,980.0,0.11345477622203971
M_1,s8,A,0.0,-0.06966354502202177
M_1,s8,A,20.0,-0.08435667112528325
M_1,s8,A,40.0,-0.06828922697800989
M_1,s8,A,60.0,-0.04178934044866862
M_1,s8,A,80.0,-0.14187364992078166
M_1,s8,A,100.0,-0.1599769911281433
M_1,s8,A,120.0,-0.16763787920052525
M_1,s8,A,140.0,-0.22353151262052312
M_1,s8,A,160.0,-0.27550164277251005
M_1,s8,A,180.0,-0.13781480215422837
M_1,s8,A,200.0,-0.11094000520032934
M_1,s8,A,220.0,-0.07120160504765294
M_1,s8,A,240.0,-0.11834401604596709
M_1,s8,A,260.0,-0.15126325689118036
M_1,s8,A,280.0,0.0246913491955843
M_1,s8,A,300.0,-0.06958645479573228
M_1,s8,A,320.0,-0.27151272855236236
M_1,s8,A,340.0,-0.018796248894857523
M_1,s8,A,360.0,0.006222921940749901
M_1,s8,A,380.0,-0.10493577509652667
M_1,s8,A,400.0,-0.006123478107412067
M_1,s8,A,420.0,0.013990889190988717
M_1,s8,A,440.0,0.21186613604615606
M_1,s8,A,460.0,0.13931956366289547
M_1,s8,A,480.0,0.07163318212718271
M_1,s8,A,500.0,0.06862570689615438
M_1,s8,A,520.0,0.01728390991470924
M_1,s8,A,540.0,-0.012435975816619357
M_1,s8,A,560.0,-0.22665059699191298
M_1,s8,A,580.0,-0.12106507927230056
M_1,s8,A,600.0,-0.018794888574060108
M_1,s8,A,620.0,0.13737704117230026
M_1,s8,A,640.0,-0.11670489770120804
M_1,s8,A,660.0,-0.35242980658592027
M_1,s8,A,680.0,-0.24712804161613333
M_1,s8,A,700.0,-0.1160220789601981
M_1,s8,A,720.0,-0.026058223645139426
M_1,s8,A,740.0,-0.0373055508689213
M_1,s8,A,760.0,-0.15452646743121776
M_1,s8,A,780.0,-0.29383254420877614
M_1,s8,A,800.0,-0.25460590598615906
M_1,s8,A,820.0,-0.191132557916749
M_1,s8,A,840.0,-0.08482517508273388
M_1,s8,A,860.0,-0.15854678027540753
M_1,s8,A,880.0,-0.16514577898834232
M_1,s8,A,900.0,-0.07612136915654583
M_1,s8,A,920.0,-0.07317838127948642
M_1,s8,A,940.0,-0.11329415774876006
M_1,s8,A,960.0,-0.16155716556665334
M_1,s8,A,980.0,-0.07412705677091921
M_1,s8,I,0.0,0.06835618348038836
M_1,s8,I,20.0,-0.007397404808485355
M_1,s8,I,40.0,0.023119540871158577
M_1,s8,I,60.0,0.008399050445562412
M_1,s8,I,80.0,0.06304546069857374
M_1,s8,I,100.0,0.10795860773714823
M_1,s8,I,120.0,0.1980426814608176
M_1,s8,I,140.0,0.22512590966403467
M_1,s8,I,160.0,0.23766554401126883
M_1,s8,I,180.0,0.07986610231910557
M_1,s8,I,200.0,-0.0424491146850282
M_1,s8,I,220.0,-0.019240492845945964
M_1,s8,I,240.0,0.019838655910555253
M_1,s8,I,260.0,-0.09193983972447689
M_1,s8,I,280.0,-0.24153559858398216
M_1,s8,I,300.0,-0.09777690880573488
M_1,s8,I,320.0,0.03598369527773034
M_1,s8,I,340.0,-0.243924767376371
M_1,s8,I,360.0,-0.025795512270613635
M_1,s8,I,380.0,0.10463648775753347
M_1,s8,I,400.0,-0.14842057015972354
M_1,s8,I,420.0,-0.013771163720828788
M_1,s8,I,440.0,-0.07165379591671099
M_1,s8,I,460.0,-0.15310866590811611
M_1,s8,I,480.0,-0.018132706032442436
M_1,s8,I,500.0,0.14932031274162125
M_1,s8,I,520.0,0.08339584101529005
M_1,s8,I,540.0,0.23261811157840542
M_1,s8,I,560.0,0.4437512306358067
M_1,s8,I,580.0,0.2338878084464233
M_1,s8,I,600.0,0.12028483221226101
M_1,s8,I,620.0,0.2427770767221541
M_1,s8,I,640.0,0.3541794182204757
M_1,s8,I,660.0,0.35831559445424654
M_1,s8,I,680.0,0.16904909238501056
M_1,s8,I,700.0,0.03496328056610198
M_1,s8,I,720.0,0.10821213168311643
M_1,s8,I,740.0,0.0942895920016068
M_1,s8,I,760.0,0.16455670939868516
M_1,s8,I,780.0,0.3334805568393142
M_1,s8,I,800.0,0.38279069025171497
M_1,s8,I,820.0,0.23646669428481715
M_1,s8,I,840.0,0.09238472319073526
M_1,s8,I,860.0,0.13676473509115544
M_1,s8,I,880.0,0.2059738696713445
M_1,s8,I,900.0,0.14551262042082796
M_1,s8,I,920.0,0.039279765105213825
M_1,s8,I,940.0,0.13053945304429387
M_1,s8,I,960.0,0.19365149751647381
M_1,s8,I,980.0,0.022888055610481794
M_2,s8,G,0.0,0.0030152295945669377
M_2,s8,G,20.0,-0.11229257121922549
M_2,s8,G,40.0,-0.16985550753681855
M_2,s8,G,60.0,-0.18964677989722695
M_2,s8,G,80.0,-0.12049853283666545
M_2,s8,G,100.0,0.08754969084237635
M_2,s8,G,120.0,-0.10957471884450475
M_2,s8,G,140.0,-0.1006855566890241
M_2,s8,G,160.0,-0.07242286172150865
M_2,s8,G,180.0,-0.14579749352267038
M_2,s8,G,200.0,-0.26756181170721144
M_2,s8,G,220.0,-0.17509369990879153
M_2,s8,G,240.0,-0.13071981729773519
M_2,s8,G,260.0,-0.22753691882161237
M_2,s8,G,280.0,-0.3119928442964559
M_2,s8,G,300.0,-0.052342821295949804
M_2,s8,G,320.0,-0.020541304631963048
M_2,s8,G,340.0,-0.11110105825521402
M_2,s8,G,360.0,-0.1093053422452977
M_2,s8,G,380.0,-0.12192351704940899
M_2,s8,G,400.0,-0.09354460383987745
M_2,s8,G,420.0,-0.06318009198262761
M_2,s8,G,440.0,-0.3212357365192985
M_2,s8,G,460.0,-0.29430029155287496
M_2,s8,G,480.0,-0.18168883238137523
M_2,s8,G,500.0,-0.11230553639387464
M_2,s8,G,520.0,-0.16501027603758833
M_2,s8,G,540.0,-0.35437807734072746
M_2,s8,G,560.0,-0.34841876376868597
M_2,s8,G,580.0,-0.38778026360788465
M_2,s8,G,600.0,-0.420833278725461
M_2,s8,G,620.0,-0.29866688266774344
M_2,s8,G,640.0,-0.22134818756618704
M_2,s8,G,660.0,-0.11558131685601403
M_2,s8,G,680.0,-0.07371472184908548
M_2,s8,G,700.0,-0.1530436028368644
M_2,s8,G,720.0,-0.2486325365972889
M_2,s8,G,740.0,-0.3262018107413359
M_2,s8,G,760.0,-0.22415287367718578
M_2,s8,G,780.0,-0.26358724482611046
M_2,s8,G,800.0,-0.29972798534201295
M_2,s8,G,820.0,-0.3030663808759373
M_2,s8,G,840.0,-0.25926415304807593
M_2,s8,G,860.0,-0.19745713627352884
M_2,s8,G,880.0,-0.16888037131328518
M_2,s8,G,900.0,-0.07393675647622625
M_2,s8,G,920.0,0.03302033909802169
M_2,s8,G,940.0,0.013492670968338977
M_2,s8,G,960.0,-0.010569987174921885
M_2,s8,G,980.0,-0.034481600737736054
M_2,s8,A,0.0,-0.08191764429171013
M_2,s8,A,20.0,-0.08263247317337652
M_2,s8,A,40.0,-0.03701858501100539
M_2,s8,A,60.0,0.002165745197921634
M_2,s8,A,80.0,-0.09028664934361777
M_2,s8,A,100.0,-0.19866039797394336
M_2,s8,A,120.0,-0.1478487236503624
M_2,s8,A,140.0,-0.22311366353314158
M_2,s8,A,160.0,-0.3310531166361035
M_2,s8,A,180.0,-0.11310250779537134
M_2,s8,A,200.0,0.009246597959366224
M_2,s8,A,220.0,0.03613537791784592
M_2,s8,A,240.0,-0.04811795290088001
M_2,s8,A,260.0,-0.03156247434792872
M_2,s8,A,280.0,0.014218572366537799
M_2,s8,A,300.0,-0.08144846654548918
M_2,s8,A,320.0,-0.3109668067867092
M_2,s8,A,340.0,-0.06967867815349536
M_2,s8,A,360.0,0.024713186782446796
M_2,s8,A,380.0,-0.0843640471876455
M_2,s8,A,400.0,-0.026683915651768413
M_2,s8,A,420.0,0.0579121213893459
M_2,s8,A,440.0,0.3782265104272914
M_2,s8,A,460.0,0.28595875473998256
M_2,s8,A,480.0,0.14954116742623305
M_2,s8,A,500.0,0.18408993437657847
M_2,s8,A,520.0,0.09858198834514109
M_2,s8,A,540.0,0.09569668583471296
M_2,s8,A,560.0,0.0841042083233918
M_2,s8,A,580.0,0.2733505120748124
M_2,s8,A,600.0,0.19569330279660557
M_2,s8,A,620.0,0.15790659503727328
M_2,s8,A,640.0,-0.010428953067872448
M_2,s8,A,660.0,-0.14272550152988134
M_2,s8,A,680.0,-0.030976015502534208
M_2,s8,A,700.0,0.1495481489654417
M_2,s8,A,720.0,0.1488960530958095
M_2,s8,A,740.0,0.11583567672645795
M_2,s8,A,760.0,0.07770318511894367
M_2,s8,A,780.0,-0.043525779321143314
M_2,s8,A,800.0,-0.05878467805009242
M_2,s8,A,820.0,-0.04484271311804149
M_2,s8,A,840.0,0.1439943962216721
M_2,s8,A,860.0,0.04264278312792873
M_2,s8,A,880.0,0.04465245658131395
M_2,s8,A,900.0,0.0683385783450525
M_2,s8,A,920.0,0.032181840364432494
M_2,s8,A,940.0,0.04344339912272066
M_2,s8,A,960.0,-0.02229291703577871
M_2,s8,A,980.0,0.010642639624829281
M_2,s8,I,0.0,0.23972347361080373
M_2,s8,I,20.0,0.22005925361900058
M_2,s8,I,40.0,0.09411211915448377
M_2,s8,I,60.0,0.08432510315093793
M_2,s8,I,80.0,0.2160166314672111
M_2,s8,I,100.0,0.18310961877016566
M_2,s8,I,120.0,0.26639339452874883
M_2,s8,I,140.0,0.15759290679882412
M_2,s8,I,160.0,0.20542616915468437
M_2,s8,I,180.0,0.344310165917637
M_2,s8,I,200.0,0.20037702781593017
M_2,s8,I,220.0,0.0880438835709419
M_2,s8,I,240.0,0.23611466538239886
M_2,s8,I,260.0,0.17043549124451185
M_2,s8,I,280.0,-0.018670399131106435
M_2,s8,I,300.0,-0.17385915209354014
M_2,s8,I,320.0,0.14412341363418776
M_2,s8,I,340.0,-0.2392124654830392
M_2,s8,I,360.0,-0.033720089876864104
M_2,s8,I,380.0,0.21926333544690646
M_2,s8,I,400.0,0.14960229051205362
M_2,s8,I,420.0,0.19603462187437892
M_2,s8,I,440.0,-0.09236575548786316
M_2,s8,I,460.0,0.0007460506542498122
M_2,s8,I,480.0,0.08880076425729824
M_2,s8,I,500.0,0.19754717601276614
M_2,s8,I,520.0,0.22235236679228482
M_2,s8,I,540.0,0.3019717058031339
M_2,s8,I,560.0,0.37767160767617136
M_2,s8,I,580.0,0.3032384328075699
M_2,s8,I,600.0,0.4083481204672723
M_2,s8,I,620.0,0.5984796163353094
M_2,s8,I,640.0,0.6125979786162837
M_2,s8,I,660.0,0.47456595195129775
M_2,s8,I,680.0,0.32444948544551167
M_2,s8,I,700.0,0.17050018058908972
M_2,s8,I,720.0,0.22004431781536693
M_2,s8,I,740.0,0.3343780923859892
M_2,s8,I,760.0,0.4732352909896104
M_2,s8,I,780.0,0.7314467161903198
M_2,s8,I,800.0,0.7069878608467259
M_2,s8,I,820.0,0.5789993592242255
M_2,s8,I,840.0,0.3621150614209083
M_2,s8,I,860.0,0.4974429390880589
M_2,s8,I,880.0,0.512910551430531
M_2,s8,I,900.0,0.4291225684961314
M_2,s8,I,920.0,0.411137053106881
M_2,s8,I,940.0,0.46778691029538993
M_2,s8,I,960.0,0.4628742210054282
M_2,s8,I,980.0,0.30165951956537274
F_1,s9,G,0.0,0.0596524785931537
F_1,s9,G,20.0,0.004139157321810222
F_1,s9,G,40.0,-0.03214784152076683
F_1,s9,G,60.0,-0.01818697267183665
F_1,s9,G,80.0,-0.04077885128838188
F_1,s9,G,100.0,-0.08644786981924146
F_1,s9,G,120.0,-0.032376047133989415
F_1,s9,G,140.0,0.030025669853126696
F_1,s9,G,160.0,0.1903777092784075
F_1,s9,G,180.0,0.15901744105154664
F_1,s9,G,200.0,-0.007278936462692648
F_1,s9,G,220.0,0.03390015509001434
F_1,s9,G,240.0,0.1844094776714378
F_1,s9,G,260.0,0.15014206691623366
F_1,s9,G,280.0,0.11625813081563835
F_1,s9,G,300.0,0.3368508208020847
F_1,s9,G,320.0,0.34976290291981477
F_1,s9,G,340.0,0.18936642998623454
F_1,s9,G,360.0,0.3653658386017377
F_1,s9,G,380.0,0.25712103329509417
F_1,s9,G,400.0,0.24744152624499724
F_1,s9,G,420.0,0.28635630533167467
F_1,s9,G,440.0,0.16756217032181892
F_1,s9,G,460.0,0.1843167742166443
F_1,s9,G,480.0,0.2567975775862658
F_1,s9,G,500.0,0.3267696400854341
F_1,s9,G,520.0,0.20512248221233864
F_1,s9,G,540.0,0.1058129611423077
F_1,s9,G,560.0,-0.08056296778743086
F_1,s9,G,580.0,-0.08734363146468675
F_1,s9,G,600.0,0.16871226452646548
F_1,s9,G,620.0,0.1658627519504784
F_1,s9,G,640.0,0.30832094669452825
F_1,s9,G,660.0,0.38162704460464875
F_1,s9,G,680.0,0.22353477640178038
F_1,s9,G,700.0,0.2356170999786386
F_1,s9,G,720.0,0.32161288888009587
F_1,s9,G,740.0,0.37436825097802756
F_1,s9,G,760.0,0.29742950624765196
F_1,s9,G,780.0,0.11876885092880864
F_1,s9,G,800.0,0.195282799954631
F_1,s9,G,820.0,0.21767275311272918
F_1,s9,G,840.0,0.22706238265736994
F_1,s9,G,860.0,0.3047570226566607
F_1,s9,G,880.0,0.37792758500307416
F_1,s9,G,900.0,0.39192500776001615
F_1,s9,G,920.0,0.5332613781929
F_1,s9,G,940.0,0.6606616744826636
F_1,s9,G,960.0,0.6265528661249758
F_1,s9,G,980.0,0.5683821734530434
F_1,s9,A,0.0,0.19859223528026687
F_1,s9,A,20.0,0.11772697765264986
F_1,s9,A,40.0,0.17669123201675047
F_1,s9,A,60.0,0.11840272466801766
F_1,s9,A,80.0,0.11674329587370072
F_1,s9,A,100.0,0.018556074634827016
F_1,s9,A,120.0,-0.1274657587681834
F_1,s9,A,140.0,-0.058196004329782475
F_1,s9,A,160.0,-0.0008743491424001437
F_1,s9,A,180.0,0.10234329707032112
F_1,s9,A,200.0,0.1460719330154521
F_1,s9,A,220.0,0.06272219630882882
F_1,s9,A,240.0,-0.0053469487215721066
F_1,s9,A,260.0,0.10046953479512719
F_1,s9,A,280.0,0.1816191585737343
F_1,s9,A,300.0,-0.028529184395164622
F_1,s9,A,320.0,-0.051152015073777875
F_1,s9,A,340.0,0.04069155739381851
F_1,s9,A,360.0,-0.00647828330414554
F_1,s9,A,380.0,-0.21166841265403102
F_1,s9,A,400.0,-0.03615786154513518
F_1,s9,A,420.0,0.16422458787488825
F_1,s9,A,440.0,-0.26166700750259697
F_1,s9,A,460.0,-0.3396420790144743
F_1,s9,A,480.0,-0.02128312880337002
F_1,s9,A,500.0,-0.09477720701795891
F_1,s9,A,520.0,-0.12185767496477831
F_1,s9,A,540.0,-0.12318911459797664
F_1,s9,A,560.0,-0.055861414697795625
F_1,s9,A,580.0,-0.04109267362246183
F_1,s9,A,600.0,-0.0317243984903587
F_1,s9,A,620.0,0.1102091991755021
F_1,s9,A,640.0,-0.017104724047811493
F_1,s9,A,660.0,-0.04705106269226217
F_1,s9,A,680.0,0.0192295959968663
F_1,s9,A,700.0,-0.08434665285358506
F_1,s9,A,720.0,0.13959351214081325
F_1,s9,A,740.0,0.43895528990474286
F_1,s9,A,760.0,0.31887145453918425
F_1,s9,A,780.0,0.14181209279695692
F_1,s9,A,800.0,0.0043806240254216505
F_1,s9,A,820.0,-0.24081709702493242
F_1,s9,A,840.0,-0.19863151109221408
F_1,s9,A,860.0,-0.16303917685095415
F_1,s9,A,880.0,-0.19400835674079395
F_1,s9,A,900.0,-0.3025863058663151
F_1,s9,A,920.0,-0.31192057182907607
F_1,s9,A,940.0,-0.36191865825077557
F_1,s9,A,960.0,-0.3414481678962833
F_1,s9,A,980.0,-0.23327284040835508
F_1,s9,I,0.0,-0.31039867509569496
F_1,s9,I,20.0,-0.1943878759418683
F_1,s9,I,40.0,-0.23142415427678803
F_1,s9,I,60.0,-0.3483321456768641
F_1,s9,I,80.0,-0.38928587447007645
F_1,s9,I,100.0,-0.08270837270603493
F_1,s9,I,120.0,0.12104298907015479
F_1,s9,I,140.0,-0.06187440004124889
F_1,s9,I,160.0,-0.266511291808622
F_1,s9,I,180.0,-0.3214435157532817
F_1,s9,I,200.0,-0.30926523381010823
F_1,s9,I,220.0,-0.24619587317372119
F_1,s9,I,240.0,-0.2061717534811587
F_1,s9,I,260.0,-0.1889400531629427
F_1,s9,I,280.0,-0.2770951578073286
F_1,s9,I,300.0,-0.31101441803895397
F_1,s9,I,320.0,-0.23869960056031983
F_1,s9,I,340.0,-0.3638197483752384
F_1,s9,I,360.0,-0.5659614511231112
F_1,s9,I,380.0,-0.3889670080876628
F_1,s9,I,400.0,-0.36942508736962626
F_1,s9,I,420.0,-0.5315225864030649
F_1,s9,I,440.0,-0.30300738198355004
F_1,s9,I,460.0,-0.1315943247626855
F_1,s9,I,480.0,-0.13943714614291322
F_1,s9,I,500.0,-0.21826540855477938
F_1,s9,I,520.0,-0.10556536582207063
F_1,s9,I,540.0,0.11138986133378226
F_1,s9,I,560.0,0.16113805103365808
F_1,s9,I,580.0,-0.30905576566319876
F_1,s9,I,600.0,-0.046138671172858026
F_1,s9,I,620.0,0.052878312293151764
F_1,s9,I,640.0,0.04464938281112721
F_1,s9,I,660.0,-0.28107825139455644
F_1,s9,I,680.0,-0.4414052398510926
F_1,s9,I,700.0,-0.32124729200064284
F_1,s9,I,720.0,-0.5008021427627163
F_1,s9,I,740.0,-0.8462977796500153
F_1,s9,I,760.0,-0.777344201436377
F_1,s9,I,780.0,-0.2545331949186219
F_1,s9,I,800.0,-0.40932972287808306
F_1,s9,I,820.0,-0.38433586412629744
F_1,s9,I,840.0,-0.22908371435661104
F_1,s9,I,860.0,0.009490358804722376
F_1,s9,I,880.0,-0.1367048733240394
F_1,s9,I,900.0,-0.1521784205480911
F_1,s9,I,920.0,-0.04150960814131924
F_1,s9,I,940.0,-0.0024415596363196734
F_1,s9,I,960.0,-0.037837024364081234
F_1,s9,I,980.0,-0.30382298955967635
F_2,s9,G,0.0,0.022071546856390255
F_2,s9,G,20.0,-0.10892934935696041
F_2,s9,G,40.0,-0.12510293495771918
F_2,s9,G,60.0,-0.09815047230450902
F_2,s9,G,80.0,-0.029289446897043263
F_2,s9,G,100.0,-0.12774702272264502
F_2,s9,G,120.0,-0.09593449634150458
F_2,s9,G,140.0,0.09045554982360281
F_2,s9,G,160.0,0.24109926649805696
F_2,s9,G,180.0,0.09473016969723805
F_2,s9,G,200.0,-0.07900479852114083
F_2,s9,G,220.0,0.01776675224324962
F_2,s9,G,240.0,0.19756832490871426
F_2,s9,G,260.0,0.16958841826490048
F_2,s9,G,280.0,0.2398991317222865
F_2,s9,G,300.0,0.2753578818660787
F_2,s9,G,320.0,0.2776416182294651
F_2,s9,G,340.0,0.19933377562926913
F_2,s9,G,360.0,0.4814080525431016
F_2,s9,G,380.0,0.3065124857115543
F_2,s9,G,400.0,0.21188875535315715
F_2,s9,G,420.0,0.24120216866446004
F_2,s9,G,440.0,0.28578622361918
F_2,s9,G,460.0,0.29947167559479704
F_2,s9,G,480.0,0.2515911394356207
F_2,s9,G,500.0,0.28460269755781453
F_2,s9,G,520.0,0.17926553771476414
F_2,s9,G,540.0,0.02328994159139952
F_2,s9,G,560.0,0.006961954862959918
F_2,s9,G,580.0,0.25621869747898646
F_2,s9,G,600.0,0.4307216152893946
F_2,s9,G,620.0,0.14340959184216517
F_2,s9,G,640.0,0.25738252941605483
F_2,s9,G,660.0,0.4269110992296525
F_2,s9,G,680.0,0.1960580353580888
F_2,s9,G,700.0,0.16394167421988637
F_2,s9,G,720.0,0.24848771611165826
F_2,s9,G,740.0,0.34446544648859256
F_2,s9,G,760.0,0.22350637229623474
F_2,s9,G,780.0,0.09758222064393739
F_2,s9,G,800.0,0.1581626709860498
F_2,s9,G,820.0,0.21216771639814014
F_2,s9,G,840.0,0.23556875779124475
F_2,s9,G,860.0,0.3553240860507867
F_2,s9,G,880.0,0.3742202157587551
F_2,s9,G,900.0,0.31115633994337843
F_2,s9,G,920.0,0.4524290843361756
F_2,s9,G,940.0,0.5278071977515438
F_2,s9,G,960.0,0.5523268892120323
F_2,s9,G,980.0,0.4832521893655138
F_2,s9,A,0.0,0.215120576514242
F_2,s9,A,20.0,0.25746284145267917
F_2,s9,A,40.0,0.2790951129850973
F_2,s9,A,60.0,0.256806644479428
F_2,s9,A,80.0,0.12453263058880379
F_2,s9,A,100.0,0.043112938113546016
F_2,s9,A,120.0,0.02650963901380927
F_2,s9,A,140.0,0.0738295443983139
F_2,s9,A,160.0,0.0991846971921205
F_2,s9,A,180.0,0.11777489212794513
F_2,s9,A,200.0,0.2206146085604409
F_2,s9,A,220.0,0.08597797645751881
F_2,s9,A,240.0,0.007565468486591356
F_2,s9,A,260.0,0.1992151959972413
F_2,s9,A,280.0,0.10869404011813494
F_2,s9,A,300.0,-0.04862544257757812
F_2,s9,A,320.0,-0.12467208069245424
F_2,s9,A,340.0,-0.055037456821844744
F_2,s9,A,360.0,-0.19654545610844043
F_2,s9,A,380.0,-0.22436937569340423
F_2,s9,A,400.0,0.1335687101876111
F_2,s9,A,420.0,0.31009932393668144
F_2,s9,A,440.0,-0.19062634319885885
F_2,s9,A,460.0,-0.38970493207890083
F_2,s9,A,480.0,0.04313736760017298
F_2,s9,A,500.0,-0.009562675521683758
F_2,s9,A,520.0,-0.17240341821544988
F_2,s9,A,540.0,-0.102469963975634
F_2,s9,A,560.0,-0.039849603643711984
F_2,s9,A,580.0,-0.05674436333318323
F_2,s9,A,600.0,-0.21527444451522004
F_2,s9,A,620.0,-0.11125510296989273
F_2,s9,A,640.0,-0.06321492902702708
F_2,s9,A,660.0,-0.18105255190951042
F_2,s9,A,680.0,-9.776852979852257e-05
F_2,s9,A,700.0,-0.04034854973807002
F_2,s9,A,720.0,-0.12884131068803006
F_2,s9,A,740.0,0.16478123641206557
F_2,s9,A,760.0,0.08535544157540643
F_2,s9,A,780.0,-0.012860265825410696
F_2,s9,A,800.0,-0.01913183049854158
F_2,s9,A,820.0,-0.2036984478683762
F_2,s9,A,840.0,-0.12259186261783206
F_2,s9,A,860.0,-0.02773956287741084
F_2,s9,A,880.0,0.031001177257098014
F_2,s9,A,900.0,0.053553560440510004
F_2,s9,A,920.0,0.01206233533280087
F_2,s9,A,940.0,-0.07535721619348096
F_2,s9,A,960.0,-0.11902094494881343
F_2,s9,A,980.0,-0.12399011681722313
F_2,s9,I,0.0,-0.2354749196864897
F_2,s9,I,20.0,-0.2808508338651059
F_2,s9,I,40.0,-0.09936625416053983
F_2,s9,I,60.0,-0.24166276439147166
F_2,s9,I,80.0,-0.31260351700082334
F_2,s9,I,100.0,-0.07929934666992008
F_2,s9,I,120.0,0.15481252426500852
F_2,s9,I,140.0,-0.025670947926617588
F_2,s9,I,160.0,-0.25257521076653666
F_2,s9,I,180.0,-0.2665611472668323
F_2,s9,I,200.0,-0.3263917762086878
F_2,s9,I,220.0,-0.14915105504207274
F_2,s9,I,240.0,-0.15273554869623887
F_2,s9,I,260.0,-0.3524285282579399
F_2,s9,I,280.0,-0.3288405602833472
F_2,s9,I,300.0,-0.20931883532609885
F_2,s9,I,320.0,-0.10809054588624334
F_2,s9,I,340.0,-0.09436510259498773
F_2,s9,I,360.0,-0.16654980233601158
F_2,s9,I,380.0,-0.12958231810903512
F_2,s9,I,400.0,-0.2796149555070928
F_2,s9,I,420.0,-0.3215320340272717
F_2,s9,I,440.0,-0.02626457501579249
F_2,s9,I,460.0,-0.06488938105232016
F_2,s9,I,480.0,-0.2832745291980552
F_2,s9,I,500.0,-0.11534197106083896
F_2,s9,I,520.0,0.16724920112958824
F_2,s9,I,540.0,-0.04638985467810919
F_2,s9,I,560.0,-0.07302963339903232
F_2,s9,I,580.0,-0.21886314711659935
F_2,s9,I,600.0,0.12306175175095788
F_2,s9,I,620.0,0.10620774865656059
F_2,s9,I,640.0,0.07378790768401733
F_2,s9,I,660.0,0.08173849048955184
F_2,s9,I,680.0,-0.10986069134316839
F_2,s9,I,700.0,-0.16043062368463912
F_2,s9,I,720.0,-0.17597785483953096
F_2,s9,I,740.0,-0.4227769498952074
F_2,s9,I,760.0,-0.282729885469712
F_2,s9,I,780.0,0.09215243678070263
F_2,s9,I,800.0,-0.1139182038827277
F_2,s9,I,820.0,-0.08167451191115181
F_2,s9,I,840.0,-0.016894016775127925
F_2,s9,I,860.0,-0.049311788668821896
F_2,s9,I,880.0,-0.10192404970638883
F_2,s9,I,900.0,-0.08888165617529405
F_2,s9,I,920.0,0.033213503417625204
F_2,s9,I,940.0,-0.020590261361132872
F_2,s9,I,960.0,-0.029516372778976063
F_2,s9,I,980.0,-0.06353592512815912
M_1,s9,G,0.0,0.01104946594407899
M_1,s9,G,20.0,0.10674806529616414
M_1,s9,G,40.0,0.1844865735353086
M_1,s9,G,60.0,0.18264967213495967
M_1,s9,G,80.0,0.044722140165843374
M_1,s9,G,100.0,-0.08275302174937665
M_1,s9,G,120.0,-0.02269964697498013
M_1,s9,G,140.0,0.16212333039376467
M_1,s9,G,160.0,0.2875505982619445
M_1,s9,G,180.0,0.17109624921061467
M_1,s9,G,200.0,0.03586663748115661
M_1,s9,G,220.0,0.005151802613971926
M_1,s9,G,240.0,0.19408231930028516
M_1,s9,G,260.0,0.18032127864276423
M_1,s9,G,280.0,0.3213011727111196
M_1,s9,G,300.0,0.30356447004705595
M_1,s9,G,320.0,0.35118485411340394
M_1,s9,G,340.0,0.25977748012618995
M_1,s9,G,360.0,0.4508864780220294
M_1,s9,G,380.0,0.3251224706165446
M_1,s9,G,400.0,0.20532269194499495
M_1,s9,G,420.0,0.21911951229159668
M_1,s9,G,440.0,0.25504464641718133
M_1,s9,G,460.0,0.20281431860326446
M_1,s9,G,480.0,0.08483386042654384
M_1,s9,G,500.0,0.2332987607265028
M_1,s9,G,520.0,0.17689418135395724
M_1,s9,G,540.0,0.015182122388049515
M_1,s9,G,560.0,-0.3732674927169926
M_1,s9,G,580.0,-0.16742970279287106
M_1,s9,G,600.0,-0.041217398942179226
M_1,s9,G,620.0,-0.1033224869107086
M_1,s9,G,640.0,0.06753238459042035
M_1,s9,G,660.0,0.24617140095250253
M_1,s9,G,680.0,0.18361663550000237
M_1,s9,G,700.0,0.35072417707514586
M_1,s9,G,720.0,0.40318388386303755
M_1,s9,G,740.0,0.3639814781492654
M_1,s9,G,760.0,0.2921999438677886
M_1,s9,G,780.0,0.1804644765361601
M_1,s9,G,800.0,0.17207101938607083
M_1,s9,G,820.0,0.18865483349171225
M_1,s9,G,840.0,0.12780798474379174
M_1,s9,G,860.0,0.10028885805397882
M_1,s9,G,880.0,0.20486218066307998
M_1,s9,G,900.0,0.22173696663925577
M_1,s9,G,920.0,0.45433633381863825
M_1,s9,G,940.0,0.5769049200446141
M_1,s9,G,960.0,0.5254496603065475
M_1,s9,G,980.0,0.4877671893850627
M_1,s9,A,0.0,0.18262208944213076
M_1,s9,A,20.0,0.10184196446648124
M_1,s9,A,40.0,0.09108172233850859
M_1,s9,A,60.0,0.08478465682994303
M_1,s9,A,80.0,0.0646002553211901
M_1,s9,A,100.0,0.05303653801358737
M_1,s9,A,120.0,-0.035223012828961266
M_1,s9,A,140.0,-0.03621458169582474
M_1,s9,A,160.0,-0.027331207217226205
M_1,s9,A,180.0,0.015322812482008626
M_1,s9,A,200.0,0.20461083122953294
M_1,s9,A,220.0,0.06346195887639629
M_1,s9,A,240.0,-0.002831868473142922
M_1,s9,A,260.0,0.07270353258860679
M_1,s9,A,280.0,0.07216574779280473
M_1,s9,A,300.0,-0.1537812907181857
M_1,s9,A,320.0,-0.2617762580557646
M_1,s9,A,340.0,-0.1311656706275526
M_1,s9,A,360.0,-0.2104994222002122
M_1,s9,A,380.0,-0.2818869363511401
M_1,s9,A,400.0,-0.047219197667755966
M_1,s9,A,420.0,0.1851461670347732
M_1,s9,A,440.0,-0.23665008237495283
M_1,s9,A,460.0,-0.3155227799512388
M_1,s9,A,480.0,0.07319453107610313
M_1,s9,A,500.0,-0.11922275365384633
M_1,s9,A,520.0,-0.3644184060399392
M_1,s9,A,540.0,-0.10516812277725748
M_1,s9,A,560.0,0.10663177084171703
M_1,s9,A,580.0,-0.033010485779869966
M_1,s9,A,600.0,-0.045084189946402536
M_1,s9,A,620.0,0.05370869896017123
M_1,s9,A,640.0,-0.09113998856688543
M_1,s9,A,660.0,-0.3347598226182522
M_1,s9,A,680.0,-0.06556821038732037
M_1,s9,A,700.0,-0.023537337646090603
M_1,s9,A,720.0,-0.11227753072599853
M_1,s9,A,740.0,0.16293682518686864
M_1,s9,A,760.0,-0.025150996267739357
M_1,s9,A,780.0,-0.08131854772427542
M_1,s9,A,800.0,-0.0007671150919752595
M_1,s9,A,820.0,-0.2517391340532855
M_1,s9,A,840.0,-0.1363311438662758
M_1,s9,A,860.0,-0.0067311258759415946
M_1,s9,A,880.0,-0.1625594277727237
M_1,s9,A,900.0,-0.24940785140202415
M_1,s9,A,920.0,-0.2278651125320357
M_1,s9,A,940.0,-0.31632491112756334
M_1,s9,A,960.0,-0.2413349393540118
M_1,s9,A,980.0,-0.22300062814556712
M_1,s9,I,0.0,-0.20009216466163587
M_1,s9,I,20.0,-0.2104334675392339
M_1,s9,I,40.0,-0.0626041035784444
M_1,s9,I,60.0,-0.25215988247356996
M_1,s9,I,80.0,-0.2942528387581519
M_1,s9,I,100.0,-0.17622284188015114
M_1,s9,I,120.0,0.07174640797318818
M_1,s9,I,140.0,-0.0629234452755038
M_1,s9,I,160.0,-0.24971049856199087
M_1,s9,I,180.0,-0.2805463945699831
M_1,s9,I,200.0,-0.43504955013628716
M_1,s9,I,220.0,-0.18863997304192076
M_1,s9,I,240.0,-0.23291150047085682
M_1,s9,I,260.0,-0.3271202098511164
M_1,s9,I,280.0,-0.24913009762364222
M_1,s9,I,300.0,-0.07867951336915067
M_1,s9,I,320.0,-0.010100135667114651
M_1,s9,I,340.0,-0.14594356061300828
M_1,s9,I,360.0,-0.21993108017033924
M_1,s9,I,380.0,-0.14112898966413967
M_1,s9,I,400.0,-0.2643917776230878
M_1,s9,I,420.0,-0.34442667431244606
M_1,s9,I,440.0,-0.03685925656515657
M_1,s9,I,460.0,-0.11822932590810915
M_1,s9,I,480.0,-0.3083694381945716
M_1,s9,I,500.0,-0.006315317997042366
M_1,s9,I,520.0,0.33977788648492124
M_1,s9,I,540.0,0.015274478985074447
M_1,s9,I,560.0,-0.002509887405339195
M_1,s9,I,580.0,-0.13188819322357842
M_1,s9,I,600.0,0.08760634749716714
M_1,s9,I,620.0,0.06480698503524773
M_1,s9,I,640.0,0.07763468142750744
M_1,s9,I,660.0,0.18782991531621768
M_1,s9,I,680.0,-0.12105763758865701
M_1,s9,I,700.0,-0.2695432361046114
M_1,s9,I,720.0,-0.1682908590479888
M_1,s9,I,740.0,-0.40664112445379247
M_1,s9,I,760.0,-0.2160701621256325
M_1,s9,I,780.0,0.062017664720599434
M_1,s9,I,800.0,-0.2409694459805968
M_1,s9,I,820.0,-0.13546819063847937
M_1,s9,I,840.0,-0.1376321134949029
M_1,s9,I,860.0,-0.15658989721776376
M_1,s9,I,880.0,-0.08861242964572442
M_1,s9,I,900.0,-0.002240418709391123
M_1,s9,I,920.0,0.03557403990952354
M_1,s9,I,940.0,0.03681305315666253
M_1,s9,I,960.0,-0.04380194335536464
M_1,s9,I,980.0,-0.06578385199940806
M_2,s9,G,0.0,0.20195140474931098
M_2,s9,G,20.0,0.14178073075388342
M_2,s9,G,40.0,-0.10578335233039815
M_2,s9,G,60.0,-0.1637275201921795
M_2,s9,G,80.0,-0.15030414610141618
M_2,s9,G,100.0,-0.004843587031200802
M_2,s9,G,120.0,-0.04617870674762632
M_2,s9,G,140.0,-0.1461117346618188
M_2,s9,G,160.0,0.023448406874301664
M_2,s9,G,180.0,0.058895224991194955
M_2,s9,G,200.0,-0.0446836416889608
M_2,s9,G,220.0,-0.16309179311686112
M_2,s9,G,240.0,0.09834009105779641
M_2,s9,G,260.0,0.2968212548811713
M_2,s9,G,280.0,0.0336498213725033
M_2,s9,G,300.0,0.1599642369412589
M_2,s9,G,320.0,0.1969529918350372
M_2,s9,G,340.0,0.16836196064085057
M_2,s9,G,360.0,0.34312193980882266
M_2,s9,G,380.0,0.2462732618718802
M_2,s9,G,400.0,0.0884547106432028
M_2,s9,G,420.0,0.04875679921015749
M_2,s9,G,440.0,0.14737728446196646
M_2,s9,G,460.0,0.14713731713943054
M_2,s9,G,480.0,-0.007440573134266104
M_2,s9,G,500.0,0.0897530359152601
M_2,s9,G,520.0,0.14115536347266333
M_2,s9,G,540.0,0.019630284526637648
M_2,s9,G,560.0,-0.28480578067822765
M_2,s9,G,580.0,-0.2875399085883186
M_2,s9,G,600.0,0.18667256357001366
M_2,s9,G,620.0,0.199391935697152
M_2,s9,G,640.0,0.08853863264196608
M_2,s9,G,660.0,-0.034358179996627984
M_2,s9,G,680.0,-0.14882027414242857
M_2,s9,G,700.0,0.008396280329189112
M_2,s9,G,720.0,-0.060201195849120384
M_2,s9,G,740.0,-0.11392401242858147
M_2,s9,G,760.0,-0.021578005259524344
M_2,s9,G,780.0,-0.11330780401336069
M_2,s9,G,800.0,-0.05638739509042978
M_2,s9,G,820.0,0.0023124648735852738
M_2,s9,G,840.0,-0.008199458058795961
M_2,s9,G,860.0,0.18536594244452023
M_2,s9,G,880.0,0.20946341514287434
M_2,s9,G,900.0,0.20652857199794586
M_2,s9,G,920.0,0.22215590004849547
M_2,s9,G,940.0,0.2827350467958512
M_2,s9,G,960.0,0.36196196299231226
M_2,s9,G,980.0,0.3779951746799612
M_2,s9,A,0.0,0.1431116611226501
M_2,s9,A,20.0,0.16739431892637002
M_2,s9,A,40.0,0.3458803425014772
M_2,s9,A,60.0,0.30482288808016866
M_2,s9,A,80.0,0.1079002971797938
M_2,s9,A,100.0,-0.041070518269804485
M_2,s9,A,120.0,-0.03598831200025981
M_2,s9,A,140.0,-0.004484024192522251
M_2,s9,A,160.0,0.006552072974959508
M_2,s9,A,180.0,-0.03633617366969819
M_2,s9,A,200.0,0.03184793402265272
M_2,s9,A,220.0,-0.038202388811234375
M_2,s9,A,240.0,-0.22994443096947914
M_2,s9,A,260.0,-0.04494491169678356
M_2,s9,A,280.0,0.06725284253264513
M_2,s9,A,300.0,-0.06579109968225297
M_2,s9,A,320.0,-0.2847612156701257
M_2,s9,A,340.0,-0.2817394108069571
M_2,s9,A,360.0,-0.2890330138300212
M_2,s9,A,380.0,-0.31089506336678496
M_2,s9,A,400.0,-0.26402347471540566
M_2,s9,A,420.0,-0.004159666739593559
M_2,s9,A,440.0,-0.16424234503820678
M_2,s9,A,460.0,-0.4317183563827066
M_2,s9,A,480.0,-0.306274216170785
M_2,s9,A,500.0,-0.24175828969288451
M_2,s9,A,520.0,-0.4021062877641618
M_2,s9,A,540.0,-0.25159591415396304
M_2,s9,A,560.0,-0.20664996940890856
M_2,s9,A,580.0,-0.2755289629059504
M_2,s9,A,600.0,-0.4188239290095457
M_2,s9,A,620.0,-0.34975820395204604
M_2,s9,A,640.0,-0.30075515423711363
M_2,s9,A,660.0,-0.28939146940521443
M_2,s9,A,680.0,-0.0547435975530951
M_2,s9,A,700.0,-0.0928339002511836
M_2,s9,A,720.0,-0.0849328748325576
M_2,s9,A,740.0,0.07951021359542129
M_2,s9,A,760.0,0.020097564769776644
M_2,s9,A,780.0,-0.10779657876422041
M_2,s9,A,800.0,-0.22301375125275444
M_2,s9,A,820.0,-0.469133577850369
M_2,s9,A,840.0,-0.36868046322527787
M_2,s9,A,860.0,-0.23829072632219067
M_2,s9,A,880.0,-0.343038116109327
M_2,s9,A,900.0,-0.4957783201380178
M_2,s9,A,920.0,-0.37353336691812483
M_2,s9,A,940.0,-0.4247581171265915
M_2,s9,A,960.0,-0.4668960932888665
M_2,s9,A,980.0,-0.5362077267133295
M_2,s9,I,0.0,-0.051302353187815994
M_2,s9,I,20.0,-0.29883438763189846
M_2,s9,I,40.0,0.132870087575686
M_2,s9,I,60.0,0.014430263937057736
M_2,s9,I,80.0,0.02023410355249261
M_2,s9,I,100.0,-0.07978625880079399
M_2,s9,I,120.0,0.13380137458525573
M_2,s9,I,140.0,0.2356501794155221
M_2,s9,I,160.0,-0.018776876526605174
M_2,s9,I,180.0,-0.12630906948023995
M_2,s9,I,200.0,-0.11070284264628563
M_2,s9,I,220.0,0.3859281195211373
M_2,s9,I,240.0,0.27663802257324255
M_2,s9,I,260.0,-0.3451925826622883
M_2,s9,I,280.0,0.06922041645473494
M_2,s9,I,300.0,0.1874255496785202
M_2,s9,I,320.0,0.030831868668831475
M_2,s9,I,340.0,0.07606612447682484
M_2,s9,I,360.0,0.3094037441532046
M_2,s9,I,380.0,0.31879497387363337
M_2,s9,I,400.0,0.2949820369886375
M_2,s9,I,420.0,0.19041927216304516
M_2,s9,I,440.0,0.45346289301079895
M_2,s9,I,460.0,0.5075490178006012
M_2,s9,I,480.0,0.23752247117326505
M_2,s9,I,500.0,0.4775022470753721
M_2,s9,I,520.0,0.7769870651075936
M_2,s9,I,540.0,0.2706353769939171
M_2,s9,I,560.0,0.3916643326342759
M_2,s9,I,580.0,0.6212115279122917
M_2,s9,I,600.0,0.8369469656377513
M_2,s9,I,620.0,0.3912571396323783
M_2,s9,I,640.0,0.33667789512746177
M_2,s9,I,660.0,0.9720293534890849
M_2,s9,I,680.0,0.6632807036045123
M_2,s9,I,700.0,0.3776667774048536
M_2,s9,I,720.0,0.46225538809399
M_2,s9,I,740.0,0.38464669599143725
M_2,s9,I,760.0,0.4757575476738738
M_2,s9,I,780.0,0.6952423726584255
M_2,s9,I,800.0,0.6407312147999535
M_2,s9,I,820.0,0.6264496872349214
M_2,s9,I,840.0,0.40781964246365093
M_2,s9,I,860.0,0.059154074799420996
M_2,s9,I,880.0,0.012760667338121208
M_2,s9,I,900.0,0.16479883897494157
M_2,s9,I,920.0,0.26689685235091454
M_2,s9,I,940.0,0.3571859689113649
M_2,s9,I,960.0,0.3601891898785264
M_2,s9,I,980.0,0.3936594061321963
F_1,s10,G,0.0,0.19881713043160837
F_1,s10,G,20.0,-0.03690227326905809
F_1,s10,G,40.0,-0.13008728528192812
F_1,s10,G,60.0,-0.02865871101476633
F_1,s10,G,80.0,0.13589728938556453
F_1,s10,G,100.0,0.01633324960619096
F_1,s10,G,120.0,-0.03227521322041192
F_1,s10,G,140.0,-0.07294758491299123
F_1,s10,G,160.0,-0.03891071023691911
F_1,s10,G,180.0,-0.0863234808542656
F_1,s10,G,200.0,-0.02366789830637206
F_1,s10,G,220.0,0.12224291037385927
F_1,s10,G,240.0,0.023967670601840685
F_1,s10,G,260.0,0.0047907804387103264
F_1,s10,G,280.0,0.02939304408499674
F_1,s10,G,300.0,0.028688495264216102
F_1,s10,G,320.0,-0.029942403430143177
F_1,s10,G,340.0,-0.026276638603386054
F_1,s10,G,360.0,0.24337843624359953
F_1,s10,G,380.0,0.04507389751896579
F_1,s10,G,400.0,-0.45382286256243554
F_1,s10,G,420.0,-0.3140918640189994
F_1,s10,G,440.0,0.014518632324776015
F_1,s10,G,460.0,-0.10900510317250656
F_1,s10,G,480.0,-0.3142568022625226
F_1,s10,G,500.0,-0.07602821338793615
F_1,s10,G,520.0,-0.06322026333593535
F_1,s10,G,540.0,-0.19560549893217788
F_1,s10,G,560.0,-0.2482678326956806
F_1,s10,G,580.0,-0.07785928718340543
F_1,s10,G,600.0,-0.09719075095400156
F_1,s10,G,620.0,-0.3514274855630558
F_1,s10,G,640.0,-0.2953249601085725
F_1,s10,G,660.0,0.1374937314035524
F_1,s10,G,680.0,0.20937546461165668
F_1,s10,G,700.0,0.018580183350201118
F_1,s10,G,720.0,0.000573951878000703
F_1,s10,G,740.0,0.039003078321441786
F_1,s10,G,760.0,-0.10571172829795333
F_1,s10,G,780.0,-0.1803673698346176
F_1,s10,G,800.0,-0.1170327582637144
F_1,s10,G,820.0,-0.0214379041252305
F_1,s10,G,840.0,-0.0373861158042286
F_1,s10,G,860.0,-0.2094291249969213
F_1,s10,G,880.0,-0.2497409626099425
F_1,s10,G,900.0,-0.19160147322286725
F_1,s10,G,920.0,-0.13980495209742244
F_1,s10,G,940.0,-0.1050764535224898
F_1,s10,G,960.0,-0.2405805872226413
F_1,s10,G,980.0,-0.185504171926713
F_1,s10,A,0.0,-0.24954974517412704
F_1,s10,A,20.0,-0.2799356232764272
F_1,s10,A,40.0,-0.2776461772440353
F_1,s10,A,60.0,-0.25604943468560937
F_1,s10,A,80.0,-0.15798594192396026
F_1,s10,A,100.0,-0.17604711268912118
F_1,s10,A,120.0,-0.3105716340641147
F_1,s10,A,140.0,-0.3312247678868232
F_1,s10,A,160.0,-0.3589872109347766
F_1,s10,A,180.0,-0.20972339238227256
F_1,s10,A,200.0,-0.28942094600255536
F_1,s10,A,220.0,-0.21923366521821452
F_1,s10,A,240.0,-0.026739142670007647
F_1,s10,A,260.0,0.029402543925342823
F_1,s10,A,280.0,-0.015462982057460191
F_1,s10,A,300.0,-0.138111366211978
F_1,s10,A,320.0,-0.15116370893784084
F_1,s10,A,340.0,-0.27544853245559353
F_1,s10,A,360.0,-0.2671933566723617
F_1,s10,A,380.0,-0.2571933882523768
F_1,s10,A,400.0,-0.3379217039255529
F_1,s10,A,420.0,-0.3106939359952516
F_1,s10,A,440.0,-0.2840724963229024
F_1,s10,A,460.0,-0.1615549284948068
F_1,s10,A,480.0,-0.08803983874842605
F_1,s10,A,500.0,-0.06957308257589397
F_1,s10,A,520.0,0.019385749604443253
F_1,s10,A,540.0,-0.14008401616299263
F_1,s10,A,560.0,-0.1593834920578386
F_1,s10,A,580.0,-0.08186502508205418
F_1,s10,A,600.0,0.22279023144862242
F_1,s10,A,620.0,0.5127637655634676
F_1,s10,A,640.0,-0.036658374016071554
F_1,s10,A,660.0,-0.45176871867013363
F_1,s10,A,680.0,-0.11291593195802536
F_1,s10,A,700.0,0.15530708563290646
F_1,s10,A,720.0,0.058600167629247565
F_1,s10,A,740.0,-0.15736772122449177
F_1,s10,A,760.0,-0.1450446306753449
F_1,s10,A,780.0,0.05521629060303683
F_1,s10,A,800.0,0.05159442430317038
F_1,s10,A,820.0,-0.17993929392386068
F_1,s10,A,840.0,-0.1942156399490875
F_1,s10,A,860.0,-0.26345799880090004
F_1,s10,A,880.0,-0.2897320031251766
F_1,s10,A,900.0,-0.35617953549662124
F_1,s10,A,920.0,-0.42146586115970236
F_1,s10,A,940.0,-0.23879957575323824
F_1,s10,A,960.0,-0.013412912456613135
F_1,s10,A,980.0,-0.1321173298925645
F_1,s10,I,0.0,-0.014302064107174134
F_1,s10,I,20.0,0.16770668293400337
F_1,s10,I,40.0,0.5385196290527221
F_1,s10,I,60.0,0.5375953074120617
F_1,s10,I,80.0,0.2838763817200276
F_1,s10,I,100.0,0.18456946981918881
F_1,s10,I,120.0,0.20545518458905204
F_1,s10,I,140.0,0.5396449371222687
F_1,s10,I,160.0,0.7344009087611312
F_1,s10,I,180.0,0.19465098124008975
F_1,s10,I,200.0,0.1814677388985391
F_1,s10,I,220.0,0.3965149366226626
F_1,s10,I,240.0,0.534167813879689
F_1,s10,I,260.0,0.5155334452569424
F_1,s10,I,280.0,0.44457207294565565
F_1,s10,I,300.0,0.5111237765807037
F_1,s10,I,320.0,0.4155006151186097
F_1,s10,I,340.0,0.4681995268963411
F_1,s10,I,360.0,0.6853923750522355
F_1,s10,I,380.0,0.9220087188417162
F_1,s10,I,400.0,0.7316579345862146
F_1,s10,I,420.0,1.0782610623915596
F_1,s10,I,440.0,0.9126527504105089
F_1,s10,I,460.0,0.3742609173522767
F_1,s10,I,480.0,0.3704518073960875
F_1,s10,I,500.0,0.8492957659779314
F_1,s10,I,520.0,1.0251106905919034
F_1,s10,I,540.0,0.8597186528903829
F_1,s10,I,560.0,0.8134504569345428
F_1,s10,I,580.0,0.656846867630468
F_1,s10,I,600.0,0.8080233736028366
F_1,s10,I,620.0,1.0518469521348306
F_1,s10,I,640.0,0.7105205524678402
F_1,s10,I,660.0,0.6523817740358185
F_1,s10,I,680.0,0.582960861109181
F_1,s10,I,700.0,0.5244522121063657
F_1,s10,I,720.0,0.4882040169626976
F_1,s10,I,740.0,0.19684082303396622
F_1,s10,I,760.0,0.12793280648125682
F_1,s10,I,780.0,0.2298118178642033
F_1,s10,I,800.0,0.175225341046832
F_1,s10,I,820.0,0.4541774972365575
F_1,s10,I,840.0,0.6230156092107182
F_1,s10,I,860.0,0.7585534069891113
F_1,s10,I,880.0,0.4320195118415195
F_1,s10,I,900.0,0.3566969374608264
F_1,s10,I,920.0,0.5645277553108313
F_1,s10,I,940.0,0.5444685093184499
F_1,s10,I,960.0,0.30597974661665855
F_1,s10,I,980.0,0.20160844860919053
F_2,s10,G,0.0,0.21298663242485752
F_2,s10,G,20.0,0.08601843987502604
F_2,s10,G,40.0,-0.1768724773544771
F_2,s10,G,60.0,-0.1545013322079979
F_2,s10,G,80.0,0.03493947351038137
F_2,s10,G,100.0,-0.24649085749881544
F_2,s10,G,120.0,-0.23298598164389106
F_2,s10,G,140.0,-0.20237142870544508
F_2,s10,G,160.0,-0.2121677986944057
F_2,s10,G,180.0,-0.21957290061322024
F_2,s10,G,200.0,-0.0801342430112561
F_2,s10,G,220.0,0.08103769798827043
F_2,s10,G,240.0,-0.1387177763919209
F_2,s10,G,260.0,-0.34296747480774553
F_2,s10,G,280.0,-0.1308630559803971
F_2,s10,G,300.0,-0.017304370059992052
F_2,s10,G,320.0,-0.07223270191225001
F_2,s10,G,340.0,-0.04409566455281988
F_2,s10,G,360.0,0.3809206052244891
F_2,s10,G,380.0,0.10342230119357083
F_2,s10,G,400.0,-0.41360319425713643
F_2,s10,G,420.0,-0.10043662938616638
F_2,s10,G,440.0,0.21055226562978224
F_2,s10,G,460.0,0.041350923919206826
F_2,s10,G,480.0,-0.14356494618143534
F_2,s10,G,500.0,0.15544558634401973
F_2,s10,G,520.0,0.08347831631284273
F_2,s10,G,540.0,-0.11157860771306881
F_2,s10,G,560.0,0.016051717070436317
F_2,s10,G,580.0,0.31128355196455515
F_2,s10,G,600.0,0.1806024350089099
F_2,s10,G,620.0,-0.30420920200956
F_2,s10,G,640.0,-0.20946952744317499
F_2,s10,G,660.0,0.15739458692816333
F_2,s10,G,680.0,0.10612907114926101
F_2,s10,G,700.0,-0.095129618365598
F_2,s10,G,720.0,-0.11718240760426948
F_2,s10,G,740.0,-0.07991528710352491
F_2,s10,G,760.0,-0.0887030851017643
F_2,s10,G,780.0,-0.0686920270208505
F_2,s10,G,800.0,-0.06848329007490728
F_2,s10,G,820.0,-0.12554503268581496
F_2,s10,G,840.0,-0.17232769908572435
F_2,s10,G,860.0,-0.3228731360474935
F_2,s10,G,880.0,-0.22595943122123724
F_2,s10,G,900.0,-0.17645262094537223
F_2,s10,G,920.0,-0.3677533793673899
F_2,s10,G,940.0,-0.5022109232614795
F_2,s10,G,960.0,-0.49758696152767784
F_2,s10,G,980.0,-0.2962959670047294
F_2,s10,A,0.0,-0.2715322297519912
F_2,s10,A,20.0,-0.31025469772959113
F_2,s10,A,40.0,-0.24469991154936926
F_2,s10,A,60.0,-0.0876789914837861
F_2,s10,A,80.0,-0.023260064703742978
F_2,s10,A,100.0,0.06589462582524223
F_2,s10,A,120.0,-0.08994075222098706
F_2,s10,A,140.0,-0.2560995424801854
F_2,s10,A,160.0,-0.2088024437271679
F_2,s10,A,180.0,-0.17905354532167916
F_2,s10,A,200.0,-0.33283083477274905
F_2,s10,A,220.0,-0.2223079764225677
F_2,s10,A,240.0,-0.1565291243189115
F_2,s10,A,260.0,-0.05398890726245094
F_2,s10,A,280.0,-0.18025890431449149
F_2,s10,A,300.0,-0.3099047890431831
F_2,s10,A,320.0,-0.33408677338316006
F_2,s10,A,340.0,-0.5299933670220416
F_2,s10,A,360.0,-0.6687111130999657
F_2,s10,A,380.0,-0.6719042308801826
F_2,s10,A,400.0,-0.6760959618805383
F_2,s10,A,420.0,-0.9673393007089782
F_2,s10,A,440.0,-0.893534480916645
F_2,s10,A,460.0,-0.7154088208493752
F_2,s10,A,480.0,-0.8423014566112492
F_2,s10,A,500.0,-0.9551044317448311
F_2,s10,A,520.0,-0.5926393852141882
F_2,s10,A,540.0,-0.5756812070387218
F_2,s10,A,560.0,-0.8005770492799118
F_2,s10,A,580.0,-0.8261964246425637
F_2,s10,A,600.0,-0.5691657149006508
F_2,s10,A,620.0,-0.09536361766140247
F_2,s10,A,640.0,-0.424088561523256
F_2,s10,A,660.0,-0.6670861755671389
F_2,s10,A,680.0,-0.285451123919673
F_2,s10,A,700.0,-0.004608781250698038
F_2,s10,A,720.0,-0.05772209343265354
F_2,s10,A,740.0,-0.2376393940020588
F_2,s10,A,760.0,-0.17482761035159974
F_2,s10,A,780.0,-0.1329863077857941
F_2,s10,A,800.0,-0.33683161733884376
F_2,s10,A,820.0,-0.5452251064312046
F_2,s10,A,840.0,-0.5401247577056697
F_2,s10,A,860.0,-0.565561397909345
F_2,s10,A,880.0,-0.5019186358348122
F_2,s10,A,900.0,-0.5027996905304829
F_2,s10,A,920.0,-0.374137926193562
F_2,s10,A,940.0,-0.14028068704917418
F_2,s10,A,960.0,-0.21847078014430077
F_2,s10,A,980.0,-0.2573401052754595
F_2,s10,I,0.0,0.0032677885666849427
F_2,s10,I,20.0,-0.02312806924144467
F_2,s10,I,40.0,0.2435537451221239
F_2,s10,I,60.0,0.21659774421195938
F_2,s10,I,80.0,-0.04753787059972517
F_2,s10,I,100.0,-0.14843543060818998
F_2,s10,I,120.0,0.02457817646154875
F_2,s10,I,140.0,0.2252061855212434
F_2,s10,I,160.0,0.23961643097019725
F_2,s10,I,180.0,0.0634074690203813
F_2,s10,I,200.0,0.05769496906829877
F_2,s10,I,220.0,0.2098938959357195
F_2,s10,I,240.0,0.35413985553962074
F_2,s10,I,260.0,0.3351693295199099
F_2,s10,I,280.0,0.42436256338274386
F_2,s10,I,300.0,0.346161891304155
F_2,s10,I,320.0,0.05994576756669248
F_2,s10,I,340.0,0.4574682550934809
F_2,s10,I,360.0,0.6155631589356917
F_2,s10,I,380.0,0.4240952046959582
F_2,s10,I,400.0,0.3729080455548194
F_2,s10,I,420.0,1.0559165336498701
F_2,s10,I,440.0,0.8224140653812081
F_2,s10,I,460.0,0.10608690465094811
F_2,s10,I,480.0,0.37443785136211843
F_2,s10,I,500.0,0.9165356890296092
F_2,s10,I,520.0,0.620826749550554
F_2,s10,I,540.0,0.35059894037221395
F_2,s10,I,560.0,0.6359790816193697
F_2,s10,I,580.0,0.3635430508219324
F_2,s10,I,600.0,0.2630101135117852
F_2,s10,I,620.0,0.5857154837960088
F_2,s10,I,640.0,0.486082661331628
F_2,s10,I,660.0,0.24315359439819925
F_2,s10,I,680.0,0.18572147857708762
F_2,s10,I,700.0,0.3628671925835332
F_2,s10,I,720.0,0.2878406514277504
F_2,s10,I,740.0,0.17351031052041155
F_2,s10,I,760.0,0.11659059881049759
F_2,s10,I,780.0,0.05231462075281301
F_2,s10,I,800.0,0.19077808789265197
F_2,s10,I,820.0,0.5647126856541294
F_2,s10,I,840.0,0.7570033873665969
F_2,s10,I,860.0,0.7930341225531348
F_2,s10,I,880.0,0.31576672527390887
F_2,s10,I,900.0,0.17282099902223588
F_2,s10,I,920.0,0.4902039420937069
F_2,s10,I,940.0,0.48554649741654377
F_2,s10,I,960.0,0.48814559038820726
F_2,s10,I,980.0,0.3262594749731941
M_1,s10,G,0.0,0.011407938817741783
M_1,s10,G,20.0,-0.09190023292209461
M_1,s10,G,40.0,-0.175599560900889
M_1,s10,G,60.0,-0.09276114297408158
M_1,s10,G,80.0,-0.06398482588914065
M_1,s10,G,100.0,-0.11335583412970315
M_1,s10,G,120.0,-0.06618287762517862
M_1,s10,G,140.0,-0.14472798477444537
M_1,s10,G,160.0,-0.29187707544934427
M_1,s10,G,180.0,-0.32731741123169183
M_1,s10,G,200.0,-0.17199118396321866
M_1,s10,G,220.0,0.05295435151414658
M_1,s10,G,240.0,-0.13952565411773415
M_1,s10,G,260.0,-0.3026867500028897
M_1,s10,G,280.0,-0.13450097372467895
M_1,s10,G,300.0,-0.17012605871876604
M_1,s10,G,320.0,-0.1227271086127473
M_1,s10,G,340.0,0.07242587043252391
M_1,s10,G,360.0,0.4127671014184014
M_1,s10,G,380.0,-0.11608284008183994
M_1,s10,G,400.0,-0.3469254402749585
M_1,s10,G,420.0,0.29873371181401037
M_1,s10,G,440.0,0.21349139120059601
M_1,s10,G,460.0,-0.3788899604599023
M_1,s10,G,480.0,-0.15305050079699245
M_1,s10,G,500.0,0.47240774128844576
M_1,s10,G,520.0,0.001048984386834123
M_1,s10,G,540.0,-0.34381893580250367
M_1,s10,G,560.0,0.1578201196865162
M_1,s10,G,580.0,0.46605656006219043
M_1,s10,G,600.0,-0.040336641574603704
M_1,s10,G,620.0,-0.43665692751481877
M_1,s10,G,640.0,0.0020725101107435945
M_1,s10,G,660.0,0.25553943596175827
M_1,s10,G,680.0,0.09659034061407405
M_1,s10,G,700.0,0.07044997657428384
M_1,s10,G,720.0,0.26477019661746914
M_1,s10,G,740.0,0.2140596544293849
M_1,s10,G,760.0,0.07462106328796114
M_1,s10,G,780.0,-0.061729737434739446
M_1,s10,G,800.0,-0.09616498907452833
M_1,s10,G,820.0,-0.10945683142515568
M_1,s10,G,840.0,-0.1355197204783702
M_1,s10,G,860.0,-0.24659662952828174
M_1,s10,G,880.0,-0.247717805881078
M_1,s10,G,900.0,-0.1884310440190322
M_1,s10,G,920.0,-0.33556396595755905
M_1,s10,G,940.0,-0.4050390769392328
M_1,s10,G,960.0,-0.3842224338272555
M_1,s10,G,980.0,-0.2587401898628794
M_1,s10,A,0.0,-0.011117128665625801
M_1,s10,A,20.0,0.019778016500310913
M_1,s10,A,40.0,0.052467235463670076
M_1,s10,A,60.0,0.0888021805452104
M_1,s10,A,80.0,0.13652224100781157
M_1,s10,A,100.0,0.06627087824951512
M_1,s10,A,120.0,-0.07798913713640591
M_1,s10,A,140.0,-0.05229212634047621
M_1,s10,A,160.0,0.02927726693858865
M_1,s10,A,180.0,0.06277430235884346
M_1,s10,A,200.0,0.01687301062367813
M_1,s10,A,220.0,0.1231306090903723
M_1,s10,A,240.0,0.19253324328456783
M_1,s10,A,260.0,0.1528146035556385
M_1,s10,A,280.0,0.09628536137539863
M_1,s10,A,300.0,0.029033736660137498
M_1,s10,A,320.0,0.01322445702148696
M_1,s10,A,340.0,-0.41443308138171575
M_1,s10,A,360.0,-0.3084950113300722
M_1,s10,A,380.0,-0.0861030534214279
M_1,s10,A,400.0,-0.3365370533347855
M_1,s10,A,420.0,-0.6400235149400044
M_1,s10,A,440.0,-0.37289646615916594
M_1,s10,A,460.0,-0.15638023850146565
M_1,s10,A,480.0,-0.4293154294823493
M_1,s10,A,500.0,-0.36908622259708157
M_1,s10,A,520.0,0.16200276291851196
M_1,s10,A,540.0,-0.06559085426202256
M_1,s10,A,560.0,-0.3910450533894265
M_1,s10,A,580.0,-0.07734360317848998
M_1,s10,A,600.0,0.3166149107518229
M_1,s10,A,620.0,0.4455668282720972
M_1,s10,A,640.0,-0.12138788853794721
M_1,s10,A,660.0,-0.27854331586596004
M_1,s10,A,680.0,0.038911618463889526
M_1,s10,A,700.0,0.1585852047254712
M_1,s10,A,720.0,0.07655987367604211
M_1,s10,A,740.0,-0.11686800503522082
M_1,s10,A,760.0,-0.15555306344974493
M_1,s10,A,780.0,-0.056529693479492604
M_1,s10,A,800.0,-0.1366873067160505
M_1,s10,A,820.0,-0.3482151623915152
M_1,s10,A,840.0,-0.3952444312548232
M_1,s10,A,860.0,-0.3596580865479532
M_1,s10,A,880.0,-0.28131103282705294
M_1,s10,A,900.0,-0.4057342419822446
M_1,s10,A,920.0,-0.36891530531934513
M_1,s10,A,940.0,-0.09434354110076254
M_1,s10,A,960.0,-0.12104102520477932
M_1,s10,A,980.0,-0.15497172973162593
M_1,s10,I,0.0,-0.10709289112131745
M_1,s10,I,20.0,-0.15563227083423978
M_1,s10,I,40.0,0.07936015351379627
M_1,s10,I,60.0,0.07476496904128481
M_1,s10,I,80.0,-0.15227341196613836
M_1,s10,I,100.0,-0.18972706635905995
M_1,s10,I,120.0,-0.043084235301074136
M_1,s10,I,140.0,0.14948881645709042
M_1,s10,I,160.0,0.19457340312028223
M_1,s10,I,180.0,0.03659423638310521
M_1,s10,I,200.0,-0.05380953512537401
M_1,s10,I,220.0,0.08010252476731346
M_1,s10,I,240.0,0.24125457634122288
M_1,s10,I,260.0,0.3250730353485476
M_1,s10,I,280.0,0.2967008436611503
M_1,s10,I,300.0,0.25298934065820905
M_1,s10,I,320.0,-0.014641127245695051
M_1,s10,I,340.0,0.41949717353389904
M_1,s10,I,360.0,0.4425682561078681
M_1,s10,I,380.0,0.19590059344802377
M_1,s10,I,400.0,0.3415369319611509
M_1,s10,I,420.0,1.1138644997941907
M_1,s10,I,440.0,0.764656932660507
M_1,s10,I,460.0,0.07836931595000096
M_1,s10,I,480.0,0.5101522141292948
M_1,s10,I,500.0,0.916428428498876
M_1,s10,I,520.0,0.5235811285124874
M_1,s10,I,540.0,0.35870837563557656
M_1,s10,I,560.0,0.6592329283654563
M_1,s10,I,580.0,0.20989692989025083
M_1,s10,I,600.0,0.037269904224275924
M_1,s10,I,620.0,0.49119686838709103
M_1,s10,I,640.0,0.48997610512091605
M_1,s10,I,660.0,0.17705441088936053
M_1,s10,I,680.0,0.08605792725659255
M_1,s10,I,700.0,0.24215747016021094
M_1,s10,I,720.0,0.1881104398296567
M_1,s10,I,740.0,0.10084583499139987
M_1,s10,I,760.0,0.1362095090387891
M_1,s10,I,780.0,0.2154810558288735
M_1,s10,I,800.0,0.320351448980947
M_1,s10,I,820.0,0.6729875006202947
M_1,s10,I,840.0,0.8120927171220608
M_1,s10,I,860.0,0.729994596042469
M_1,s10,I,880.0,0.27863191888650346
M_1,s10,I,900.0,0.2771490021074982
M_1,s10,I,920.0,0.576441986815043
M_1,s10,I,940.0,0.45042673143950285
M_1,s10,I,960.0,0.47475056580229347
M_1,s10,I,980.0,0.3448619769952767
M_2,s10,G,0.0,0.1399341583557556
M_2,s10,G,20.0,-0.05706143448445514
M_2,s10,G,40.0,-0.15882707308386404
M_2,s10,G,60.0,-0.06680633945221018
M_2,s10,G,80.0,-0.054687792303370786
M_2,s10,G,100.0,-0.247222807669058
M_2,s10,G,120.0,-0.2186560306495601
M_2,s10,G,140.0,-0.1712803470849997
M_2,s10,G,160.0,-0.2574191791576541
M_2,s10,G,180.0,-0.48241904225415827
M_2,s10,G,200.0,-0.2379015199911879
M_2,s10,G,220.0,-0.06674585280830721
M_2,s10,G,240.0,-0.1459914220898691
M_2,s10,G,260.0,-0.3477577721367078
M_2,s10,G,280.0,-0.294289206911527
M_2,s10,G,300.0,-0.22916855808653935
M_2,s10,G,320.0,-0.01318538510083904
M_2,s10,G,340.0,-0.19234268310166047
M_2,s10,G,360.0,-0.09433085970948663
M_2,s10,G,380.0,0.27232179991719907
M_2,s10,G,400.0,-0.218081721721409
M_2,s10,G,420.0,-0.20386350686612464
M_2,s10,G,440.0,0.28428768577803193
M_2,s10,G,460.0,0.007662885551195334
M_2,s10,G,480.0,-0.14720295779447715
M_2,s10,G,500.0,0.29458926677242603
M_2,s10,G,520.0,0.1691328628495524
M_2,s10,G,540.0,-0.058853233760788895
M_2,s10,G,560.0,0.18301026784021074
M_2,s10,G,580.0,0.5662677313854544
M_2,s10,G,600.0,0.4405548084969414
M_2,s10,G,620.0,0.007856808367773388
M_2,s10,G,640.0,0.01566703625968352
M_2,s10,G,660.0,0.3162722864491815
M_2,s10,G,680.0,0.2976394846913927
M_2,s10,G,700.0,0.019459951127873278
M_2,s10,G,720.0,0.0008652433304070159
M_2,s10,G,740.0,0.02867613405004997
M_2,s10,G,760.0,-0.21918302354780603
M_2,s10,G,780.0,-0.29635522306090417
M_2,s10,G,800.0,-0.28816167515109425
M_2,s10,G,820.0,-0.1589612961253101
M_2,s10,G,840.0,-0.17010014213823169
M_2,s10,G,860.0,-0.2960027874401693
M_2,s10,G,880.0,-0.3649379689910488
M_2,s10,G,900.0,-0.3773623885792913
M_2,s10,G,920.0,-0.44001914368870443
M_2,s10,G,940.0,-0.5220322371539057
M_2,s10,G,960.0,-0.5278078888446848
M_2,s10,G,980.0,-0.4276777182627095
M_2,s10,A,0.0,-0.2765424874886337
M_2,s10,A,20.0,-0.16095389236737112
M_2,s10,A,40.0,-0.0854504581945468
M_2,s10,A,60.0,-0.06041261578797136
M_2,s10,A,80.0,0.006243958389661214
M_2,s10,A,100.0,0.14074841116362183
M_2,s10,A,120.0,-0.07289945580016854
M_2,s10,A,140.0,-0.23149847483163533
M_2,s10,A,160.0,-0.1302046431037825
M_2,s10,A,180.0,-0.018103226956066795
M_2,s10,A,200.0,-0.022814155129629116
M_2,s10,A,220.0,-0.025069646862502713
M_2,s10,A,240.0,0.016424211122212665
M_2,s10,A,260.0,0.027550336223463492
M_2,s10,A,280.0,-0.08020270783451489
M_2,s10,A,300.0,-0.14166329587218796
M_2,s10,A,320.0,-0.20630251373871367
M_2,s10,A,340.0,-0.5910443859056886
M_2,s10,A,360.0,-0.38725357357319523
M_2,s10,A,380.0,-0.4821756749076254
M_2,s10,A,400.0,-0.5216048426452793
M_2,s10,A,420.0,-0.5752787332976157
M_2,s10,A,440.0,-0.5976702586024286
M_2,s10,A,460.0,-0.6271146916025432
M_2,s10,A,480.0,-0.7504675065821779
M_2,s10,A,500.0,-0.5932106878253551
M_2,s10,A,520.0,-0.3773645137584102
M_2,s10,A,540.0,-0.6014593384614568
M_2,s10,A,560.0,-0.73346522331532
M_2,s10,A,580.0,-0.22539017036960754
M_2,s10,A,600.0,0.2033661139822223
M_2,s10,A,620.0,0.18671791272037533
M_2,s10,A,640.0,-0.4249266888641567
M_2,s10,A,660.0,-0.5362565039847791
M_2,s10,A,680.0,-0.06591597398446664
M_2,s10,A,700.0,-0.010224464564858024
M_2,s10,A,720.0,-0.1394647553389551
M_2,s10,A,740.0,-0.30355862661196503
M_2,s10,A,760.0,-0.20200777560932381
M_2,s10,A,780.0,0.009599503812943389
M_2,s10,A,800.0,-0.1326061259101311
M_2,s10,A,820.0,-0.41222445972891797
M_2,s10,A,840.0,-0.498228437997399
M_2,s10,A,860.0,-0.3356516389082572
M_2,s10,A,880.0,-0.13457887551803188
M_2,s10,A,900.0,-0.20333811597250007
M_2,s10,A,920.0,-0.36975096808959124
M_2,s10,A,940.0,-0.14232278053542277
M_2,s10,A,960.0,-0.12550282837316568
M_2,s10,A,980.0,-0.2955566169090141
M_2,s10,I,0.0,0.25124320929391375
M_2,s10,I,20.0,0.25169576425907864
M_2,s10,I,40.0,0.1111666527777525
M_2,s10,I,60.0,0.12237987007060425
M_2,s10,I,80.0,0.2137318548065258
M_2,s10,I,100.0,-0.2211453184658673
M_2,s10,I,120.0,-0.243235830561575
M_2,s10,I,140.0,0.14568334778518988
M_2,s10,I,160.0,0.21849171583801627
M_2,s10,I,180.0,0.16556737544938244
M_2,s10,I,200.0,-0.12747640140722363
M_2,s10,I,220.0,0.002477182091930638
M_2,s10,I,240.0,0.12252528981579314
M_2,s10,I,260.0,0.11796976495927008
M_2,s10,I,280.0,0.3185227688015319
M_2,s10,I,300.0,0.4916592817943396
M_2,s10,I,320.0,-0.11274467844005161
M_2,s10,I,340.0,0.41987092329843567
M_2,s10,I,360.0,0.5718969822336278
M_2,s10,I,380.0,0.022866654742548287
M_2,s10,I,400.0,0.08444505324308421
M_2,s10,I,420.0,1.0446071525361411
M_2,s10,I,440.0,1.0299158159449902
M_2,s10,I,460.0,0.15264074768471134
M_2,s10,I,480.0,0.25556212466333494
M_2,s10,I,500.0,1.1218260501441373
M_2,s10,I,520.0,1.2007083333067865
M_2,s10,I,540.0,0.3195183993654602
M_2,s10,I,560.0,-0.029273047454427242
M_2,s10,I,580.0,0.02839651903860065
M_2,s10,I,600.0,0.27130077690341414
M_2,s10,I,620.0,0.2921046833478349
M_2,s10,I,640.0,0.11312781876657838
M_2,s10,I,660.0,0.08598565931196356
M_2,s10,I,680.0,0.15062375946558032
M_2,s10,I,700.0,0.5407394066545436
M_2,s10,I,720.0,0.3748846254348507
M_2,s10,I,740.0,0.3844998277905849
M_2,s10,I,760.0,0.6185256049401944
M_2,s10,I,780.0,0.4183048195819792
M_2,s10,I,800.0,0.6018714843662623
M_2,s10,I,820.0,1.0273288067073802
M_2,s10,I,840.0,1.167473759885938
M_2,s10,I,860.0,1.061661430728346
M_2,s10,I,880.0,0.6117796448889709
M_2,s10,I,900.0,0.5373596267341196
M_2,s10,I,920.0,0.8719594325696793
M_2,s10,I,940.0,0.5702642989035015
M_2,s10,I,960.0,0.7276290665715159
M_2,s10,I,980.0,0.8623322354695526
F_1,s11,G,0.0,-0.05837000850760485
F_1,s11,G,20.0,-0.12613262758709784
F_1,s11,G,40.0,-0.34135555330105144
F_1,s11,G,60.0,0.021042573050483543
F_1,s11,G,80.0,0.02375289811793581
F_1,s11,G,100.0,0.06231561727989915
F_1,s11,G,120.0,-0.19066635924502243
F_1,s11,G,140.0,-0.29286168235413995
F_1,s11,G,160.0,-0.10504042976683772
F_1,s11,G,180.0,-0.23535775464488473
F_1,s11,G,200.0,-0.24685298237623993
F_1,s11,G,220.0,-0.20480577687646553
F_1,s11,G,240.0,-0.23952255769131164
F_1,s11,G,260.0,-0.2519888591307419
F_1,s11,G,280.0,-0.29567585110041894
F_1,s11,G,300.0,-0.506385012116829
F_1,s11,G,320.0,-0.5490322967897058
F_1,s11,G,340.0,-0.44805271816273284
F_1,s11,G,360.0,-0.2128124135969515
F_1,s11,G,380.0,-0.2574826490911427
F_1,s11,G,400.0,-0.29732926889029765
F_1,s11,G,420.0,-0.35266460992281484
F_1,s11,G,440.0,-0.38095995872376887
F_1,s11,G,460.0,-0.4174614873017888
F_1,s11,G,480.0,-0.258792619675026
F_1,s11,G,500.0,-0.20117257794395133
F_1,s11,G,520.0,-0.24294931254672208
F_1,s11,G,540.0,-0.3905311399867772
F_1,s11,G,560.0,-0.21049899874597722
F_1,s11,G,580.0,-0.20786137754682724
F_1,s11,G,600.0,-0.20518273831724043
F_1,s11,G,620.0,-0.1008114369830435
F_1,s11,G,640.0,-0.061946977537700613
F_1,s11,G,660.0,-0.09861662045831161
F_1,s11,G,680.0,0.019339981534555708
F_1,s11,G,700.0,-0.1463495676587692
F_1,s11,G,720.0,-0.13684141722169565
F_1,s11,G,740.0,-0.10576147524022629
F_1,s11,G,760.0,0.01239056230927578
F_1,s11,G,780.0,-0.08971594753938351
F_1,s11,G,800.0,-0.16111943518562577
F_1,s11,G,820.0,-0.06163273749703729
F_1,s11,G,840.0,-0.02486099508448194
F_1,s11,G,860.0,0.010652691330255547
F_1,s11,G,880.0,-0.07452130269794835
F_1,s11,G,900.0,-0.03458506806450799
F_1,s11,G,920.0,0.26594744320207
F_1,s11,G,940.0,0.09175923450582482
F_1,s11,G,960.0,-0.0097630651493123
F_1,s11,G,980.0,-0.0007755324228894134
F_1,s11,A,0.0,0.07672520349446005
F_1,s11,A,20.0,0.08861138562224871
F_1,s11,A,40.0,0.18455031815192058
F_1,s11,A,60.0,0.1354383728467461
F_1,s11,A,80.0,0.2095709037144302
F_1,s11,A,100.0,0.30885087463126676
F_1,s11,A,120.0,0.4270152116159638
F_1,s11,A,140.0,0.470201465770115
F_1,s11,A,160.0,0.41552440964776327
F_1,s11,A,180.0,-0.14689787425445025
F_1,s11,A,200.0,-0.22411110333995848
F_1,s11,A,220.0,-0.17472818611105292
F_1,s11,A,240.0,-0.04968953222477629
F_1,s11,A,260.0,0.013419098112671307
F_1,s11,A,280.0,0.140802801507997
F_1,s11,A,300.0,-0.03983105360464881
F_1,s11,A,320.0,-0.14092896524589385
F_1,s11,A,340.0,-0.047472812840408406
F_1,s11,A,360.0,-0.12740166967366
F_1,s11,A,380.0,-0.09306218706576812
F_1,s11,A,400.0,-0.055265551342911674
F_1,s11,A,420.0,-0.09022416749725465
F_1,s11,A,440.0,-0.2556707062200876
F_1,s11,A,460.0,-0.3182353058575683
F_1,s11,A,480.0,-0.22537529664730419
F_1,s11,A,500.0,-0.23515796371033876
F_1,s11,A,520.0,-0.11341695989886909
F_1,s11,A,540.0,-0.04379331096224434
F_1,s11,A,560.0,-0.12604987140383533
F_1,s11,A,580.0,-0.15967783473290995
F_1,s11,A,600.0,-0.4086205674451882
F_1,s11,A,620.0,-0.12289648396429115
F_1,s11,A,640.0,-0.20576622202836903
F_1,s11,A,660.0,-0.4203886169746359
F_1,s11,A,680.0,-0.18118893818501916
F_1,s11,A,700.0,-0.034681724004331255
F_1,s11,A,720.0,-0.157398052350454
F_1,s11,A,740.0,-0.3072534083484822
F_1,s11,A,760.0,-0.09606454374977665
F_1,s11,A,780.0,-0.11628483429873522
F_1,s11,A,800.0,-0.1399435786366529
F_1,s11,A,820.0,-0.11582233415072654
F_1,s11,A,840.0,-0.02010812919485467
F_1,s11,A,860.0,-0.0979491825342223
F_1,s11,A,880.0,-0.04573070045740048
F_1,s11,A,900.0,0.0719741211319063
F_1,s11,A,920.0,0.12343841226223948
F_1,s11,A,940.0,-0.0082194372681853
F_1,s11,A,960.0,0.021786021995547165
F_1,s11,A,980.0,-0.1733040931438276
F_1,s11,I,0.0,-0.3410549134613892
F_1,s11,I,20.0,-0.28230480265260094
F_1,s11,I,40.0,-0.04814489247287798
F_1,s11,I,60.0,-0.40765278904755153
F_1,s11,I,80.0,-0.5202065216623525
F_1,s11,I,100.0,-0.3893683102965245
F_1,s11,I,120.0,-0.4045229148797889
F_1,s11,I,140.0,-0.5689514710549104
F_1,s11,I,160.0,-0.4284818227133156
F_1,s11,I,180.0,0.2084680373306608
F_1,s11,I,200.0,0.16261504825149348
F_1,s11,I,220.0,-0.2011009229875159
F_1,s11,I,240.0,-0.5705462707019704
F_1,s11,I,260.0,-0.513545651989961
F_1,s11,I,280.0,-0.5363908422054591
F_1,s11,I,300.0,0.03731729627729291
F_1,s11,I,320.0,0.1733459373422847
F_1,s11,I,340.0,0.0626513813949488
F_1,s11,I,360.0,-0.34317647864175177
F_1,s11,I,380.0,-0.2725094033301268
F_1,s11,I,400.0,-0.07262988219554603
F_1,s11,I,420.0,-0.25072158951337276
F_1,s11,I,440.0,-0.019312318185153693
F_1,s11,I,460.0,0.027418418921806936
F_1,s11,I,480.0,0.07435548354405365
F_1,s11,I,500.0,-0.13418901492191376
F_1,s11,I,520.0,-0.3629150526235508
F_1,s11,I,540.0,0.14042853879149553
F_1,s11,I,560.0,-0.25818271589628394
F_1,s11,I,580.0,-0.06791015856184712
F_1,s11,I,600.0,0.015770889126390603
F_1,s11,I,620.0,-0.32001486334475354
F_1,s11,I,640.0,-0.06059080577069517
F_1,s11,I,660.0,0.1760875314004227
F_1,s11,I,680.0,-0.07482012176477151
F_1,s11,I,700.0,-0.2886445526062742
F_1,s11,I,720.0,0.0787998625346818
F_1,s11,I,740.0,0.0161727288256846
F_1,s11,I,760.0,-0.3837711838620729
F_1,s11,I,780.0,-0.38941848064273576
F_1,s11,I,800.0,-0.3545279665243527
F_1,s11,I,820.0,-0.5435138257484863
F_1,s11,I,840.0,-0.9206829245456531
F_1,s11,I,860.0,-0.6636677940291449
F_1,s11,I,880.0,-0.3275144002708381
F_1,s11,I,900.0,-0.5661491836029897
F_1,s11,I,920.0,-0.6625146054590894
F_1,s11,I,940.0,-0.04674740397634491
F_1,s11,I,960.0,0.31089979970914244
F_1,s11,I,980.0,0.25972086383626697
F_2,s11,G,0.0,-0.2948676305729385
F_2,s11,G,20.0,-0.4959099442399797
F_2,s11,G,40.0,-0.6906439270740906
F_2,s11,G,60.0,-0.2998529774200964
F_2,s11,G,80.0,-0.2475513079802719
F_2,s11,G,100.0,-0.3133808668490986
F_2,s11,G,120.0,-0.6203932474531406
F_2,s11,G,140.0,-0.6813939660479613
F_2,s11,G,160.0,-0.45256179417165704
F_2,s11,G,180.0,-0.5477614034071671
F_2,s11,G,200.0,-0.6026576597291347
F_2,s11,G,220.0,-0.5526131630641504
F_2,s11,G,240.0,-0.7045696507395637
F_2,s11,G,260.0,-0.6954241314823537
F_2,s11,G,280.0,-0.752725693602422
F_2,s11,G,300.0,-0.7732176736682584
F_2,s11,G,320.0,-0.7425493766374036
F_2,s11,G,340.0,-0.6507850412964031
F_2,s11,G,360.0,-0.4976613427837105
F_2,s11,G,380.0,-0.48644339445207935
F_2,s11,G,400.0,-0.6398362824220952
F_2,s11,G,420.0,-0.4600682389805088
F_2,s11,G,440.0,-0.5438901725212391
F_2,s11,G,460.0,-0.6928059845336008
F_2,s11,G,480.0,-0.6074778679332207
F_2,s11,G,500.0,-0.29217759764014284
F_2,s11,G,520.0,-0.46965933940179644
F_2,s11,G,540.0,-0.5769899378030634
F_2,s11,G,560.0,-0.2793247028383992
F_2,s11,G,580.0,-0.1705338233500538
F_2,s11,G,600.0,-0.3579236046266505
F_2,s11,G,620.0,-0.2980622358762851
F_2,s11,G,640.0,-0.37481136385634517
F_2,s11,G,660.0,-0.44170886568617035
F_2,s11,G,680.0,-0.2874309608505175
F_2,s11,G,700.0,-0.3441043017301846
F_2,s11,G,720.0,-0.516972694547025
F_2,s11,G,740.0,-0.5088444702700488
F_2,s11,G,760.0,-0.5141984010222111
F_2,s11,G,780.0,-0.6157506526374289
F_2,s11,G,800.0,-0.5371797425332516
F_2,s11,G,820.0,-0.6371379373197358
F_2,s11,G,840.0,-0.6113805124474103
F_2,s11,G,860.0,-0.4339140273682733
F_2,s11,G,880.0,-0.6760499374437869
F_2,s11,G,900.0,-0.6627662042343541
F_2,s11,G,920.0,-0.4886459819578197
F_2,s11,G,940.0,-0.6343268396744831
F_2,s11,G,960.0,-0.6825377954005032
F_2,s11,G,980.0,-0.6139344518939547
F_2,s11,A,0.0,-0.09531636933449109
F_2,s11,A,20.0,0.08784854018992969
F_2,s11,A,40.0,0.34976514124349234
F_2,s11,A,60.0,0.24288307626724712
F_2,s11,A,80.0,0.2724257416415454
F_2,s11,A,100.0,0.27070770822343354
F_2,s11,A,120.0,0.4735847977920897
F_2,s11,A,140.0,0.5035179071228867
F_2,s11,A,160.0,0.4766048409897379
F_2,s11,A,180.0,0.07030235193966704
F_2,s11,A,200.0,-0.09197495737176514
F_2,s11,A,220.0,0.15860510292296703
F_2,s11,A,240.0,0.13348411680357256
F_2,s11,A,260.0,0.17772734294298537
F_2,s11,A,280.0,0.15257730338258185
F_2,s11,A,300.0,0.1608216510075283
F_2,s11,A,320.0,0.009465968148983539
F_2,s11,A,340.0,0.22982458158377309
F_2,s11,A,360.0,0.0425459811258663
F_2,s11,A,380.0,-0.19642637762681833
F_2,s11,A,400.0,-0.07444409349447377
F_2,s11,A,420.0,-0.16189191242467682
F_2,s11,A,440.0,-0.1415012596340306
F_2,s11,A,460.0,-0.0459125152884452
F_2,s11,A,480.0,-0.11675661031527038
F_2,s11,A,500.0,-0.2718835243104988
F_2,s11,A,520.0,-0.19283214396040796
F_2,s11,A,540.0,-0.10659927643898767
F_2,s11,A,560.0,-0.3673756150145788
F_2,s11,A,580.0,-0.32596339667467
F_2,s11,A,600.0,-0.26458019309868125
F_2,s11,A,620.0,0.11842254843977523
F_2,s11,A,640.0,-0.13644519500654362
F_2,s11,A,660.0,-0.4725867741004424
F_2,s11,A,680.0,-0.28699503235051266
F_2,s11,A,700.0,-0.05228133046887419
F_2,s11,A,720.0,-0.2277919873793136
F_2,s11,A,740.0,-0.39725649305647037
F_2,s11,A,760.0,-0.3658682398785179
F_2,s11,A,780.0,-0.17865562698483684
F_2,s11,A,800.0,-0.21939633266919253
F_2,s11,A,820.0,-0.11459125603848314
F_2,s11,A,840.0,-0.10991388884074238
F_2,s11,A,860.0,-0.09081888629946196
F_2,s11,A,880.0,0.031289153074214794
F_2,s11,A,900.0,0.08013277576437372
F_2,s11,A,920.0,0.2209294514923641
F_2,s11,A,940.0,0.23249011724261975
F_2,s11,A,960.0,0.16227632038105466
F_2,s11,A,980.0,-0.18319139627614164
F_2,s11,I,0.0,-0.07114273514964528
F_2,s11,I,20.0,0.01239382110092167
F_2,s11,I,40.0,-0.11919892387477452
F_2,s11,I,60.0,-0.5419526532601853
F_2,s11,I,80.0,-0.5233295794184828
F_2,s11,I,100.0,-0.5127008487956629
F_2,s11,I,120.0,-0.4757588824855859
F_2,s11,I,140.0,-0.29015558854936746
F_2,s11,I,160.0,-0.3804042727356318
F_2,s11,I,180.0,0.009746497370537954
F_2,s11,I,200.0,0.11528684045144011
F_2,s11,I,220.0,-0.34872941436317756
F_2,s11,I,240.0,-0.47568140183193797
F_2,s11,I,260.0,-0.3458821849227851
F_2,s11,I,280.0,-0.3076892057043372
F_2,s11,I,300.0,-0.2024464451727631
F_2,s11,I,320.0,0.048804345404613356
F_2,s11,I,340.0,-0.000601951926974667
F_2,s11,I,360.0,-0.2233920567534923
F_2,s11,I,380.0,-0.0011782841966166552
F_2,s11,I,400.0,0.11819406754753142
F_2,s11,I,420.0,-0.05266196274079056
F_2,s11,I,440.0,0.0002778612818011223
F_2,s11,I,460.0,0.043314857698856526
F_2,s11,I,480.0,0.39291660655727856
F_2,s11,I,500.0,0.058538058972992524
F_2,s11,I,520.0,-0.09795763088619894
F_2,s11,I,540.0,0.40490878181934253
F_2,s11,I,560.0,0.2388585585962776
F_2,s11,I,580.0,0.15983931327978135
F_2,s11,I,600.0,-0.02167682971296933
F_2,s11,I,620.0,-0.3241636628486223
F_2,s11,I,640.0,0.05131251690792343
F_2,s11,I,660.0,0.33888733925120207
F_2,s11,I,680.0,0.15394550474001062
F_2,s11,I,700.0,-0.15572380492397264
F_2,s11,I,720.0,0.37295896021344066
F_2,s11,I,740.0,0.316766285217042
F_2,s11,I,760.0,0.08552724320935474
F_2,s11,I,780.0,0.1412964442809359
F_2,s11,I,800.0,0.23213791249779758
F_2,s11,I,820.0,-0.03081802360195575
F_2,s11,I,840.0,-0.32588805823228256
F_2,s11,I,860.0,-0.10957897216080345
F_2,s11,I,880.0,0.14113992587011354
F_2,s11,I,900.0,-0.07847005671697709
F_2,s11,I,920.0,-0.4825675369527489
F_2,s11,I,940.0,-0.14409898196814233
F_2,s11,I,960.0,0.1472399451953147
F_2,s11,I,980.0,0.224761708889955
M_1,s11,G,0.0,-0.0874391668749834
M_1,s11,G,20.0,-0.06357372954764011
M_1,s11,G,40.0,-0.2816472870416127
M_1,s11,G,60.0,0.06662766324258154
M_1,s11,G,80.0,0.22926759017271006
M_1,s11,G,100.0,-0.00691193965336552
M_1,s11,G,120.0,-0.2618511805262167
M_1,s11,G,140.0,-0.28626910881877177
M_1,s11,G,160.0,-0.30880377985975466
M_1,s11,G,180.0,-0.5526542800720712
M_1,s11,G,200.0,-0.4209186222170741
M_1,s11,G,220.0,-0.3005351970217497
M_1,s11,G,240.0,-0.4240911124169351
M_1,s11,G,260.0,-0.3305823251959833
M_1,s11,G,280.0,-0.35877698700322497
M_1,s11,G,300.0,-0.6514940496856245
M_1,s11,G,320.0,-0.7985622684521947
M_1,s11,G,340.0,-0.6761795669975074
M_1,s11,G,360.0,-0.3907750664987544
M_1,s11,G,380.0,-0.4500744348657538
M_1,s11,G,400.0,-0.5272883514304487
M_1,s11,G,420.0,-0.5938945601741129
M_1,s11,G,440.0,-0.7169581182862629
M_1,s11,G,460.0,-0.5618719722649999
M_1,s11,G,480.0,-0.44728365784340696
M_1,s11,G,500.0,-0.28836553947381394
M_1,s11,G,520.0,-0.21321684669803265
M_1,s11,G,540.0,-0.3251856073946743
M_1,s11,G,560.0,-0.08959097671835908
M_1,s11,G,580.0,-0.25079120944876265
M_1,s11,G,600.0,-0.26684387724935965
M_1,s11,G,620.0,-0.43851908296834347
M_1,s11,G,640.0,-0.4211731520526858
M_1,s11,G,660.0,-0.5851360605368816
M_1,s11,G,680.0,-0.18650570098891397
M_1,s11,G,700.0,-0.058407519125289326
M_1,s11,G,720.0,-0.3127383320173015
M_1,s11,G,740.0,-0.19341091252958503
M_1,s11,G,760.0,0.10983154481253637
M_1,s11,G,780.0,0.10520546147910675
M_1,s11,G,800.0,-0.045877438691900474
M_1,s11,G,820.0,-0.26041227107687065
M_1,s11,G,840.0,-0.14573200750375664
M_1,s11,G,860.0,0.18253034348534333
M_1,s11,G,880.0,-0.10097225833187234
M_1,s11,G,900.0,-0.12639578308363308
M_1,s11,G,920.0,-0.08533049246925023
M_1,s11,G,940.0,-0.21220305108502874
M_1,s11,G,960.0,-0.45870025213687693
M_1,s11,G,980.0,-0.30417941208747246
M_1,s11,A,0.0,0.03374158934078803
M_1,s11,A,20.0,0.021048792876007333
M_1,s11,A,40.0,0.24550069443185607
M_1,s11,A,60.0,0.3139673619534181
M_1,s11,A,80.0,0.3783467893224629
M_1,s11,A,100.0,0.5556296750123406
M_1,s11,A,120.0,0.7480784109846164
M_1,s11,A,140.0,0.6716491323906439
M_1,s11,A,160.0,0.6486933840463717
M_1,s11,A,180.0,0.3431465288460863
M_1,s11,A,200.0,0.22868358913426562
M_1,s11,A,220.0,0.27646183555905934
M_1,s11,A,240.0,0.25326524961039126
M_1,s11,A,260.0,0.2532537511829658
M_1,s11,A,280.0,0.3036627914470135
M_1,s11,A,300.0,0.4055271874330442
M_1,s11,A,320.0,0.24003860128614124
M_1,s11,A,340.0,0.36636145000186826
M_1,s11,A,360.0,0.149033904876908
M_1,s11,A,380.0,0.11643705991148073
M_1,s11,A,400.0,0.20912087812612204
M_1,s11,A,420.0,0.13711015469986665
M_1,s11,A,440.0,0.060177102686141626
M_1,s11,A,460.0,0.008326369760039698
M_1,s11,A,480.0,-0.04199490369002293
M_1,s11,A,500.0,-0.0104545388262193
M_1,s11,A,520.0,0.022102863410324025
M_1,s11,A,540.0,-0.06913584062574823
M_1,s11,A,560.0,-0.2712726597936924
M_1,s11,A,580.0,-0.011586797537647853
M_1,s11,A,600.0,-0.07357941898195977
M_1,s11,A,620.0,0.27968689593373086
M_1,s11,A,640.0,0.1333668137896023
M_1,s11,A,660.0,-0.17427523719502666
M_1,s11,A,680.0,-0.046811237410029474
M_1,s11,A,700.0,-0.002501866824050486
M_1,s11,A,720.0,-0.050789402225078856
M_1,s11,A,740.0,-0.16002073011360574
M_1,s11,A,760.0,-0.1844721982156565
M_1,s11,A,780.0,-0.05944523657278791
M_1,s11,A,800.0,0.02285279489589792
M_1,s11,A,820.0,-0.026372235168908464
M_1,s11,A,840.0,0.09351493915642042
M_1,s11,A,860.0,0.07017762402805788
M_1,s11,A,880.0,0.05603135375654017
M_1,s11,A,900.0,0.2536167416352546
M_1,s11,A,920.0,0.5429020504915558
M_1,s11,A,940.0,0.4822413031028079
M_1,s11,A,960.0,0.5173868264782379
M_1,s11,A,980.0,0.2800267342478913
M_1,s11,I,0.0,-0.21901433311908797
M_1,s11,I,20.0,-0.2029051333152505
M_1,s11,I,40.0,-0.2604017399610009
M_1,s11,I,60.0,-0.7019052475120029
M_1,s11,I,80.0,-0.72031343982838
M_1,s11,I,100.0,-0.7584509407524139
M_1,s11,I,120.0,-0.7551635067798594
M_1,s11,I,140.0,-0.5348293457864987
M_1,s11,I,160.0,-0.5227815763432235
M_1,s11,I,180.0,-0.18696641274698889
M_1,s11,I,200.0,-0.19326517180516
M_1,s11,I,220.0,-0.5537045789577135
M_1,s11,I,240.0,-0.6678048254537663
M_1,s11,I,260.0,-0.524766501433383
M_1,s11,I,280.0,-0.45054551273336124
M_1,s11,I,300.0,-0.3691041099021262
M_1,s11,I,320.0,-0.06446925129973988
M_1,s11,I,340.0,-0.01626182775782642
M_1,s11,I,360.0,-0.25604776449722183
M_1,s11,I,380.0,-0.19708950374407883
M_1,s11,I,400.0,-0.036900435850962365
M_1,s11,I,420.0,-0.09397245087916324
M_1,s11,I,440.0,0.022740125784399143
M_1,s11,I,460.0,-0.017737751424415166
M_1,s11,I,480.0,0.23950389727714574
M_1,s11,I,500.0,-0.15218111921661873
M_1,s11,I,520.0,-0.33983513729464043
M_1,s11,I,540.0,0.24847914911958902
M_1,s11,I,560.0,0.2148772901934667
M_1,s11,I,580.0,0.0391958916697521
M_1,s11,I,600.0,-0.19012357133736876
M_1,s11,I,620.0,-0.42612467807052745
M_1,s11,I,640.0,-0.027566123292873328
M_1,s11,I,660.0,0.33026567760770226
M_1,s11,I,680.0,0.07789556525820429
M_1,s11,I,700.0,-0.14282682941384817
M_1,s11,I,720.0,0.1968375378717452
M_1,s11,I,740.0,0.09011493192298836
M_1,s11,I,760.0,-0.14138726537288188
M_1,s11,I,780.0,-0.2223019420599993
M_1,s11,I,800.0,-0.14475654481249461
M_1,s11,I,820.0,-0.27160157096561577
M_1,s11,I,840.0,-0.6752172052712254
M_1,s11,I,860.0,-0.4580189772283565
M_1,s11,I,880.0,-0.2176797092584824
M_1,s11,I,900.0,-0.5780433137050434
M_1,s11,I,920.0,-1.085471917408684
M_1,s11,I,940.0,-0.6115812551739206
M_1,s11,I,960.0,-0.3458488424723494
M_1,s11,I,980.0,-0.28750719136584546
M_2,s11,G,0.0,-0.020314041315026496
M_2,s11,G,20.0,-0.10092128646250086
M_2,s11,G,40.0,-0.3489253636937433
M_2,s11,G,60.0,-0.022092186729019303
M_2,s11,G,80.0,0.2999103906460964
M_2,s11,G,100.0,0.1461236162337551
M_2,s11,G,120.0,-0.03240450146176788
M_2,s11,G,140.0,-0.24580436539683503
M_2,s11,G,160.0,-0.15457015124715928
M_2,s11,G,180.0,-0.3142712745763636
M_2,s11,G,200.0,-0.3310339040469469
M_2,s11,G,220.0,-0.23094190774402484
M_2,s11,G,240.0,-0.21669783697674347
M_2,s11,G,260.0,-0.24111401616175587
M_2,s11,G,280.0,-0.3071566259838715
M_2,s11,G,300.0,-0.4007820505120984
M_2,s11,G,320.0,-0.44434303822113824
M_2,s11,G,340.0,-0.4224552810495006
M_2,s11,G,360.0,-0.3610572742232242
M_2,s11,G,380.0,-0.4889019166699533
M_2,s11,G,400.0,-0.4713086892681159
M_2,s11,G,420.0,-0.35725320735912447
M_2,s11,G,440.0,-0.34535257631552363
M_2,s11,G,460.0,-0.35773968929016675
M_2,s11,G,480.0,-0.2336205102405811
M_2,s11,G,500.0,-0.23519653073398952
M_2,s11,G,520.0,-0.1335822944338515
M_2,s11,G,540.0,-0.15779691639700766
M_2,s11,G,560.0,-0.19254848943680425
M_2,s11,G,580.0,-0.15947044399233323
M_2,s11,G,600.0,-0.2365146415992714
M_2,s11,G,620.0,-0.3637728429110275
M_2,s11,G,640.0,-0.24928395179444773
M_2,s11,G,660.0,-0.25937778904759795
M_2,s11,G,680.0,-0.056812785523892795
M_2,s11,G,700.0,-0.2432366332944892
M_2,s11,G,720.0,-0.30346760482734836
M_2,s11,G,740.0,-0.35443922013373
M_2,s11,G,760.0,-0.20979014563455
M_2,s11,G,780.0,-0.2663340550134271
M_2,s11,G,800.0,-0.32223130890242807
M_2,s11,G,820.0,-0.34790215304653704
M_2,s11,G,840.0,-0.3549720646429638
M_2,s11,G,860.0,-0.30255371935624775
M_2,s11,G,880.0,-0.34848862900554567
M_2,s11,G,900.0,-0.3809820104001406
M_2,s11,G,920.0,-0.15687179221645703
M_2,s11,G,940.0,-0.2161295337294829
M_2,s11,G,960.0,-0.22593168376461553
M_2,s11,G,980.0,-0.2406200505081762
M_2,s11,A,0.0,0.028722148674005826
M_2,s11,A,20.0,0.028846185636632826
M_2,s11,A,40.0,0.3952272703848547
M_2,s11,A,60.0,0.32198043019225336
M_2,s11,A,80.0,0.4175470504898196
M_2,s11,A,100.0,0.5998154834860671
M_2,s11,A,120.0,0.7554333155618836
M_2,s11,A,140.0,0.572726804606918
M_2,s11,A,160.0,0.5625258155319364
M_2,s11,A,180.0,0.3494006590018934
M_2,s11,A,200.0,0.21675959712965048
M_2,s11,A,220.0,0.39529946471670496
M_2,s11,A,240.0,0.2665168686122372
M_2,s11,A,260.0,0.3694751522570368
M_2,s11,A,280.0,0.3525581735453053
M_2,s11,A,300.0,0.41026712761494294
M_2,s11,A,320.0,0.19423886750348965
M_2,s11,A,340.0,0.34877145513893215
M_2,s11,A,360.0,0.28401340174990625
M_2,s11,A,380.0,0.043667835887529816
M_2,s11,A,400.0,0.15052830707383635
M_2,s11,A,420.0,0.2925410316222169
M_2,s11,A,440.0,0.1705445388565665
M_2,s11,A,460.0,0.018416084691163626
M_2,s11,A,480.0,0.017439055173299828
M_2,s11,A,500.0,0.24290934025883776
M_2,s11,A,520.0,0.32267633832456566
M_2,s11,A,540.0,0.1740893500368304
M_2,s11,A,560.0,-0.00026589113513261417
M_2,s11,A,580.0,0.0023834528512934605
M_2,s11,A,600.0,0.25118782442812426
M_2,s11,A,620.0,0.703585699814839
M_2,s11,A,640.0,0.4663074132769577
M_2,s11,A,660.0,0.0054708002480820805
M_2,s11,A,680.0,0.07950469071623859
M_2,s11,A,700.0,0.2784937295251958
M_2,s11,A,720.0,0.049752237894630125
M_2,s11,A,740.0,-0.1190703431123095
M_2,s11,A,760.0,-0.2727945588548996
M_2,s11,A,780.0,-0.24120992800832267
M_2,s11,A,800.0,-0.18480970366468583
M_2,s11,A,820.0,-0.10633287056913959
M_2,s11,A,840.0,-0.16647318087722413
M_2,s11,A,860.0,0.05019940642064494
M_2,s11,A,880.0,0.060447890748566324
M_2,s11,A,900.0,0.06224411688337632
M_2,s11,A,920.0,0.24671604934100852
M_2,s11,A,940.0,0.25402048872270594
M_2,s11,A,960.0,0.1407021527447347
M_2,s11,A,980.0,-0.087225370100663
M_2,s11,I,0.0,-0.062120082856314374
M_2,s11,I,20.0,-0.1498324258476248
M_2,s11,I,40.0,-0.5523577337818047
M_2,s11,I,60.0,-0.7166961510114935
M_2,s11,I,80.0,-0.9042982896913537
M_2,s11,I,100.0,-0.9323980843743171
M_2,s11,I,120.0,-1.0332241244490028
M_2,s11,I,140.0,-0.3268551188088654
M_2,s11,I,160.0,-0.42560595620228314
M_2,s11,I,180.0,-0.0938688377206735
M_2,s11,I,200.0,-0.07521134779774394
M_2,s11,I,220.0,-0.5519647322627689
M_2,s11,I,240.0,-0.5894221629143958
M_2,s11,I,260.0,-0.5531575039223563
M_2,s11,I,280.0,-0.3962945464583317
M_2,s11,I,300.0,-0.5530506627135042
M_2,s11,I,320.0,-0.28762694764979513
M_2,s11,I,340.0,-0.10282589574564378
M_2,s11,I,360.0,0.1548796890095166
M_2,s11,I,380.0,0.44529165863885134
M_2,s11,I,400.0,0.5324442454458856
M_2,s11,I,420.0,0.2964325359784964
M_2,s11,I,440.0,0.12302737759832844
M_2,s11,I,460.0,-0.11714120466344029
M_2,s11,I,480.0,0.4175370786775272
M_2,s11,I,500.0,0.16794408296500227
M_2,s11,I,520.0,-0.1870582033852517
M_2,s11,I,540.0,-0.05453186398029355
M_2,s11,I,560.0,0.40479861454145427
M_2,s11,I,580.0,0.3354627405905213
M_2,s11,I,600.0,-0.35363448937309794
M_2,s11,I,620.0,-0.40276964961920886
M_2,s11,I,640.0,0.19100769632457812
M_2,s11,I,660.0,0.4043850749330897
M_2,s11,I,680.0,-0.15304195326709805
M_2,s11,I,700.0,-0.4870059653429553
M_2,s11,I,720.0,0.20154138637830632
M_2,s11,I,740.0,0.5814645974763017
M_2,s11,I,760.0,0.3819284744154863
M_2,s11,I,780.0,0.3418238638040664
M_2,s11,I,800.0,0.5566742487933434
M_2,s11,I,820.0,0.16893153907894012
M_2,s11,I,840.0,0.10267794849803683
M_2,s11,I,860.0,0.22369910006422739
M_2,s11,I,880.0,0.23996042969302261
M_2,s11,I,900.0,0.2562756525963183
M_2,s11,I,920.0,-0.058459251635749644
M_2,s11,I,940.0,-0.016660488156557185
M_2,s11,I,960.0,0.0079669056225775
M_2,s11,I,980.0,0.26577850133455927
F_1,s12,G,0.0,-0.179424399633606
F_1,s12,G,20.0,-0.23330360679474152
F_1,s12,G,40.0,-0.30145415208906245
F_1,s12,G,60.0,-0.1521894371048833
F_1,s12,G,80.0,0.03133335414316393
F_1,s12,G,100.0,0.0695092642414905
F_1,s12,G,120.0,0.15215112164076183
F_1,s12,G,140.0,0.2235359608141052
F_1,s12,G,160.0,0.3199607676840444
F_1,s12,G,180.0,0.30162091859142215
F_1,s12,G,200.0,0.1065510469484096
F_1,s12,G,220.0,0.06815402314943639
F_1,s12,G,240.0,0.14384365505317792
F_1,s12,G,260.0,0.3925710325918964
F_1,s12,G,280.0,0.26806099049388243
F_1,s12,G,300.0,0.17272510606491848
F_1,s12,G,320.0,0.11363049619532217
F_1,s12,G,340.0,0.21850074542529987
F_1,s12,G,360.0,0.31878075527802174
F_1,s12,G,380.0,0.32547234473586223
F_1,s12,G,400.0,-0.0793011013247899
F_1,s12,G,420.0,0.019698239286053396
F_1,s12,G,440.0,0.480571404700952
F_1,s12,G,460.0,0.5257758696801229
F_1,s12,G,480.0,0.028536433443472203
F_1,s12,G,500.0,-0.23812045187641978
F_1,s12,G,520.0,0.2120129268635168
F_1,s12,G,540.0,0.5396268462891964
F_1,s12,G,560.0,0.046536999106250476
F_1,s12,G,580.0,-0.24799934151753272
F_1,s12,G,600.0,-0.11027197127464944
F_1,s12,G,620.0,0.2983289585270033
F_1,s12,G,640.0,0.5918797772772041
F_1,s12,G,660.0,0.18318077730934623
F_1,s12,G,680.0,-0.015005436400346739
F_1,s12,G,700.0,0.03954570913536298
F_1,s12,G,720.0,0.22755333963854119
F_1,s12,G,740.0,0.19313817635624986
F_1,s12,G,760.0,-0.04010836105530109
F_1,s12,G,780.0,-0.015558761854905331
F_1,s12,G,800.0,0.17270293383553398
F_1,s12,G,820.0,0.0380211417323877
F_1,s12,G,840.0,-0.030739327138434552
F_1,s12,G,860.0,0.12372453761333932
F_1,s12,G,880.0,0.12096946962430957
F_1,s12,G,900.0,0.1558368039847331
F_1,s12,G,920.0,0.16916863692999812
F_1,s12,G,940.0,0.0838208797641407
F_1,s12,G,960.0,0.05109317797402574
F_1,s12,G,980.0,0.21765760053473146
F_1,s12,A,0.0,0.19105426732281316
F_1,s12,A,20.0,0.1868933643426094
F_1,s12,A,40.0,0.3990503219065088
F_1,s12,A,60.0,0.3365498387693354
F_1,s12,A,80.0,0.1258328340151214
F_1,s12,A,100.0,-0.044415992604775176
F_1,s12,A,120.0,-0.07014323609701936
F_1,s12,A,140.0,-0.04602282506031655
F_1,s12,A,160.0,0.007423269438290539
F_1,s12,A,180.0,0.03529405748016308
F_1,s12,A,200.0,-0.17868424592512888
F_1,s12,A,220.0,-0.09156344332320485
F_1,s12,A,240.0,0.04860307685693127
F_1,s12,A,260.0,0.02409662102835669
F_1,s12,A,280.0,-0.18687838710639476
F_1,s12,A,300.0,-0.18059180750592502
F_1,s12,A,320.0,-0.004903016453375542
F_1,s12,A,340.0,-0.025143539625819222
F_1,s12,A,360.0,-0.11632131425508252
F_1,s12,A,380.0,-0.1032455034355203
F_1,s12,A,400.0,0.1229987379586126
F_1,s12,A,420.0,-0.053851610291143354
F_1,s12,A,440.0,-0.33175707531044824
F_1,s12,A,460.0,0.0020506320806040756
F_1,s12,A,480.0,0.19997089891259515
F_1,s12,A,500.0,-0.23611160150996902
F_1,s12,A,520.0,-0.5031349658321383
F_1,s12,A,540.0,0.2585460447110181
F_1,s12,A,560.0,0.5663535813772635
F_1,s12,A,580.0,-0.3628470584661198
F_1,s12,A,600.0,-0.6215960704888716
F_1,s12,A,620.0,0.5311601217977109
F_1,s12,A,640.0,0.9759446794698097
F_1,s12,A,660.0,0.35049270246956216
F_1,s12,A,680.0,-0.18165743687754782
F_1,s12,A,700.0,-0.060081785263112905
F_1,s12,A,720.0,0.3415011713249294
F_1,s12,A,740.0,0.26774612048217883
F_1,s12,A,760.0,0.10061109839782538
F_1,s12,A,780.0,-0.08654861586310328
F_1,s12,A,800.0,-0.02373324381788509
F_1,s12,A,820.0,0.045926625703316536
F_1,s12,A,840.0,0.014996713268408901
F_1,s12,A,860.0,0.06857671314392139
F_1,s12,A,880.0,0.14181488657379304
F_1,s12,A,900.0,-0.030672227058754983
F_1,s12,A,920.0,-0.07203525611567259
F_1,s12,A,940.0,-0.10472687932050154
F_1,s12,A,960.0,-0.1393875222253313
F_1,s12,A,980.0,-0.1402762949394069
F_1,s12,I,0.0,-0.21860510877399805
F_1,s12,I,20.0,-0.40857228609272256
F_1,s12,I,40.0,-0.5148252285382345
F_1,s12,I,60.0,-0.45155058453768226
F_1,s12,I,80.0,-0.35710552724784717
F_1,s12,I,100.0,-0.4451312697739677
F_1,s12,I,120.0,-0.3761113212302177
F_1,s12,I,140.0,-0.33784186255800763
F_1,s12,I,160.0,-0.5609261902811703
F_1,s12,I,180.0,-0.5604494293990895
F_1,s12,I,200.0,0.011289393980907309
F_1,s12,I,220.0,0.2582323779430532
F_1,s12,I,240.0,-0.1428777177733187
F_1,s12,I,260.0,-0.39906457498592235
F_1,s12,I,280.0,0.04310098421533448
F_1,s12,I,300.0,0.23579465721263615
F_1,s12,I,320.0,-0.27687930491316637
F_1,s12,I,340.0,-0.5287928444286332
F_1,s12,I,360.0,0.1512115496897431
F_1,s12,I,380.0,0.24341316198084018
F_1,s12,I,400.0,-0.2244546587071675
F_1,s12,I,420.0,0.26947967992134103
F_1,s12,I,440.0,0.7504461880562664
F_1,s12,I,460.0,0.42290700552260785
F_1,s12,I,480.0,-0.4124778195874791
F_1,s12,I,500.0,0.12279978598391036
F_1,s12,I,520.0,0.7782806515270512
F_1,s12,I,540.0,0.4373224337195273
F_1,s12,I,560.0,-0.3027580091314025
F_1,s12,I,580.0,0.24559820213499603
F_1,s12,I,600.0,0.985084621193546
F_1,s12,I,620.0,0.252103478254633
F_1,s12,I,640.0,-1.0060844033544363
F_1,s12,I,660.0,-0.7003941818904721
F_1,s12,I,680.0,-0.04723243881243866
F_1,s12,I,700.0,-0.0005154990567230455
F_1,s12,I,720.0,-0.6198952114599268
F_1,s12,I,740.0,-0.8483507847476195
F_1,s12,I,760.0,-0.4165187663471621
F_1,s12,I,780.0,0.07941189365535273
F_1,s12,I,800.0,0.058886088718288654
F_1,s12,I,820.0,-0.14120440243137403
F_1,s12,I,840.0,0.20115089275057496
F_1,s12,I,860.0,0.2383023874484405
F_1,s12,I,880.0,-0.07754827403306927
F_1,s12,I,900.0,-0.004029206206469224
F_1,s12,I,920.0,0.09001856155420637
F_1,s12,I,940.0,0.03256010881574618
F_1,s12,I,960.0,-0.06228520513741563
F_1,s12,I,980.0,-0.11065545706489507
F_2,s12,G,0.0,-0.13171226952140747
F_2,s12,G,20.0,-0.3247817885110725
F_2,s12,G,40.0,-0.3587108208777823
F_2,s12,G,60.0,-0.15567011138362025
F_2,s12,G,80.0,0.03252685215688966
F_2,s12,G,100.0,-0.03557617206709991
F_2,s12,G,120.0,0.05971237823140261
F_2,s12,G,140.0,0.174020075739905
F_2,s12,G,160.0,0.20229047041054482
F_2,s12,G,180.0,0.18922758147816857
F_2,s12,G,200.0,0.02479466163598716
F_2,s12,G,220.0,-0.05316688383449619
F_2,s12,G,240.0,0.021924356883522206
F_2,s12,G,260.0,0.3362297522092625
F_2,s12,G,280.0,0.3399273875033857
F_2,s12,G,300.0,0.3300865523912575
F_2,s12,G,320.0,0.30396632591007394
F_2,s12,G,340.0,0.23607835571828437
F_2,s12,G,360.0,0.1921303777877059
F_2,s12,G,380.0,0.3848840315826001
F_2,s12,G,400.0,0.08599612760370257
F_2,s12,G,420.0,-0.16987204761011673
F_2,s12,G,440.0,0.2716884359480256
F_2,s12,G,460.0,0.6936614680390709
F_2,s12,G,480.0,0.5052177457150926
F_2,s12,G,500.0,-0.3080895016599111
F_2,s12,G,520.0,-0.05139738542001006
F_2,s12,G,540.0,0.6724062580083277
F_2,s12,G,560.0,0.45909079932389285
F_2,s12,G,580.0,-0.35012107639100487
F_2,s12,G,600.0,-0.5167602855723212
F_2,s12,G,620.0,0.32850482904868433
F_2,s12,G,640.0,0.5175273010314787
F_2,s12,G,660.0,-0.2376516957392526
F_2,s12,G,680.0,-0.4377916433337986
F_2,s12,G,700.0,-0.2393209862283523
F_2,s12,G,720.0,0.001785519863026712
F_2,s12,G,740.0,-0.08325383528187166
F_2,s12,G,760.0,-0.3609521383316491
F_2,s12,G,780.0,-0.29655063031412776
F_2,s12,G,800.0,-0.14245829340141988
F_2,s12,G,820.0,-0.22197755298010746
F_2,s12,G,840.0,-0.4393761883772315
F_2,s12,G,860.0,-0.26480798698321073
F_2,s12,G,880.0,-0.24284845706038508
F_2,s12,G,900.0,-0.2570285406940954
F_2,s12,G,920.0,-0.30377720477793585
F_2,s12,G,940.0,-0.4404442740382901
F_2,s12,G,960.0,-0.3956042197744836
F_2,s12,G,980.0,-0.19227290340702796
F_2,s12,A,0.0,0.1752082402333547
F_2,s12,A,20.0,0.18487271577037634
F_2,s12,A,40.0,0.37288740141534615
F_2,s12,A,60.0,0.36166964978035065
F_2,s12,A,80.0,0.045465066507210175
F_2,s12,A,100.0,-0.015600431242935305
F_2,s12,A,120.0,0.07906848602364205
F_2,s12,A,140.0,0.0583416225067251
F_2,s12,A,160.0,0.0964736608886488
F_2,s12,A,180.0,0.12293618436672323
F_2,s12,A,200.0,-0.04858865788225586
F_2,s12,A,220.0,-0.06212545858758118
F_2,s12,A,240.0,-0.028625081467049354
F_2,s12,A,260.0,0.036145952525055744
F_2,s12,A,280.0,-0.02234394913780896
F_2,s12,A,300.0,-0.39837544847083495
F_2,s12,A,320.0,-0.25795719715823207
F_2,s12,A,340.0,0.090410346259568
F_2,s12,A,360.0,-0.10234625123441649
F_2,s12,A,380.0,-0.6526271608089322
F_2,s12,A,400.0,-0.3788209931130414
F_2,s12,A,420.0,0.06433583389399453
F_2,s12,A,440.0,-0.5178375247910331
F_2,s12,A,460.0,-0.9484029413792818
F_2,s12,A,480.0,-0.3642742548283817
F_2,s12,A,500.0,0.21181456873165194
F_2,s12,A,520.0,-0.37808519513234146
F_2,s12,A,540.0,-0.6233249377331811
F_2,s12,A,560.0,-0.2633437175480881
F_2,s12,A,580.0,0.1238858510326172
F_2,s12,A,600.0,-0.2257238697963373
F_2,s12,A,620.0,-0.4905989005482794
F_2,s12,A,640.0,0.17761259711157584
F_2,s12,A,660.0,0.501237049178785
F_2,s12,A,680.0,0.17819354293325085
F_2,s12,A,700.0,0.10140200760583447
F_2,s12,A,720.0,0.3742528313648492
F_2,s12,A,740.0,0.47993249852147213
F_2,s12,A,760.0,0.4712613827350676
F_2,s12,A,780.0,0.22681886385592223
F_2,s12,A,800.0,0.23019915389598078
F_2,s12,A,820.0,0.41923627048798606
F_2,s12,A,840.0,0.46207172450206613
F_2,s12,A,860.0,0.29570854036911043
F_2,s12,A,880.0,0.33555135468571134
F_2,s12,A,900.0,0.20882779193162465
F_2,s12,A,920.0,0.10081479915010982
F_2,s12,A,940.0,0.08700798181144248
F_2,s12,A,960.0,0.19850323729977026
F_2,s12,A,980.0,0.20090128057252557
F_2,s12,I,0.0,-0.13003102733004454
F_2,s12,I,20.0,-0.35592156767622163
F_2,s12,I,40.0,-0.5268635613012471
F_2,s12,I,60.0,-0.46986697269800476
F_2,s12,I,80.0,-0.030066240514053266
F_2,s12,I,100.0,-0.03779399273822536
F_2,s12,I,120.0,-0.1484339247901431
F_2,s12,I,140.0,-0.20879077188893164
F_2,s12,I,160.0,-0.31699783126424597
F_2,s12,I,180.0,-0.2718709951213288
F_2,s12,I,200.0,0.14959772242413483
F_2,s12,I,220.0,0.38088388899286224
F_2,s12,I,240.0,0.15707078686820475
F_2,s12,I,260.0,-0.13290079344863084
F_2,s12,I,280.0,0.06868159061758183
F_2,s12,I,300.0,0.4098643466807248
F_2,s12,I,320.0,-0.06143021237904195
F_2,s12,I,340.0,-0.45163155633455404
F_2,s12,I,360.0,0.11120194253293353
F_2,s12,I,380.0,0.30388661765042513
F_2,s12,I,400.0,-0.07837673562682389
F_2,s12,I,420.0,0.04946768077186167
F_2,s12,I,440.0,0.7303506198644439
F_2,s12,I,460.0,0.6353117020816798
F_2,s12,I,480.0,-0.3407039989230529
F_2,s12,I,500.0,-0.2112827913910845
F_2,s12,I,520.0,0.5654419312532104
F_2,s12,I,540.0,0.5259725895479498
F_2,s12,I,560.0,-0.27054266850129255
F_2,s12,I,580.0,-0.37375152305346493
F_2,s12,I,600.0,0.9419132746632956
F_2,s12,I,620.0,0.8758979924881581
F_2,s12,I,640.0,-0.5624900844508003
F_2,s12,I,660.0,-0.5586026620969838
F_2,s12,I,680.0,0.04606623994666256
F_2,s12,I,700.0,0.1595084082976249
F_2,s12,I,720.0,-0.46429666733790054
F_2,s12,I,740.0,-0.683889159560624
F_2,s12,I,760.0,-0.27706408988730086
F_2,s12,I,780.0,0.2094369903219438
F_2,s12,I,800.0,0.13330367378639518
F_2,s12,I,820.0,-0.1669047920392471
F_2,s12,I,840.0,0.15636987137890285
F_2,s12,I,860.0,0.2913951777154116
F_2,s12,I,880.0,0.1962507527003417
F_2,s12,I,900.0,0.28144880594319543
F_2,s12,I,920.0,0.4481192681341273
F_2,s12,I,940.0,0.23079857250480726
F_2,s12,I,960.0,-0.05923293870636506
F_2,s12,I,980.0,-0.08388884228042864
M_1,s12,G,0.0,0.02433592670173266
M_1,s12,G,20.0,-0.07219231259202827
M_1,s12,G,40.0,-0.2011300235388892
M_1,s12,G,60.0,-0.06229941073436121
M_1,s12,G,80.0,0.008047689158322796
M_1,s12,G,100.0,-0.023877355291580443
M_1,s12,G,120.0,0.30960943275558434
M_1,s12,G,140.0,0.5549134564039049
M_1,s12,G,160.0,0.3818574426799724
M_1,s12,G,180.0,0.21324973817980153
M_1,s12,G,200.0,0.35266982801020663
M_1,s12,G,220.0,0.43103304802231046
M_1,s12,G,240.0,0.24237980883845026
M_1,s12,G,260.0,0.4270868579461322
M_1,s12,G,280.0,0.6142973543662221
M_1,s12,G,300.0,0.6035280826389495
M_1,s12,G,320.0,0.42230792917076626
M_1,s12,G,340.0,0.3127301353716764
M_1,s12,G,360.0,0.5269121464626534
M_1,s12,G,380.0,0.7417033011121381
M_1,s12,G,400.0,0.3493241351692725
M_1,s12,G,420.0,0.02710313355127537
M_1,s12,G,440.0,0.39082098393273645
M_1,s12,G,460.0,0.8437497539861359
M_1,s12,G,480.0,0.5622958245574547
M_1,s12,G,500.0,-0.3219501743973544
M_1,s12,G,520.0,-0.09042248447274737
M_1,s12,G,540.0,0.578589643023016
M_1,s12,G,560.0,0.4808939607143989
M_1,s12,G,580.0,-0.1934426927098422
M_1,s12,G,600.0,-0.4312601089988787
M_1,s12,G,620.0,-0.0027155775405461055
M_1,s12,G,640.0,0.5009079085634749
M_1,s12,G,660.0,0.06294879506515742
M_1,s12,G,680.0,-0.15346677574153236
M_1,s12,G,700.0,-0.10456762622076615
M_1,s12,G,720.0,0.12440438098132678
M_1,s12,G,740.0,0.11989784874762899
M_1,s12,G,760.0,-0.028311259239850534
M_1,s12,G,780.0,-0.04581993609019103
M_1,s12,G,800.0,0.07362135875289277
M_1,s12,G,820.0,0.008083814102653014
M_1,s12,G,840.0,-0.20752561849213005
M_1,s12,G,860.0,-0.15894568933834358
M_1,s12,G,880.0,-0.04259418847890564
M_1,s12,G,900.0,-0.024833432251180537
M_1,s12,G,920.0,-0.13258297581270378
M_1,s12,G,940.0,-0.22461922820015026
M_1,s12,G,960.0,-0.17829002699045343
M_1,s12,G,980.0,0.07793933920163866
M_1,s12,A,0.0,0.22338572406505205
M_1,s12,A,20.0,0.26956722841572084
M_1,s12,A,40.0,0.3509364316365474
M_1,s12,A,60.0,0.2938667000781695
M_1,s12,A,80.0,0.002693696688105791
M_1,s12,A,100.0,-0.07716241189236087
M_1,s12,A,120.0,-0.1253825972885248
M_1,s12,A,140.0,-0.10982950798002669
M_1,s12,A,160.0,-0.07030219877828466
M_1,s12,A,180.0,0.010995757538405884
M_1,s12,A,200.0,-0.1092012667822417
M_1,s12,A,220.0,-0.11873233180085996
M_1,s12,A,240.0,-0.06655287167693245
M_1,s12,A,260.0,0.01731135904588428
M_1,s12,A,280.0,0.03048635864657337
M_1,s12,A,300.0,-0.14466689257862375
M_1,s12,A,320.0,-0.09346237046382774
M_1,s12,A,340.0,-0.07466989664379146
M_1,s12,A,360.0,-0.019414217373459844
M_1,s12,A,380.0,-0.13879459995672805
M_1,s12,A,400.0,-0.10866614884397337
M_1,s12,A,420.0,-0.10290214146413193
M_1,s12,A,440.0,-0.26401326092705535
M_1,s12,A,460.0,-0.03509501251068034
M_1,s12,A,480.0,0.11222166777767104
M_1,s12,A,500.0,0.0003258850054617679
M_1,s12,A,520.0,-0.3137523479306746
M_1,s12,A,540.0,0.13079677866242204
M_1,s12,A,560.0,0.36888784310681133
M_1,s12,A,580.0,-0.054918669426895994
M_1,s12,A,600.0,-0.3920438046840095
M_1,s12,A,620.0,0.27999796791491693
M_1,s12,A,640.0,0.6170311682170634
M_1,s12,A,660.0,0.23373667596447484
M_1,s12,A,680.0,-0.19387903069943638
M_1,s12,A,700.0,-0.13638043470219097
M_1,s12,A,720.0,0.20760810152842615
M_1,s12,A,740.0,0.1143433924332838
M_1,s12,A,760.0,0.021992232406620967
M_1,s12,A,780.0,-0.21919753843198653
M_1,s12,A,800.0,-0.07645624492008893
M_1,s12,A,820.0,0.14897588776982887
M_1,s12,A,840.0,0.09471906546231151
M_1,s12,A,860.0,0.006573757824608822
M_1,s12,A,880.0,-0.0016980011068854078
M_1,s12,A,900.0,-0.10804464663032043
M_1,s12,A,920.0,-0.1846836813281644
M_1,s12,A,940.0,-0.16331044732350455
M_1,s12,A,960.0,-0.13828608258046943
M_1,s12,A,980.0,-0.15543568216053738
M_1,s12,I,0.0,-0.26579836381818056
M_1,s12,I,20.0,-0.5118177061679727
M_1,s12,I,40.0,-0.5609322880757196
M_1,s12,I,60.0,-0.5297855581873072
M_1,s12,I,80.0,-0.02964887288105729
M_1,s12,I,100.0,0.06640636836695628
M_1,s12,I,120.0,-0.062124659530337766
M_1,s12,I,140.0,-0.25244284945992185
M_1,s12,I,160.0,-0.254877469866743
M_1,s12,I,180.0,-0.20976829539905903
M_1,s12,I,200.0,0.057012176845943285
M_1,s12,I,220.0,0.2316951733930751
M_1,s12,I,240.0,0.13017946864461194
M_1,s12,I,260.0,-0.028128359363921218
M_1,s12,I,280.0,-0.014775658025367316
M_1,s12,I,300.0,0.1447300685540484
M_1,s12,I,320.0,-0.09798978618237619
M_1,s12,I,340.0,-0.19944125857650963
M_1,s12,I,360.0,0.058772632421615484
M_1,s12,I,380.0,-0.047463432747119116
M_1,s12,I,400.0,-0.06681271185198467
M_1,s12,I,420.0,0.45016477663356735
M_1,s12,I,440.0,0.6879514672041764
M_1,s12,I,460.0,0.07650714131829695
M_1,s12,I,480.0,-0.5354682641449175
M_1,s12,I,500.0,0.13312615372597986
M_1,s12,I,520.0,0.7592701766935532
M_1,s12,I,540.0,0.280001643221313
M_1,s12,I,560.0,-0.4637162199754594
M_1,s12,I,580.0,-0.07527526446416206
M_1,s12,I,600.0,1.1812291118058762
M_1,s12,I,620.0,0.5617757371283117
M_1,s12,I,640.0,-0.8485278124667865
M_1,s12,I,660.0,-0.5548074945425002
M_1,s12,I,680.0,0.18236862579991323
M_1,s12,I,700.0,0.24932465846827762
M_1,s12,I,720.0,-0.436256251159607
M_1,s12,I,740.0,-0.552956166082711
M_1,s12,I,760.0,-0.14840257910395305
M_1,s12,I,780.0,0.43090235813378397
M_1,s12,I,800.0,0.3210206003051066
M_1,s12,I,820.0,-0.13040547715261203
M_1,s12,I,840.0,0.18912850675634035
M_1,s12,I,860.0,0.36713296638169995
M_1,s12,I,880.0,0.2729842775512718
M_1,s12,I,900.0,0.29596530800428533
M_1,s12,I,920.0,0.4233811913924022
M_1,s12,I,940.0,0.2544257233571141
M_1,s12,I,960.0,0.05898501380572234
M_1,s12,I,980.0,0.03134062963404214
M_2,s12,G,0.0,-0.3293212656010926
M_2,s12,G,20.0,-0.14324487408920233
M_2,s12,G,40.0,-0.33713219817993767
M_2,s12,G,60.0,-0.5647486186298669
M_2,s12,G,80.0,-0.4505751650512753
M_2,s12,G,100.0,-0.22596339951956476
M_2,s12,G,120.0,-0.014592337754201809
M_2,s12,G,140.0,-0.06349025087758225
M_2,s12,G,160.0,-0.13607110940059627
M_2,s12,G,180.0,0.033467638960370416
M_2,s12,G,200.0,0.2612418847317085
M_2,s12,G,220.0,-0.024885050735469205
M_2,s12,G,240.0,-0.3680079980074621
M_2,s12,G,260.0,0.03527959256946768
M_2,s12,G,280.0,0.523031582299768
M_2,s12,G,300.0,0.26909915024309655
M_2,s12,G,320.0,-0.3868176259042234
M_2,s12,G,340.0,-0.11169123808236169
M_2,s12,G,360.0,0.6888015361781379
M_2,s12,G,380.0,0.699099538959228
M_2,s12,G,400.0,-0.42904258341387286
M_2,s12,G,420.0,-0.09843897117575497
M_2,s12,G,440.0,0.8131924638138103
M_2,s12,G,460.0,0.6011369085900918
M_2,s12,G,480.0,-0.5092059632632862
M_2,s12,G,500.0,-0.5749267989201465
M_2,s12,G,520.0,0.7002307592109402
M_2,s12,G,540.0,0.7673192452227042
M_2,s12,G,560.0,-0.44746329079150526
M_2,s12,G,580.0,-0.5701257395362836
M_2,s12,G,600.0,0.6730022621625774
M_2,s12,G,620.0,0.6903296734813963
M_2,s12,G,640.0,0.030546954587385287
M_2,s12,G,660.0,-0.5149057412196087
M_2,s12,G,680.0,-0.3496083715265
M_2,s12,G,700.0,-0.157091653114559
M_2,s12,G,720.0,-0.26215806061511987
M_2,s12,G,740.0,-0.38223554463527754
M_2,s12,G,760.0,-0.31062881554568345
M_2,s12,G,780.0,-0.22380574553929666
M_2,s12,G,800.0,-0.24120546504474652
M_2,s12,G,820.0,-0.5091502645126196
M_2,s12,G,840.0,-0.4905578933834862
M_2,s12,G,860.0,-0.3666614027628235
M_2,s12,G,880.0,-0.45964441660568733
M_2,s12,G,900.0,-0.30979159855737654
M_2,s12,G,920.0,-0.36228895231988195
M_2,s12,G,940.0,-0.547818279396529
M_2,s12,G,960.0,-0.48862644330198046
M_2,s12,G,980.0,-0.14887949286123942
M_2,s12,A,0.0,0.15038678604735958
M_2,s12,A,20.0,0.2083890925323451
M_2,s12,A,40.0,0.3459374394735797
M_2,s12,A,60.0,0.2545399962436097
M_2,s12,A,80.0,-0.09338332147765004
M_2,s12,A,100.0,-0.12813771529251403
M_2,s12,A,120.0,-0.005938469427981513
M_2,s12,A,140.0,-0.0409227714899732
M_2,s12,A,160.0,-0.10105315960694017
M_2,s12,A,180.0,-0.12410419064991196
M_2,s12,A,200.0,-0.3026990814171484
M_2,s12,A,220.0,-0.3164964014844683
M_2,s12,A,240.0,-0.20600699555818214
M_2,s12,A,260.0,0.0015007145725492443
M_2,s12,A,280.0,-0.12747563856016486
M_2,s12,A,300.0,-0.4360705126357475
M_2,s12,A,320.0,-0.13544150998971435
M_2,s12,A,340.0,0.041538499839871235
M_2,s12,A,360.0,0.02775289747730425
M_2,s12,A,380.0,-0.44725704059134197
M_2,s12,A,400.0,-0.26131979347708095
M_2,s12,A,420.0,-0.04350590949294672
M_2,s12,A,440.0,-0.13807624148512715
M_2,s12,A,460.0,-0.12537895768424803
M_2,s12,A,480.0,-0.13940367367256018
M_2,s12,A,500.0,0.05358758839924052
M_2,s12,A,520.0,-0.1538004751364659
M_2,s12,A,540.0,0.0841863891634558
M_2,s12,A,560.0,0.14875974926671903
M_2,s12,A,580.0,-0.390692628682992
M_2,s12,A,600.0,-0.7009077438356378
M_2,s12,A,620.0,0.20146151851554397
M_2,s12,A,640.0,0.5633490431259924
M_2,s12,A,660.0,0.23845669177433218
M_2,s12,A,680.0,-0.03763446840199494
M_2,s12,A,700.0,0.10016229387433435
M_2,s12,A,720.0,0.3800448138417287
M_2,s12,A,740.0,0.28071417633049356
M_2,s12,A,760.0,0.16072674161864017
M_2,s12,A,780.0,0.10694274408074057
M_2,s12,A,800.0,0.21080420405313652
M_2,s12,A,820.0,0.3446245129532559
M_2,s12,A,840.0,0.30103162060631594
M_2,s12,A,860.0,0.19960058805300399
M_2,s12,A,880.0,0.09718859509943487
M_2,s12,A,900.0,-0.09302587318816247
M_2,s12,A,920.0,-0.18648812457721448
M_2,s12,A,940.0,-0.013328293728443158
M_2,s12,A,960.0,0.02958498045750113
M_2,s12,A,980.0,-0.13627126555197258
M_2,s12,I,0.0,0.1179290851450191
M_2,s12,I,20.0,-0.5611295160406944
M_2,s12,I,40.0,-0.7589751920422927
M_2,s12,I,60.0,-0.25748401872117865
M_2,s12,I,80.0,0.6398446954005861
M_2,s12,I,100.0,0.36491710545312667
M_2,s12,I,120.0,-0.039789982601524596
M_2,s12,I,140.0,0.14395619254229733
M_2,s12,I,160.0,0.14644425419933757
M_2,s12,I,180.0,0.12949394078167187
M_2,s12,I,200.0,0.09467447698426296
M_2,s12,I,220.0,0.19761432383320737
M_2,s12,I,240.0,0.39591989686760676
M_2,s12,I,260.0,0.2557220427892268
M_2,s12,I,280.0,0.14177801341206717
M_2,s12,I,300.0,0.7207324475462257
M_2,s12,I,320.0,0.696503158467489
M_2,s12,I,340.0,0.021176011170638123
M_2,s12,I,360.0,-0.09679930629872113
M_2,s12,I,380.0,0.10309254619605523
M_2,s12,I,400.0,0.14268059323286275
M_2,s12,I,420.0,-0.36807967917708373
M_2,s12,I,440.0,0.0809949410392203
M_2,s12,I,460.0,0.5597661693110307
M_2,s12,I,480.0,0.27336079692477666
M_2,s12,I,500.0,-0.6176406080265979
M_2,s12,I,520.0,-0.5382785659424119
M_2,s12,I,540.0,0.461750361569891
M_2,s12,I,560.0,0.8957098836498432
M_2,s12,I,580.0,-0.22779184715280978
M_2,s12,I,600.0,-0.14780188270839156
M_2,s12,I,620.0,0.9367489193648563
M_2,s12,I,640.0,0.08731714092914916
M_2,s12,I,660.0,-0.3300049970696395
M_2,s12,I,680.0,-0.26705504632115085
M_2,s12,I,700.0,-0.2797774283857483
M_2,s12,I,720.0,-0.5003467737565485
M_2,s12,I,740.0,-0.47963397753599096
M_2,s12,I,760.0,-0.28182945439094187
M_2,s12,I,780.0,0.0721745067591619
M_2,s12,I,800.0,0.3433124927983212
M_2,s12,I,820.0,0.1618852903801279
M_2,s12,I,840.0,0.16714015775672092
M_2,s12,I,860.0,0.41373403103468254
M_2,s12,I,880.0,0.691971301166044
M_2,s12,I,900.0,0.7338299915603478
M_2,s12,I,920.0,0.8455713222687327
M_2,s12,I,940.0,0.5410092219484599
M_2,s12,I,960.0,0.08710994507299279
M_2,s12,I,980.0,0.026122527833567943
F_1,s13,G,0.0,0.06770204490620475
F_1,s13,G,20.0,-0.11998377444912897
F_1,s13,G,40.0,-0.022650938027027015
F_1,s13,G,60.0,0.07408921930701665
F_1,s13,G,80.0,-0.05265261019788683
F_1,s13,G,100.0,-0.06366363998137176
F_1,s13,G,120.0,-0.14979435753372225
F_1,s13,G,140.0,-0.25061082952373315
F_1,s13,G,160.0,-0.27741321029416893
F_1,s13,G,180.0,-0.47297386769332256
F_1,s13,G,200.0,-0.5584003118341727
F_1,s13,G,220.0,-0.4559490670361896
F_1,s13,G,240.0,-0.38796075207805286
F_1,s13,G,260.0,-0.5168944280133425
F_1,s13,G,280.0,-0.5632015454461243
F_1,s13,G,300.0,-0.4392527879354415
F_1,s13,G,320.0,-0.28368754352246445
F_1,s13,G,340.0,-0.09660013903435846
F_1,s13,G,360.0,-0.08093590131597382
F_1,s13,G,380.0,-0.12518216921068268
F_1,s13,G,400.0,-0.27049217389990177
F_1,s13,G,420.0,-0.2282548306664209
F_1,s13,G,440.0,-0.019105926558567184
F_1,s13,G,460.0,0.07441106972980446
F_1,s13,G,480.0,-0.6381791398007252
F_1,s13,G,500.0,-0.2591559281864441
F_1,s13,G,520.0,0.15862957242930734
F_1,s13,G,540.0,0.11994612979012376
F_1,s13,G,560.0,-0.207812705680392
F_1,s13,G,580.0,-0.24611551701019196
F_1,s13,G,600.0,0.33647169218653483
F_1,s13,G,620.0,0.01829833851465479
F_1,s13,G,640.0,-0.4913410547573218
F_1,s13,G,660.0,-0.48353554078096744
F_1,s13,G,680.0,-0.10490950743509495
F_1,s13,G,700.0,-0.24647173811261977
F_1,s13,G,720.0,-0.4322179858415867
F_1,s13,G,740.0,-0.4216016752295332
F_1,s13,G,760.0,-0.5898825033863
F_1,s13,G,780.0,-0.3116439054603832
F_1,s13,G,800.0,-0.3450621391642149
F_1,s13,G,820.0,-0.3081823009483517
F_1,s13,G,840.0,-0.33917688100935983
F_1,s13,G,860.0,-0.04722626498923538
F_1,s13,G,880.0,0.20567738710144712
F_1,s13,G,900.0,0.13721758124689545
F_1,s13,G,920.0,0.005337354803217287
F_1,s13,G,940.0,0.019761156237856292
F_1,s13,G,960.0,-0.003535432063707322
F_1,s13,G,980.0,0.08378435177568581
F_1,s13,A,0.0,0.18912622959676356
F_1,s13,A,20.0,0.42225522087601025
F_1,s13,A,40.0,0.48949842608869015
F_1,s13,A,60.0,0.027622685522241716
F_1,s13,A,80.0,0.3493265266228375
F_1,s13,A,100.0,0.38433206400716347
F_1,s13,A,120.0,0.20293716316587493
F_1,s13,A,140.0,0.4624947330281397
F_1,s13,A,160.0,0.47700482366831193
F_1,s13,A,180.0,0.5017283842126427
F_1,s13,A,200.0,0.4182916822803101
F_1,s13,A,220.0,0.36694208527196154
F_1,s13,A,240.0,0.21428677492066972
F_1,s13,A,260.0,0.05584366865570675
F_1,s13,A,280.0,0.08505347974096882
F_1,s13,A,300.0,0.06690501555815939
F_1,s13,A,320.0,0.21433374412700798
F_1,s13,A,340.0,0.5731450077711394
F_1,s13,A,360.0,-0.10369349259057109
F_1,s13,A,380.0,-0.2132890421746499
F_1,s13,A,400.0,0.8478987880805848
F_1,s13,A,420.0,0.5996813067497856
F_1,s13,A,440.0,0.36627286476022514
F_1,s13,A,460.0,0.9397171921705931
F_1,s13,A,480.0,1.0185100106336618
F_1,s13,A,500.0,0.4029568698176299
F_1,s13,A,520.0,0.18098438404534112
F_1,s13,A,540.0,0.3968290413698071
F_1,s13,A,560.0,0.4450100630411753
F_1,s13,A,580.0,0.5561361332070478
F_1,s13,A,600.0,0.5490942405599316
F_1,s13,A,620.0,0.11488522379305441
F_1,s13,A,640.0,0.06586747306596202
F_1,s13,A,660.0,0.3016214755194282
F_1,s13,A,680.0,0.20535501259440253
F_1,s13,A,700.0,0.07223411323463957
F_1,s13,A,720.0,-0.11789051906189371
F_1,s13,A,740.0,0.1677733364267607
F_1,s13,A,760.0,0.16297736043143018
F_1,s13,A,780.0,0.3829047986058727
F_1,s13,A,800.0,0.4439333069542114
F_1,s13,A,820.0,0.2823736108131595
F_1,s13,A,840.0,0.09731956798063861
F_1,s13,A,860.0,0.0717459556375973
F_1,s13,A,880.0,-0.02563172821899435
F_1,s13,A,900.0,0.23039970493983664
F_1,s13,A,920.0,0.21890398199939945
F_1,s13,A,940.0,-0.06037755785726807
F_1,s13,A,960.0,-0.12849935211079128
F_1,s13,A,980.0,-0.007775284007552806
F_1,s13,I,0.0,-0.286601249315525
F_1,s13,I,20.0,-0.44128100895196165
F_1,s13,I,40.0,-0.601086927832363
F_1,s13,I,60.0,-0.350196546007335
F_1,s13,I,80.0,-0.08197853586966057
F_1,s13,I,100.0,0.019405314692565262
F_1,s13,I,120.0,-0.005956248694734094
F_1,s13,I,140.0,-0.1286168471885446
F_1,s13,I,160.0,-0.15924166960494057
F_1,s13,I,180.0,-0.14043964614725568
F_1,s13,I,200.0,-0.3083288109756023
F_1,s13,I,220.0,-0.5679282925858501
F_1,s13,I,240.0,-0.5129287013908777
F_1,s13,I,260.0,0.3441234439770695
F_1,s13,I,280.0,-0.027790380993345715
F_1,s13,I,300.0,-0.4330858425906013
F_1,s13,I,320.0,0.025897414401434518
F_1,s13,I,340.0,-0.4692389635656015
F_1,s13,I,360.0,-0.2543457127135475
F_1,s13,I,380.0,-0.18585554001521162
F_1,s13,I,400.0,-1.228272809090273
F_1,s13,I,420.0,-1.246329618561321
F_1,s13,I,440.0,-0.5695732274751117
F_1,s13,I,460.0,-1.1228109181006642
F_1,s13,I,480.0,-1.0154409085225868
F_1,s13,I,500.0,-0.3548218682178455
F_1,s13,I,520.0,-0.3474800540908708
F_1,s13,I,540.0,-0.595627467719197
F_1,s13,I,560.0,-0.815573245585702
F_1,s13,I,580.0,-0.6132538368366748
F_1,s13,I,600.0,-0.20774164239860118
F_1,s13,I,620.0,0.030878897449576448
F_1,s13,I,640.0,-0.12473840060558794
F_1,s13,I,660.0,-0.29005537833972056
F_1,s13,I,680.0,0.0600482991161152
F_1,s13,I,700.0,0.0888103539764169
F_1,s13,I,720.0,0.40835936124105665
F_1,s13,I,740.0,0.18049493704988576
F_1,s13,I,760.0,-0.31356267072939503
F_1,s13,I,780.0,-0.6000194700953707
F_1,s13,I,800.0,-0.6319505339147609
F_1,s13,I,820.0,-0.15290378372700975
F_1,s13,I,840.0,-0.1786925091870008
F_1,s13,I,860.0,-0.318273564232043
F_1,s13,I,880.0,-0.08623378134596216
F_1,s13,I,900.0,-0.2518204596016965
F_1,s13,I,920.0,-0.07501455016938348
F_1,s13,I,940.0,0.14312678536863768
F_1,s13,I,960.0,0.2718707229172704
F_1,s13,I,980.0,0.3464314661628703
F_2,s13,G,0.0,0.24891506080672138
F_2,s13,G,20.0,0.039222086528546155
F_2,s13,G,40.0,0.047476777653716634
F_2,s13,G,60.0,0.31321026877254493
F_2,s13,G,80.0,0.18467443268684516
F_2,s13,G,100.0,0.18287320573845273
F_2,s13,G,120.0,0.014550331514738557
F_2,s13,G,140.0,-0.11058853958156217
F_2,s13,G,160.0,0.103796132797265
F_2,s13,G,180.0,-0.1190966302530849
F_2,s13,G,200.0,-0.24467558083862453
F_2,s13,G,220.0,-0.14267716402066716
F_2,s13,G,240.0,-0.06074813281179556
F_2,s13,G,260.0,-0.19494810951671201
F_2,s13,G,280.0,-0.3280991512802922
F_2,s13,G,300.0,-0.13752185432942834
F_2,s13,G,320.0,-0.10429174110095246
F_2,s13,G,340.0,-0.033550382033607495
F_2,s13,G,360.0,-0.06994591827594052
F_2,s13,G,380.0,0.24039698755016
F_2,s13,G,400.0,0.037855197321236406
F_2,s13,G,420.0,-0.14299871662681873
F_2,s13,G,440.0,0.05130746593683113
F_2,s13,G,460.0,0.21629110378827013
F_2,s13,G,480.0,-0.5746381589592047
F_2,s13,G,500.0,-0.24050991826271223
F_2,s13,G,520.0,0.309476975819252
F_2,s13,G,540.0,0.0834182801935387
F_2,s13,G,560.0,-0.39882230642509764
F_2,s13,G,580.0,-0.463228655113079
F_2,s13,G,600.0,0.09364245797296389
F_2,s13,G,620.0,-0.26631305465681593
F_2,s13,G,640.0,-0.8387861330373922
F_2,s13,G,660.0,-0.7557385563509708
F_2,s13,G,680.0,-0.5036286735840813
F_2,s13,G,700.0,-0.7130391830080457
F_2,s13,G,720.0,-0.7389428769774364
F_2,s13,G,740.0,-0.851196850073664
F_2,s13,G,760.0,-1.0736454849934136
F_2,s13,G,780.0,-0.7444901524255555
F_2,s13,G,800.0,-0.6116665978973608
F_2,s13,G,820.0,-0.6910861015080321
F_2,s13,G,840.0,-0.5687524206347959
F_2,s13,G,860.0,-0.2405070593947759
F_2,s13,G,880.0,-0.26076134811516194
F_2,s13,G,900.0,-0.27275978606858736
F_2,s13,G,920.0,-0.42894607839200394
F_2,s13,G,940.0,-0.43235373033397384
F_2,s13,G,960.0,-0.609728327272399
F_2,s13,G,980.0,-0.3724819173509971
F_2,s13,A,0.0,0.12498329887210846
F_2,s13,A,20.0,0.23230975891578476
F_2,s13,A,40.0,0.3671577475468874
F_2,s13,A,60.0,0.21921529509859478
F_2,s13,A,80.0,0.13000808180391052
F_2,s13,A,100.0,0.1997092081315336
F_2,s13,A,120.0,0.2785738701979878
F_2,s13,A,140.0,0.4873951665788121
F_2,s13,A,160.0,0.06068972461200442
F_2,s13,A,180.0,0.10359089126201265
F_2,s13,A,200.0,0.3790451367288107
F_2,s13,A,220.0,0.00388019651218062
F_2,s13,A,240.0,0.017767959304067285
F_2,s13,A,260.0,0.41448803379549837
F_2,s13,A,280.0,0.23689560089947703
F_2,s13,A,300.0,-0.28073138043019186
F_2,s13,A,320.0,-0.11136079205539667
F_2,s13,A,340.0,0.36504255653894974
F_2,s13,A,360.0,-0.05016386737999427
F_2,s13,A,380.0,-0.475810825781807
F_2,s13,A,400.0,0.32652534617003554
F_2,s13,A,420.0,0.45264866810444787
F_2,s13,A,440.0,0.41235072637065634
F_2,s13,A,460.0,0.5956474798251274
F_2,s13,A,480.0,0.6236366400286634
F_2,s13,A,500.0,0.32155231178753985
F_2,s13,A,520.0,0.28716430098880136
F_2,s13,A,540.0,0.44457504135045406
F_2,s13,A,560.0,0.3504003994616367
F_2,s13,A,580.0,0.2919517814899783
F_2,s13,A,600.0,0.3134435214691649
F_2,s13,A,620.0,0.36812116760723146
F_2,s13,A,640.0,0.6292326637615261
F_2,s13,A,660.0,0.6204988650165357
F_2,s13,A,680.0,0.36137922799634514
F_2,s13,A,700.0,0.3690257063483954
F_2,s13,A,720.0,0.38071270499128496
F_2,s13,A,740.0,0.5805254639741072
F_2,s13,A,760.0,0.4706295618147688
F_2,s13,A,780.0,0.45812592325743756
F_2,s13,A,800.0,0.7424249988955656
F_2,s13,A,820.0,0.7481014954983323
F_2,s13,A,840.0,0.25273713643630435
F_2,s13,A,860.0,0.12247038409755506
F_2,s13,A,880.0,0.20098455495865405
F_2,s13,A,900.0,-0.022549707019402815
F_2,s13,A,920.0,0.3082518127655959
F_2,s13,A,940.0,0.27659231234760046
F_2,s13,A,960.0,0.12696460664505857
F_2,s13,A,980.0,0.20701046948344803
F_2,s13,I,0.0,-0.10356739774225768
F_2,s13,I,20.0,-0.22106907662080064
F_2,s13,I,40.0,-0.47129824201239917
F_2,s13,I,60.0,-0.4210504456633718
F_2,s13,I,80.0,0.08452832453933982
F_2,s13,I,100.0,0.23847926457596352
F_2,s13,I,120.0,-0.16793544219741044
F_2,s13,I,140.0,-0.43349222676006355
F_2,s13,I,160.0,-0.11148854959941068
F_2,s13,I,180.0,-0.08841446711985004
F_2,s13,I,200.0,-0.4617771339670649
F_2,s13,I,220.0,-0.46495616719934324
F_2,s13,I,240.0,-0.4588764935178245
F_2,s13,I,260.0,0.02277884879164399
F_2,s13,I,280.0,-0.11737140642282937
F_2,s13,I,300.0,0.08052333658147004
F_2,s13,I,320.0,0.2205925297015473
F_2,s13,I,340.0,-0.28019066875970905
F_2,s13,I,360.0,0.05807900003691351
F_2,s13,I,380.0,0.015295153438494968
F_2,s13,I,400.0,-0.7333806856736456
F_2,s13,I,420.0,-0.4934293809885546
F_2,s13,I,440.0,-0.1510949052772961
F_2,s13,I,460.0,-0.8486174995966285
F_2,s13,I,480.0,-0.46403219158972714
F_2,s13,I,500.0,0.13843731661798211
F_2,s13,I,520.0,-0.30994399683667084
F_2,s13,I,540.0,-0.6061747094355634
F_2,s13,I,560.0,-0.5324445391163776
F_2,s13,I,580.0,0.10808518304653575
F_2,s13,I,600.0,0.12910340888410526
F_2,s13,I,620.0,-0.24102325834867588
F_2,s13,I,640.0,-0.3848160102443524
F_2,s13,I,660.0,-0.14448491931832774
F_2,s13,I,680.0,0.24179407668716024
F_2,s13,I,700.0,0.15293297462252348
F_2,s13,I,720.0,0.042131988075680915
F_2,s13,I,740.0,-0.01859911335204456
F_2,s13,I,760.0,0.02612210162038625
F_2,s13,I,780.0,-0.10432680503484176
F_2,s13,I,800.0,-0.37650365695266363
F_2,s13,I,820.0,0.12474784434075778
F_2,s13,I,840.0,0.2758222606677354
F_2,s13,I,860.0,-0.032514936267591554
F_2,s13,I,880.0,0.06366004267903587
F_2,s13,I,900.0,0.32610441140457
F_2,s13,I,920.0,0.35067193077731673
F_2,s13,I,940.0,0.4543071662093242
F_2,s13,I,960.0,0.5817828040562112
F_2,s13,I,980.0,0.4264395357992703
M_1,s13,G,0.0,-0.05473838617789764
M_1,s13,G,20.0,-0.16083192965944165
M_1,s13,G,40.0,0.0210188492273527
M_1,s13,G,60.0,0.31832762698242323
M_1,s13,G,80.0,0.03285643583795062
M_1,s13,G,100.0,0.008816872339104498
M_1,s13,G,120.0,0.10175571877499269
M_1,s13,G,140.0,0.013736065791521992
M_1,s13,G,160.0,-0.01124920375971044
M_1,s13,G,180.0,-0.33631271665892903
M_1,s13,G,200.0,-0.2166733791635601
M_1,s13,G,220.0,-0.07778439412170388
M_1,s13,G,240.0,0.035911954679058215
M_1,s13,G,260.0,-0.16679507902000107
M_1,s13,G,280.0,-0.1399624304698929
M_1,s13,G,300.0,0.16503806629468165
M_1,s13,G,320.0,0.13453372485165344
M_1,s13,G,340.0,0.19813829293779725
M_1,s13,G,360.0,0.17790082362101023
M_1,s13,G,380.0,-0.00016509241390225138
M_1,s13,G,400.0,0.24421424724789736
M_1,s13,G,420.0,0.4608717268435597
M_1,s13,G,440.0,0.35438043640310035
M_1,s13,G,460.0,0.14146751970920618
M_1,s13,G,480.0,-0.3035677509160769
M_1,s13,G,500.0,0.1668812441363238
M_1,s13,G,520.0,0.2995397855205041
M_1,s13,G,540.0,0.046458291724401884
M_1,s13,G,560.0,-0.15046886929528644
M_1,s13,G,580.0,-0.23393522429323668
M_1,s13,G,600.0,0.13403821766174143
M_1,s13,G,620.0,-0.064258651485822
M_1,s13,G,640.0,-0.6121032115410396
M_1,s13,G,660.0,-0.356764395105584
M_1,s13,G,680.0,-0.19594901392491088
M_1,s13,G,700.0,-0.607113597744108
M_1,s13,G,720.0,-0.7194129556749559
M_1,s13,G,740.0,-0.7237285725212746
M_1,s13,G,760.0,-0.7198943994405473
M_1,s13,G,780.0,-0.551348728403988
M_1,s13,G,800.0,-0.6640425614529428
M_1,s13,G,820.0,-0.46584705468499527
M_1,s13,G,840.0,-0.3908704760685228
M_1,s13,G,860.0,-0.366398174375585
M_1,s13,G,880.0,-0.4069509130336613
M_1,s13,G,900.0,-0.36902035417339485
M_1,s13,G,920.0,-0.5285570485796938
M_1,s13,G,940.0,-0.48050613556384403
M_1,s13,G,960.0,-0.6119151035780829
M_1,s13,G,980.0,-0.6012069874019468
M_1,s13,A,0.0,0.24812949840885223
M_1,s13,A,20.0,0.2854112541058051
M_1,s13,A,40.0,0.2354309202853826
M_1,s13,A,60.0,-0.09980668027302911
M_1,s13,A,80.0,0.019935036514550558
M_1,s13,A,100.0,0.06690783071315717
M_1,s13,A,120.0,0.2545628531003426
M_1,s13,A,140.0,0.32640210520148916
M_1,s13,A,160.0,0.2277708100862707
M_1,s13,A,180.0,0.41632737739048287
M_1,s13,A,200.0,0.1626920932947048
M_1,s13,A,220.0,-0.14819001527304368
M_1,s13,A,240.0,0.06597771477411059
M_1,s13,A,260.0,0.3979081015546147
M_1,s13,A,280.0,0.06524347982427248
M_1,s13,A,300.0,-0.3979928377351574
M_1,s13,A,320.0,-0.08942361044510343
M_1,s13,A,340.0,0.1374505222473909
M_1,s13,A,360.0,-0.5327117407109392
M_1,s13,A,380.0,-0.3241931729070894
M_1,s13,A,400.0,0.32778667845139725
M_1,s13,A,420.0,-0.2728388177118928
M_1,s13,A,440.0,-0.20549574058390507
M_1,s13,A,460.0,0.373611801261442
M_1,s13,A,480.0,0.20859721486735783
M_1,s13,A,500.0,-0.40340475457208397
M_1,s13,A,520.0,-0.35468203543811305
M_1,s13,A,540.0,0.21369696920790815
M_1,s13,A,560.0,0.15787756649040738
M_1,s13,A,580.0,0.029713377693590476
M_1,s13,A,600.0,-0.06624352828355812
M_1,s13,A,620.0,-0.17399345656412746
M_1,s13,A,640.0,0.15972711241201354
M_1,s13,A,660.0,0.033597204861331775
M_1,s13,A,680.0,-0.15820729101502792
M_1,s13,A,700.0,-0.04058259076157572
M_1,s13,A,720.0,0.12389427865943453
M_1,s13,A,740.0,0.43774394473420414
M_1,s13,A,760.0,0.036231002851906724
M_1,s13,A,780.0,0.2049765972729583
M_1,s13,A,800.0,0.4557405605225546
M_1,s13,A,820.0,0.276163382104022
M_1,s13,A,840.0,-0.0717031043324235
M_1,s13,A,860.0,0.014779040980373193
M_1,s13,A,880.0,0.026095276004454326
M_1,s13,A,900.0,-0.012729470784684394
M_1,s13,A,920.0,0.06353155157849272
M_1,s13,A,940.0,0.002584756295108681
M_1,s13,A,960.0,-0.13759926076396328
M_1,s13,A,980.0,-0.06860321730106156
M_1,s13,I,0.0,-0.15535956788728805
M_1,s13,I,20.0,-0.19712739911525878
M_1,s13,I,40.0,-0.30470716813243887
M_1,s13,I,60.0,-0.18661720700006396
M_1,s13,I,80.0,0.19437635183733004
M_1,s13,I,100.0,0.32365539181207237
M_1,s13,I,120.0,-0.08078302665972505
M_1,s13,I,140.0,-0.2858421576974272
M_1,s13,I,160.0,-0.16503027258075714
M_1,s13,I,180.0,-0.19284438701318576
M_1,s13,I,200.0,-0.28606050446435705
M_1,s13,I,220.0,-0.22924678606247587
M_1,s13,I,240.0,-0.4025620996513028
M_1,s13,I,260.0,-0.03929842534725861
M_1,s13,I,280.0,-0.045922519878910106
M_1,s13,I,300.0,0.19930437490954017
M_1,s13,I,320.0,0.3208318731274805
M_1,s13,I,340.0,-0.13198165324530975
M_1,s13,I,360.0,0.28968692174035215
M_1,s13,I,380.0,0.1064742103511736
M_1,s13,I,400.0,-0.4655397547264062
M_1,s13,I,420.0,-0.08699486493297959
M_1,s13,I,440.0,-0.0019638229260519197
M_1,s13,I,460.0,-0.7059871941461788
M_1,s13,I,480.0,-0.2619734644348235
M_1,s13,I,500.0,0.38725715042143016
M_1,s13,I,520.0,0.07659682995082304
M_1,s13,I,540.0,-0.4187153111960481
M_1,s13,I,560.0,-0.46726270584872015
M_1,s13,I,580.0,0.14356461944015486
M_1,s13,I,600.0,0.40357058342360225
M_1,s13,I,620.0,0.07334029813187615
M_1,s13,I,640.0,-0.14606742856035237
M_1,s13,I,660.0,0.13543272601960732
M_1,s13,I,680.0,0.4035516069585122
M_1,s13,I,700.0,0.2283417860414364
M_1,s13,I,720.0,0.13184766036565976
M_1,s13,I,740.0,-0.08851074942282999
M_1,s13,I,760.0,0.05426151175686367
M_1,s13,I,780.0,-0.09016716658476376
M_1,s13,I,800.0,-0.2976343212489728
M_1,s13,I,820.0,0.16230453046783813
M_1,s13,I,840.0,0.2966037298687374
M_1,s13,I,860.0,-0.013156626895130502
M_1,s13,I,880.0,0.1589542878873092
M_1,s13,I,900.0,0.3329065158513656
M_1,s13,I,920.0,0.4404133438771729
M_1,s13,I,940.0,0.6153024962757627
M_1,s13,I,960.0,0.7409247941938067
M_1,s13,I,980.0,0.6184972560445845
M_2,s13,G,0.0,0.0053581694618124315
M_2,s13,G,20.0,-0.02121142722417113
M_2,s13,G,40.0,0.08419928116814003
M_2,s13,G,60.0,0.3418851148273042
M_2,s13,G,80.0,0.020362690103820733
M_2,s13,G,100.0,-0.19694428958705515
M_2,s13,G,120.0,0.2472124281191262
M_2,s13,G,140.0,0.15793756574788603
M_2,s13,G,160.0,-0.024765335441814765
M_2,s13,G,180.0,-0.09167773613007225
M_2,s13,G,200.0,-0.11290932691131234
M_2,s13,G,220.0,-0.10136665846606319
M_2,s13,G,240.0,0.04882051895934533
M_2,s13,G,260.0,0.15023209782045768
M_2,s13,G,280.0,0.047426473831775735
M_2,s13,G,300.0,0.03581008136759217
M_2,s13,G,320.0,0.0018375282434196782
M_2,s13,G,340.0,0.15168711625462816
M_2,s13,G,360.0,0.16509932483189876
M_2,s13,G,380.0,0.08783857206572457
M_2,s13,G,400.0,-0.1462589964990617
M_2,s13,G,420.0,-0.27924525614457096
M_2,s13,G,440.0,0.1226693391733081
M_2,s13,G,460.0,0.17973608919169526
M_2,s13,G,480.0,-0.38153963320672746
M_2,s13,G,500.0,0.05301323696161325
M_2,s13,G,520.0,0.42971315585892955
M_2,s13,G,540.0,0.322467513923022
M_2,s13,G,560.0,-0.18820421917396782
M_2,s13,G,580.0,-0.4161669328258042
M_2,s13,G,600.0,0.2280805070710945
M_2,s13,G,620.0,0.09034667836223043
M_2,s13,G,640.0,-0.4773671745039449
M_2,s13,G,660.0,-0.5315072365301627
M_2,s13,G,680.0,-0.04073905271284903
M_2,s13,G,700.0,-0.37931162561515386
M_2,s13,G,720.0,-0.5705462550576346
M_2,s13,G,740.0,-0.7395047808425118
M_2,s13,G,760.0,-1.0880786590161922
M_2,s13,G,780.0,-0.8994342077585431
M_2,s13,G,800.0,-0.6079435444138516
M_2,s13,G,820.0,-0.7126717314236173
M_2,s13,G,840.0,-0.6476830457911911
M_2,s13,G,860.0,-0.26024215818070573
M_2,s13,G,880.0,-0.0919311527556132
M_2,s13,G,900.0,-0.23716387500413805
M_2,s13,G,920.0,-0.44671320190696645
M_2,s13,G,940.0,-0.537185889590046
M_2,s13,G,960.0,-0.37046419677335557
M_2,s13,G,980.0,-0.3245650911037816
M_2,s13,A,0.0,0.14418190011491852
M_2,s13,A,20.0,0.4618119342348238
M_2,s13,A,40.0,0.4213896983042605
M_2,s13,A,60.0,0.016357601711917108
M_2,s13,A,80.0,0.11689593994587344
M_2,s13,A,100.0,0.19426162351524995
M_2,s13,A,120.0,0.4002246197868872
M_2,s13,A,140.0,0.6724828178863149
M_2,s13,A,160.0,0.1759979468093171
M_2,s13,A,180.0,0.29763454206982737
M_2,s13,A,200.0,0.24698268143313284
M_2,s13,A,220.0,-0.007508175962695436
M_2,s13,A,240.0,0.19736789907559227
M_2,s13,A,260.0,0.557763650094964
M_2,s13,A,280.0,0.18287114269150087
M_2,s13,A,300.0,-0.16450415036638105
M_2,s13,A,320.0,0.359779975872503
M_2,s13,A,340.0,0.6024313388190321
M_2,s13,A,360.0,-0.017303895358440742
M_2,s13,A,380.0,-0.2998175820024691
M_2,s13,A,400.0,0.7623504509169713
M_2,s13,A,420.0,0.48414223865168415
M_2,s13,A,440.0,0.014290600378612905
M_2,s13,A,460.0,0.3421845806595128
M_2,s13,A,480.0,0.33077567791733015
M_2,s13,A,500.0,0.0741866538657357
M_2,s13,A,520.0,0.008622254300824257
M_2,s13,A,540.0,-0.09017601185370455
M_2,s13,A,560.0,-0.04518746162665653
M_2,s13,A,580.0,-0.014056574599601177
M_2,s13,A,600.0,0.17086673012924627
M_2,s13,A,620.0,0.12752483369052955
M_2,s13,A,640.0,0.1878462777216451
M_2,s13,A,660.0,0.23945820700022846
M_2,s13,A,680.0,0.021233406410601816
M_2,s13,A,700.0,0.05642771513384082
M_2,s13,A,720.0,0.1440936160829086
M_2,s13,A,740.0,0.4096312106212244
M_2,s13,A,760.0,0.14380343128882972
M_2,s13,A,780.0,0.3442343147540124
M_2,s13,A,800.0,0.5470300809337983
M_2,s13,A,820.0,0.41559628224489886
M_2,s13,A,840.0,0.18292621075910637
M_2,s13,A,860.0,-0.035292793769648945
M_2,s13,A,880.0,0.009399312406625119
M_2,s13,A,900.0,0.14870192907803043
M_2,s13,A,920.0,0.15950795786962083
M_2,s13,A,940.0,0.20286336286496298
M_2,s13,A,960.0,0.03179987776746851
M_2,s13,A,980.0,0.289070213754421
M_2,s13,I,0.0,-0.13286213190094892
M_2,s13,I,20.0,-0.16973103296487213
M_2,s13,I,40.0,-0.5501415096299196
M_2,s13,I,60.0,-0.7401550985462284
M_2,s13,I,80.0,0.39900432640441796
M_2,s13,I,100.0,0.778408115709218
M_2,s13,I,120.0,-0.5276590162176684
M_2,s13,I,140.0,-1.04652844202657
M_2,s13,I,160.0,0.09058090615704463
M_2,s13,I,180.0,0.169989650623106
M_2,s13,I,200.0,-0.5640093474452764
M_2,s13,I,220.0,-0.7097473407610685
M_2,s13,I,240.0,-0.7512596517620371
M_2,s13,I,260.0,-0.38423671869847364
M_2,s13,I,280.0,-0.15087317984017237
M_2,s13,I,300.0,0.2574648054697569
M_2,s13,I,320.0,0.05278524286251479
M_2,s13,I,340.0,-0.4606690009530776
M_2,s13,I,360.0,-0.046948097447403386
M_2,s13,I,380.0,0.6150649248905287
M_2,s13,I,400.0,-0.24814577327392695
M_2,s13,I,420.0,-0.6715889542386697
M_2,s13,I,440.0,-0.43191673913039275
M_2,s13,I,460.0,-0.5790299537990214
M_2,s13,I,480.0,-0.8939723131230186
M_2,s13,I,500.0,-0.5970055989966679
M_2,s13,I,520.0,-0.7844461907362501
M_2,s13,I,540.0,-0.5983471214981002
M_2,s13,I,560.0,-0.5231695620965156
M_2,s13,I,580.0,-0.09751025679154374
M_2,s13,I,600.0,-0.2214941551300464
M_2,s13,I,620.0,-0.7264153678073529
M_2,s13,I,640.0,-0.7481438007292828
M_2,s13,I,660.0,-0.057335205132385575
M_2,s13,I,680.0,-0.06504544200608939
M_2,s13,I,700.0,0.1132986731360695
M_2,s13,I,720.0,0.20708628322841455
M_2,s13,I,740.0,0.2600009947737671
M_2,s13,I,760.0,0.8002441767540336
M_2,s13,I,780.0,0.8323529366695628
M_2,s13,I,800.0,0.6131879411475208
M_2,s13,I,820.0,0.7482846707555728
M_2,s13,I,840.0,0.7847617949952962
M_2,s13,I,860.0,0.7292478583681239
M_2,s13,I,880.0,0.49140782561866453
M_2,s13,I,900.0,0.7821756346605576
M_2,s13,I,920.0,0.8957148860610405
M_2,s13,I,940.0,1.2032448253062649
M_2,s13,I,960.0,1.036705444356662
M_2,s13,I,980.0,0.4242476771574852
F_1,s14,G,0.0,0.11373106800621921
F_1,s14,G,20.0,-0.15186478273413764
F_1,s14,G,40.0,-0.28428401455803964
F_1,s14,G,60.0,-0.057702842097976825
F_1,s14,G,80.0,0.11004230404815929
F_1,s14,G,100.0,-0.07571819547362414
F_1,s14,G,120.0,-0.11271294699343395
F_1,s14,G,140.0,0.10869646593750293
F_1,s14,G,160.0,0.15353459906827893
F_1,s14,G,180.0,0.20280273458253623
F_1,s14,G,200.0,0.03692138046244374
F_1,s14,G,220.0,0.023426713085491872
F_1,s14,G,240.0,0.08821330715447112
F_1,s14,G,260.0,0.10103399212232556
F_1,s14,G,280.0,0.1174200139078837
F_1,s14,G,300.0,0.15233351711320464
F_1,s14,G,320.0,0.23283515451360526
F_1,s14,G,340.0,0.1650625909487073
F_1,s14,G,360.0,-0.10842025575818942
F_1,s14,G,380.0,-0.4641095035769507
F_1,s14,G,400.0,-0.39195613452840355
F_1,s14,G,420.0,-0.16282015625542298
F_1,s14,G,440.0,-0.17019934827864688
F_1,s14,G,460.0,-0.3294480113149442
F_1,s14,G,480.0,-0.231956326920273
F_1,s14,G,500.0,-0.06001197656553657
F_1,s14,G,520.0,0.08820169207831366
F_1,s14,G,540.0,-0.08519924300992412
F_1,s14,G,560.0,-0.2825156303677047
F_1,s14,G,580.0,0.10078835987533213
F_1,s14,G,600.0,-0.05941795955693349
F_1,s14,G,620.0,-0.038410105920129445
F_1,s14,G,640.0,-0.02716025390962115
F_1,s14,G,660.0,-0.11831289942380396
F_1,s14,G,680.0,0.05542122192823565
F_1,s14,G,700.0,0.23540482358164683
F_1,s14,G,720.0,0.3585478422887596
F_1,s14,G,740.0,0.41774858560460215
F_1,s14,G,760.0,0.055667753108732995
F_1,s14,G,780.0,-0.044320668039797353
F_1,s14,G,800.0,0.10376345911910483
F_1,s14,G,820.0,0.0420409279489915
F_1,s14,G,840.0,0.12606738197055617
F_1,s14,G,860.0,0.1223767163476271
F_1,s14,G,880.0,0.3731598487197313
F_1,s14,G,900.0,0.4689531342678401
F_1,s14,G,920.0,0.27239439541008065
F_1,s14,G,940.0,0.23666182490935786
F_1,s14,G,960.0,0.2465480592628333
F_1,s14,G,980.0,0.3730550822062061
F_1,s14,A,0.0,-0.0958458500787837
F_1,s14,A,20.0,0.3681097458410602
F_1,s14,A,40.0,0.2760156665382152
F_1,s14,A,60.0,0.3082707953001635
F_1,s14,A,80.0,0.8378867160423307
F_1,s14,A,100.0,0.5383602873739546
F_1,s14,A,120.0,0.32072644743781314
F_1,s14,A,140.0,0.2651586326142123
F_1,s14,A,160.0,0.11811980029782779
F_1,s14,A,180.0,0.06216762740409326
F_1,s14,A,200.0,0.07842581699685419
F_1,s14,A,220.0,-0.02773219361727791
F_1,s14,A,240.0,-0.027957713292781544
F_1,s14,A,260.0,-0.0989343194150884
F_1,s14,A,280.0,-0.008404209779868665
F_1,s14,A,300.0,-0.10300491601804818
F_1,s14,A,320.0,-0.18925616031624198
F_1,s14,A,340.0,0.19322640237982974
F_1,s14,A,360.0,0.5119376440151884
F_1,s14,A,380.0,0.33994244883369934
F_1,s14,A,400.0,-0.1267903296863391
F_1,s14,A,420.0,0.012039273074000104
F_1,s14,A,440.0,0.3580018795268366
F_1,s14,A,460.0,0.2755887420182255
F_1,s14,A,480.0,0.2158038738339237
F_1,s14,A,500.0,0.2964544193519116
F_1,s14,A,520.0,0.41352331647253526
F_1,s14,A,540.0,0.20306224570680387
F_1,s14,A,560.0,-0.13215738291382312
F_1,s14,A,580.0,-0.03908187051679013
F_1,s14,A,600.0,0.07501109747751708
F_1,s14,A,620.0,-0.08537039022100576
F_1,s14,A,640.0,-0.42038861177080133
F_1,s14,A,660.0,-0.03215675844756205
F_1,s14,A,680.0,0.335077921095528
F_1,s14,A,700.0,0.28812697078883387
F_1,s14,A,720.0,-0.2865583486317357
F_1,s14,A,740.0,-0.34432729666402134
F_1,s14,A,760.0,-0.01810073991112182
F_1,s14,A,780.0,0.2221460255496619
F_1,s14,A,800.0,0.05342068438558345
F_1,s14,A,820.0,-0.19286080340071177
F_1,s14,A,840.0,-0.11286255654449545
F_1,s14,A,860.0,0.15870013150576723
F_1,s14,A,880.0,0.12431693081656958
F_1,s14,A,900.0,-0.27068264006764603
F_1,s14,A,920.0,-0.20343590787284013
F_1,s14,A,940.0,-0.11186843217100809
F_1,s14,A,960.0,0.21372181312401242
F_1,s14,A,980.0,0.30494717331285826
F_1,s14,I,0.0,0.455870405281677
F_1,s14,I,20.0,-0.22894785798421097
F_1,s14,I,40.0,-0.3515810660966693
F_1,s14,I,60.0,-0.1318889607889851
F_1,s14,I,80.0,-0.4847042168218023
F_1,s14,I,100.0,-0.1963528028511106
F_1,s14,I,120.0,-0.07497427247477184
F_1,s14,I,140.0,-0.2273586634372009
F_1,s14,I,160.0,0.019457840715001423
F_1,s14,I,180.0,0.11315923302751285
F_1,s14,I,200.0,-0.03846128701107199
F_1,s14,I,220.0,0.01552827561646064
F_1,s14,I,240.0,0.029859995068375896
F_1,s14,I,260.0,-0.031889789743831165
F_1,s14,I,280.0,0.037622694417870195
F_1,s14,I,300.0,-0.1475592586818728
F_1,s14,I,320.0,-0.4955980413155919
F_1,s14,I,340.0,-0.06685106413916933
F_1,s14,I,360.0,0.23667420952548335
F_1,s14,I,380.0,0.0214142673404637
F_1,s14,I,400.0,-0.0927650003825577
F_1,s14,I,420.0,-0.4558139817963507
F_1,s14,I,440.0,-0.8418269667159461
F_1,s14,I,460.0,-0.46062435296484006
F_1,s14,I,480.0,-0.14125855113795122
F_1,s14,I,500.0,-0.38021286283188127
F_1,s14,I,520.0,-0.7607826182202286
F_1,s14,I,540.0,-0.24904073551126132
F_1,s14,I,560.0,-0.14247973904489697
F_1,s14,I,580.0,-0.5405214771787965
F_1,s14,I,600.0,-0.12766133741797592
F_1,s14,I,620.0,-0.0017711083851230103
F_1,s14,I,640.0,-0.04046907890691054
F_1,s14,I,660.0,-0.2625679633105054
F_1,s14,I,680.0,-0.5538249649149195
F_1,s14,I,700.0,-0.4020514449781427
F_1,s14,I,720.0,-0.5954972378300877
F_1,s14,I,740.0,-0.25850835129525396
F_1,s14,I,760.0,0.0990061526954863
F_1,s14,I,780.0,-0.3294781830106853
F_1,s14,I,800.0,-0.510202097213249
F_1,s14,I,820.0,-0.45844188126631047
F_1,s14,I,840.0,-0.4830100005231893
F_1,s14,I,860.0,-0.9591032459330742
F_1,s14,I,880.0,-0.9776612395768819
F_1,s14,I,900.0,-0.4923995827214563
F_1,s14,I,920.0,-0.2862407758125546
F_1,s14,I,940.0,-0.49555866099701706
F_1,s14,I,960.0,-0.8227732659162434
F_1,s14,I,980.0,-0.8720591796956104
F_2,s14,G,0.0,0.09310483276851461
F_2,s14,G,20.0,-0.12682770250898387
F_2,s14,G,40.0,-0.4836563227478573
F_2,s14,G,60.0,-0.2466082810081643
F_2,s14,G,80.0,-0.17192198461411368
F_2,s14,G,100.0,-0.43430052373122663
F_2,s14,G,120.0,-0.40584556729617915
F_2,s14,G,140.0,-0.180920628816428
F_2,s14,G,160.0,-0.10044132487793095
F_2,s14,G,180.0,0.029767512010343583
F_2,s14,G,200.0,-0.1718295178182691
F_2,s14,G,220.0,-0.09294399993971829
F_2,s14,G,240.0,0.030282944541844915
F_2,s14,G,260.0,0.07310151230844557
F_2,s14,G,280.0,0.06257273424949246
F_2,s14,G,300.0,0.21229380564543568
F_2,s14,G,320.0,0.39020378780229925
F_2,s14,G,340.0,0.2509590125595803
F_2,s14,G,360.0,0.1529385525339233
F_2,s14,G,380.0,-0.19845797692168463
F_2,s14,G,400.0,-0.21547109847481416
F_2,s14,G,420.0,0.015411305762786681
F_2,s14,G,440.0,0.01043034297578696
F_2,s14,G,460.0,-0.19596205965206068
F_2,s14,G,480.0,-0.025130933614873882
F_2,s14,G,500.0,0.13320711533919902
F_2,s14,G,520.0,0.1464084819412252
F_2,s14,G,540.0,-0.09837994256314914
F_2,s14,G,560.0,-0.342294132231424
F_2,s14,G,580.0,0.022124186003635422
F_2,s14,G,600.0,-0.0838203105033
F_2,s14,G,620.0,-0.14296381947421885
F_2,s14,G,640.0,-0.28176064844048004
F_2,s14,G,660.0,-0.46484255907699107
F_2,s14,G,680.0,-0.20896544223929234
F_2,s14,G,700.0,-0.13396160897780468
F_2,s14,G,720.0,0.010791639207347659
F_2,s14,G,740.0,0.159566253513028
F_2,s14,G,760.0,-0.2022018660985545
F_2,s14,G,780.0,-0.2735370715345884
F_2,s14,G,800.0,-0.24097834802120807
F_2,s14,G,820.0,-0.1904900877752867
F_2,s14,G,840.0,-0.13091545918854572
F_2,s14,G,860.0,-0.18574045885935864
F_2,s14,G,880.0,0.13647953109574024
F_2,s14,G,900.0,0.1560031098946
F_2,s14,G,920.0,-0.0383777069622476
F_2,s14,G,940.0,0.02362653051414222
F_2,s14,G,960.0,0.052093514199610655
F_2,s14,G,980.0,0.20751503233869803
F_2,s14,A,0.0,-0.2659389423722327
F_2,s14,A,20.0,-0.06007395454839707
F_2,s14,A,40.0,-0.12149687230707484
F_2,s14,A,60.0,0.12172106960688575
F_2,s14,A,80.0,0.266310089272165
F_2,s14,A,100.0,-0.08898456038356624
F_2,s14,A,120.0,0.004687554032149929
F_2,s14,A,140.0,-0.035008645715917316
F_2,s14,A,160.0,-0.1330444979826003
F_2,s14,A,180.0,-0.120301466770313
F_2,s14,A,200.0,-0.1592894548574122
F_2,s14,A,220.0,-0.26407737511052265
F_2,s14,A,240.0,-0.2210316797196705
F_2,s14,A,260.0,-0.2538507323893324
F_2,s14,A,280.0,-0.08798383516380076
F_2,s14,A,300.0,0.06404039117520052
F_2,s14,A,320.0,0.1337518066531439
F_2,s14,A,340.0,0.2831095211456055
F_2,s14,A,360.0,0.3836243623316173
F_2,s14,A,380.0,0.11132842444953961
F_2,s14,A,400.0,-0.2558548298185713
F_2,s14,A,420.0,-0.08306163942260053
F_2,s14,A,440.0,0.12211863604092699
F_2,s14,A,460.0,0.026058619323171793
F_2,s14,A,480.0,-0.2520055989737262
F_2,s14,A,500.0,0.06985717500342635
F_2,s14,A,520.0,0.3116311794472032
F_2,s14,A,540.0,0.3059586809083062
F_2,s14,A,560.0,0.14567967964121448
F_2,s14,A,580.0,0.031487725778310466
F_2,s14,A,600.0,-0.06023422119846537
F_2,s14,A,620.0,-0.2754896132849615
F_2,s14,A,640.0,-0.3531712844792458
F_2,s14,A,660.0,0.021717945914617065
F_2,s14,A,680.0,0.28202908650893804
F_2,s14,A,700.0,0.32185247693607827
F_2,s14,A,720.0,-0.04778792348394117
F_2,s14,A,740.0,-0.28627964483366797
F_2,s14,A,760.0,-0.04439691726838118
F_2,s14,A,780.0,0.11840921071610752
F_2,s14,A,800.0,0.29587450604617455
F_2,s14,A,820.0,0.013901437571630607
F_2,s14,A,840.0,0.15052281000922893
F_2,s14,A,860.0,0.26607979283296673
F_2,s14,A,880.0,0.18534484219417102
F_2,s14,A,900.0,-0.05888595453289097
F_2,s14,A,920.0,-0.0567845481776069
F_2,s14,A,940.0,-0.21857900798045485
F_2,s14,A,960.0,0.09481655215715927
F_2,s14,A,980.0,0.0799677709644171
F_2,s14,I,0.0,0.460896726615063
F_2,s14,I,20.0,0.24365545625734347
F_2,s14,I,40.0,0.2167402328288483
F_2,s14,I,60.0,0.2706348863318572
F_2,s14,I,80.0,0.23712402883693062
F_2,s14,I,100.0,0.42096697258290444
F_2,s14,I,120.0,0.36821331918566835
F_2,s14,I,140.0,0.2573151112517903
F_2,s14,I,160.0,0.26822740912111975
F_2,s14,I,180.0,0.260566308216317
F_2,s14,I,200.0,0.1802972590911224
F_2,s14,I,220.0,0.026110711347073795
F_2,s14,I,240.0,0.011873265247438064
F_2,s14,I,260.0,0.19328051670045676
F_2,s14,I,280.0,0.185360965982148
F_2,s14,I,300.0,-0.3349155189891341
F_2,s14,I,320.0,-0.7857458218024744
F_2,s14,I,340.0,-0.14763751291465096
F_2,s14,I,360.0,0.27597706819614903
F_2,s14,I,380.0,0.059374069422070255
F_2,s14,I,400.0,0.07465171605627649
F_2,s14,I,420.0,-0.1583390372827928
F_2,s14,I,440.0,-0.36635661248435136
F_2,s14,I,460.0,-0.28420493885286735
F_2,s14,I,480.0,-0.024971247296300743
F_2,s14,I,500.0,-0.27915023545845147
F_2,s14,I,520.0,-0.414970501449343
F_2,s14,I,540.0,-0.21416779407833458
F_2,s14,I,560.0,-0.49035831494190596
F_2,s14,I,580.0,-0.6459125944089215
F_2,s14,I,600.0,-0.16366511805668388
F_2,s14,I,620.0,0.00473624468769393
F_2,s14,I,640.0,-0.026813450464675037
F_2,s14,I,660.0,-0.0311005538197221
F_2,s14,I,680.0,-0.14620841596641077
F_2,s14,I,700.0,-0.3021823923698676
F_2,s14,I,720.0,-0.542921732551594
F_2,s14,I,740.0,-0.13824684864240738
F_2,s14,I,760.0,0.3908316096000192
F_2,s14,I,780.0,0.12540978510339468
F_2,s14,I,800.0,-0.21800293646183386
F_2,s14,I,820.0,-0.28963213479447725
F_2,s14,I,840.0,-0.30843054128123165
F_2,s14,I,860.0,-0.48285901918539254
F_2,s14,I,880.0,-0.5367347548251287
F_2,s14,I,900.0,-0.16309622757711206
F_2,s14,I,920.0,0.07772655946165644
F_2,s14,I,940.0,0.05690556930866533
F_2,s14,I,960.0,-0.2958027457102269
F_2,s14,I,980.0,-0.33171878446903963
M_1,s14,G,0.0,-0.21430663209985742
M_1,s14,G,20.0,-0.15315245825107213
M_1,s14,G,40.0,-0.25238985654217205
M_1,s14,G,60.0,-0.14963771024239844
M_1,s14,G,80.0,-0.05889149979704471
M_1,s14,G,100.0,-0.043932533077856564
M_1,s14,G,120.0,-0.035583666316905065
M_1,s14,G,140.0,-0.011723522596420843
M_1,s14,G,160.0,-0.31737643062288867
M_1,s14,G,180.0,0.032275836624222703
M_1,s14,G,200.0,0.09500025193501586
M_1,s14,G,220.0,0.10436373861866521
M_1,s14,G,240.0,0.10061820941728077
M_1,s14,G,260.0,0.005985258899930429
M_1,s14,G,280.0,0.30824163938732074
M_1,s14,G,300.0,0.36704527689604477
M_1,s14,G,320.0,0.4257567653823546
M_1,s14,G,340.0,0.19620595077687733
M_1,s14,G,360.0,0.002252208264271166
M_1,s14,G,380.0,-0.287870170513042
M_1,s14,G,400.0,-0.10073946389421726
M_1,s14,G,420.0,0.1472870503795073
M_1,s14,G,440.0,-0.08315208131840646
M_1,s14,G,460.0,-0.39465380825066954
M_1,s14,G,480.0,-0.39200704083038684
M_1,s14,G,500.0,-0.08477837042891251
M_1,s14,G,520.0,0.0864230956299735
M_1,s14,G,540.0,-0.2680407232074517
M_1,s14,G,560.0,-0.36526866968454696
M_1,s14,G,580.0,-0.11839091192400539
M_1,s14,G,600.0,-0.3184661257673088
M_1,s14,G,620.0,-0.4164149883061478
M_1,s14,G,640.0,-0.41337833023494025
M_1,s14,G,660.0,-0.4752981551012053
M_1,s14,G,680.0,-0.32291806072980567
M_1,s14,G,700.0,-0.09515654749283953
M_1,s14,G,720.0,0.05564449740011712
M_1,s14,G,740.0,0.14265043872414823
M_1,s14,G,760.0,-0.18749485723606985
M_1,s14,G,780.0,-0.2792355738289094
M_1,s14,G,800.0,-0.022038587112644614
M_1,s14,G,820.0,-0.2236018697617111
M_1,s14,G,840.0,-0.08801920783040754
M_1,s14,G,860.0,-0.08003277692803915
M_1,s14,G,880.0,0.16421184691959428
M_1,s14,G,900.0,0.15543732552821718
M_1,s14,G,920.0,-0.1787548902695611
M_1,s14,G,940.0,-0.2891990145164389
M_1,s14,G,960.0,-0.2206342599333959
M_1,s14,G,980.0,-0.08486826831935308
M_1,s14,A,0.0,0.10860535159308507
M_1,s14,A,20.0,0.30236834042625144
M_1,s14,A,40.0,0.03783424416301216
M_1,s14,A,60.0,0.046596558529202636
M_1,s14,A,80.0,0.21830125531794412
M_1,s14,A,100.0,0.03027417709200475
M_1,s14,A,120.0,-0.008682262046912831
M_1,s14,A,140.0,0.027046472229656726
M_1,s14,A,160.0,0.05597798209367465
M_1,s14,A,180.0,-0.023144647747365382
M_1,s14,A,200.0,-0.02226179671286238
M_1,s14,A,220.0,-0.09889968310101177
M_1,s14,A,240.0,-0.07222137876720972
M_1,s14,A,260.0,-0.013951400143033726
M_1,s14,A,280.0,0.13991631112533431
M_1,s14,A,300.0,0.23903721834683844
M_1,s14,A,320.0,0.32817638602996635
M_1,s14,A,340.0,0.506983979845959
M_1,s14,A,360.0,0.7915565362470358
M_1,s14,A,380.0,0.655449655940791
M_1,s14,A,400.0,0.10732557987426143
M_1,s14,A,420.0,0.17349004872533363
M_1,s14,A,440.0,0.3802303676765332
M_1,s14,A,460.0,0.43605619964313697
M_1,s14,A,480.0,0.37492956187608295
M_1,s14,A,500.0,0.4562411084150934
M_1,s14,A,520.0,0.4820359762747736
M_1,s14,A,540.0,0.4597005459781165
M_1,s14,A,560.0,0.2515337140834994
M_1,s14,A,580.0,0.2802421804449772
M_1,s14,A,600.0,0.2509330897100068
M_1,s14,A,620.0,0.035715189194114094
M_1,s14,A,640.0,-0.18424617012547267
M_1,s14,A,660.0,-0.016465721568499247
M_1,s14,A,680.0,0.3933931537039472
M_1,s14,A,700.0,0.41246842729511446
M_1,s14,A,720.0,0.0502060923618173
M_1,s14,A,740.0,-0.09680113297155908
M_1,s14,A,760.0,0.12944595538657291
M_1,s14,A,780.0,0.2780002828536066
M_1,s14,A,800.0,0.33572086874818896
M_1,s14,A,820.0,0.22972493120431037
M_1,s14,A,840.0,0.2293102014274842
M_1,s14,A,860.0,0.3700461997858925
M_1,s14,A,880.0,0.302746490142179
M_1,s14,A,900.0,-0.02236315589498379
M_1,s14,A,920.0,0.20664435399739817
M_1,s14,A,940.0,0.11363656709525007
M_1,s14,A,960.0,0.4636937061185403
M_1,s14,A,980.0,0.3799507048279461
M_1,s14,I,0.0,0.15758606615000006
M_1,s14,I,20.0,-0.05724678293954663
M_1,s14,I,40.0,0.058981020464387836
M_1,s14,I,60.0,0.23689671276675664
M_1,s14,I,80.0,0.23950237339266925
M_1,s14,I,100.0,0.21376268539301124
M_1,s14,I,120.0,0.23089739252605315
M_1,s14,I,140.0,0.09832762792505392
M_1,s14,I,160.0,0.17810683099369795
M_1,s14,I,180.0,0.22316946002029292
M_1,s14,I,200.0,0.05264807975756536
M_1,s14,I,220.0,-0.13604683365956555
M_1,s14,I,240.0,-0.10389152263744006
M_1,s14,I,260.0,0.0400304500333247
M_1,s14,I,280.0,-0.02623916481588156
M_1,s14,I,300.0,-0.606436786240439
M_1,s14,I,320.0,-1.1225309759173638
M_1,s14,I,340.0,-0.43661268064631864
M_1,s14,I,360.0,-0.036176792092500965
M_1,s14,I,380.0,-0.43095747077511887
M_1,s14,I,400.0,-0.422635802886021
M_1,s14,I,420.0,-0.5208743419588917
M_1,s14,I,440.0,-0.54545332996524
M_1,s14,I,460.0,-0.5665058871937823
M_1,s14,I,480.0,-0.3704867135381118
M_1,s14,I,500.0,-0.637588250886713
M_1,s14,I,520.0,-0.7559545105060106
M_1,s14,I,540.0,-0.4907602268494649
M_1,s14,I,560.0,-0.6763118099222125
M_1,s14,I,580.0,-0.8476668226889683
M_1,s14,I,600.0,-0.37586926522988073
M_1,s14,I,620.0,-0.24684210648084745
M_1,s14,I,640.0,-0.25992974727311846
M_1,s14,I,660.0,-0.20498217985677492
M_1,s14,I,680.0,-0.328588413772687
M_1,s14,I,700.0,-0.44109341733511465
M_1,s14,I,720.0,-0.7424709436113737
M_1,s14,I,740.0,-0.36720053587997015
M_1,s14,I,760.0,0.1360823006439118
M_1,s14,I,780.0,-0.16590091210574387
M_1,s14,I,800.0,-0.5889588060388109
M_1,s14,I,820.0,-0.7184600196997282
M_1,s14,I,840.0,-0.7040414289552708
M_1,s14,I,860.0,-0.9291039198024655
M_1,s14,I,880.0,-0.9089213232376767
M_1,s14,I,900.0,-0.36203226976433034
M_1,s14,I,920.0,-0.21704774611210548
M_1,s14,I,940.0,-0.19112848763754206
M_1,s14,I,960.0,-0.6701830154555677
M_1,s14,I,980.0,-0.6056024173504607
M_2,s14,G,0.0,0.2980052473222702
M_2,s14,G,20.0,0.031933509485480044
M_2,s14,G,40.0,-0.2242770431476023
M_2,s14,G,60.0,-0.02607846752968391
M_2,s14,G,80.0,0.07432048476178421
M_2,s14,G,100.0,-0.18935564162626484
M_2,s14,G,120.0,-0.09277771280368854
M_2,s14,G,140.0,-0.012332769172088719
M_2,s14,G,160.0,0.12924785864340846
M_2,s14,G,180.0,0.27444905288230065
M_2,s14,G,200.0,0.14038343172941092
M_2,s14,G,220.0,0.11506395455517844
M_2,s14,G,240.0,-0.003426119131660181
M_2,s14,G,260.0,0.05389635560250847
M_2,s14,G,280.0,0.24631969977498253
M_2,s14,G,300.0,0.4889783302606048
M_2,s14,G,320.0,0.4344649173542948
M_2,s14,G,340.0,0.2296662222574693
M_2,s14,G,360.0,-0.05556005244499468
M_2,s14,G,380.0,-0.5694806489154711
M_2,s14,G,400.0,-0.3546980624042649
M_2,s14,G,420.0,0.010466276930174406
M_2,s14,G,440.0,0.03011066030807208
M_2,s14,G,460.0,-0.08475551482557131
M_2,s14,G,480.0,-0.03910617002500077
M_2,s14,G,500.0,0.18350164012653264
M_2,s14,G,520.0,0.4239349539542637
M_2,s14,G,540.0,0.2858494743188045
M_2,s14,G,560.0,-0.09518653426463602
M_2,s14,G,580.0,0.1780343825700544
M_2,s14,G,600.0,-0.1296008733585962
M_2,s14,G,620.0,0.0412443201051271
M_2,s14,G,640.0,0.16181907871958245
M_2,s14,G,660.0,-0.166314401999217
M_2,s14,G,680.0,-0.14149810485204456
M_2,s14,G,700.0,0.12408372059652584
M_2,s14,G,720.0,0.13303287818320214
M_2,s14,G,740.0,-0.05542064516658385
M_2,s14,G,760.0,-0.18312927094183268
M_2,s14,G,780.0,-0.22172974170759185
M_2,s14,G,800.0,-0.08193224467037266
M_2,s14,G,820.0,-0.3267168927251434
M_2,s14,G,840.0,-0.4323370856223105
M_2,s14,G,860.0,-0.31815251869258104
M_2,s14,G,880.0,-0.01041862155385758
M_2,s14,G,900.0,0.14601282928869275
M_2,s14,G,920.0,-0.1746680184507582
M_2,s14,G,940.0,-0.20735510668316268
M_2,s14,G,960.0,-0.017143883626141332
M_2,s14,G,980.0,0.12180134226165826
M_2,s14,A,0.0,-0.129253894083161
M_2,s14,A,20.0,0.36068428405591546
M_2,s14,A,40.0,0.33560089047084385
M_2,s14,A,60.0,0.2665864976555668
M_2,s14,A,80.0,0.44821168654454124
M_2,s14,A,100.0,0.2886673894058064
M_2,s14,A,120.0,0.16507888993648373
M_2,s14,A,140.0,0.17227615222370068
M_2,s14,A,160.0,0.11296808609089395
M_2,s14,A,180.0,0.1525519787144547
M_2,s14,A,200.0,0.26784657749316987
M_2,s14,A,220.0,0.07314474207249683
M_2,s14,A,240.0,0.23323329985002286
M_2,s14,A,260.0,0.3503851018405246
M_2,s14,A,280.0,0.4585973618618691
M_2,s14,A,300.0,0.2609022095560834
M_2,s14,A,320.0,0.3692139557711789
M_2,s14,A,340.0,0.7247063875015809
M_2,s14,A,360.0,0.8504781046852905
M_2,s14,A,380.0,0.42942343776380376
M_2,s14,A,400.0,-0.06522492403941386
M_2,s14,A,420.0,0.25690795053440785
M_2,s14,A,440.0,0.5087682934359382
M_2,s14,A,460.0,0.4353251106719328
M_2,s14,A,480.0,0.34823463584886105
M_2,s14,A,500.0,0.2652650598881814
M_2,s14,A,520.0,0.2748761785950026
M_2,s14,A,540.0,0.23405470727607997
M_2,s14,A,560.0,0.14804866854716575
M_2,s14,A,580.0,-0.07036325255928269
M_2,s14,A,600.0,-0.10421463061006536
M_2,s14,A,620.0,-0.40217273375275453
M_2,s14,A,640.0,-0.49310029166057395
M_2,s14,A,660.0,-0.1589797787565514
M_2,s14,A,680.0,0.16472141516324268
M_2,s14,A,700.0,0.2565440218761579
M_2,s14,A,720.0,-0.03548735890034885
M_2,s14,A,740.0,-0.30676001037987344
M_2,s14,A,760.0,-0.14762564568518777
M_2,s14,A,780.0,0.11347540536592476
M_2,s14,A,800.0,0.18605010039712072
M_2,s14,A,820.0,-0.014365137061025005
M_2,s14,A,840.0,0.05002930319816558
M_2,s14,A,860.0,0.1750802899037055
M_2,s14,A,880.0,0.14638042381668206
M_2,s14,A,900.0,0.027878789780276123
M_2,s14,A,920.0,0.10692319260225652
M_2,s14,A,940.0,0.04698075879951712
M_2,s14,A,960.0,0.27726298286750684
M_2,s14,A,980.0,0.1679246837939462
M_2,s14,I,0.0,-0.049401823854704846
M_2,s14,I,20.0,0.08780143947236412
M_2,s14,I,40.0,5.659869183860522e-05
M_2,s14,I,60.0,-0.10046980103439662
M_2,s14,I,80.0,-0.06329341032603458
M_2,s14,I,100.0,0.19888422893629903
M_2,s14,I,120.0,-0.03181403946672996
M_2,s14,I,140.0,0.131618059418985
M_2,s14,I,160.0,-0.1349919979790407
M_2,s14,I,180.0,-0.3561875193917398
M_2,s14,I,200.0,-0.5127686680860764
M_2,s14,I,220.0,-0.7324510931849648
M_2,s14,I,240.0,-0.5489137990900081
M_2,s14,I,260.0,-0.14055346270173286
M_2,s14,I,280.0,-0.20112213552296984
M_2,s14,I,300.0,-0.6798420076496913
M_2,s14,I,320.0,-0.9980504177145952
M_2,s14,I,340.0,-0.2810184038266795
M_2,s14,I,360.0,0.2721806049027237
M_2,s14,I,380.0,0.2199882739544071
M_2,s14,I,400.0,-0.11522716419416829
M_2,s14,I,420.0,-0.4823765830425838
M_2,s14,I,440.0,-0.5551808505259495
M_2,s14,I,460.0,-0.6727424982585416
M_2,s14,I,480.0,-0.38377080975903877
M_2,s14,I,500.0,-0.5121390182789826
M_2,s14,I,520.0,-0.4080755750031689
M_2,s14,I,540.0,-0.13113616145720075
M_2,s14,I,560.0,-0.6421718258551798
M_2,s14,I,580.0,-0.559679650027961
M_2,s14,I,600.0,-0.02405220394148533
M_2,s14,I,620.0,-0.25643232578814407
M_2,s14,I,640.0,-0.3830736559860806
M_2,s14,I,660.0,-0.0577605783195958
M_2,s14,I,680.0,0.448258544167841
M_2,s14,I,700.0,-0.19997412304388157
M_2,s14,I,720.0,-0.3620170593454339
M_2,s14,I,740.0,0.13357892780628988
M_2,s14,I,760.0,0.8504607013670837
M_2,s14,I,780.0,0.6993625170097424
M_2,s14,I,800.0,-0.06710660507382873
M_2,s14,I,820.0,-0.19420715876478928
M_2,s14,I,840.0,0.23589997784896455
M_2,s14,I,860.0,0.09802657713881169
M_2,s14,I,880.0,-0.05539550033665437
M_2,s14,I,900.0,0.08561485789856418
M_2,s14,I,920.0,0.3008562980586915
M_2,s14,I,940.0,0.3129135855006484
M_2,s14,I,960.0,-0.12552648267725092
M_2,s14,I,980.0,-0.07760275644116178
F_1,s15,G,0.0,0.12125042500385577
F_1,s15,G,20.0,0.35360985890467594
F_1,s15,G,40.0,0.41138337361824945
F_1,s15,G,60.0,0.34326147954379616
F_1,s15,G,80.0,0.1772230291792835
F_1,s15,G,100.0,0.17537186593180937
F_1,s15,G,120.0,0.3764866099277647
F_1,s15,G,140.0,0.41033256335496493
F_1,s15,G,160.0,0.34736902510632883
F_1,s15,G,180.0,0.2768025773553131
F_1,s15,G,200.0,0.24839946176740246
F_1,s15,G,220.0,0.1677888142475925
F_1,s15,G,240.0,0.27422736764809874
F_1,s15,G,260.0,0.46511735248721375
F_1,s15,G,280.0,0.3853205640456324
F_1,s15,G,300.0,0.2838933089565695
F_1,s15,G,320.0,0.6016650389649507
F_1,s15,G,340.0,0.5262847865955773
F_1,s15,G,360.0,0.194733786209894
F_1,s15,G,380.0,0.2552504691460888
F_1,s15,G,400.0,0.4425925912912304
F_1,s15,G,420.0,0.480614524822171
F_1,s15,G,440.0,0.39060676923337256
F_1,s15,G,460.0,0.3618002478872475
F_1,s15,G,480.0,0.23776981454353463
F_1,s15,G,500.0,0.11565809489138429
F_1,s15,G,520.0,0.14036293823296372
F_1,s15,G,540.0,0.44953144170037224
F_1,s15,G,560.0,0.6009910566597485
F_1,s15,G,580.0,0.4984680097618294
F_1,s15,G,600.0,0.17964829864158072
F_1,s15,G,620.0,0.1330501919684477
F_1,s15,G,640.0,0.36345236041958806
F_1,s15,G,660.0,0.36994403858565134
F_1,s15,G,680.0,0.17477207602521513
F_1,s15,G,700.0,0.18878771911268913
F_1,s15,G,720.0,0.22926217761910614
F_1,s15,G,740.0,0.2907910645892463
F_1,s15,G,760.0,0.16791084142779727
F_1,s15,G,780.0,0.0017514214754951506
F_1,s15,G,800.0,0.02083519903260736
F_1,s15,G,820.0,-0.11301396259514637
F_1,s15,G,840.0,-0.02620425804248909
F_1,s15,G,860.0,0.3882939366236361
F_1,s15,G,880.0,0.5417982873734422
F_1,s15,G,900.0,0.42697607728272235
F_1,s15,G,920.0,0.1414377913997866
F_1,s15,G,940.0,0.11229383387606766
F_1,s15,G,960.0,0.2791629288164193
F_1,s15,G,980.0,0.3307425842042584
F_1,s15,A,0.0,-0.07987011472090033
F_1,s15,A,20.0,-0.13244990321786576
F_1,s15,A,40.0,-0.4759454019187228
F_1,s15,A,60.0,-0.34894989261911447
F_1,s15,A,80.0,-0.18748711268479842
F_1,s15,A,100.0,-0.388580622239014
F_1,s15,A,120.0,-0.33806386453306914
F_1,s15,A,140.0,-0.34186976201808716
F_1,s15,A,160.0,-0.09649760233723746
F_1,s15,A,180.0,0.018355064060719968
F_1,s15,A,200.0,-0.01602285302396634
F_1,s15,A,220.0,0.18259829584831244
F_1,s15,A,240.0,-0.049255856155292405
F_1,s15,A,260.0,-0.0665644278633048
F_1,s15,A,280.0,0.04083253565569056
F_1,s15,A,300.0,-0.1995207825920622
F_1,s15,A,320.0,-0.5306361677020088
F_1,s15,A,340.0,-0.4232717784993549
F_1,s15,A,360.0,-0.24231842512216656
F_1,s15,A,380.0,-0.34760260410041344
F_1,s15,A,400.0,-0.40515446920915443
F_1,s15,A,420.0,-0.08830286331509138
F_1,s15,A,440.0,0.14218127051641455
F_1,s15,A,460.0,-0.5954970049009781
F_1,s15,A,480.0,-0.7805714906739132
F_1,s15,A,500.0,0.07030430253007275
F_1,s15,A,520.0,0.41131891644791124
F_1,s15,A,540.0,-0.16071194426953767
F_1,s15,A,560.0,-0.851121321296023
F_1,s15,A,580.0,-0.3150513696040519
F_1,s15,A,600.0,0.1542738532754985
F_1,s15,A,620.0,0.03904085440198585
F_1,s15,A,640.0,-0.5958548769916039
F_1,s15,A,660.0,-0.7319862038785645
F_1,s15,A,680.0,-0.40856221999217524
F_1,s15,A,700.0,-0.09150903957655268
F_1,s15,A,720.0,-0.06299792683138984
F_1,s15,A,740.0,-0.25186875198254927
F_1,s15,A,760.0,-0.3503029008945936
F_1,s15,A,780.0,-0.18386629077899844
F_1,s15,A,800.0,-0.1378730789412795
F_1,s15,A,820.0,-0.08821395167599702
F_1,s15,A,840.0,-0.10726327588520315
F_1,s15,A,860.0,-0.4942411408454554
F_1,s15,A,880.0,-0.36673571807387534
F_1,s15,A,900.0,-0.15901380726471054
F_1,s15,A,920.0,0.056687240372998215
F_1,s15,A,940.0,0.08844180633384921
F_1,s15,A,960.0,0.025100634925154686
F_1,s15,A,980.0,0.12455329444908432
F_1,s15,I,0.0,0.11199939776576537
F_1,s15,I,20.0,0.004430612709882029
F_1,s15,I,40.0,0.23962395397355438
F_1,s15,I,60.0,0.21709642456210526
F_1,s15,I,80.0,0.17945091043799108
F_1,s15,I,100.0,0.35467744384102934
F_1,s15,I,120.0,0.3319804793443718
F_1,s15,I,140.0,0.32305294816792446
F_1,s15,I,160.0,0.10639813079876562
F_1,s15,I,180.0,-0.11385081252979892
F_1,s15,I,200.0,-0.17750813108541735
F_1,s15,I,220.0,-0.18452054764127046
F_1,s15,I,240.0,0.0010721625928185805
F_1,s15,I,260.0,-0.21846589013513956
F_1,s15,I,280.0,-0.04638040960854977
F_1,s15,I,300.0,0.37641979025716565
F_1,s15,I,320.0,0.5983061610377152
F_1,s15,I,340.0,0.07816808021691223
F_1,s15,I,360.0,0.002669192866343986
F_1,s15,I,380.0,0.6743286785152556
F_1,s15,I,400.0,0.45167524012749266
F_1,s15,I,420.0,-0.7295841763196551
F_1,s15,I,440.0,-0.7179644849115229
F_1,s15,I,460.0,0.8678005298844798
F_1,s15,I,480.0,0.8320624886259698
F_1,s15,I,500.0,-0.4226775641055957
F_1,s15,I,520.0,-0.47575692804513814
F_1,s15,I,540.0,0.06034230122381651
F_1,s15,I,560.0,0.2727045766389815
F_1,s15,I,580.0,0.09578864339137558
F_1,s15,I,600.0,-0.022180452779484938
F_1,s15,I,620.0,0.04049811557722982
F_1,s15,I,640.0,0.14929895283930178
F_1,s15,I,660.0,0.5301825368082689
F_1,s15,I,680.0,0.20126858642320172
F_1,s15,I,700.0,-0.28881699498480884
F_1,s15,I,720.0,-0.3285448771132527
F_1,s15,I,740.0,-0.21416033048954608
F_1,s15,I,760.0,-0.13720798179364285
F_1,s15,I,780.0,-0.43530355677405047
F_1,s15,I,800.0,-0.32359174755744735
F_1,s15,I,820.0,-0.021064452548319228
F_1,s15,I,840.0,-0.2592807297541484
F_1,s15,I,860.0,-0.279046666992697
F_1,s15,I,880.0,-0.4422356236965185
F_1,s15,I,900.0,-0.3705297520767217
F_1,s15,I,920.0,-0.2447885993789829
F_1,s15,I,940.0,-0.17178878913952297
F_1,s15,I,960.0,-0.6836047151329281
F_1,s15,I,980.0,-0.7880611204087531
F_2,s15,G,0.0,0.15229220894823278
F_2,s15,G,20.0,0.2859000987147044
F_2,s15,G,40.0,0.37857886839795707
F_2,s15,G,60.0,0.4172826059681111
F_2,s15,G,80.0,0.3220894746347698
F_2,s15,G,100.0,0.2561226561159609
F_2,s15,G,120.0,0.41497321115976615
F_2,s15,G,140.0,0.4299283293653051
F_2,s15,G,160.0,0.4070586564424702
F_2,s15,G,180.0,0.345412696009485
F_2,s15,G,200.0,0.31354593948190446
F_2,s15,G,220.0,0.25388574881630366
F_2,s15,G,240.0,0.3436381503157254
F_2,s15,G,260.0,0.41543348007103786
F_2,s15,G,280.0,0.39535729781848106
F_2,s15,G,300.0,0.46883952971513554
F_2,s15,G,320.0,0.5399346401408922
F_2,s15,G,340.0,0.48905397225116687
F_2,s15,G,360.0,0.2543283289871813
F_2,s15,G,380.0,0.33210591504998777
F_2,s15,G,400.0,0.5320783144307224
F_2,s15,G,420.0,0.7605632647868964
F_2,s15,G,440.0,0.5613704216275989
F_2,s15,G,460.0,0.2775108726161472
F_2,s15,G,480.0,0.3218929520362079
F_2,s15,G,500.0,0.5298577594407181
F_2,s15,G,520.0,0.45849866583102555
F_2,s15,G,540.0,0.382188871527102
F_2,s15,G,560.0,0.4712351884001441
F_2,s15,G,580.0,0.5452546465285709
F_2,s15,G,600.0,0.2227789279935292
F_2,s15,G,620.0,0.1273575803566041
F_2,s15,G,640.0,0.23050785260452913
F_2,s15,G,660.0,0.1507260847299038
F_2,s15,G,680.0,0.20105608305275757
F_2,s15,G,700.0,0.33871036235754903
F_2,s15,G,720.0,0.14367577863455513
F_2,s15,G,740.0,0.06723420411031614
F_2,s15,G,760.0,-0.1742546622131505
F_2,s15,G,780.0,-0.18970064279895033
F_2,s15,G,800.0,0.024855389518097126
F_2,s15,G,820.0,-0.13852541432708895
F_2,s15,G,840.0,-0.1446425627978414
F_2,s15,G,860.0,0.14183669460506307
F_2,s15,G,880.0,0.3439703602585738
F_2,s15,G,900.0,0.2571548947065416
F_2,s15,G,920.0,-0.0727908831405204
F_2,s15,G,940.0,-0.048881557663456865
F_2,s15,G,960.0,0.3307538060383973
F_2,s15,G,980.0,0.3879719453565864
F_2,s15,A,0.0,0.05741962782152317
F_2,s15,A,20.0,0.060596729036164955
F_2,s15,A,40.0,-0.3200480903352556
F_2,s15,A,60.0,-0.32642915721960386
F_2,s15,A,80.0,-0.36149473224025763
F_2,s15,A,100.0,-0.423074814373849
F_2,s15,A,120.0,-0.34612589180246306
F_2,s15,A,140.0,-0.2723622188584139
F_2,s15,A,160.0,-0.052162743667015475
F_2,s15,A,180.0,-0.37180160172899607
F_2,s15,A,200.0,-0.36341537714587185
F_2,s15,A,220.0,-0.1083694335766716
F_2,s15,A,240.0,-0.33668370742500775
F_2,s15,A,260.0,-0.33027639817212734
F_2,s15,A,280.0,-0.01708330194215672
F_2,s15,A,300.0,-0.132781889782396
F_2,s15,A,320.0,-0.3651773009859839
F_2,s15,A,340.0,-0.46637022527702554
F_2,s15,A,360.0,-0.2844935296315674
F_2,s15,A,380.0,-0.4584643757965941
F_2,s15,A,400.0,-0.5026759097718776
F_2,s15,A,420.0,-0.19416053298464217
F_2,s15,A,440.0,-0.13215885484567155
F_2,s15,A,460.0,-0.5982740076237211
F_2,s15,A,480.0,-0.7381457846602449
F_2,s15,A,500.0,-0.3626186451255833
F_2,s15,A,520.0,-0.010738738304821027
F_2,s15,A,540.0,-0.5080879181235656
F_2,s15,A,560.0,-0.9459647274537624
F_2,s15,A,580.0,-0.37005442796053184
F_2,s15,A,600.0,0.05524902212530362
F_2,s15,A,620.0,-0.18857036182289605
F_2,s15,A,640.0,-0.6605910804689843
F_2,s15,A,660.0,-0.6417109802685229
F_2,s15,A,680.0,-0.5018139007622875
F_2,s15,A,700.0,-0.20174590955375826
F_2,s15,A,720.0,-0.04229218180295789
F_2,s15,A,740.0,-0.20865801026821723
F_2,s15,A,760.0,-0.22285189867231203
F_2,s15,A,780.0,-0.18165512467710032
F_2,s15,A,800.0,-0.25143505228891894
F_2,s15,A,820.0,-0.30272181252425684
F_2,s15,A,840.0,-0.18642882564407237
F_2,s15,A,860.0,-0.29625278050127835
F_2,s15,A,880.0,-0.4434653999655703
F_2,s15,A,900.0,-0.28048780173098
F_2,s15,A,920.0,-0.11537151584543832
F_2,s15,A,940.0,-0.08659463184733363
F_2,s15,A,960.0,-0.21876465446967233
F_2,s15,A,980.0,-0.20674649133035478
F_2,s15,I,0.0,0.2464197221963243
F_2,s15,I,20.0,0.15257939563382852
F_2,s15,I,40.0,0.2839742068121165
F_2,s15,I,60.0,0.21248404128907644
F_2,s15,I,80.0,0.16339001640536457
F_2,s15,I,100.0,0.36588161202328906
F_2,s15,I,120.0,0.3944845210493033
F_2,s15,I,140.0,0.26413971309401657
F_2,s15,I,160.0,-0.009765397857577601
F_2,s15,I,180.0,0.19828969593729506
F_2,s15,I,200.0,0.14989855076622888
F_2,s15,I,220.0,0.09158371948976252
F_2,s15,I,240.0,0.15197733284554338
F_2,s15,I,260.0,0.04025325778430876
F_2,s15,I,280.0,-0.1722079869813758
F_2,s15,I,300.0,0.20936338907006158
F_2,s15,I,320.0,0.4955714097672416
F_2,s15,I,340.0,0.24521126792034464
F_2,s15,I,360.0,0.06234826500057865
F_2,s15,I,380.0,0.5925246617185722
F_2,s15,I,400.0,0.522350653903426
F_2,s15,I,420.0,-0.4147665781230092
F_2,s15,I,440.0,-0.6267162619231194
F_2,s15,I,460.0,0.34964187336204156
F_2,s15,I,480.0,0.5050310079640992
F_2,s15,I,500.0,-0.1262302928263973
F_2,s15,I,520.0,-0.12060471268508535
F_2,s15,I,540.0,0.31436984391165224
F_2,s15,I,560.0,0.26819451721202886
F_2,s15,I,580.0,0.12321356402444282
F_2,s15,I,600.0,0.14989039548322616
F_2,s15,I,620.0,0.4156135256637367
F_2,s15,I,640.0,0.4654564457645153
F_2,s15,I,660.0,0.6492734800395088
F_2,s15,I,680.0,0.4905144537586433
F_2,s15,I,700.0,-0.003919762756885006
F_2,s15,I,720.0,-0.11951503016175177
F_2,s15,I,740.0,-0.039194850339270004
F_2,s15,I,760.0,0.09089549970268965
F_2,s15,I,780.0,-0.14702726847424114
F_2,s15,I,800.0,-0.26296138332017516
F_2,s15,I,820.0,0.08835352555713312
F_2,s15,I,840.0,-0.3253497275713013
F_2,s15,I,860.0,-0.4665110805271526
F_2,s15,I,880.0,-0.41931682825155026
F_2,s15,I,900.0,-0.24055553318674186
F_2,s15,I,920.0,-0.11844892336536689
F_2,s15,I,940.0,-0.17606714302030912
F_2,s15,I,960.0,-0.624280880733709
F_2,s15,I,980.0,-0.5049353857640945
M_1,s15,G,0.0,0.03955109781750918
M_1,s15,G,20.0,0.4459666411729724
M_1,s15,G,40.0,0.5275290133588852
M_1,s15,G,60.0,0.37390191191023314
M_1,s15,G,80.0,0.21095316241589113
M_1,s15,G,100.0,0.2452721494222611
M_1,s15,G,120.0,0.39061542140449457
M_1,s15,G,140.0,0.3622951230815923
M_1,s15,G,160.0,0.2921966550082459
M_1,s15,G,180.0,0.2472185552420084
M_1,s15,G,200.0,0.32259900547912623
M_1,s15,G,220.0,0.30999405876836406
M_1,s15,G,240.0,0.381754781828876
M_1,s15,G,260.0,0.5797994802491808
M_1,s15,G,280.0,0.09795336384879683
M_1,s15,G,300.0,-0.07700976045409744
M_1,s15,G,320.0,0.3774344469765613
M_1,s15,G,340.0,0.5089844092672575
M_1,s15,G,360.0,-0.0874267822527126
M_1,s15,G,380.0,-0.19976876962795403
M_1,s15,G,400.0,0.23908265098808076
M_1,s15,G,420.0,0.42275918801895274
M_1,s15,G,440.0,-0.08601358588419755
M_1,s15,G,460.0,-0.17290920958752357
M_1,s15,G,480.0,0.17511691261213203
M_1,s15,G,500.0,0.25633453808960477
M_1,s15,G,520.0,0.05909515184858495
M_1,s15,G,540.0,0.3282117220664723
M_1,s15,G,560.0,0.6184395051532663
M_1,s15,G,580.0,0.12297882294762721
M_1,s15,G,600.0,-0.693062647893448
M_1,s15,G,620.0,-0.4666578553062426
M_1,s15,G,640.0,0.05296207235715375
M_1,s15,G,660.0,0.0736361127852843
M_1,s15,G,680.0,-0.22962346187876903
M_1,s15,G,700.0,-0.0955089743390857
M_1,s15,G,720.0,-0.02790585346669544
M_1,s15,G,740.0,0.05014056661665153
M_1,s15,G,760.0,-0.09877827138675202
M_1,s15,G,780.0,-0.16645503094132408
M_1,s15,G,800.0,-0.08361849704454997
M_1,s15,G,820.0,-0.026485933611528484
M_1,s15,G,840.0,-0.0038527265869158847
M_1,s15,G,860.0,0.25150016210012865
M_1,s15,G,880.0,0.31152496824119275
M_1,s15,G,900.0,0.29337259175846886
M_1,s15,G,920.0,-0.04246021849341289
M_1,s15,G,940.0,-0.06502505993427546
M_1,s15,G,960.0,0.2822856802828812
M_1,s15,G,980.0,0.45082389950609475
M_1,s15,A,0.0,-0.05926450475635786
M_1,s15,A,20.0,-0.23803446039206833
M_1,s15,A,40.0,-0.5261104777781518
M_1,s15,A,60.0,-0.3661380921010915
M_1,s15,A,80.0,-0.28483176444934655
M_1,s15,A,100.0,-0.45008361062362245
M_1,s15,A,120.0,-0.43939651410481084
M_1,s15,A,140.0,-0.45026989934265826
M_1,s15,A,160.0,-0.20850683297373862
M_1,s15,A,180.0,-0.24969881623773515
M_1,s15,A,200.0,-0.3285381829568515
M_1,s15,A,220.0,-0.2547591068024817
M_1,s15,A,240.0,-0.21928872977113784
M_1,s15,A,260.0,-0.21559689806751706
M_1,s15,A,280.0,-0.08462412710358931
M_1,s15,A,300.0,-0.06650750733878538
M_1,s15,A,320.0,-0.21583284115980778
M_1,s15,A,340.0,-0.37277645174272966
M_1,s15,A,360.0,-0.3930740058169158
M_1,s15,A,380.0,-0.35810516663813147
M_1,s15,A,400.0,-0.32091509319414524
M_1,s15,A,420.0,-0.21755197145755523
M_1,s15,A,440.0,-0.021051791608453857
M_1,s15,A,460.0,-0.2924285555134674
M_1,s15,A,480.0,-0.4177217658020611
M_1,s15,A,500.0,-0.1354612665964367
M_1,s15,A,520.0,-0.08128245142869728
M_1,s15,A,540.0,-0.41591356952071223
M_1,s15,A,560.0,-0.6903259125461529
M_1,s15,A,580.0,-0.2397978542987953
M_1,s15,A,600.0,0.18614850359386617
M_1,s15,A,620.0,-0.1348944118944472
M_1,s15,A,640.0,-0.6449472431058484
M_1,s15,A,660.0,-0.5762356558029419
M_1,s15,A,680.0,-0.4631854168086121
M_1,s15,A,700.0,-0.21948021781397603
M_1,s15,A,720.0,-0.15351172619291337
M_1,s15,A,740.0,-0.3985119889667186
M_1,s15,A,760.0,-0.43265425640258187
M_1,s15,A,780.0,-0.16035531956420201
M_1,s15,A,800.0,-0.0827760144489513
M_1,s15,A,820.0,-0.31948781114341357
M_1,s15,A,840.0,-0.2924408267329578
M_1,s15,A,860.0,-0.30515311430945347
M_1,s15,A,880.0,-0.329057251227031
M_1,s15,A,900.0,-0.3172870192378069
M_1,s15,A,920.0,-0.14635000012936875
M_1,s15,A,940.0,-0.022009978259922514
M_1,s15,A,960.0,0.018020928179919765
M_1,s15,A,980.0,-0.13941102624136642
M_1,s15,I,0.0,0.3026687786734215
M_1,s15,I,20.0,0.2565074713698186
M_1,s15,I,40.0,0.35077693452786596
M_1,s15,I,60.0,0.32296002893457415
M_1,s15,I,80.0,0.3394041542231374
M_1,s15,I,100.0,0.5569265774230722
M_1,s15,I,120.0,0.5910075530546625
M_1,s15,I,140.0,0.5496199965392877
M_1,s15,I,160.0,0.21879645144699578
M_1,s15,I,180.0,0.24993190266473414
M_1,s15,I,200.0,0.2535923291444041
M_1,s15,I,220.0,0.384168049128191
M_1,s15,I,240.0,0.2168725994243115
M_1,s15,I,260.0,0.019579715138902443
M_1,s15,I,280.0,0.09507479672648089
M_1,s15,I,300.0,0.37194733768462207
M_1,s15,I,320.0,0.36442438489841084
M_1,s15,I,340.0,0.2114893863439737
M_1,s15,I,360.0,0.33387277317195474
M_1,s15,I,380.0,0.7486950999980352
M_1,s15,I,400.0,0.4041027266382159
M_1,s15,I,420.0,-0.34304682233169836
M_1,s15,I,440.0,-0.447974757139605
M_1,s15,I,460.0,0.3503265889419917
M_1,s15,I,480.0,0.40813704666016215
M_1,s15,I,500.0,0.02215451625772344
M_1,s15,I,520.0,0.22470750950654308
M_1,s15,I,540.0,0.341086460413192
M_1,s15,I,560.0,0.14133000317754207
M_1,s15,I,580.0,0.2810987126948652
M_1,s15,I,600.0,0.39242160665851966
M_1,s15,I,620.0,0.60106899058293
M_1,s15,I,640.0,0.5228224783888794
M_1,s15,I,660.0,0.5695208892731461
M_1,s15,I,680.0,0.5492429841474639
M_1,s15,I,700.0,0.22965945918280262
M_1,s15,I,720.0,0.11499824153085214
M_1,s15,I,740.0,0.17047576651793345
M_1,s15,I,760.0,0.2095298176558883
M_1,s15,I,780.0,-0.1448370729024005
M_1,s15,I,800.0,-0.19397224596190046
M_1,s15,I,820.0,0.2553276918098011
M_1,s15,I,840.0,-0.1910674278211127
M_1,s15,I,860.0,-0.525076962317063
M_1,s15,I,880.0,-0.4331642855697183
M_1,s15,I,900.0,-0.15520907308414073
M_1,s15,I,920.0,-0.011275862767554524
M_1,s15,I,940.0,-0.12012014878896275
M_1,s15,I,960.0,-0.6700968272756599
M_1,s15,I,980.0,-0.5158703595869972
M_2,s15,G,0.0,0.19770168605770627
M_2,s15,G,20.0,0.3077710142014056
M_2,s15,G,40.0,0.31316533581139094
M_2,s15,G,60.0,0.23957475159620048
M_2,s15,G,80.0,0.22405565999301663
M_2,s15,G,100.0,0.08041611351998132
M_2,s15,G,120.0,0.11950817540218481
M_2,s15,G,140.0,0.40901119684155596
M_2,s15,G,160.0,0.2867682379303338
M_2,s15,G,180.0,0.09667657506935992
M_2,s15,G,200.0,0.13965513241120506
M_2,s15,G,220.0,0.04250486284376761
M_2,s15,G,240.0,-0.031318548631082826
M_2,s15,G,260.0,0.1077219373708791
M_2,s15,G,280.0,0.30821639812819046
M_2,s15,G,300.0,0.34863148676456246
M_2,s15,G,320.0,0.44096852121173785
M_2,s15,G,340.0,0.25481949756417976
M_2,s15,G,360.0,0.3465564455524823
M_2,s15,G,380.0,0.47982657598102707
M_2,s15,G,400.0,0.4536102872930037
M_2,s15,G,420.0,0.42489210957070467
M_2,s15,G,440.0,0.45918275565569544
M_2,s15,G,460.0,0.7718526889005942
M_2,s15,G,480.0,0.5602846588666
M_2,s15,G,500.0,0.17681725638601473
M_2,s15,G,520.0,0.23933446095913713
M_2,s15,G,540.0,0.5563352412780287
M_2,s15,G,560.0,0.657286589910167
M_2,s15,G,580.0,0.45355271057500546
M_2,s15,G,600.0,0.04556783724351578
M_2,s15,G,620.0,-0.06148810967500284
M_2,s15,G,640.0,0.004131471901319399
M_2,s15,G,660.0,0.1392807676842313
M_2,s15,G,680.0,0.0429889209624051
M_2,s15,G,700.0,0.0321332777412498
M_2,s15,G,720.0,-0.027573124227122825
M_2,s15,G,740.0,-0.07320097125271217
M_2,s15,G,760.0,-0.2126334006321829
M_2,s15,G,780.0,-0.15424034179646007
M_2,s15,G,800.0,-0.12873059375523976
M_2,s15,G,820.0,-0.4942201761153201
M_2,s15,G,840.0,-0.3688852733880904
M_2,s15,G,860.0,0.12537946015102672
M_2,s15,G,880.0,0.3689693928549119
M_2,s15,G,900.0,0.2812850735677823
M_2,s15,G,920.0,0.016003240024029197
M_2,s15,G,940.0,0.019011956350699202
M_2,s15,G,960.0,0.2612439859584703
M_2,s15,G,980.0,0.3280104607591448
M_2,s15,A,0.0,-0.012024520230609237
M_2,s15,A,20.0,-0.12624015723657683
M_2,s15,A,40.0,-0.4083755531306216
M_2,s15,A,60.0,-0.19120866615342472
M_2,s15,A,80.0,0.009260642889138068
M_2,s15,A,100.0,-0.17888592995816033
M_2,s15,A,120.0,-0.25946615294871844
M_2,s15,A,140.0,-0.31857529134397555
M_2,s15,A,160.0,0.20728598258104725
M_2,s15,A,180.0,-0.05965985817863919
M_2,s15,A,200.0,-0.3242123998535642
M_2,s15,A,220.0,-0.15011040426301533
M_2,s15,A,240.0,-0.09065589709879274
M_2,s15,A,260.0,-0.09203125792453168
M_2,s15,A,280.0,0.014177303555644241
M_2,s15,A,300.0,-0.16805598443314781
M_2,s15,A,320.0,-0.36034816460662467
M_2,s15,A,340.0,-0.36043608842256963
M_2,s15,A,360.0,-0.23865719002955635
M_2,s15,A,380.0,-0.4385066669488906
M_2,s15,A,400.0,-0.49801112023242616
M_2,s15,A,420.0,-0.13988119577456953
M_2,s15,A,440.0,-0.027003906637566077
M_2,s15,A,460.0,-0.43812890005489463
M_2,s15,A,480.0,-0.4464539655913937
M_2,s15,A,500.0,-0.026677869151878864
M_2,s15,A,520.0,0.08190206108782816
M_2,s15,A,540.0,-0.4634358186365283
M_2,s15,A,560.0,-0.8802371152827747
M_2,s15,A,580.0,-0.3292616197600291
M_2,s15,A,600.0,0.012547810186128376
M_2,s15,A,620.0,-0.10660140006838734
M_2,s15,A,640.0,-0.5914139434610124
M_2,s15,A,660.0,-0.5730599000344885
M_2,s15,A,680.0,-0.5106321405120022
M_2,s15,A,700.0,-0.25356972326990757
M_2,s15,A,720.0,-0.06677814469177107
M_2,s15,A,740.0,-0.24255985530221125
M_2,s15,A,760.0,-0.2991914134497854
M_2,s15,A,780.0,-0.15528591728098057
M_2,s15,A,800.0,-0.022448988436706063
M_2,s15,A,820.0,-0.18572125430300251
M_2,s15,A,840.0,-0.1481715885292208
M_2,s15,A,860.0,-0.405559937161629
M_2,s15,A,880.0,-0.4820560816009786
M_2,s15,A,900.0,-0.2828810447355402
M_2,s15,A,920.0,-0.004424360661460278
M_2,s15,A,940.0,0.03688592850225108
M_2,s15,A,960.0,-0.0663565757774713
M_2,s15,A,980.0,-0.1912526102503614
M_2,s15,I,0.0,0.3672125809338269
M_2,s15,I,20.0,0.0866402416251128
M_2,s15,I,40.0,0.11702260669278947
M_2,s15,I,60.0,0.09905841159852832
M_2,s15,I,80.0,-0.11440714715897253
M_2,s15,I,100.0,0.30947845530265294
M_2,s15,I,120.0,0.37955833150480844
M_2,s15,I,140.0,0.10751300779334343
M_2,s15,I,160.0,-0.3153481794196012
M_2,s15,I,180.0,0.3172414996524898
M_2,s15,I,200.0,0.2766258946646567
M_2,s15,I,220.0,0.28506881463510575
M_2,s15,I,240.0,0.25867944009431354
M_2,s15,I,260.0,-0.0820512394929555
M_2,s15,I,280.0,-0.28082632339629976
M_2,s15,I,300.0,0.281280519109946
M_2,s15,I,320.0,0.318062841325192
M_2,s15,I,340.0,0.4829839942188012
M_2,s15,I,360.0,-0.07878366797258932
M_2,s15,I,380.0,0.12855409781089178
M_2,s15,I,400.0,0.23945147913412196
M_2,s15,I,420.0,-0.15796665840478252
M_2,s15,I,440.0,-0.4642739549144156
M_2,s15,I,460.0,-0.6335785578799618
M_2,s15,I,480.0,-0.5912453103619282
M_2,s15,I,500.0,-0.35778708698138273
M_2,s15,I,520.0,0.15297860976613248
M_2,s15,I,540.0,0.1316131171954124
M_2,s15,I,560.0,-0.09380480906431982
M_2,s15,I,580.0,-0.005329594947534377
M_2,s15,I,600.0,-0.10103093721851528
M_2,s15,I,620.0,0.27239636534234235
M_2,s15,I,640.0,0.7379366207188757
M_2,s15,I,660.0,0.5366447943648166
M_2,s15,I,680.0,0.4735351951126461
M_2,s15,I,700.0,0.08383850151680397
M_2,s15,I,720.0,-0.014605055890814699
M_2,s15,I,740.0,0.1530238624562615
M_2,s15,I,760.0,0.21581519969595325
M_2,s15,I,780.0,-0.08442810709918219
M_2,s15,I,800.0,-0.08070437564751425
M_2,s15,I,820.0,0.6768717534217354
M_2,s15,I,840.0,0.07054979637640087
M_2,s15,I,860.0,-0.11741506148975847
M_2,s15,I,880.0,-0.1445032023999
M_2,s15,I,900.0,0.036739935618493785
M_2,s15,I,920.0,-0.06622473967246709
M_2,s15,I,940.0,-0.3294901396278478
M_2,s15,I,960.0,-0.5087076980139223
M_2,s15,I,980.0,-0.30346095516958893
F_1,s16,G,0.0,0.049123687385064375
F_1,s16,G,20.0,0.020441739686193575
F_1,s16,G,40.0,-0.04347652386593579
F_1,s16,G,60.0,-0.1335397679145946
F_1,s16,G,80.0,-0.02716307924665462
F_1,s16,G,100.0,-0.04893142496114139
F_1,s16,G,120.0,0.0832567575220495
F_1,s16,G,140.0,0.019704951656304905
F_1,s16,G,160.0,-0.008345522354423263
F_1,s16,G,180.0,-0.017550048144316183
F_1,s16,G,200.0,-0.22721348360539467
F_1,s16,G,220.0,-0.37919173514410176
F_1,s16,G,240.0,-0.15387954639418056
F_1,s16,G,260.0,0.10774774608426012
F_1,s16,G,280.0,-0.047905480843276615
F_1,s16,G,300.0,-0.1261233191852351
F_1,s16,G,320.0,-0.044444752338490406
F_1,s16,G,340.0,0.05217731822721469
F_1,s16,G,360.0,0.10537814441452206
F_1,s16,G,380.0,0.03189026549110516
F_1,s16,G,400.0,0.14634142421996876
F_1,s16,G,420.0,0.24864275174882944
F_1,s16,G,440.0,0.20719815917538767
F_1,s16,G,460.0,0.05151150856937016
F_1,s16,G,480.0,0.032148426578879064
F_1,s16,G,500.0,0.04638716151416536
F_1,s16,G,520.0,0.2757757506614409
F_1,s16,G,540.0,0.3779204649516968
F_1,s16,G,560.0,0.5218957634520751
F_1,s16,G,580.0,0.5471426613518973
F_1,s16,G,600.0,0.49152086745574164
F_1,s16,G,620.0,0.4703502293778577
F_1,s16,G,640.0,0.47634047962375675
F_1,s16,G,660.0,0.39672546391549707
F_1,s16,G,680.0,0.24646108676526493
F_1,s16,G,700.0,0.09869592234347334
F_1,s16,G,720.0,0.05291740119770898
F_1,s16,G,740.0,0.08372964249624712
F_1,s16,G,760.0,0.009356273517410078
F_1,s16,G,780.0,0.004903323539512255
F_1,s16,G,800.0,-0.014273611092980268
F_1,s16,G,820.0,0.120099790263587
F_1,s16,G,840.0,0.0787624017264929
F_1,s16,G,860.0,0.05765508673044382
F_1,s16,G,880.0,0.078255104156849
F_1,s16,G,900.0,0.025700095175104867
F_1,s16,G,920.0,0.1372249385849561
F_1,s16,G,940.0,0.17379371758445045
F_1,s16,G,960.0,0.15350865845605344
F_1,s16,G,980.0,0.232852497030192
F_1,s16,A,0.0,0.13791159909594491
F_1,s16,A,20.0,0.2503096279716919
F_1,s16,A,40.0,-0.029103350451593346
F_1,s16,A,60.0,-0.13805135403536445
F_1,s16,A,80.0,-0.1135129454152711
F_1,s16,A,100.0,-0.08051913860297658
F_1,s16,A,120.0,-0.04364529395219822
F_1,s16,A,140.0,-0.21593927164250598
F_1,s16,A,160.0,-0.20212906195569896
F_1,s16,A,180.0,-0.18128696678327508
F_1,s16,A,200.0,-0.2218950004749393
F_1,s16,A,220.0,-0.14742379687943818
F_1,s16,A,240.0,-0.10059059913673615
F_1,s16,A,260.0,0.029753775624944342
F_1,s16,A,280.0,0.05507891498541631
F_1,s16,A,300.0,0.15781537483841573
F_1,s16,A,320.0,0.1571234208806846
F_1,s16,A,340.0,0.14902499219379
F_1,s16,A,360.0,0.06451048883592594
F_1,s16,A,380.0,0.10675309463859105
F_1,s16,A,400.0,0.16488430902686713
F_1,s16,A,420.0,-0.1304643993654186
F_1,s16,A,440.0,-0.0763924245861236
F_1,s16,A,460.0,0.18642401479569393
F_1,s16,A,480.0,0.20852518964140407
F_1,s16,A,500.0,0.1286962770807888
F_1,s16,A,520.0,0.09358869396814898
F_1,s16,A,540.0,0.037085595579272754
F_1,s16,A,560.0,0.2643613150641188
F_1,s16,A,580.0,0.35890912784475537
F_1,s16,A,600.0,0.5461911722810489
F_1,s16,A,620.0,0.8450563472644697
F_1,s16,A,640.0,0.5012586511800732
F_1,s16,A,660.0,0.2778070194164032
F_1,s16,A,680.0,0.20312331993398744
F_1,s16,A,700.0,0.15172102849437036
F_1,s16,A,720.0,0.3986616493125542
F_1,s16,A,740.0,0.3075147555934926
F_1,s16,A,760.0,0.19217521334584936
F_1,s16,A,780.0,0.2349146316075686
F_1,s16,A,800.0,0.40963248469653646
F_1,s16,A,820.0,0.5698773193242217
F_1,s16,A,840.0,0.6087757589755626
F_1,s16,A,860.0,0.45154777089203957
F_1,s16,A,880.0,0.2612268769574525
F_1,s16,A,900.0,0.25582759364544166
F_1,s16,A,920.0,0.2585849849477786
F_1,s16,A,940.0,0.08406193145957334
F_1,s16,A,960.0,0.0034726155566559558
F_1,s16,A,980.0,0.08433963928783046
F_1,s16,I,0.0,-0.5910076145520342
F_1,s16,I,20.0,-0.7890650679689216
F_1,s16,I,40.0,-0.6259851545779969
F_1,s16,I,60.0,-0.6115267583283285
F_1,s16,I,80.0,-0.6908726017915869
F_1,s16,I,100.0,-0.7631244753942305
F_1,s16,I,120.0,-0.8324821497819237
F_1,s16,I,140.0,-0.6308860978420615
F_1,s16,I,160.0,-0.3773744278488358
F_1,s16,I,180.0,-0.5227633251189544
F_1,s16,I,200.0,-0.3446885669072173
F_1,s16,I,220.0,-0.21976206397920955
F_1,s16,I,240.0,-0.4877333305940156
F_1,s16,I,260.0,-0.8196768433468471
F_1,s16,I,280.0,-0.9160980091052103
F_1,s16,I,300.0,-0.9602964151022366
F_1,s16,I,320.0,-0.5919662010210182
F_1,s16,I,340.0,-0.5179116103447887
F_1,s16,I,360.0,-0.38247578794700626
F_1,s16,I,380.0,-0.4203024847875575
F_1,s16,I,400.0,-0.34932906065175967
F_1,s16,I,420.0,0.33431613288209205
F_1,s16,I,440.0,0.2512245948255223
F_1,s16,I,460.0,-0.18402900769236302
F_1,s16,I,480.0,-0.06774043906484502
F_1,s16,I,500.0,0.19843773508803897
F_1,s16,I,520.0,-0.03537484113307604
F_1,s16,I,540.0,-0.3615777418077316
F_1,s16,I,560.0,-0.8217304545427634
F_1,s16,I,580.0,-0.8703523729125832
F_1,s16,I,600.0,-0.9325477833236797
F_1,s16,I,620.0,-1.142751488832387
F_1,s16,I,640.0,-0.8985277828824342
F_1,s16,I,660.0,-0.9241838035959359
F_1,s16,I,680.0,-0.7431406881473
F_1,s16,I,700.0,-0.6239617910509598
F_1,s16,I,720.0,-0.7868119532422622
F_1,s16,I,740.0,-0.7100273006660514
F_1,s16,I,760.0,-0.6179576705544045
F_1,s16,I,780.0,-0.7744684594317075
F_1,s16,I,800.0,-0.9652923954350634
F_1,s16,I,820.0,-1.028922832564451
F_1,s16,I,840.0,-1.006540204608586
F_1,s16,I,860.0,-1.0067850487767056
F_1,s16,I,880.0,-0.9083860024352449
F_1,s16,I,900.0,-0.6777307008953712
F_1,s16,I,920.0,-0.712215853897227
F_1,s16,I,940.0,-0.47218644603389137
F_1,s16,I,960.0,-0.27227133567714956
F_1,s16,I,980.0,-0.3148573953265698
F_2,s16,G,0.0,0.004516226970885717
F_2,s16,G,20.0,-0.010944432435257063
F_2,s16,G,40.0,-0.1333885797583231
F_2,s16,G,60.0,-0.1434764186600001
F_2,s16,G,80.0,-0.04115040160766768
F_2,s16,G,100.0,-0.20210380519313437
F_2,s16,G,120.0,-0.1165049854977303
F_2,s16,G,140.0,0.04382569427595929
F_2,s16,G,160.0,0.08654927736325492
F_2,s16,G,180.0,-0.013731649706339027
F_2,s16,G,200.0,-0.34391348076963996
F_2,s16,G,220.0,-0.41500695316077574
F_2,s16,G,240.0,-0.12734006015328136
F_2,s16,G,260.0,0.04813469582123511
F_2,s16,G,280.0,-0.21912686974455722
F_2,s16,G,300.0,-0.47350254815063286
F_2,s16,G,320.0,-0.31005725168887305
F_2,s16,G,340.0,-0.1624968770999449
F_2,s16,G,360.0,-0.03259087012508752
F_2,s16,G,380.0,-0.035837746896933864
F_2,s16,G,400.0,0.1374419448862826
F_2,s16,G,420.0,0.20900946517518942
F_2,s16,G,440.0,0.20362848651601917
F_2,s16,G,460.0,0.05389454776957587
F_2,s16,G,480.0,-0.0265094063633273
F_2,s16,G,500.0,0.05239800336846932
F_2,s16,G,520.0,0.3183216261842347
F_2,s16,G,540.0,0.3919708514055944
F_2,s16,G,560.0,0.38743247517684665
F_2,s16,G,580.0,0.2954378032442435
F_2,s16,G,600.0,0.2758713584275655
F_2,s16,G,620.0,0.2675268722813146
F_2,s16,G,640.0,0.32115332794488133
F_2,s16,G,660.0,0.2863254547594263
F_2,s16,G,680.0,0.12208860223011711
F_2,s16,G,700.0,-0.14379125009228313
F_2,s16,G,720.0,-0.27840092625571294
F_2,s16,G,740.0,-0.23584233884507827
F_2,s16,G,760.0,-0.23260599129397744
F_2,s16,G,780.0,-0.3066710297458542
F_2,s16,G,800.0,-0.21955294640504827
F_2,s16,G,820.0,-0.1950134292031945
F_2,s16,G,840.0,-0.32852968132891947
F_2,s16,G,860.0,-0.2552171434469184
F_2,s16,G,880.0,-0.1640048536011106
F_2,s16,G,900.0,-0.12964383647304864
F_2,s16,G,920.0,0.007789669023303233
F_2,s16,G,940.0,0.036880743514253155
F_2,s16,G,960.0,0.02502919784936075
F_2,s16,G,980.0,0.051563515173668695
F_2,s16,A,0.0,0.3344419393296941
F_2,s16,A,20.0,0.4296096886410543
F_2,s16,A,40.0,0.2404076645486758
F_2,s16,A,60.0,0.13631071753448792
F_2,s16,A,80.0,0.13039710307372138
F_2,s16,A,100.0,0.17379635936585636
F_2,s16,A,120.0,0.1733395511102474
F_2,s16,A,140.0,-0.09970326881231087
F_2,s16,A,160.0,-0.08819220130449518
F_2,s16,A,180.0,-0.17563896168060808
F_2,s16,A,200.0,-0.15754014874680505
F_2,s16,A,220.0,-0.11919311941544943
F_2,s16,A,240.0,-0.0521303292289996
F_2,s16,A,260.0,0.09075894403565887
F_2,s16,A,280.0,0.1592192661050324
F_2,s16,A,300.0,0.30167050150357916
F_2,s16,A,320.0,0.2883641678136406
F_2,s16,A,340.0,0.06985000989564655
F_2,s16,A,360.0,-0.0019779004332928785
F_2,s16,A,380.0,0.017440568268134005
F_2,s16,A,400.0,0.06179859357582063
F_2,s16,A,420.0,-0.14031066749197382
F_2,s16,A,440.0,-0.2356773976611908
F_2,s16,A,460.0,-0.00639357474834093
F_2,s16,A,480.0,0.1472604513121029
F_2,s16,A,500.0,0.16241069792521634
F_2,s16,A,520.0,0.05282892922858996
F_2,s16,A,540.0,-0.06338671429886207
F_2,s16,A,560.0,0.04320751998170133
F_2,s16,A,580.0,0.26253526395584253
F_2,s16,A,600.0,0.5504426536073161
F_2,s16,A,620.0,0.6789368366896755
F_2,s16,A,640.0,0.253755133149739
F_2,s16,A,660.0,-0.035932145022204265
F_2,s16,A,680.0,0.016804787454231807
F_2,s16,A,700.0,0.05330791207990876
F_2,s16,A,720.0,0.23919887856177846
F_2,s16,A,740.0,0.12237572745580691
F_2,s16,A,760.0,0.07578912816728892
F_2,s16,A,780.0,0.30870017800512994
F_2,s16,A,800.0,0.4733998124911152
F_2,s16,A,820.0,0.4626418952814797
F_2,s16,A,840.0,0.4318823799789253
F_2,s16,A,860.0,0.407654562768775
F_2,s16,A,880.0,0.27410514282895343
F_2,s16,A,900.0,0.31365156915823555
F_2,s16,A,920.0,0.3486825890159939
F_2,s16,A,940.0,0.15764691437491918
F_2,s16,A,960.0,0.0014264313152945463
F_2,s16,A,980.0,0.010908198079889048
F_2,s16,I,0.0,-0.5405027562115194
F_2,s16,I,20.0,-0.730109754370049
F_2,s16,I,40.0,-0.6941173733684208
F_2,s16,I,60.0,-0.6172573401689682
F_2,s16,I,80.0,-0.6031608503270541
F_2,s16,I,100.0,-0.6460001374038479
F_2,s16,I,120.0,-0.7660101095418026
F_2,s16,I,140.0,-0.724775976777696
F_2,s16,I,160.0,-0.7258422507244937
F_2,s16,I,180.0,-0.6259358979273675
F_2,s16,I,200.0,-0.34351314248637355
F_2,s16,I,220.0,-0.42516040110479725
F_2,s16,I,240.0,-0.7991304238770004
F_2,s16,I,260.0,-0.9436672888049631
F_2,s16,I,280.0,-0.8780522391873646
F_2,s16,I,300.0,-0.8703602634202623
F_2,s16,I,320.0,-0.6706783404905086
F_2,s16,I,340.0,-0.5716077265412349
F_2,s16,I,360.0,-0.42446669530984654
F_2,s16,I,380.0,-0.4229293548718388
F_2,s16,I,400.0,-0.39967953090154834
F_2,s16,I,420.0,0.044401549711554016
F_2,s16,I,440.0,0.048216618746405725
F_2,s16,I,460.0,-0.17493102816293274
F_2,s16,I,480.0,-0.11002443363550515
F_2,s16,I,500.0,0.047357805547197124
F_2,s16,I,520.0,-0.07341505259365114
F_2,s16,I,540.0,-0.2429208764974885
F_2,s16,I,560.0,-0.5310777466146546
F_2,s16,I,580.0,-0.697938722474877
F_2,s16,I,600.0,-0.8038487121679814
F_2,s16,I,620.0,-0.9714393218339541
F_2,s16,I,640.0,-0.753422623725231
F_2,s16,I,660.0,-0.6741210263611385
F_2,s16,I,680.0,-0.5649265581790588
F_2,s16,I,700.0,-0.5015018733365875
F_2,s16,I,720.0,-0.6180882626827755
F_2,s16,I,740.0,-0.6282262338202478
F_2,s16,I,760.0,-0.6797425913621029
F_2,s16,I,780.0,-0.9263766953978527
F_2,s16,I,800.0,-1.004493738514328
F_2,s16,I,820.0,-0.8715278422271394
F_2,s16,I,840.0,-0.8673211615359938
F_2,s16,I,860.0,-1.0246554581205773
F_2,s16,I,880.0,-0.9461858637322176
F_2,s16,I,900.0,-0.7742485185191122
F_2,s16,I,920.0,-0.7532971341026535
F_2,s16,I,940.0,-0.5884423583573405
F_2,s16,I,960.0,-0.4686168671727337
F_2,s16,I,980.0,-0.4333593731529767
M_1,s16,G,0.0,-0.10228188192335408
M_1,s16,G,20.0,-0.04472497142934807
M_1,s16,G,40.0,0.01578477094381739
M_1,s16,G,60.0,-0.0006717741303823715
M_1,s16,G,80.0,0.13692742299637573
M_1,s16,G,100.0,0.03259448220805633
M_1,s16,G,120.0,0.16402756251671707
M_1,s16,G,140.0,0.3122074293995624
M_1,s16,G,160.0,0.23601167076057122
M_1,s16,G,180.0,0.26113861555431395
M_1,s16,G,200.0,-0.11619932147321735
M_1,s16,G,220.0,-0.2194163611281587
M_1,s16,G,240.0,0.034905147516269136
M_1,s16,G,260.0,0.21290143343356785
M_1,s16,G,280.0,0.0736688289092113
M_1,s16,G,300.0,-0.08215130744837038
M_1,s16,G,320.0,0.03584754774669299
M_1,s16,G,340.0,0.2097223010293462
M_1,s16,G,360.0,0.17873125558177566
M_1,s16,G,380.0,0.1202160214011404
M_1,s16,G,400.0,0.3221854706121743
M_1,s16,G,420.0,0.4372887845681263
M_1,s16,G,440.0,0.2267305623773328
M_1,s16,G,460.0,0.048484803751146666
M_1,s16,G,480.0,0.06849082791268217
M_1,s16,G,500.0,0.1983851860301526
M_1,s16,G,520.0,0.3897148279400641
M_1,s16,G,540.0,0.43143246828422777
M_1,s16,G,560.0,0.47128018079383216
M_1,s16,G,580.0,0.43476744386610067
M_1,s16,G,600.0,0.4693762692802724
M_1,s16,G,620.0,0.4605916013789743
M_1,s16,G,640.0,0.3504030026350744
M_1,s16,G,660.0,0.2039019127978582
M_1,s16,G,680.0,0.0624982882625787
M_1,s16,G,700.0,-0.14563049246430054
M_1,s16,G,720.0,-0.25695812303692755
M_1,s16,G,740.0,-0.13081251773244468
M_1,s16,G,760.0,-0.10562694825485047
M_1,s16,G,780.0,-0.13832060579997685
M_1,s16,G,800.0,-0.026843398847004495
M_1,s16,G,820.0,0.0009248889744523786
M_1,s16,G,840.0,-0.11533993106076644
M_1,s16,G,860.0,-0.08105707701542758
M_1,s16,G,880.0,0.0017799529537278758
M_1,s16,G,900.0,-0.08740699909278463
M_1,s16,G,920.0,-0.08195383577058477
M_1,s16,G,940.0,-0.21520955005817632
M_1,s16,G,960.0,-0.14369632998275378
M_1,s16,G,980.0,0.12691244165101925
M_1,s16,A,0.0,0.17231315522696175
M_1,s16,A,20.0,0.1673091732065479
M_1,s16,A,40.0,-0.022644738272982357
M_1,s16,A,60.0,-0.13290578344369178
M_1,s16,A,80.0,-0.1504991833406535
M_1,s16,A,100.0,-0.2006506972521008
M_1,s16,A,120.0,-0.29013979449469507
M_1,s16,A,140.0,-0.5223470721327399
M_1,s16,A,160.0,-0.36610516896721346
M_1,s16,A,180.0,-0.4987213378268801
M_1,s16,A,200.0,-0.5092579519063316
M_1,s16,A,220.0,-0.35767321683566194
M_1,s16,A,240.0,-0.236202983010781
M_1,s16,A,260.0,-0.11052476314285103
M_1,s16,A,280.0,-0.1768531999700978
M_1,s16,A,300.0,0.013882795762259745
M_1,s16,A,320.0,0.007774519075294778
M_1,s16,A,340.0,-0.18712400145925423
M_1,s16,A,360.0,-0.20321435631874266
M_1,s16,A,380.0,-0.2865154712549488
M_1,s16,A,400.0,-0.27782246947031114
M_1,s16,A,420.0,-0.44659491284821196
M_1,s16,A,440.0,-0.3131309759330158
M_1,s16,A,460.0,-0.13903756678563248
M_1,s16,A,480.0,-0.18981272840702829
M_1,s16,A,500.0,-0.23048486262444295
M_1,s16,A,520.0,-0.2684363862275179
M_1,s16,A,540.0,-0.3343204651747764
M_1,s16,A,560.0,-0.19830269780529805
M_1,s16,A,580.0,-0.13590756248612798
M_1,s16,A,600.0,0.14502255628347085
M_1,s16,A,620.0,0.3869047325698801
M_1,s16,A,640.0,-0.01354562472676843
M_1,s16,A,660.0,-0.28638588779521146
M_1,s16,A,680.0,-0.23060417850829093
M_1,s16,A,700.0,-0.19226348714595332
M_1,s16,A,720.0,0.030678001463729787
M_1,s16,A,740.0,-0.029802033007790746
M_1,s16,A,760.0,-0.07781568852281519
M_1,s16,A,780.0,0.13678957927148272
M_1,s16,A,800.0,0.3412303002142087
M_1,s16,A,820.0,0.330876241055566
M_1,s16,A,840.0,0.320673164521598
M_1,s16,A,860.0,0.33547577544194335
M_1,s16,A,880.0,0.3152080136469948
M_1,s16,A,900.0,0.39665099271045623
M_1,s16,A,920.0,0.38130803396661145
M_1,s16,A,940.0,0.25315530616932436
M_1,s16,A,960.0,0.1404200908119928
M_1,s16,A,980.0,0.1218365360292247
M_1,s16,I,0.0,-0.5179573565327917
M_1,s16,I,20.0,-0.6628391608966662
M_1,s16,I,40.0,-0.6972248562488161
M_1,s16,I,60.0,-0.5990812711979641
M_1,s16,I,80.0,-0.5842514328745451
M_1,s16,I,100.0,-0.6204428721457884
M_1,s16,I,120.0,-0.6516133255499814
M_1,s16,I,140.0,-0.5345004716050189
M_1,s16,I,160.0,-0.5974795359963432
M_1,s16,I,180.0,-0.49713711724687293
M_1,s16,I,200.0,-0.20209893227240414
M_1,s16,I,220.0,-0.30384686682206674
M_1,s16,I,240.0,-0.6521748841980499
M_1,s16,I,260.0,-0.7682809089149301
M_1,s16,I,280.0,-0.6929830047192123
M_1,s16,I,300.0,-0.8111206157313355
M_1,s16,I,320.0,-0.5583197668851949
M_1,s16,I,340.0,-0.4139948520874306
M_1,s16,I,360.0,-0.24574305679702924
M_1,s16,I,380.0,-0.04526241236461098
M_1,s16,I,400.0,0.04220057653980684
M_1,s16,I,420.0,0.38205435697430185
M_1,s16,I,440.0,0.2842730451281516
M_1,s16,I,460.0,0.08211860922891265
M_1,s16,I,480.0,0.2322585596670892
M_1,s16,I,500.0,0.3855524017568453
M_1,s16,I,520.0,0.1950369023092748
M_1,s16,I,540.0,-0.026138129909019064
M_1,s16,I,560.0,-0.2827594826812173
M_1,s16,I,580.0,-0.4115247198848717
M_1,s16,I,600.0,-0.5164299108717886
M_1,s16,I,620.0,-0.6678255701370577
M_1,s16,I,640.0,-0.46255793129601835
M_1,s16,I,660.0,-0.3779325505048122
M_1,s16,I,680.0,-0.31018274307072224
M_1,s16,I,700.0,-0.3136112255780709
M_1,s16,I,720.0,-0.40888875680513126
M_1,s16,I,740.0,-0.4776413397544079
M_1,s16,I,760.0,-0.5224208302288833
M_1,s16,I,780.0,-0.8469119348427225
M_1,s16,I,800.0,-0.9043276577454824
M_1,s16,I,820.0,-0.7723182682812384
M_1,s16,I,840.0,-0.7874449110036001
M_1,s16,I,860.0,-0.9412525425408926
M_1,s16,I,880.0,-0.9705482576709045
M_1,s16,I,900.0,-0.804777980605447
M_1,s16,I,920.0,-0.7206786081036538
M_1,s16,I,940.0,-0.6097531655553492
M_1,s16,I,960.0,-0.5033524510816557
M_1,s16,I,980.0,-0.4385873762585119
M_2,s16,G,0.0,0.2000719427139006
M_2,s16,G,20.0,0.02030688830117936
M_2,s16,G,40.0,-0.3942429482926306
M_2,s16,G,60.0,-0.6017434085131871
M_2,s16,G,80.0,-0.49787319075087205
M_2,s16,G,100.0,-0.5989642537986193
M_2,s16,G,120.0,-0.5604398706435375
M_2,s16,G,140.0,-0.4136238643982961
M_2,s16,G,160.0,-0.42837844909154016
M_2,s16,G,180.0,-0.5393051897696503
M_2,s16,G,200.0,-0.5743454027833998
M_2,s16,G,220.0,-0.5917696652730322
M_2,s16,G,240.0,-0.29951315382204824
M_2,s16,G,260.0,-0.03432030251632763
M_2,s16,G,280.0,-0.027961862518221664
M_2,s16,G,300.0,-0.16760645970607377
M_2,s16,G,320.0,0.05335290181971655
M_2,s16,G,340.0,0.13158432497061423
M_2,s16,G,360.0,0.25732152157041494
M_2,s16,G,380.0,0.16770437857583478
M_2,s16,G,400.0,0.26541336212966643
M_2,s16,G,420.0,0.3198947335742768
M_2,s16,G,440.0,0.18989574222449918
M_2,s16,G,460.0,-0.0382557740263149
M_2,s16,G,480.0,-0.08887937292173581
M_2,s16,G,500.0,0.07760227608666058
M_2,s16,G,520.0,0.26179302343308847
M_2,s16,G,540.0,0.05486670892362791
M_2,s16,G,560.0,-0.03127847152477286
M_2,s16,G,580.0,0.057822098973128594
M_2,s16,G,600.0,-0.010913158059629696
M_2,s16,G,620.0,-0.08362178893641617
M_2,s16,G,640.0,-0.01735151187572071
M_2,s16,G,660.0,-0.05449928873761894
M_2,s16,G,680.0,-0.1574745905158001
M_2,s16,G,700.0,-0.27395130167617504
M_2,s16,G,720.0,-0.2971706073994258
M_2,s16,G,740.0,-0.36181913003387517
M_2,s16,G,760.0,-0.3697287003789623
M_2,s16,G,780.0,-0.5799294064797004
M_2,s16,G,800.0,-0.6081599329504417
M_2,s16,G,820.0,-0.5279265978168403
M_2,s16,G,840.0,-0.6473486156566599
M_2,s16,G,860.0,-0.6612875513897288
M_2,s16,G,880.0,-0.6365814776184185
M_2,s16,G,900.0,-0.5697869787290588
M_2,s16,G,920.0,-0.40873433239566476
M_2,s16,G,940.0,-0.37254677172376893
M_2,s16,G,960.0,-0.2066571688141457
M_2,s16,G,980.0,-0.08565071017609058
M_2,s16,A,0.0,0.16189797225185887
M_2,s16,A,20.0,0.24468565866579195
M_2,s16,A,40.0,0.033744372467622824
M_2,s16,A,60.0,-0.1268858441735442
M_2,s16,A,80.0,-0.07539224671546425
M_2,s16,A,100.0,-0.14019065180183243
M_2,s16,A,120.0,-0.20682410659691014
M_2,s16,A,140.0,-0.4367104876061643
M_2,s16,A,160.0,-0.5009227583900652
M_2,s16,A,180.0,-0.6356507611940799
M_2,s16,A,200.0,-0.5677873420446662
M_2,s16,A,220.0,-0.357630323124276
M_2,s16,A,240.0,-0.2598764210339043
M_2,s16,A,260.0,-0.04743309004609925
M_2,s16,A,280.0,0.008663751447792092
M_2,s16,A,300.0,-0.01942221881679937
M_2,s16,A,320.0,0.006008489823040419
M_2,s16,A,340.0,-0.049404498834150046
M_2,s16,A,360.0,-0.03390419727940275
M_2,s16,A,380.0,0.04559383825974084
M_2,s16,A,400.0,-0.026569568655520893
M_2,s16,A,420.0,-0.39335668300931603
M_2,s16,A,440.0,-0.2859537586853946
M_2,s16,A,460.0,-0.18567108624992668
M_2,s16,A,480.0,-0.24714382081176886
M_2,s16,A,500.0,-0.3928764660200533
M_2,s16,A,520.0,-0.3700593979468898
M_2,s16,A,540.0,-0.19530530316471634
M_2,s16,A,560.0,-0.0778437081848388
M_2,s16,A,580.0,-0.24986747632224304
M_2,s16,A,600.0,0.1435943075769038
M_2,s16,A,620.0,0.5231566481727227
M_2,s16,A,640.0,0.21929123237067588
M_2,s16,A,660.0,-0.09918594682414583
M_2,s16,A,680.0,-0.16158911265980955
M_2,s16,A,700.0,-0.16225048288426872
M_2,s16,A,720.0,0.0510195387134455
M_2,s16,A,740.0,0.07951064512789205
M_2,s16,A,760.0,-0.030234047316011384
M_2,s16,A,780.0,0.12336105135815087
M_2,s16,A,800.0,0.3361072580108782
M_2,s16,A,820.0,0.24879785237159785
M_2,s16,A,840.0,0.22045569708041174
M_2,s16,A,860.0,0.11634768587963862
M_2,s16,A,880.0,0.021182429369585157
M_2,s16,A,900.0,0.13208466147473302
M_2,s16,A,920.0,0.1346907044905284
M_2,s16,A,940.0,-0.013851283189534951
M_2,s16,A,960.0,-0.08514912016759321
M_2,s16,A,980.0,0.06226385019729729
M_2,s16,I,0.0,-0.6514268789227644
M_2,s16,I,20.0,-0.7426055498185921
M_2,s16,I,40.0,-0.6747969437852976
M_2,s16,I,60.0,-0.47776576201944687
M_2,s16,I,80.0,-0.4409504346739529
M_2,s16,I,100.0,-0.4347069705728074
M_2,s16,I,120.0,-0.6232049322477783
M_2,s16,I,140.0,-0.8889029208508451
M_2,s16,I,160.0,-0.7432816613629554
M_2,s16,I,180.0,-0.5242886578436505
M_2,s16,I,200.0,-0.21733557808748546
M_2,s16,I,220.0,-0.5738300013363885
M_2,s16,I,240.0,-0.9991316418710325
M_2,s16,I,260.0,-0.9914098000434605
M_2,s16,I,280.0,-0.9999189429414256
M_2,s16,I,300.0,-0.9019427968354935
M_2,s16,I,320.0,-0.8227118607827102
M_2,s16,I,340.0,-0.5932876455043166
M_2,s16,I,360.0,-0.034769383467284254
M_2,s16,I,380.0,0.14503965050936674
M_2,s16,I,400.0,0.2284130283440006
M_2,s16,I,420.0,0.482783594905958
M_2,s16,I,440.0,0.43879946385507584
M_2,s16,I,460.0,0.64977126219913
M_2,s16,I,480.0,0.7461239122543365
M_2,s16,I,500.0,0.7488027453002217
M_2,s16,I,520.0,0.5463432736330631
M_2,s16,I,540.0,0.4705663986860976
M_2,s16,I,560.0,0.2402557779689357
M_2,s16,I,580.0,-0.03473118298663974
M_2,s16,I,600.0,-0.13636417709131277
M_2,s16,I,620.0,-0.4519947022530477
M_2,s16,I,640.0,-0.4455739166294899
M_2,s16,I,660.0,-0.4106334114000817
M_2,s16,I,680.0,-0.3514134260542895
M_2,s16,I,700.0,-0.35957006619819853
M_2,s16,I,720.0,-0.6178390133931853
M_2,s16,I,740.0,-0.5920922327325172
M_2,s16,I,760.0,-0.5868442364163062
M_2,s16,I,780.0,-0.8496247675039427
M_2,s16,I,800.0,-0.5791799800151923
M_2,s16,I,820.0,-0.2397998588332529
M_2,s16,I,840.0,-0.1396136281198903
M_2,s16,I,860.0,0.0029664331217460482
M_2,s16,I,880.0,0.27846507416170174
M_2,s16,I,900.0,0.37688347772600006
M_2,s16,I,920.0,0.33768132223018155
M_2,s16,I,940.0,0.3599525344667627
M_2,s16,I,960.0,0.2824329225755937
M_2,s16,I,980.0,0.1954942451867892
F_1,s17,G,0.0,0.16498041265015176
F_1,s17,G,20.0,0.000367526606890857
F_1,s17,G,40.0,0.2276760084955654
F_1,s17,G,60.0,0.31489936939891255
F_1,s17,G,80.0,0.2641998476406838
F_1,s17,G,100.0,0.12582362881412956
F_1,s17,G,120.0,0.16971053803007335
F_1,s17,G,140.0,0.08857843072650817
F_1,s17,G,160.0,0.2281212639151125
F_1,s17,G,180.0,0.2398350026218225
F_1,s17,G,200.0,0.12608216261821686
F_1,s17,G,220.0,-0.04265128662762528
F_1,s17,G,240.0,-0.18890729641631837
F_1,s17,G,260.0,-0.2120352334405914
F_1,s17,G,280.0,-0.1449182036679896
F_1,s17,G,300.0,-0.03756672440135744
F_1,s17,G,320.0,0.08718028633444615
F_1,s17,G,340.0,0.2931506246892
F_1,s17,G,360.0,0.316879135884464
F_1,s17,G,380.0,0.6458801014690772
F_1,s17,G,400.0,0.6358616588013585
F_1,s17,G,420.0,0.6312543393046892
F_1,s17,G,440.0,0.7026625149336438
F_1,s17,G,460.0,0.458960080600751
F_1,s17,G,480.0,0.3321212250972052
F_1,s17,G,500.0,0.18553240467211898
F_1,s17,G,520.0,0.15753933978740753
F_1,s17,G,540.0,-0.04431808314239486
F_1,s17,G,560.0,-0.1236974409982278
F_1,s17,G,580.0,0.187700841191814
F_1,s17,G,600.0,0.26737445618927425
F_1,s17,G,620.0,0.24360687460091388
F_1,s17,G,640.0,0.18713445592314493
F_1,s17,G,660.0,-0.002012853727807523
F_1,s17,G,680.0,0.14525919587228575
F_1,s17,G,700.0,0.32057328191747947
F_1,s17,G,720.0,0.4200414251730329
F_1,s17,G,740.0,0.3924683740542211
F_1,s17,G,760.0,0.3724608404005012
F_1,s17,G,780.0,0.3523232449804366
F_1,s17,G,800.0,0.2654529235301682
F_1,s17,G,820.0,0.23284812411695008
F_1,s17,G,840.0,0.07350219004447776
F_1,s17,G,860.0,0.10631531109155992
F_1,s17,G,880.0,0.27731596878638487
F_1,s17,G,900.0,0.3836738434175959
F_1,s17,G,920.0,0.3267324179822122
F_1,s17,G,940.0,0.3783190921932709
F_1,s17,G,960.0,0.38628408589977603
F_1,s17,G,980.0,0.5625829530358882
F_1,s17,A,0.0,0.2720823131890899
F_1,s17,A,20.0,0.3017958799265492
F_1,s17,A,40.0,0.311586943161764
F_1,s17,A,60.0,0.15893765924459266
F_1,s17,A,80.0,0.10368458208777431
F_1,s17,A,100.0,0.2258452594930442
F_1,s17,A,120.0,0.26893872395283264
F_1,s17,A,140.0,0.10194109173480866
F_1,s17,A,160.0,0.018721986699770488
F_1,s17,A,180.0,0.3876860214353414
F_1,s17,A,200.0,0.4312476708861461
F_1,s17,A,220.0,0.5916138940041249
F_1,s17,A,240.0,0.5896352508466122
F_1,s17,A,260.0,0.7638824508652189
F_1,s17,A,280.0,0.7383715743634729
F_1,s17,A,300.0,0.5631012685062967
F_1,s17,A,320.0,0.4187383343758657
F_1,s17,A,340.0,0.37668622274957236
F_1,s17,A,360.0,0.302256981485232
F_1,s17,A,380.0,0.14997500045908435
F_1,s17,A,400.0,0.20498066874985676
F_1,s17,A,420.0,0.15813765193456433
F_1,s17,A,440.0,0.007861948136178243
F_1,s17,A,460.0,-0.06520644907333105
F_1,s17,A,480.0,-0.08786153854441636
F_1,s17,A,500.0,0.008996986129056528
F_1,s17,A,520.0,0.14845844426538382
F_1,s17,A,540.0,0.051148448455141673
F_1,s17,A,560.0,0.051673125064940095
F_1,s17,A,580.0,-0.09075051829339023
F_1,s17,A,600.0,-0.0554246503098975
F_1,s17,A,620.0,0.1960958765967874
F_1,s17,A,640.0,0.23785223565686062
F_1,s17,A,660.0,0.2990992616307766
F_1,s17,A,680.0,0.09737092326079903
F_1,s17,A,700.0,0.09015747071155367
F_1,s17,A,720.0,0.1743685275340059
F_1,s17,A,740.0,0.25805636942258386
F_1,s17,A,760.0,0.32453634740615633
F_1,s17,A,780.0,0.26012030956263615
F_1,s17,A,800.0,0.29223515154124485
F_1,s17,A,820.0,0.20676099727261305
F_1,s17,A,840.0,0.21081931157349376
F_1,s17,A,860.0,0.06899388345150427
F_1,s17,A,880.0,-0.036308935776397544
F_1,s17,A,900.0,0.1319612194254386
F_1,s17,A,920.0,0.030378393808519116
F_1,s17,A,940.0,0.15472008397746817
F_1,s17,A,960.0,0.30854093288722195
F_1,s17,A,980.0,0.10169364413847992
F_1,s17,I,0.0,-0.2776275776924474
F_1,s17,I,20.0,-0.13052468900382788
F_1,s17,I,40.0,-0.5068918946566809
F_1,s17,I,60.0,-0.47190578830076324
F_1,s17,I,80.0,-0.4309113271962829
F_1,s17,I,100.0,-0.3510907386029113
F_1,s17,I,120.0,-0.1555744334099065
F_1,s17,I,140.0,0.23469708031154587
F_1,s17,I,160.0,0.14171663409718654
F_1,s17,I,180.0,-0.44399351245520835
F_1,s17,I,200.0,-0.5713854497090067
F_1,s17,I,220.0,-0.736522454421171
F_1,s17,I,240.0,-0.43417176084763287
F_1,s17,I,260.0,-0.5209828522382238
F_1,s17,I,280.0,-0.5745348203499382
F_1,s17,I,300.0,-0.6263080656441437
F_1,s17,I,320.0,-0.49833373577038836
F_1,s17,I,340.0,-0.5232160391758472
F_1,s17,I,360.0,-0.5404502227949735
F_1,s17,I,380.0,-0.5524284424022085
F_1,s17,I,400.0,-0.49929065858704524
F_1,s17,I,420.0,-0.2543307668709428
F_1,s17,I,440.0,-0.05127823298898252
F_1,s17,I,460.0,0.12208831158216041
F_1,s17,I,480.0,0.006206164327786534
F_1,s17,I,500.0,-0.3346933290894771
F_1,s17,I,520.0,-0.21730683089648814
F_1,s17,I,540.0,-0.2587420709130936
F_1,s17,I,560.0,0.034118396808882706
F_1,s17,I,580.0,0.17966472572333783
F_1,s17,I,600.0,-0.15020550772030594
F_1,s17,I,620.0,-0.49209171958503706
F_1,s17,I,640.0,-0.3623735020717525
F_1,s17,I,660.0,0.04477103070332286
F_1,s17,I,680.0,0.5042072658367973
F_1,s17,I,700.0,0.2720766206740928
F_1,s17,I,720.0,0.21713268006117448
F_1,s17,I,740.0,0.23715436105169346
F_1,s17,I,760.0,0.23380226422297978
F_1,s17,I,780.0,0.08990904005479042
F_1,s17,I,800.0,-0.20098815530591785
F_1,s17,I,820.0,-0.12417090381577219
F_1,s17,I,840.0,0.2185188338648283
F_1,s17,I,860.0,0.3988184717582555
F_1,s17,I,880.0,0.021054027065665115
F_1,s17,I,900.0,-0.16910075164221103
F_1,s17,I,920.0,0.03647722798316172
F_1,s17,I,940.0,-0.24278931711194207
F_1,s17,I,960.0,-0.36207800204001367
F_1,s17,I,980.0,-0.24699025474197386
F_2,s17,G,0.0,0.08933574962742434
F_2,s17,G,20.0,-0.030171379367614486
F_2,s17,G,40.0,0.19928321667166965
F_2,s17,G,60.0,0.311018627851574
F_2,s17,G,80.0,0.14519013101967548
F_2,s17,G,100.0,-0.039110240376140706
F_2,s17,G,120.0,0.010391394984016186
F_2,s17,G,140.0,-0.07827982924963842
F_2,s17,G,160.0,0.03228098467909604
F_2,s17,G,180.0,0.04558748323150422
F_2,s17,G,200.0,-0.11337290246429985
F_2,s17,G,220.0,-0.29923835545503324
F_2,s17,G,240.0,-0.41082935457911995
F_2,s17,G,260.0,-0.45381404401968617
F_2,s17,G,280.0,-0.3321769263136813
F_2,s17,G,300.0,-0.15435599055946797
F_2,s17,G,320.0,-0.005167838432085944
F_2,s17,G,340.0,0.20102508323327076
F_2,s17,G,360.0,0.2014464988393431
F_2,s17,G,380.0,0.447243880665076
F_2,s17,G,400.0,0.5205767334982301
F_2,s17,G,420.0,0.5235548527186208
F_2,s17,G,440.0,0.4376899907740949
F_2,s17,G,460.0,0.20585110238526583
F_2,s17,G,480.0,0.14750538708035738
F_2,s17,G,500.0,0.13589567023667487
F_2,s17,G,520.0,0.05655956844250042
F_2,s17,G,540.0,-0.08908247126230501
F_2,s17,G,560.0,-0.1586553359295716
F_2,s17,G,580.0,0.1796911155911869
F_2,s17,G,600.0,0.21852795782718004
F_2,s17,G,620.0,0.08573914258661296
F_2,s17,G,640.0,-0.00774680736384792
F_2,s17,G,660.0,-0.2791546935687679
F_2,s17,G,680.0,-0.14390237864805716
F_2,s17,G,700.0,0.07658704502024702
F_2,s17,G,720.0,0.11117824371688044
F_2,s17,G,740.0,0.012258220552910433
F_2,s17,G,760.0,-0.03138322369502458
F_2,s17,G,780.0,-0.04577819590536222
F_2,s17,G,800.0,-0.06269443074437822
F_2,s17,G,820.0,-0.02708348064861247
F_2,s17,G,840.0,-0.12090239883219041
F_2,s17,G,860.0,-0.14456486626676432
F_2,s17,G,880.0,0.06445341645113953
F_2,s17,G,900.0,0.1893743904850749
F_2,s17,G,920.0,0.2007116783588566
F_2,s17,G,940.0,0.301123235242155
F_2,s17,G,960.0,0.3601003939300187
F_2,s17,G,980.0,0.44895436482591156
F_2,s17,A,0.0,0.1276213278908532
F_2,s17,A,20.0,0.26698060623963055
F_2,s17,A,40.0,0.3219317385920022
F_2,s17,A,60.0,0.22900528739603598
F_2,s17,A,80.0,0.2712937382459237
F_2,s17,A,100.0,0.3423235967888366
F_2,s17,A,120.0,0.5348549780020972
F_2,s17,A,140.0,0.3770212082943382
F_2,s17,A,160.0,0.30019045657727816
F_2,s17,A,180.0,0.5314684989355941
F_2,s17,A,200.0,0.582398204327303
F_2,s17,A,220.0,0.7102985922192291
F_2,s17,A,240.0,0.6989752010411857
F_2,s17,A,260.0,0.7937200958963295
F_2,s17,A,280.0,0.7947284028473389
F_2,s17,A,300.0,0.5297499722507347
F_2,s17,A,320.0,0.39687439834469074
F_2,s17,A,340.0,0.27731933831063654
F_2,s17,A,360.0,0.1666359459252176
F_2,s17,A,380.0,0.08038081619441168
F_2,s17,A,400.0,0.051824730036025946
F_2,s17,A,420.0,0.12635209448868973
F_2,s17,A,440.0,-0.01091415259242886
F_2,s17,A,460.0,-0.16272997364071307
F_2,s17,A,480.0,-0.31114875345848014
F_2,s17,A,500.0,-0.185478282512863
F_2,s17,A,520.0,-0.03630730215526391
F_2,s17,A,540.0,-0.17262649245909628
F_2,s17,A,560.0,-0.22796542698468164
F_2,s17,A,580.0,-0.3930917847474992
F_2,s17,A,600.0,-0.39917768468813875
F_2,s17,A,620.0,-0.3029828052839322
F_2,s17,A,640.0,-0.17696574494736206
F_2,s17,A,660.0,0.09329052575630326
F_2,s17,A,680.0,0.05692686824993227
F_2,s17,A,700.0,0.009164795236352274
F_2,s17,A,720.0,0.05014097391137107
F_2,s17,A,740.0,0.07340627211292633
F_2,s17,A,760.0,0.15281338484265883
F_2,s17,A,780.0,0.008678092224684145
F_2,s17,A,800.0,-0.04969752385153868
F_2,s17,A,820.0,-0.12180286043281446
F_2,s17,A,840.0,-0.046809271638717925
F_2,s17,A,860.0,-0.058779255993769826
F_2,s17,A,880.0,-0.13069579923397606
F_2,s17,A,900.0,-0.05140469126616091
F_2,s17,A,920.0,-0.19715680001370484
F_2,s17,A,940.0,-0.06831307896049305
F_2,s17,A,960.0,-0.02468993058085768
F_2,s17,A,980.0,-0.028334348616280758
F_2,s17,I,0.0,-0.2157918746406421
F_2,s17,I,20.0,-0.21963916455904567
F_2,s17,I,40.0,-0.5854317642176232
F_2,s17,I,60.0,-0.595856300122392
F_2,s17,I,80.0,-0.42045649015148767
F_2,s17,I,100.0,-0.1998019715640887
F_2,s17,I,120.0,-0.17876865143155868
F_2,s17,I,140.0,0.12828716449040292
F_2,s17,I,160.0,0.09941431790657307
F_2,s17,I,180.0,-0.36537452393995307
F_2,s17,I,200.0,-0.4119110607005818
F_2,s17,I,220.0,-0.4517959693471387
F_2,s17,I,240.0,-0.26992075664724546
F_2,s17,I,260.0,-0.1667116511479529
F_2,s17,I,280.0,-0.22940124551249072
F_2,s17,I,300.0,-0.2116084735065886
F_2,s17,I,320.0,-0.12899070098041673
F_2,s17,I,340.0,-0.26037014116858714
F_2,s17,I,360.0,-0.18398171719282158
F_2,s17,I,380.0,-0.23019947401496527
F_2,s17,I,400.0,-0.2785259871664368
F_2,s17,I,420.0,-0.1867171758753537
F_2,s17,I,440.0,0.08360165722279835
F_2,s17,I,460.0,0.4408002401411112
F_2,s17,I,480.0,0.3879513699193454
F_2,s17,I,500.0,0.09712782767737124
F_2,s17,I,520.0,0.23342633897763398
F_2,s17,I,540.0,0.1886107251733405
F_2,s17,I,560.0,0.40898183071301614
F_2,s17,I,580.0,0.4204305863958187
F_2,s17,I,600.0,0.33018344524908505
F_2,s17,I,620.0,0.20784726601274278
F_2,s17,I,640.0,0.16395000497797377
F_2,s17,I,660.0,0.3650108147663422
F_2,s17,I,680.0,0.5445710110970674
F_2,s17,I,700.0,0.3715400329401391
F_2,s17,I,720.0,0.4913122432404483
F_2,s17,I,740.0,0.6606800294896207
F_2,s17,I,760.0,0.6141129790607851
F_2,s17,I,780.0,0.5818478944884512
F_2,s17,I,800.0,0.4387062208389487
F_2,s17,I,820.0,0.38085067734141964
F_2,s17,I,840.0,0.574767529267089
F_2,s17,I,860.0,0.6253988759440748
F_2,s17,I,880.0,0.13490559012411757
F_2,s17,I,900.0,-0.020572215400895114
F_2,s17,I,920.0,0.14150852468364153
F_2,s17,I,940.0,-0.002696549256907807
F_2,s17,I,960.0,0.0730417409728043
F_2,s17,I,980.0,-0.004995677649913932
M_1,s17,G,0.0,0.1599847035990446
M_1,s17,G,20.0,-0.06078838147174063
M_1,s17,G,40.0,0.09879490248070472
M_1,s17,G,60.0,0.0475452976450738
M_1,s17,G,80.0,-0.04236169412048582
M_1,s17,G,100.0,-0.16169514993501333
M_1,s17,G,120.0,-0.08799728283908559
M_1,s17,G,140.0,-0.32012643372472294
M_1,s17,G,160.0,-0.19663987849215456
M_1,s17,G,180.0,-0.04460090071961051
M_1,s17,G,200.0,0.015050691804933708
M_1,s17,G,220.0,-0.17437027848793663
M_1,s17,G,240.0,-0.2372834677839949
M_1,s17,G,260.0,-0.24634420808807694
M_1,s17,G,280.0,-0.08124436737867637
M_1,s17,G,300.0,0.07084501321572709
M_1,s17,G,320.0,0.12315738874855955
M_1,s17,G,340.0,0.21852245497295847
M_1,s17,G,360.0,0.24217458546540108
M_1,s17,G,380.0,0.5288138035038756
M_1,s17,G,400.0,0.6293707987058261
M_1,s17,G,420.0,0.6279399028738797
M_1,s17,G,440.0,0.6499366444178043
M_1,s17,G,460.0,0.44256482148869564
M_1,s17,G,480.0,0.3484701184855451
M_1,s17,G,500.0,0.3121969329572806
M_1,s17,G,520.0,0.29794146384035874
M_1,s17,G,540.0,0.10426316442725508
M_1,s17,G,560.0,-0.07792042176618781
M_1,s17,G,580.0,0.2084519372743262
M_1,s17,G,600.0,0.3857345513606601
M_1,s17,G,620.0,0.2790940350443698
M_1,s17,G,640.0,0.09196021678841118
M_1,s17,G,660.0,-0.23869729954964441
M_1,s17,G,680.0,-0.20432327548774398
M_1,s17,G,700.0,-0.1578052678540924
M_1,s17,G,720.0,-0.1975523836496092
M_1,s17,G,740.0,-0.2643648213306734
M_1,s17,G,760.0,-0.26518176948595196
M_1,s17,G,780.0,-0.23103681274755028
M_1,s17,G,800.0,-0.06902278320483902
M_1,s17,G,820.0,-0.06478690911887519
M_1,s17,G,840.0,-0.19194508713311814
M_1,s17,G,860.0,-0.3335622919630683
M_1,s17,G,880.0,-0.06388074816450631
M_1,s17,G,900.0,0.22937346133363345
M_1,s17,G,920.0,0.13651115038594064
M_1,s17,G,940.0,0.2233656166682229
M_1,s17,G,960.0,0.2951093475294527
M_1,s17,G,980.0,0.40440148034361867
M_1,s17,A,0.0,0.1333058922964276
M_1,s17,A,20.0,0.26245651137468134
M_1,s17,A,40.0,0.12152594451471252
M_1,s17,A,60.0,-0.0441580491300133
M_1,s17,A,80.0,-0.08875240970492465
M_1,s17,A,100.0,0.055377040011232774
M_1,s17,A,120.0,0.23130864231839127
M_1,s17,A,140.0,0.10108369806615329
M_1,s17,A,160.0,0.04263491955529775
M_1,s17,A,180.0,0.24439764682525283
M_1,s17,A,200.0,0.24224375411359897
M_1,s17,A,220.0,0.3469492745580201
M_1,s17,A,240.0,0.38869827570110976
M_1,s17,A,260.0,0.5532153684027725
M_1,s17,A,280.0,0.6322837706339567
M_1,s17,A,300.0,0.3809627644450929
M_1,s17,A,320.0,0.22277901738529535
M_1,s17,A,340.0,0.14147887604643195
M_1,s17,A,360.0,0.11322866229999412
M_1,s17,A,380.0,0.04152052464972608
M_1,s17,A,400.0,-0.09536004246222071
M_1,s17,A,420.0,-0.02210970496373292
M_1,s17,A,440.0,-0.1298490568260452
M_1,s17,A,460.0,-0.3700217025797282
M_1,s17,A,480.0,-0.3415842455734306
M_1,s17,A,500.0,-0.2422620490507277
M_1,s17,A,520.0,-0.17811571568184814
M_1,s17,A,540.0,-0.2731371791523368
M_1,s17,A,560.0,-0.2890073285561632
M_1,s17,A,580.0,-0.2812255284999423
M_1,s17,A,600.0,-0.1972334215396617
M_1,s17,A,620.0,-0.09060310352403164
M_1,s17,A,640.0,0.03089274063361913
M_1,s17,A,660.0,0.13319708483739695
M_1,s17,A,680.0,0.045858706142375985
M_1,s17,A,700.0,0.11877944003027585
M_1,s17,A,720.0,0.14104078516788807
M_1,s17,A,740.0,0.031850965083414354
M_1,s17,A,760.0,0.004648404501784668
M_1,s17,A,780.0,-0.1599631347964557
M_1,s17,A,800.0,-0.23273405912883238
M_1,s17,A,820.0,-0.2600033468084803
M_1,s17,A,840.0,-0.1606188432605584
M_1,s17,A,860.0,-0.10481688902928317
M_1,s17,A,880.0,-0.0061282086539338546
M_1,s17,A,900.0,0.055112551872889756
M_1,s17,A,920.0,-0.03989825957296805
M_1,s17,A,940.0,0.08230817901053414
M_1,s17,A,960.0,0.10359535955449645
M_1,s17,A,980.0,0.024501692789768575
M_1,s17,I,0.0,-0.22429305628449153
M_1,s17,I,20.0,-0.2706889426419731
M_1,s17,I,40.0,-0.41780342810326004
M_1,s17,I,60.0,-0.2824563536473094
M_1,s17,I,80.0,-0.1530615105138254
M_1,s17,I,100.0,-0.07149439174751088
M_1,s17,I,120.0,-0.11095538992707418
M_1,s17,I,140.0,0.2826543278223154
M_1,s17,I,160.0,0.20533611857629414
M_1,s17,I,180.0,-0.2925975937620464
M_1,s17,I,200.0,-0.312881562909186
M_1,s17,I,220.0,-0.30836206484418843
M_1,s17,I,240.0,-0.19120549117466706
M_1,s17,I,260.0,-0.17633252174019254
M_1,s17,I,280.0,-0.27660452157914606
M_1,s17,I,300.0,-0.22267166860038576
M_1,s17,I,320.0,-0.11239284469132788
M_1,s17,I,340.0,-0.1811913061199839
M_1,s17,I,360.0,-0.10086703645580536
M_1,s17,I,380.0,-0.22199273715371742
M_1,s17,I,400.0,-0.19536870127691586
M_1,s17,I,420.0,-0.04204158147639697
M_1,s17,I,440.0,0.19541329998855972
M_1,s17,I,460.0,0.4673072133921973
M_1,s17,I,480.0,0.35443472890796646
M_1,s17,I,500.0,0.09405587444400074
M_1,s17,I,520.0,0.2755431282657647
M_1,s17,I,540.0,0.21381698118154152
M_1,s17,I,560.0,0.45940100528138894
M_1,s17,I,580.0,0.35251512675842844
M_1,s17,I,600.0,0.14370791490742205
M_1,s17,I,620.0,0.09346065463785491
M_1,s17,I,640.0,0.10772890377322311
M_1,s17,I,660.0,0.4003413076157085
M_1,s17,I,680.0,0.5641833981365558
M_1,s17,I,700.0,0.33848828948453646
M_1,s17,I,720.0,0.46376281474626
M_1,s17,I,740.0,0.7305400520483601
M_1,s17,I,760.0,0.7858378491483258
M_1,s17,I,780.0,0.7267042959347447
M_1,s17,I,800.0,0.5252185075908945
M_1,s17,I,820.0,0.49426033540229625
M_1,s17,I,840.0,0.662700752808442
M_1,s17,I,860.0,0.6635830071967632
M_1,s17,I,880.0,0.08567211674374944
M_1,s17,I,900.0,-0.03288740753848257
M_1,s17,I,920.0,0.18873145882486775
M_1,s17,I,940.0,0.0707058826208741
M_1,s17,I,960.0,0.14299823611928564
M_1,s17,I,980.0,0.04814151830004071
M_2,s17,G,0.0,0.2833888655334589
M_2,s17,G,20.0,0.1143392965856918
M_2,s17,G,40.0,0.2307416009049627
M_2,s17,G,60.0,0.25554863714066534
M_2,s17,G,80.0,0.21440530301371682
M_2,s17,G,100.0,0.05208152624572665
M_2,s17,G,120.0,0.034634122662809436
M_2,s17,G,140.0,-0.1645186330194744
M_2,s17,G,160.0,0.08189729644633412
M_2,s17,G,180.0,0.1029717578374698
M_2,s17,G,200.0,-0.03580108196531434
M_2,s17,G,220.0,-0.3594100497158766
M_2,s17,G,240.0,-0.5295028045373926
M_2,s17,G,260.0,-0.6058174135087289
M_2,s17,G,280.0,-0.5417380674842107
M_2,s17,G,300.0,-0.387941506904462
M_2,s17,G,320.0,-0.4907945584922163
M_2,s17,G,340.0,-0.20822761595037076
M_2,s17,G,360.0,-0.3439187427088512
M_2,s17,G,380.0,-0.09043346321214397
M_2,s17,G,400.0,-0.000839197558816944
M_2,s17,G,420.0,-0.019114201665542774
M_2,s17,G,440.0,-0.12261248657580001
M_2,s17,G,460.0,-0.31928448956682665
M_2,s17,G,480.0,-0.39236774959706355
M_2,s17,G,500.0,-0.4213845023495445
M_2,s17,G,520.0,-0.4274370923567288
M_2,s17,G,540.0,-0.476393539700441
M_2,s17,G,560.0,-0.5814073315977679
M_2,s17,G,580.0,-0.22591526986606983
M_2,s17,G,600.0,-0.264414737514414
M_2,s17,G,620.0,-0.3586065283689113
M_2,s17,G,640.0,-0.2366647554757083
M_2,s17,G,660.0,-0.3094290941153815
M_2,s17,G,680.0,-0.1074422659969813
M_2,s17,G,700.0,0.012626488480961207
M_2,s17,G,720.0,0.048638997198263687
M_2,s17,G,740.0,0.044381597843975794
M_2,s17,G,760.0,-0.043347834684614575
M_2,s17,G,780.0,-0.12738620365138364
M_2,s17,G,800.0,-0.23898754865711297
M_2,s17,G,820.0,-0.12631298234495592
M_2,s17,G,840.0,-0.17242403512675664
M_2,s17,G,860.0,-0.20395313393704922
M_2,s17,G,880.0,-0.11910943781261839
M_2,s17,G,900.0,-0.0993504777886929
M_2,s17,G,920.0,-0.035946251312577115
M_2,s17,G,940.0,0.019336926164586876
M_2,s17,G,960.0,0.05849483969435714
M_2,s17,G,980.0,0.23722452764836158
M_2,s17,A,0.0,-0.14444137573442298
M_2,s17,A,20.0,0.01941302216087143
M_2,s17,A,40.0,0.17874396423405498
M_2,s17,A,60.0,0.15297939847862024
M_2,s17,A,80.0,0.008045242963434424
M_2,s17,A,100.0,-0.03028818763079134
M_2,s17,A,120.0,0.12432694238645227
M_2,s17,A,140.0,0.1814637932806504
M_2,s17,A,160.0,0.02095461332631872
M_2,s17,A,180.0,0.2213266110862667
M_2,s17,A,200.0,0.348644798297633
M_2,s17,A,220.0,0.49375315706349104
M_2,s17,A,240.0,0.49317301446755
M_2,s17,A,260.0,0.5559952210037626
M_2,s17,A,280.0,0.5846504597761393
M_2,s17,A,300.0,0.4378558708692881
M_2,s17,A,320.0,0.28604033713012583
M_2,s17,A,340.0,0.34460348097631543
M_2,s17,A,360.0,0.3140526737978257
M_2,s17,A,380.0,0.13513117489604015
M_2,s17,A,400.0,0.0745738498776004
M_2,s17,A,420.0,0.3635663581019965
M_2,s17,A,440.0,0.17957985366323384
M_2,s17,A,460.0,-0.23017689869570432
M_2,s17,A,480.0,-0.26093447967519895
M_2,s17,A,500.0,-0.17805324234858447
M_2,s17,A,520.0,-0.003801224581147955
M_2,s17,A,540.0,-0.10048625010635726
M_2,s17,A,560.0,-0.20173971965412407
M_2,s17,A,580.0,-0.3079677819179567
M_2,s17,A,600.0,-0.30259103219704525
M_2,s17,A,620.0,-0.006794209416446373
M_2,s17,A,640.0,0.13737361790674782
M_2,s17,A,660.0,0.1329384759599369
M_2,s17,A,680.0,-0.03215997028623199
M_2,s17,A,700.0,0.06111505815006535
M_2,s17,A,720.0,0.05906999352326088
M_2,s17,A,740.0,0.019441551029265758
M_2,s17,A,760.0,0.14671405730770695
M_2,s17,A,780.0,-0.00630631326482653
M_2,s17,A,800.0,-0.10942215081919901
M_2,s17,A,820.0,-0.14077453804833256
M_2,s17,A,840.0,-0.13962813701712384
M_2,s17,A,860.0,-0.1546222374006816
M_2,s17,A,880.0,-0.026495527063246024
M_2,s17,A,900.0,0.15414453948764706
M_2,s17,A,920.0,0.08678322671811875
M_2,s17,A,940.0,0.11892422346458995
M_2,s17,A,960.0,0.07877010856079261
M_2,s17,A,980.0,0.015368631076911762
M_2,s17,I,0.0,-0.21484588092808737
M_2,s17,I,20.0,-0.6418361637471572
M_2,s17,I,40.0,-0.9391567208149921
M_2,s17,I,60.0,-0.7976150593641418
M_2,s17,I,80.0,-0.5414960675909772
M_2,s17,I,100.0,-0.32877463758898984
M_2,s17,I,120.0,-0.39605509548538864
M_2,s17,I,140.0,0.06831525514002709
M_2,s17,I,160.0,0.127389345515656
M_2,s17,I,180.0,-0.31337245384905693
M_2,s17,I,200.0,-0.37682174359135157
M_2,s17,I,220.0,-0.018878372473767308
M_2,s17,I,240.0,0.15682709341997475
M_2,s17,I,260.0,0.1530348037367083
M_2,s17,I,280.0,0.1371854592931691
M_2,s17,I,300.0,0.1983510414574069
M_2,s17,I,320.0,0.5181296804510288
M_2,s17,I,340.0,0.18696909538281153
M_2,s17,I,360.0,0.4850209012373949
M_2,s17,I,380.0,0.3512191304792005
M_2,s17,I,400.0,-0.135170567685157
M_2,s17,I,420.0,0.009354164975710809
M_2,s17,I,440.0,0.6243069254765092
M_2,s17,I,460.0,1.015303912782608
M_2,s17,I,480.0,1.0995375883349152
M_2,s17,I,500.0,0.6935185135017744
M_2,s17,I,520.0,0.6697776702719135
M_2,s17,I,540.0,0.6017710311875669
M_2,s17,I,560.0,0.8494469481603525
M_2,s17,I,580.0,0.7918883386613182
M_2,s17,I,600.0,0.7441232656720786
M_2,s17,I,620.0,0.7751285896630873
M_2,s17,I,640.0,0.5391894086190614
M_2,s17,I,660.0,0.6183625604725992
M_2,s17,I,680.0,0.5560385555686115
M_2,s17,I,700.0,0.3718619945186662
M_2,s17,I,720.0,0.5612365485153992
M_2,s17,I,740.0,0.8194122591016032
M_2,s17,I,760.0,0.7069030359369719
M_2,s17,I,780.0,0.7160247090011573
M_2,s17,I,800.0,0.8740072658031686
M_2,s17,I,820.0,0.8433457574884966
M_2,s17,I,840.0,1.000032864200914
M_2,s17,I,860.0,1.017632145681818
M_2,s17,I,880.0,0.6346985427681644
M_2,s17,I,900.0,0.5076406201740193
M_2,s17,I,920.0,0.4803056811495061
M_2,s17,I,940.0,0.4462462885974417
M_2,s17,I,960.0,0.6285513634721381
M_2,s17,I,980.0,0.4945452909669229
F_1,s18,G,0.0,-0.0882093816762171
F_1,s18,G,20.0,-0.05822999663721838
F_1,s18,G,40.0,-0.02722099224080781
F_1,s18,G,60.0,-0.0038020055556429247
F_1,s18,G,80.0,0.016708141235990577
F_1,s18,G,100.0,0.06724081812505686
F_1,s18,G,120.0,0.1551779919229451
F_1,s18,G,140.0,0.07111608780547787
F_1,s18,G,160.0,0.059553427748831315
F_1,s18,G,180.0,0.05546287517155818
F_1,s18,G,200.0,0.03863848991746336
F_1,s18,G,220.0,0.033787048282942704
F_1,s18,G,240.0,0.06273853007816685
F_1,s18,G,260.0,0.09692520398945056
F_1,s18,G,280.0,0.1313326710010282
F_1,s18,G,300.0,0.12901461233150782
F_1,s18,G,320.0,0.09894132353591734
F_1,s18,G,340.0,0.06954520016964692
F_1,s18,G,360.0,0.10890546796585152
F_1,s18,G,380.0,0.12393613239095867
F_1,s18,G,400.0,0.11832931315402392
F_1,s18,G,420.0,0.16373991467031007
F_1,s18,G,440.0,0.17242095680591668
F_1,s18,G,460.0,0.2427875536283743
F_1,s18,G,480.0,0.3515262846174747
F_1,s18,G,500.0,0.3332369562767924
F_1,s18,G,520.0,0.24048644910099454
F_1,s18,G,540.0,0.29877077308023336
F_1,s18,G,560.0,0.4790209613662279
F_1,s18,G,580.0,0.5336071434770927
F_1,s18,G,600.0,0.41459622575532334
F_1,s18,G,620.0,0.46432212932036465
F_1,s18,G,640.0,0.642904471054124
F_1,s18,G,660.0,0.7135239314877483
F_1,s18,G,680.0,0.7286847805071243
F_1,s18,G,700.0,0.6438806421831899
F_1,s18,G,720.0,0.5849290221157264
F_1,s18,G,740.0,0.5796157824976995
F_1,s18,G,760.0,0.6521988037883464
F_1,s18,G,780.0,0.7198618896146862
F_1,s18,G,800.0,0.7380824144868863
F_1,s18,G,820.0,0.6607645919679243
F_1,s18,G,840.0,0.6117736761143079
F_1,s18,G,860.0,0.6232033823406082
F_1,s18,G,880.0,0.6307393144272009
F_1,s18,G,900.0,0.6937429392848067
F_1,s18,G,920.0,0.703049673001919
F_1,s18,G,940.0,0.6750191012607286
F_1,s18,G,960.0,0.5940793147478818
F_1,s18,G,980.0,0.5831724535858799
F_1,s18,A,0.0,0.12863543424975596
F_1,s18,A,20.0,0.07702446364239321
F_1,s18,A,40.0,0.027791678299118074
F_1,s18,A,60.0,0.034731933604994485
F_1,s18,A,80.0,0.08549326434154128
F_1,s18,A,100.0,0.044409234112102715
F_1,s18,A,120.0,0.037477751126437885
F_1,s18,A,140.0,0.028345421058996654
F_1,s18,A,160.0,-0.0075568859740739805
F_1,s18,A,180.0,-0.10008383093429843
F_1,s18,A,200.0,-0.1827055484666009
F_1,s18,A,220.0,-0.10006130635302811
F_1,s18,A,240.0,-0.07824022093994056
F_1,s18,A,260.0,-0.11748793590323416
F_1,s18,A,280.0,-0.04491187680410506
F_1,s18,A,300.0,-0.04489291347436244
F_1,s18,A,320.0,-0.07990774425982616
F_1,s18,A,340.0,-0.1361744388438121
F_1,s18,A,360.0,-0.20339722324939513
F_1,s18,A,380.0,0.009814267989386316
F_1,s18,A,400.0,0.0499509213527255
F_1,s18,A,420.0,-0.08355373540494102
F_1,s18,A,440.0,-0.03863025423571396
F_1,s18,A,460.0,0.047957252668821865
F_1,s18,A,480.0,0.0748226828385446
F_1,s18,A,500.0,-0.05798968587682983
F_1,s18,A,520.0,-0.14673555544471492
F_1,s18,A,540.0,0.019145921830035842
F_1,s18,A,560.0,0.1645096647360972
F_1,s18,A,580.0,0.1097551160462741
F_1,s18,A,600.0,0.07528462032213366
F_1,s18,A,620.0,0.18093293183913858
F_1,s18,A,640.0,0.21598196088691712
F_1,s18,A,660.0,0.25287824891320676
F_1,s18,A,680.0,0.3052338854914645
F_1,s18,A,700.0,0.3073435238044392
F_1,s18,A,720.0,0.38001562013058826
F_1,s18,A,740.0,0.3565911969368962
F_1,s18,A,760.0,0.3176445358059417
F_1,s18,A,780.0,0.14132255320555173
F_1,s18,A,800.0,-0.09939801911544721
F_1,s18,A,820.0,-0.20700253866873677
F_1,s18,A,840.0,-0.20596725125693827
F_1,s18,A,860.0,-0.1692380358732565
F_1,s18,A,880.0,-0.10570398570416294
F_1,s18,A,900.0,-0.12381412200908805
F_1,s18,A,920.0,-0.15117312658394197
F_1,s18,A,940.0,-0.1947690365502078
F_1,s18,A,960.0,-0.23265762497795853
F_1,s18,A,980.0,-0.22616040158757192
F_1,s18,I,0.0,-0.20952286404445694
F_1,s18,I,20.0,-0.24867242626964614
F_1,s18,I,40.0,-0.210710125777769
F_1,s18,I,60.0,-0.0377430174343505
F_1,s18,I,80.0,0.048632350688075116
F_1,s18,I,100.0,0.08167486862602515
F_1,s18,I,120.0,-0.08092742571476962
F_1,s18,I,140.0,-0.1300468432950811
F_1,s18,I,160.0,-0.14385463953251082
F_1,s18,I,180.0,-0.21577095418217226
F_1,s18,I,200.0,-0.288301837831169
F_1,s18,I,220.0,-0.2880838077539114
F_1,s18,I,240.0,-0.22585735800446152
F_1,s18,I,260.0,-0.2933895637851067
F_1,s18,I,280.0,-0.48837077845098315
F_1,s18,I,300.0,-0.4330783610968816
F_1,s18,I,320.0,-0.29578380040929225
F_1,s18,I,340.0,-0.43429176807595776
F_1,s18,I,360.0,-0.4645387591054014
F_1,s18,I,380.0,-0.5899692971979008
F_1,s18,I,400.0,-0.5940835330514017
F_1,s18,I,420.0,-0.5832363393925248
F_1,s18,I,440.0,-0.5689117640252493
F_1,s18,I,460.0,-0.5377478286742342
F_1,s18,I,480.0,-0.47778711672602014
F_1,s18,I,500.0,-0.6057550795798449
F_1,s18,I,520.0,-0.548943422178707
F_1,s18,I,540.0,-0.39641652161716656
F_1,s18,I,560.0,-0.5413060852084496
F_1,s18,I,580.0,-0.7825441721377149
F_1,s18,I,600.0,-1.0524048988773556
F_1,s18,I,620.0,-1.2635408021431676
F_1,s18,I,640.0,-1.2644293016287946
F_1,s18,I,660.0,-1.1790537839110344
F_1,s18,I,680.0,-1.2126807443637997
F_1,s18,I,700.0,-1.158350464181611
F_1,s18,I,720.0,-1.2619670168625914
F_1,s18,I,740.0,-1.2925011050397683
F_1,s18,I,760.0,-1.3374124456994612
F_1,s18,I,780.0,-1.2596983263370016
F_1,s18,I,800.0,-1.0570860216024807
F_1,s18,I,820.0,-0.7840674280945197
F_1,s18,I,840.0,-0.7163590809951573
F_1,s18,I,860.0,-0.8479138844600509
F_1,s18,I,880.0,-0.9246802397602796
F_1,s18,I,900.0,-0.98941177836444
F_1,s18,I,920.0,-0.9850417080602984
F_1,s18,I,940.0,-0.937567880748106
F_1,s18,I,960.0,-0.8313807834226759
F_1,s18,I,980.0,-0.6660550975288771
F_2,s18,G,0.0,0.06606136430242229
F_2,s18,G,20.0,0.07106995416708009
F_2,s18,G,40.0,0.06938560433726373
F_2,s18,G,60.0,0.054120488855247506
F_2,s18,G,80.0,0.09091438324872471
F_2,s18,G,100.0,0.12435690869424237
F_2,s18,G,120.0,0.16652172771572166
F_2,s18,G,140.0,0.04721112388604453
F_2,s18,G,160.0,-0.014126286408310998
F_2,s18,G,180.0,0.031468340701609296
F_2,s18,G,200.0,0.12791089099135564
F_2,s18,G,220.0,0.09397971862781192
F_2,s18,G,240.0,-0.005673428348056609
F_2,s18,G,260.0,0.016600209346912583
F_2,s18,G,280.0,0.06256731912927896
F_2,s18,G,300.0,0.13247134886988682
F_2,s18,G,320.0,0.17437600119993463
F_2,s18,G,340.0,0.17493501774267423
F_2,s18,G,360.0,0.2611227089691876
F_2,s18,G,380.0,0.30320557596546815
F_2,s18,G,400.0,0.2556061143916034
F_2,s18,G,420.0,0.278877995676882
F_2,s18,G,440.0,0.36094369245095054
F_2,s18,G,460.0,0.47416501664200555
F_2,s18,G,480.0,0.5094270817227142
F_2,s18,G,500.0,0.5147204130424436
F_2,s18,G,520.0,0.5166074533691867
F_2,s18,G,540.0,0.6148141034865461
F_2,s18,G,560.0,0.6778177682366369
F_2,s18,G,580.0,0.657666828921782
F_2,s18,G,600.0,0.558698184963681
F_2,s18,G,620.0,0.608419900425158
F_2,s18,G,640.0,0.7696083612047745
F_2,s18,G,660.0,0.8240634147077822
F_2,s18,G,680.0,0.8803455305917715
F_2,s18,G,700.0,0.8605262631880634
F_2,s18,G,720.0,0.7712685552049844
F_2,s18,G,740.0,0.6870523064275605
F_2,s18,G,760.0,0.713261485623311
F_2,s18,G,780.0,0.7536735422637958
F_2,s18,G,800.0,0.6734370277204967
F_2,s18,G,820.0,0.555487296245196
F_2,s18,G,840.0,0.5216886908125431
F_2,s18,G,860.0,0.5206006226901638
F_2,s18,G,880.0,0.5753949364504466
F_2,s18,G,900.0,0.6575379276865606
F_2,s18,G,920.0,0.6445949362390415
F_2,s18,G,940.0,0.6298599536699983
F_2,s18,G,960.0,0.49531598262378573
F_2,s18,G,980.0,0.4511936532867131
F_2,s18,A,0.0,0.18708758041716514
F_2,s18,A,20.0,0.128552375512848
F_2,s18,A,40.0,0.12466217614426896
F_2,s18,A,60.0,0.1402280661172556
F_2,s18,A,80.0,0.1012385413619407
F_2,s18,A,100.0,0.0461583236495983
F_2,s18,A,120.0,0.07677025163306893
F_2,s18,A,140.0,0.06255520046353949
F_2,s18,A,160.0,0.02767823387886409
F_2,s18,A,180.0,-0.010548599204235681
F_2,s18,A,200.0,-0.11393007232032436
F_2,s18,A,220.0,-0.1360056583057751
F_2,s18,A,240.0,-0.15781543542354537
F_2,s18,A,260.0,-0.19876467776665704
F_2,s18,A,280.0,-0.18304208456090534
F_2,s18,A,300.0,-0.2762756646665264
F_2,s18,A,320.0,-0.3004285185754078
F_2,s18,A,340.0,-0.342281722209655
F_2,s18,A,360.0,-0.382952639590049
F_2,s18,A,380.0,-0.16631773416331935
F_2,s18,A,400.0,-0.15423592567159278
F_2,s18,A,420.0,-0.3176933248071084
F_2,s18,A,440.0,-0.37249082671658523
F_2,s18,A,460.0,-0.2820333352629852
F_2,s18,A,480.0,-0.09136255375408475
F_2,s18,A,500.0,-0.13523191551180605
F_2,s18,A,520.0,-0.2354992717920286
F_2,s18,A,540.0,-0.11770303744938636
F_2,s18,A,560.0,-0.027766061475135537
F_2,s18,A,580.0,-0.09280444745790849
F_2,s18,A,600.0,-0.13389782722735002
F_2,s18,A,620.0,-0.02033905029186585
F_2,s18,A,640.0,-0.015414614867369763
F_2,s18,A,660.0,-0.060688136351226434
F_2,s18,A,680.0,-0.06357319720989675
F_2,s18,A,700.0,-0.050025725887339514
F_2,s18,A,720.0,0.06558787193416914
F_2,s18,A,740.0,0.20263007345796044
F_2,s18,A,760.0,0.2192628008021111
F_2,s18,A,780.0,0.10055514855512054
F_2,s18,A,800.0,-0.06895084852897576
F_2,s18,A,820.0,-0.11177397824201528
F_2,s18,A,840.0,-0.12729112755752922
F_2,s18,A,860.0,-0.10603303639347987
F_2,s18,A,880.0,-0.19312821220303053
F_2,s18,A,900.0,-0.3433700622561687
F_2,s18,A,920.0,-0.40301026932272105
F_2,s18,A,940.0,-0.454921016321329
F_2,s18,A,960.0,-0.44162363314630976
F_2,s18,A,980.0,-0.3738081283112029
F_2,s18,I,0.0,-0.24995463720031386
F_2,s18,I,20.0,-0.2306379875377032
F_2,s18,I,40.0,-0.28795434882415655
F_2,s18,I,60.0,-0.302001469458853
F_2,s18,I,80.0,-0.2268542174348761
F_2,s18,I,100.0,-0.10116472189960668
F_2,s18,I,120.0,-0.15160535897762423
F_2,s18,I,140.0,-0.1728069890959742
F_2,s18,I,160.0,-0.17072054053369415
F_2,s18,I,180.0,-0.23963739487163963
F_2,s18,I,200.0,-0.2848913206336309
F_2,s18,I,220.0,-0.2751964309617275
F_2,s18,I,240.0,-0.2379074627803873
F_2,s18,I,260.0,-0.35743925780398794
F_2,s18,I,280.0,-0.5439344878894469
F_2,s18,I,300.0,-0.46454019807555375
F_2,s18,I,320.0,-0.4052232035126358
F_2,s18,I,340.0,-0.5366424945566151
F_2,s18,I,360.0,-0.48566618109060483
F_2,s18,I,380.0,-0.5836376196250573
F_2,s18,I,400.0,-0.5883828594466955
F_2,s18,I,420.0,-0.4966106808002582
F_2,s18,I,440.0,-0.37684302867908703
F_2,s18,I,460.0,-0.3731442931943328
F_2,s18,I,480.0,-0.5258313737439095
F_2,s18,I,500.0,-0.6775571702253587
F_2,s18,I,520.0,-0.5989991121158892
F_2,s18,I,540.0,-0.4686083828336974
F_2,s18,I,560.0,-0.509851384357257
F_2,s18,I,580.0,-0.6485184039026366
F_2,s18,I,600.0,-0.7993032880349816
F_2,s18,I,620.0,-0.8669235285615563
F_2,s18,I,640.0,-0.8178450017883978
F_2,s18,I,660.0,-0.6911245575019396
F_2,s18,I,680.0,-0.7030067368682991
F_2,s18,I,700.0,-0.6232724990253804
F_2,s18,I,720.0,-0.6678877374906191
F_2,s18,I,740.0,-0.7585383801610864
F_2,s18,I,760.0,-0.8356037955609547
F_2,s18,I,780.0,-0.7834830413589162
F_2,s18,I,800.0,-0.5639775959182901
F_2,s18,I,820.0,-0.4449876341491092
F_2,s18,I,840.0,-0.5070006207239366
F_2,s18,I,860.0,-0.6204575164635822
F_2,s18,I,880.0,-0.6134760202303017
F_2,s18,I,900.0,-0.5996597460540293
F_2,s18,I,920.0,-0.6154600550710162
F_2,s18,I,940.0,-0.5878512814993756
F_2,s18,I,960.0,-0.5066631778623523
F_2,s18,I,980.0,-0.42087175169985014
M_1,s18,G,0.0,-0.023162408649813053
M_1,s18,G,20.0,-0.005895488906520568
M_1,s18,G,40.0,-0.05181547249881168
M_1,s18,G,60.0,-0.0661012388916214
M_1,s18,G,80.0,-0.06888585759186731
M_1,s18,G,100.0,-0.020188757180343766
M_1,s18,G,120.0,0.0943251322325794
M_1,s18,G,140.0,0.07816439571203246
M_1,s18,G,160.0,0.05927140907395461
M_1,s18,G,180.0,0.06891826863108762
M_1,s18,G,200.0,0.15232329189546065
M_1,s18,G,220.0,0.12546215916208647
M_1,s18,G,240.0,0.08232905489874429
M_1,s18,G,260.0,0.1299973293357984
M_1,s18,G,280.0,0.2677743014279395
M_1,s18,G,300.0,0.34034154597372074
M_1,s18,G,320.0,0.343047965062547
M_1,s18,G,340.0,0.33049843562375075
M_1,s18,G,360.0,0.35127495588172336
M_1,s18,G,380.0,0.3483560648215198
M_1,s18,G,400.0,0.342100490058133
M_1,s18,G,420.0,0.38231945744085755
M_1,s18,G,440.0,0.45680989458638593
M_1,s18,G,460.0,0.5617017361784251
M_1,s18,G,480.0,0.5571711244582643
M_1,s18,G,500.0,0.4587811351288146
M_1,s18,G,520.0,0.35462362425995175
M_1,s18,G,540.0,0.5201633669169957
M_1,s18,G,560.0,0.7090149878268128
M_1,s18,G,580.0,0.6737338952803087
M_1,s18,G,600.0,0.5442847190949569
M_1,s18,G,620.0,0.704561570709208
M_1,s18,G,640.0,0.9831015781909154
M_1,s18,G,660.0,0.9381778525524294
M_1,s18,G,680.0,0.8377460600579357
M_1,s18,G,700.0,0.7424548869213878
M_1,s18,G,720.0,0.7146138013372815
M_1,s18,G,740.0,0.7397511824032835
M_1,s18,G,760.0,0.7564351150224637
M_1,s18,G,780.0,0.7933723351875873
M_1,s18,G,800.0,0.7409454814899064
M_1,s18,G,820.0,0.6748740577515446
M_1,s18,G,840.0,0.596365652529769
M_1,s18,G,860.0,0.5571840062852982
M_1,s18,G,880.0,0.5446481446197246
M_1,s18,G,900.0,0.5725119089637299
M_1,s18,G,920.0,0.5613884358722128
M_1,s18,G,940.0,0.5466079149349685
M_1,s18,G,960.0,0.42276839734347105
M_1,s18,G,980.0,0.34713036337755415
M_1,s18,A,0.0,0.09828030741362094
M_1,s18,A,20.0,0.07611292276257765
M_1,s18,A,40.0,0.03645305437991025
M_1,s18,A,60.0,0.03050527467392807
M_1,s18,A,80.0,0.0832306858373339
M_1,s18,A,100.0,0.024526547234650337
M_1,s18,A,120.0,0.001103132214995874
M_1,s18,A,140.0,-0.06503957513351635
M_1,s18,A,160.0,-0.12690326038221145
M_1,s18,A,180.0,-0.15042523372273664
M_1,s18,A,200.0,-0.23963307343538653
M_1,s18,A,220.0,-0.2420284269906006
M_1,s18,A,240.0,-0.30504264953063287
M_1,s18,A,260.0,-0.40646821860239785
M_1,s18,A,280.0,-0.38105555882923375
M_1,s18,A,300.0,-0.4019790026075092
M_1,s18,A,320.0,-0.37865390757328427
M_1,s18,A,340.0,-0.46710208559254107
M_1,s18,A,360.0,-0.5477509254821963
M_1,s18,A,380.0,-0.3280940967384346
M_1,s18,A,400.0,-0.2799900875351931
M_1,s18,A,420.0,-0.4314586468915591
M_1,s18,A,440.0,-0.4341186567968885
M_1,s18,A,460.0,-0.32971390886736135
M_1,s18,A,480.0,-0.1693968708834954
M_1,s18,A,500.0,-0.18613910019895383
M_1,s18,A,520.0,-0.2078167231315205
M_1,s18,A,540.0,-0.05657149595732049
M_1,s18,A,560.0,0.004999632955531297
M_1,s18,A,580.0,0.008078943615698629
M_1,s18,A,600.0,0.02106256295772074
M_1,s18,A,620.0,0.013970757594535062
M_1,s18,A,640.0,-0.028619509290871512
M_1,s18,A,660.0,0.020495648942008643
M_1,s18,A,680.0,0.08577677229619998
M_1,s18,A,700.0,0.061150787391819415
M_1,s18,A,720.0,0.1016407071071105
M_1,s18,A,740.0,0.1394986434095482
M_1,s18,A,760.0,0.1071241099801012
M_1,s18,A,780.0,-0.029953510266338038
M_1,s18,A,800.0,-0.19818899634355117
M_1,s18,A,820.0,-0.2182828174033149
M_1,s18,A,840.0,-0.1541426249494259
M_1,s18,A,860.0,-0.12788500542857714
M_1,s18,A,880.0,-0.15896905943114348
M_1,s18,A,900.0,-0.24669498797760006
M_1,s18,A,920.0,-0.29961445125240727
M_1,s18,A,940.0,-0.31862273634623656
M_1,s18,A,960.0,-0.3388839731259942
M_1,s18,A,980.0,-0.3183844407909519
M_1,s18,I,0.0,-0.10656017598614564
M_1,s18,I,20.0,-0.1264715123690519
M_1,s18,I,40.0,-0.1533202254457204
M_1,s18,I,60.0,-0.1138402548760805
M_1,s18,I,80.0,-0.0840859339843051
M_1,s18,I,100.0,-0.015129636665026985
M_1,s18,I,120.0,-0.08763541454098683
M_1,s18,I,140.0,-0.07422987132755197
M_1,s18,I,160.0,-0.05469007491505684
M_1,s18,I,180.0,-0.1360836347537133
M_1,s18,I,200.0,-0.14707352027069204
M_1,s18,I,220.0,-0.11620913267441389
M_1,s18,I,240.0,-0.0540199698522671
M_1,s18,I,260.0,-0.0858310785559742
M_1,s18,I,280.0,-0.2665141572790437
M_1,s18,I,300.0,-0.2176249898768905
M_1,s18,I,320.0,-0.152406895182906
M_1,s18,I,340.0,-0.20869640779602455
M_1,s18,I,360.0,-0.11343777281081366
M_1,s18,I,380.0,-0.2526444188194995
M_1,s18,I,400.0,-0.3541480787238386
M_1,s18,I,420.0,-0.3127535701660886
M_1,s18,I,440.0,-0.20746094373859597
M_1,s18,I,460.0,-0.2198640295376444
M_1,s18,I,480.0,-0.38614685283372074
M_1,s18,I,500.0,-0.5728364529616367
M_1,s18,I,520.0,-0.5334672560692307
M_1,s18,I,540.0,-0.4542230034300963
M_1,s18,I,560.0,-0.4896438501809877
M_1,s18,I,580.0,-0.6040712539859241
M_1,s18,I,600.0,-0.7820227351574421
M_1,s18,I,620.0,-0.8433755930842127
M_1,s18,I,640.0,-0.7887164790123713
M_1,s18,I,660.0,-0.6930207508709149
M_1,s18,I,680.0,-0.7101491612890573
M_1,s18,I,700.0,-0.5924466029663216
M_1,s18,I,720.0,-0.6121949217395222
M_1,s18,I,740.0,-0.6768458674817565
M_1,s18,I,760.0,-0.7234785590332369
M_1,s18,I,780.0,-0.6781303125559963
M_1,s18,I,800.0,-0.5046625763240137
M_1,s18,I,820.0,-0.4216086280267812
M_1,s18,I,840.0,-0.4930670558881006
M_1,s18,I,860.0,-0.5814827380232933
M_1,s18,I,880.0,-0.5425345915549595
M_1,s18,I,900.0,-0.5171659839027863
M_1,s18,I,920.0,-0.5300946609121214
M_1,s18,I,940.0,-0.52906184007015
M_1,s18,I,960.0,-0.4290869386470657
M_1,s18,I,980.0,-0.3301134907972112
M_2,s18,G,0.0,-0.05965260622639414
M_2,s18,G,20.0,-0.01963941865739793
M_2,s18,G,40.0,0.008690554943250398
M_2,s18,G,60.0,0.05940932319409255
M_2,s18,G,80.0,0.06010894745809068
M_2,s18,G,100.0,0.06374273611738895
M_2,s18,G,120.0,0.09710514775148589
M_2,s18,G,140.0,0.03254225283850512
M_2,s18,G,160.0,0.04309252838059191
M_2,s18,G,180.0,0.09438895054725573
M_2,s18,G,200.0,0.13760258436500797
M_2,s18,G,220.0,0.13875151657617307
M_2,s18,G,240.0,0.12590947019252233
M_2,s18,G,260.0,0.09014842760559126
M_2,s18,G,280.0,0.176485873111933
M_2,s18,G,300.0,0.24465420406482952
M_2,s18,G,320.0,0.3082254209265894
M_2,s18,G,340.0,0.3108555382266924
M_2,s18,G,360.0,0.3395973431890507
M_2,s18,G,380.0,0.3650962504770134
M_2,s18,G,400.0,0.3839763745200281
M_2,s18,G,420.0,0.37353384273816526
M_2,s18,G,440.0,0.3293770937287357
M_2,s18,G,460.0,0.40324534638208626
M_2,s18,G,480.0,0.49744882903522714
M_2,s18,G,500.0,0.5691963293068482
M_2,s18,G,520.0,0.5101208830447428
M_2,s18,G,540.0,0.4504383908125198
M_2,s18,G,560.0,0.5791208381234187
M_2,s18,G,580.0,0.5759624105637565
M_2,s18,G,600.0,0.3976238276202346
M_2,s18,G,620.0,0.5330560666211279
M_2,s18,G,640.0,0.675246158696725
M_2,s18,G,660.0,0.6574539540583284
M_2,s18,G,680.0,0.6426364625057543
M_2,s18,G,700.0,0.6339322364450222
M_2,s18,G,720.0,0.6468166432908248
M_2,s18,G,740.0,0.7102298617827835
M_2,s18,G,760.0,0.8505010731843695
M_2,s18,G,780.0,0.9570694245474961
M_2,s18,G,800.0,0.8981500950367296
M_2,s18,G,820.0,0.850096547780609
M_2,s18,G,840.0,0.8648804598065506
M_2,s18,G,860.0,0.8497653002925065
M_2,s18,G,880.0,0.8145151079215489
M_2,s18,G,900.0,0.8453738788002297
M_2,s18,G,920.0,0.8494785281159074
M_2,s18,G,940.0,0.7463747360046256
M_2,s18,G,960.0,0.6489857093960727
M_2,s18,G,980.0,0.6631811958380536
M_2,s18,A,0.0,0.11172324138438255
M_2,s18,A,20.0,0.09673748234867892
M_2,s18,A,40.0,0.13248929985682148
M_2,s18,A,60.0,0.23235976249330356
M_2,s18,A,80.0,0.34713896863657034
M_2,s18,A,100.0,0.2182735768156219
M_2,s18,A,120.0,0.1962785339297494
M_2,s18,A,140.0,0.14878899699689133
M_2,s18,A,160.0,0.047983582915227405
M_2,s18,A,180.0,-0.03279814302558833
M_2,s18,A,200.0,-0.07632652452523217
M_2,s18,A,220.0,-0.046310718116989946
M_2,s18,A,240.0,-0.07081613386317524
M_2,s18,A,260.0,-0.1272992395262405
M_2,s18,A,280.0,-0.03234404049300899
M_2,s18,A,300.0,-0.015376098173135339
M_2,s18,A,320.0,0.01976669486314932
M_2,s18,A,340.0,0.016698348934586004
M_2,s18,A,360.0,-0.05209702120387426
M_2,s18,A,380.0,0.042615256054305155
M_2,s18,A,400.0,0.015963301237389177
M_2,s18,A,420.0,-0.10468442827761491
M_2,s18,A,440.0,-0.2206415490692013
M_2,s18,A,460.0,-0.22641073727417962
M_2,s18,A,480.0,-0.06459304158132523
M_2,s18,A,500.0,-0.08061456423247831
M_2,s18,A,520.0,-0.12571111026767853
M_2,s18,A,540.0,-0.028373422347440336
M_2,s18,A,560.0,0.04973766292147304
M_2,s18,A,580.0,0.1608792965944899
M_2,s18,A,600.0,0.2248552040061523
M_2,s18,A,620.0,0.16832243814864103
M_2,s18,A,640.0,0.14178633864473456
M_2,s18,A,660.0,0.16107141672289585
M_2,s18,A,680.0,0.18432796369490462
M_2,s18,A,700.0,0.1612361089736856
M_2,s18,A,720.0,0.19078828874336248
M_2,s18,A,740.0,0.25552703896770596
M_2,s18,A,760.0,0.29311807327342543
M_2,s18,A,780.0,0.1669603208597101
M_2,s18,A,800.0,-0.031520704473778985
M_2,s18,A,820.0,-0.1129512797917922
M_2,s18,A,840.0,-0.11567068405085143
M_2,s18,A,860.0,-0.1333825398222853
M_2,s18,A,880.0,-0.14897600155079962
M_2,s18,A,900.0,-0.12917104584717895
M_2,s18,A,920.0,-0.15885356673672407
M_2,s18,A,940.0,-0.2276274410927213
M_2,s18,A,960.0,-0.24319975677684286
M_2,s18,A,980.0,-0.24422169736051913
M_2,s18,I,0.0,-0.08306970511161339
M_2,s18,I,20.0,0.002165875193069477
M_2,s18,I,40.0,-0.07049514576817616
M_2,s18,I,60.0,-0.3066882571721338
M_2,s18,I,80.0,-0.4086608313427561
M_2,s18,I,100.0,-0.16359184389241216
M_2,s18,I,120.0,-0.04350526117901431
M_2,s18,I,140.0,-0.07118202056272115
M_2,s18,I,160.0,-0.055540130764070064
M_2,s18,I,180.0,-0.009335027590397438
M_2,s18,I,200.0,-0.016801131031691532
M_2,s18,I,220.0,-0.12038502053263143
M_2,s18,I,240.0,-0.2449216814483841
M_2,s18,I,260.0,-0.3071260531980901
M_2,s18,I,280.0,-0.6653437884905806
M_2,s18,I,300.0,-0.6705062778355974
M_2,s18,I,320.0,-0.6273241637375678
M_2,s18,I,340.0,-0.7008060849654328
M_2,s18,I,360.0,-0.5573101037792771
M_2,s18,I,380.0,-0.6496789892690319
M_2,s18,I,400.0,-0.5988628439447793
M_2,s18,I,420.0,-0.4168792167622899
M_2,s18,I,440.0,-0.17529065691476226
M_2,s18,I,460.0,-0.16702219466819884
M_2,s18,I,480.0,-0.3393190753448471
M_2,s18,I,500.0,-0.2746642276869887
M_2,s18,I,520.0,-0.1053513691946401
M_2,s18,I,540.0,0.01332978239223281
M_2,s18,I,560.0,-0.10128894824191229
M_2,s18,I,580.0,-0.07393319219918518
M_2,s18,I,600.0,0.025478802403173212
M_2,s18,I,620.0,-0.013884841586455992
M_2,s18,I,640.0,-0.03506861243523061
M_2,s18,I,660.0,0.09221063082014143
M_2,s18,I,680.0,0.12077254049746909
M_2,s18,I,700.0,0.15689962801512577
M_2,s18,I,720.0,0.09562604596885463
M_2,s18,I,740.0,-0.07122884092564324
M_2,s18,I,760.0,-0.21294484891061435
M_2,s18,I,780.0,-0.23739955853570355
M_2,s18,I,800.0,0.04218167890110098
M_2,s18,I,820.0,0.0831331672424138
M_2,s18,I,840.0,-0.04387226515101611
M_2,s18,I,860.0,-0.10528466981159773
M_2,s18,I,880.0,-0.033916033474323995
M_2,s18,I,900.0,-0.0449151087678797
M_2,s18,I,920.0,-0.09876058954595593
M_2,s18,I,940.0,-0.005088863473114235
M_2,s18,I,960.0,0.028269691564101543
M_2,s18,I,980.0,0.08926599094335574
F_1,s19,G,0.0,-0.04081155103096123
F_1,s19,G,20.0,0.0376781263324849
F_1,s19,G,40.0,-0.06661887889059767
F_1,s19,G,60.0,-0.11267551014028593
F_1,s19,G,80.0,-0.07762454992136342
F_1,s19,G,100.0,-0.03695806552836557
F_1,s19,G,120.0,-0.21288914575632295
F_1,s19,G,140.0,-0.1974545183582977
F_1,s19,G,160.0,0.0014265148834515526
F_1,s19,G,180.0,-0.11997150047002353
F_1,s19,G,200.0,-0.3312523957031275
F_1,s19,G,220.0,-0.446876131546322
F_1,s19,G,240.0,-0.35565811763818733
F_1,s19,G,260.0,-0.39713971795563235
F_1,s19,G,280.0,-0.5951434466895942
F_1,s19,G,300.0,-0.4732925944090467
F_1,s19,G,320.0,-0.6322868869242486
F_1,s19,G,340.0,-0.518468882226981
F_1,s19,G,360.0,-0.3837704786048533
F_1,s19,G,380.0,-0.37490375009429183
F_1,s19,G,400.0,-0.2195569852056034
F_1,s19,G,420.0,-0.2161413188359398
F_1,s19,G,440.0,-0.21952440892291003
F_1,s19,G,460.0,0.022995232325922675
F_1,s19,G,480.0,0.03075596902007316
F_1,s19,G,500.0,-0.18031225092572456
F_1,s19,G,520.0,-0.08834536942307115
F_1,s19,G,540.0,0.24194733423267284
F_1,s19,G,560.0,0.15237525342735456
F_1,s19,G,580.0,0.012235414600905426
F_1,s19,G,600.0,0.0062727666007070665
F_1,s19,G,620.0,-0.04815553107883281
F_1,s19,G,640.0,0.1413214173784615
F_1,s19,G,660.0,0.14311647537465794
F_1,s19,G,680.0,0.1736858472992442
F_1,s19,G,700.0,0.12517158197878459
F_1,s19,G,720.0,0.035761643328148796
F_1,s19,G,740.0,-0.056727139474095856
F_1,s19,G,760.0,-0.040201028929679486
F_1,s19,G,780.0,0.010403025777942297
F_1,s19,G,800.0,0.024163244834704133
F_1,s19,G,820.0,-0.03450342236188153
F_1,s19,G,840.0,-0.050199476075365054
F_1,s19,G,860.0,-0.07281723806943716
F_1,s19,G,880.0,-0.09194085351146633
F_1,s19,G,900.0,-0.06172675493274978
F_1,s19,G,920.0,0.13600844804072854
F_1,s19,G,940.0,0.14177051305251895
F_1,s19,G,960.0,0.18112161526020987
F_1,s19,G,980.0,0.11230126219072074
F_1,s19,A,0.0,-0.1406905789939885
F_1,s19,A,20.0,0.005843492391501087
F_1,s19,A,40.0,0.059333350549028725
F_1,s19,A,60.0,0.10447375539791222
F_1,s19,A,80.0,0.08235100880018906
F_1,s19,A,100.0,0.06522950243778305
F_1,s19,A,120.0,0.0013938615946653826
F_1,s19,A,140.0,-0.23524666835489494
F_1,s19,A,160.0,-0.23713447995249906
F_1,s19,A,180.0,-0.09716943222638046
F_1,s19,A,200.0,0.138927435492384
F_1,s19,A,220.0,0.19738413002678878
F_1,s19,A,240.0,0.19413565650774678
F_1,s19,A,260.0,0.3056774649807764
F_1,s19,A,280.0,0.4678491225015962
F_1,s19,A,300.0,0.2406423655095289
F_1,s19,A,320.0,0.12563259601517218
F_1,s19,A,340.0,0.2965076203706971
F_1,s19,A,360.0,0.21834376926577262
F_1,s19,A,380.0,0.2239919672867327
F_1,s19,A,400.0,0.08408273413674353
F_1,s19,A,420.0,0.18293526861570228
F_1,s19,A,440.0,0.04151839361025323
F_1,s19,A,460.0,0.19205131823895955
F_1,s19,A,480.0,0.17789499376723922
F_1,s19,A,500.0,0.3475043558886977
F_1,s19,A,520.0,0.2059251430395087
F_1,s19,A,540.0,0.1813218581924167
F_1,s19,A,560.0,0.34966247787665083
F_1,s19,A,580.0,0.35927050463909826
F_1,s19,A,600.0,0.006276832518477493
F_1,s19,A,620.0,0.01339371431464495
F_1,s19,A,640.0,0.3231608742985404
F_1,s19,A,660.0,0.20238274185120594
F_1,s19,A,680.0,-0.12131307630555493
F_1,s19,A,700.0,0.07606909030982181
F_1,s19,A,720.0,0.35012963556876275
F_1,s19,A,740.0,0.3560593130427456
F_1,s19,A,760.0,0.34263437933216245
F_1,s19,A,780.0,0.11286162970285124
F_1,s19,A,800.0,0.005306643461020263
F_1,s19,A,820.0,0.14145178312812476
F_1,s19,A,840.0,0.017514308147087224
F_1,s19,A,860.0,-0.10178475464288672
F_1,s19,A,880.0,-0.15201811423362127
F_1,s19,A,900.0,-0.31325222057076546
F_1,s19,A,920.0,-0.25497727661604574
F_1,s19,A,940.0,-0.10494128903990389
F_1,s19,A,960.0,-0.1282558442362514
F_1,s19,A,980.0,-0.17182114255200115
F_1,s19,I,0.0,0.0016975008508326103
F_1,s19,I,20.0,-0.04366342734222162
F_1,s19,I,40.0,-0.006223575435745671
F_1,s19,I,60.0,-0.15101259943365664
F_1,s19,I,80.0,0.004846136802534873
F_1,s19,I,100.0,0.1146018077117579
F_1,s19,I,120.0,0.11211667234123784
F_1,s19,I,140.0,0.2638213199910965
F_1,s19,I,160.0,0.6163323797365365
F_1,s19,I,180.0,0.2320703349937373
F_1,s19,I,200.0,0.06257792805040863
F_1,s19,I,220.0,0.36060218034598446
F_1,s19,I,240.0,0.5647727792340681
F_1,s19,I,260.0,0.3691659358299324
F_1,s19,I,280.0,0.2828358701755832
F_1,s19,I,300.0,0.5845890352462118
F_1,s19,I,320.0,0.5171949938487043
F_1,s19,I,340.0,0.1324672960583138
F_1,s19,I,360.0,0.4259684882071012
F_1,s19,I,380.0,0.0612835074704369
F_1,s19,I,400.0,0.002501925547632627
F_1,s19,I,420.0,-0.05648557375033994
F_1,s19,I,440.0,0.20293714371457583
F_1,s19,I,460.0,-0.05787566575646905
F_1,s19,I,480.0,-0.17611909416306248
F_1,s19,I,500.0,-0.5960567450186025
F_1,s19,I,520.0,-0.19157957108634688
F_1,s19,I,540.0,-0.17537693606701846
F_1,s19,I,560.0,-0.32521942555487293
F_1,s19,I,580.0,-0.5153935842431479
F_1,s19,I,600.0,0.07541723974196718
F_1,s19,I,620.0,0.5067009574324449
F_1,s19,I,640.0,0.15529402046023505
F_1,s19,I,660.0,0.3083638477548781
F_1,s19,I,680.0,0.46920927739934776
F_1,s19,I,700.0,0.15930058519823048
F_1,s19,I,720.0,0.15864905941759258
F_1,s19,I,740.0,0.3364327411800537
F_1,s19,I,760.0,0.07016173592721103
F_1,s19,I,780.0,0.21397490176083828
F_1,s19,I,800.0,0.5578610044944704
F_1,s19,I,820.0,0.531411838206444
F_1,s19,I,840.0,0.18031217237873282
F_1,s19,I,860.0,0.13205787570179703
F_1,s19,I,880.0,0.529580748694346
F_1,s19,I,900.0,0.818933886859505
F_1,s19,I,920.0,0.49879213401932476
F_1,s19,I,940.0,0.2393432768684271
F_1,s19,I,960.0,0.2617405246965896
F_1,s19,I,980.0,0.21214936571360282
F_2,s19,G,0.0,-0.02393190842167723
F_2,s19,G,20.0,0.039474960729899033
F_2,s19,G,40.0,-0.0555832039901596
F_2,s19,G,60.0,-0.19794770749737023
F_2,s19,G,80.0,-0.19121256372600037
F_2,s19,G,100.0,-0.0072908108418130585
F_2,s19,G,120.0,-0.12528524153392373
F_2,s19,G,140.0,-0.18986967618798534
F_2,s19,G,160.0,0.03858708510788393
F_2,s19,G,180.0,-0.06779506876517
F_2,s19,G,200.0,-0.3612268312806795
F_2,s19,G,220.0,-0.4162887634560611
F_2,s19,G,240.0,-0.23185120948763532
F_2,s19,G,260.0,-0.43413255257967387
F_2,s19,G,280.0,-0.6265441704026449
F_2,s19,G,300.0,-0.23707728261594266
F_2,s19,G,320.0,-0.4228548658376283
F_2,s19,G,340.0,-0.41465803317926725
F_2,s19,G,360.0,-0.26283854756626657
F_2,s19,G,380.0,-0.16291651228917614
F_2,s19,G,400.0,-0.05438267509860435
F_2,s19,G,420.0,-0.23084913745466387
F_2,s19,G,440.0,-0.19583708671618993
F_2,s19,G,460.0,-0.027018683630245045
F_2,s19,G,480.0,0.14546744400689252
F_2,s19,G,500.0,-0.13488206298692132
F_2,s19,G,520.0,-0.20518366132964727
F_2,s19,G,540.0,0.037717137135245965
F_2,s19,G,560.0,0.12228230768192092
F_2,s19,G,580.0,0.04623327838911413
F_2,s19,G,600.0,-0.20229945554962214
F_2,s19,G,620.0,-0.35110074353654164
F_2,s19,G,640.0,-0.08085364052003254
F_2,s19,G,660.0,-0.0629641457314252
F_2,s19,G,680.0,-0.04272925824780633
F_2,s19,G,700.0,-0.047006088486383824
F_2,s19,G,720.0,-0.20812176053907588
F_2,s19,G,740.0,-0.3228668842113168
F_2,s19,G,760.0,-0.3202828619795739
F_2,s19,G,780.0,-0.31871788500403575
F_2,s19,G,800.0,-0.3355665398898479
F_2,s19,G,820.0,-0.32604166950902935
F_2,s19,G,840.0,-0.29413576735083746
F_2,s19,G,860.0,-0.3130306564249312
F_2,s19,G,880.0,-0.18523650563462163
F_2,s19,G,900.0,-0.13483328762330277
F_2,s19,G,920.0,-0.08811280886272654
F_2,s19,G,940.0,-0.0950887484934935
F_2,s19,G,960.0,-0.0790466642032502
F_2,s19,G,980.0,-0.12889621581190142
F_2,s19,A,0.0,0.022995816946866005
F_2,s19,A,20.0,0.08071811332891093
F_2,s19,A,40.0,0.04573839101074614
F_2,s19,A,60.0,0.15126012634846533
F_2,s19,A,80.0,0.2560550725227596
F_2,s19,A,100.0,0.13608672582292333
F_2,s19,A,120.0,0.1350732952756854
F_2,s19,A,140.0,-0.00870516407592549
F_2,s19,A,160.0,0.11899696583225682
F_2,s19,A,180.0,0.1659112044192066
F_2,s19,A,200.0,0.18376954565367654
F_2,s19,A,220.0,0.3046691328867198
F_2,s19,A,240.0,0.39683504819544474
F_2,s19,A,260.0,0.4656191020701904
F_2,s19,A,280.0,0.47193138490583564
F_2,s19,A,300.0,0.5161017863212469
F_2,s19,A,320.0,0.4433006784660908
F_2,s19,A,340.0,0.5765175514471546
F_2,s19,A,360.0,0.45987810139103424
F_2,s19,A,380.0,0.5066113302011783
F_2,s19,A,400.0,0.6206478094890759
F_2,s19,A,420.0,0.3796076776524934
F_2,s19,A,440.0,0.26439071046593193
F_2,s19,A,460.0,0.1733913200570309
F_2,s19,A,480.0,0.15318716667039683
F_2,s19,A,500.0,0.3012131765193674
F_2,s19,A,520.0,0.24814044018566253
F_2,s19,A,540.0,0.16823774960014606
F_2,s19,A,560.0,0.1835483596396028
F_2,s19,A,580.0,0.23205338966442612
F_2,s19,A,600.0,0.1656946032618377
F_2,s19,A,620.0,0.11568613240896777
F_2,s19,A,640.0,-0.023420551857701893
F_2,s19,A,660.0,0.15405598152612288
F_2,s19,A,680.0,0.138599992898163
F_2,s19,A,700.0,0.08584127749690318
F_2,s19,A,720.0,0.18437528601453812
F_2,s19,A,740.0,0.30582309437774224
F_2,s19,A,760.0,0.27800537748253074
F_2,s19,A,780.0,0.21205482440523846
F_2,s19,A,800.0,0.335794828999876
F_2,s19,A,820.0,0.37137968977999386
F_2,s19,A,840.0,0.19058026737553985
F_2,s19,A,860.0,0.05435654042540117
F_2,s19,A,880.0,-0.015483653635520192
F_2,s19,A,900.0,-0.1462801375224287
F_2,s19,A,920.0,-0.22154701825836398
F_2,s19,A,940.0,-0.08203118740700754
F_2,s19,A,960.0,-0.0458086798955358
F_2,s19,A,980.0,-0.1433140352120496
F_2,s19,I,0.0,-0.10146323977700306
F_2,s19,I,20.0,-0.030725811821203902
F_2,s19,I,40.0,0.06922584821921711
F_2,s19,I,60.0,0.0028364179886842256
F_2,s19,I,80.0,0.08459422342696826
F_2,s19,I,100.0,0.17531292460067455
F_2,s19,I,120.0,0.05926883160285429
F_2,s19,I,140.0,0.14408624729646516
F_2,s19,I,160.0,0.2508070002238337
F_2,s19,I,180.0,0.00787691266018925
F_2,s19,I,200.0,-0.007693869666450914
F_2,s19,I,220.0,0.1547773162674732
F_2,s19,I,240.0,0.15302990097946606
F_2,s19,I,260.0,0.13935237385157712
F_2,s19,I,280.0,0.017435649634349293
F_2,s19,I,300.0,0.09991450114432733
F_2,s19,I,320.0,0.1472535020696265
F_2,s19,I,340.0,-0.05364650900955045
F_2,s19,I,360.0,0.03685394347396978
F_2,s19,I,380.0,-0.041498789431677244
F_2,s19,I,400.0,-0.18045241270545836
F_2,s19,I,420.0,0.016445282003514958
F_2,s19,I,440.0,-0.03591053755551876
F_2,s19,I,460.0,-0.1390761785879041
F_2,s19,I,480.0,-0.17491025418494321
F_2,s19,I,500.0,-0.30016607272303936
F_2,s19,I,520.0,-0.07735870671983455
F_2,s19,I,540.0,-0.19041537497943212
F_2,s19,I,560.0,-0.15207439557077324
F_2,s19,I,580.0,-0.37051544949928494
F_2,s19,I,600.0,-0.0438442794102053
F_2,s19,I,620.0,0.5515484140372104
F_2,s19,I,640.0,0.26335607390060567
F_2,s19,I,660.0,0.07711571822079591
F_2,s19,I,680.0,0.21611701465103378
F_2,s19,I,700.0,0.28667245441182426
F_2,s19,I,720.0,0.2555536385555233
F_2,s19,I,740.0,0.2725157180457794
F_2,s19,I,760.0,0.2579001751013553
F_2,s19,I,780.0,0.15087911457366424
F_2,s19,I,800.0,0.2359586599759888
F_2,s19,I,820.0,0.4615330272371415
F_2,s19,I,840.0,0.3192016757165344
F_2,s19,I,860.0,0.21058654289600276
F_2,s19,I,880.0,0.44539691592592817
F_2,s19,I,900.0,0.6643745864087144
F_2,s19,I,920.0,0.6176244502868223
F_2,s19,I,940.0,0.3681734784472919
F_2,s19,I,960.0,0.3449239915108524
F_2,s19,I,980.0,0.35616244385013096
M_1,s19,G,0.0,0.3690642327389126
M_1,s19,G,20.0,0.3789951701775022
M_1,s19,G,40.0,0.19750862856940082
M_1,s19,G,60.0,0.14395656279447344
M_1,s19,G,80.0,0.17096256943396898
M_1,s19,G,100.0,0.28034334275887585
M_1,s19,G,120.0,0.1619396670526297
M_1,s19,G,140.0,0.03178279886202545
M_1,s19,G,160.0,0.14186884765424337
M_1,s19,G,180.0,0.11600571424969566
M_1,s19,G,200.0,-0.2246207627113554
M_1,s19,G,220.0,-0.29395117467755694
M_1,s19,G,240.0,-0.1732793679924071
M_1,s19,G,260.0,-0.4126253094439153
M_1,s19,G,280.0,-0.5102110052161499
M_1,s19,G,300.0,-0.3111893409407942
M_1,s19,G,320.0,-0.2544925623810622
M_1,s19,G,340.0,-0.17247444471589563
M_1,s19,G,360.0,-0.09332103831244269
M_1,s19,G,380.0,0.1719261653397276
M_1,s19,G,400.0,0.08924887939261641
M_1,s19,G,420.0,0.05775920242468721
M_1,s19,G,440.0,-0.07116190935535187
M_1,s19,G,460.0,0.09921847291591879
M_1,s19,G,480.0,0.3496339408782184
M_1,s19,G,500.0,0.13193360429791007
M_1,s19,G,520.0,0.10699463387977262
M_1,s19,G,540.0,0.2943693148749287
M_1,s19,G,560.0,0.46707999587190735
M_1,s19,G,580.0,0.15296549852849894
M_1,s19,G,600.0,0.04511954776326973
M_1,s19,G,620.0,0.13823540132663664
M_1,s19,G,640.0,0.03255002785753819
M_1,s19,G,660.0,-0.020835674224187695
M_1,s19,G,680.0,0.11708199205281333
M_1,s19,G,700.0,0.09646044154641423
M_1,s19,G,720.0,-0.1573640921319493
M_1,s19,G,740.0,-0.23290254195350543
M_1,s19,G,760.0,-0.16789549019586586
M_1,s19,G,780.0,-0.148426261190819
M_1,s19,G,800.0,-0.09560706502598441
M_1,s19,G,820.0,-0.03888501009792014
M_1,s19,G,840.0,0.09983254570450496
M_1,s19,G,860.0,0.011816433824148764
M_1,s19,G,880.0,-0.025789832227766596
M_1,s19,G,900.0,0.005220330589411792
M_1,s19,G,920.0,0.1784159114700954
M_1,s19,G,940.0,0.1977685907232652
M_1,s19,G,960.0,0.16659650215107902
M_1,s19,G,980.0,0.076290024173248
M_1,s19,A,0.0,-0.003920062527002693
M_1,s19,A,20.0,0.032445623339926226
M_1,s19,A,40.0,0.12885613974919724
M_1,s19,A,60.0,0.10056276282135408
M_1,s19,A,80.0,0.12724954262483718
M_1,s19,A,100.0,0.11321463569229528
M_1,s19,A,120.0,0.11501663130570508
M_1,s19,A,140.0,0.03690621612055824
M_1,s19,A,160.0,0.09354422237671735
M_1,s19,A,180.0,0.061915078269347334
M_1,s19,A,200.0,0.18809485932122288
M_1,s19,A,220.0,0.3488729645292572
M_1,s19,A,240.0,0.42633530616788107
M_1,s19,A,260.0,0.40333883358890144
M_1,s19,A,280.0,0.6539967024513336
M_1,s19,A,300.0,0.66985194744324
M_1,s19,A,320.0,0.33870718493748136
M_1,s19,A,340.0,0.18926617079654995
M_1,s19,A,360.0,0.4254829156191702
M_1,s19,A,380.0,0.2737154148557078
M_1,s19,A,400.0,0.15166810247357349
M_1,s19,A,420.0,0.09345972387954976
M_1,s19,A,440.0,0.1585982208058139
M_1,s19,A,460.0,0.1652809989898193
M_1,s19,A,480.0,0.020855813439564025
M_1,s19,A,500.0,0.09024069033715479
M_1,s19,A,520.0,0.06334910792862754
M_1,s19,A,540.0,0.10621193349974388
M_1,s19,A,560.0,-0.07940690283608864
M_1,s19,A,580.0,0.005996367840230915
M_1,s19,A,600.0,-0.07262820025072309
M_1,s19,A,620.0,-0.12348576103666178
M_1,s19,A,640.0,0.04832395683893073
M_1,s19,A,660.0,-0.0188150332830678
M_1,s19,A,680.0,-0.11297630932767275
M_1,s19,A,700.0,0.04863543210406229
M_1,s19,A,720.0,0.3139339421212494
M_1,s19,A,740.0,0.31290327212952235
M_1,s19,A,760.0,0.0978256896488405
M_1,s19,A,780.0,0.10540080873960772
M_1,s19,A,800.0,0.19186162841938156
M_1,s19,A,820.0,0.1877336557129789
M_1,s19,A,840.0,0.005090691828127866
M_1,s19,A,860.0,-0.11165849516099774
M_1,s19,A,880.0,-0.09405805014620186
M_1,s19,A,900.0,-0.13769241299388088
M_1,s19,A,920.0,-0.2962315369782868
M_1,s19,A,940.0,-0.2087838099172565
M_1,s19,A,960.0,-0.1334285104626886
M_1,s19,A,980.0,-0.22335703311201865
M_1,s19,I,0.0,-0.177115624243956
M_1,s19,I,20.0,-0.16702156760408562
M_1,s19,I,40.0,-0.1935510371600318
M_1,s19,I,60.0,-0.22000001376163572
M_1,s19,I,80.0,-0.12032875066295533
M_1,s19,I,100.0,-0.006666928338025624
M_1,s19,I,120.0,-0.09713579416558892
M_1,s19,I,140.0,-0.0351402812991992
M_1,s19,I,160.0,0.03439496386419355
M_1,s19,I,180.0,-0.10414448027440504
M_1,s19,I,200.0,-0.09705305810360763
M_1,s19,I,220.0,-0.011148762804820168
M_1,s19,I,240.0,-0.033298827745353116
M_1,s19,I,260.0,0.138722390868169
M_1,s19,I,280.0,-0.08804320990561144
M_1,s19,I,300.0,-0.12384756454994907
M_1,s19,I,320.0,-0.011729027305938361
M_1,s19,I,340.0,0.04304017341268368
M_1,s19,I,360.0,-0.08632249826475857
M_1,s19,I,380.0,-0.14162284133790265
M_1,s19,I,400.0,-0.12127978401573991
M_1,s19,I,420.0,-0.11095789954282541
M_1,s19,I,440.0,-0.12482940689747862
M_1,s19,I,460.0,-0.20098779828074545
M_1,s19,I,480.0,-0.15447022172498334
M_1,s19,I,500.0,-0.27878940729166835
M_1,s19,I,520.0,-0.14210423420670804
M_1,s19,I,540.0,-0.3792292460173757
M_1,s19,I,560.0,-0.16285619320181968
M_1,s19,I,580.0,-0.23202235374892488
M_1,s19,I,600.0,-0.026054464537596633
M_1,s19,I,620.0,0.3121977616755014
M_1,s19,I,640.0,0.10870447614692609
M_1,s19,I,660.0,0.28240624985061097
M_1,s19,I,680.0,0.30261439041560956
M_1,s19,I,700.0,0.13949989405588048
M_1,s19,I,720.0,0.15991183829928965
M_1,s19,I,740.0,0.26331828087264286
M_1,s19,I,760.0,0.24761797584012807
M_1,s19,I,780.0,0.019127013844985746
M_1,s19,I,800.0,0.052342972050349434
M_1,s19,I,820.0,0.3344909929673287
M_1,s19,I,840.0,0.1903963201729159
M_1,s19,I,860.0,0.09231662067182249
M_1,s19,I,880.0,0.34651526463101817
M_1,s19,I,900.0,0.5270126305595437
M_1,s19,I,920.0,0.5133027168230456
M_1,s19,I,940.0,0.23610627672358245
M_1,s19,I,960.0,0.18307758124403317
M_1,s19,I,980.0,0.2743540202703473
M_2,s19,G,0.0,-0.11945408446760303
M_2,s19,G,20.0,-0.1404286571646997
M_2,s19,G,40.0,-0.2601324638433132
M_2,s19,G,60.0,-0.36441752361377683
M_2,s19,G,80.0,-0.29595234420724326
M_2,s19,G,100.0,-0.28881656521401494
M_2,s19,G,120.0,-0.4544816381915381
M_2,s19,G,140.0,-0.36902801728877954
M_2,s19,G,160.0,-0.11473349604216676
M_2,s19,G,180.0,-0.3038165486264721
M_2,s19,G,200.0,-0.5708754055907479
M_2,s19,G,220.0,-0.43394432793206716
M_2,s19,G,240.0,-0.4440011743806629
M_2,s19,G,260.0,-0.6478996488276187
M_2,s19,G,280.0,-0.5066806813184727
M_2,s19,G,300.0,-0.4540344080702186
M_2,s19,G,320.0,-0.5457646375618814
M_2,s19,G,340.0,-0.37856659283559624
M_2,s19,G,360.0,-0.36320708233750665
M_2,s19,G,380.0,-0.5973561734729502
M_2,s19,G,400.0,-0.4768640058190884
M_2,s19,G,420.0,-0.3276107723815996
M_2,s19,G,440.0,-0.5735583837288882
M_2,s19,G,460.0,-0.44315873435778963
M_2,s19,G,480.0,-0.16939450358113817
M_2,s19,G,500.0,-0.39898259659188007
M_2,s19,G,520.0,-0.3309047016208846
M_2,s19,G,540.0,0.08356431441628612
M_2,s19,G,560.0,0.005864773910791987
M_2,s19,G,580.0,-0.3719674134287117
M_2,s19,G,600.0,-0.5398753051573595
M_2,s19,G,620.0,-0.3988767118768747
M_2,s19,G,640.0,-0.26318706539016795
M_2,s19,G,660.0,-0.5185654309142973
M_2,s19,G,680.0,-0.38475602125917535
M_2,s19,G,700.0,-0.2577943974352319
M_2,s19,G,720.0,-0.498133659943344
M_2,s19,G,740.0,-0.7201751240246475
M_2,s19,G,760.0,-0.506031178386033
M_2,s19,G,780.0,-0.23560099612674107
M_2,s19,G,800.0,-0.18756095396105216
M_2,s19,G,820.0,-0.3153903517532365
M_2,s19,G,840.0,-0.24375997581648165
M_2,s19,G,860.0,-0.311559704417522
M_2,s19,G,880.0,-0.23896272698005364
M_2,s19,G,900.0,-0.0854925672467274
M_2,s19,G,920.0,-0.016615242709973423
M_2,s19,G,940.0,0.016842824371065934
M_2,s19,G,960.0,-0.017176658199560255
M_2,s19,G,980.0,-0.050767473096096305
M_2,s19,A,0.0,-0.03810736330413628
M_2,s19,A,20.0,-0.062257849493416326
M_2,s19,A,40.0,0.0462694488111757
M_2,s19,A,60.0,0.03801676473213005
M_2,s19,A,80.0,0.0331839610918192
M_2,s19,A,100.0,0.06443785156209342
M_2,s19,A,120.0,0.03726190809088191
M_2,s19,A,140.0,-0.1998225767444458
M_2,s19,A,160.0,-0.042077436342312036
M_2,s19,A,180.0,0.06877235746393062
M_2,s19,A,200.0,0.11173864360871244
M_2,s19,A,220.0,0.2551530243321643
M_2,s19,A,240.0,0.48482266247308725
M_2,s19,A,260.0,0.4808302215869836
M_2,s19,A,280.0,0.5468903044890392
M_2,s19,A,300.0,0.5027082386211917
M_2,s19,A,320.0,0.28206911036732407
M_2,s19,A,340.0,0.4509548654058415
M_2,s19,A,360.0,0.3281443922786238
M_2,s19,A,380.0,0.2720603112301805
M_2,s19,A,400.0,0.26891089619099207
M_2,s19,A,420.0,0.2783016668895537
M_2,s19,A,440.0,0.5362518122862191
M_2,s19,A,460.0,0.2327278495496847
M_2,s19,A,480.0,0.11598800959373148
M_2,s19,A,500.0,0.29895816972490374
M_2,s19,A,520.0,0.414273762795601
M_2,s19,A,540.0,0.17330936527283855
M_2,s19,A,560.0,0.13067221774195964
M_2,s19,A,580.0,0.31520617170294385
M_2,s19,A,600.0,0.2103517760056005
M_2,s19,A,620.0,0.19110802613239394
M_2,s19,A,640.0,0.28569289834545436
M_2,s19,A,660.0,0.3216124408143085
M_2,s19,A,680.0,0.19644703744493447
M_2,s19,A,700.0,0.17185184876265502
M_2,s19,A,720.0,0.34725227505899425
M_2,s19,A,740.0,0.3011799199903066
M_2,s19,A,760.0,0.10760031191546199
M_2,s19,A,780.0,-0.0588518426551978
M_2,s19,A,800.0,-0.07772740168812659
M_2,s19,A,820.0,-0.13325941296843585
M_2,s19,A,840.0,-0.3095934257608278
M_2,s19,A,860.0,-0.3020070033832792
M_2,s19,A,880.0,-0.33606377455926045
M_2,s19,A,900.0,-0.3814011364003449
M_2,s19,A,920.0,-0.46372284093012456
M_2,s19,A,940.0,-0.38543328929259346
M_2,s19,A,960.0,-0.33891335614962853
M_2,s19,A,980.0,-0.29468086261133614
M_2,s19,I,0.0,-0.14094787297953063
M_2,s19,I,20.0,0.007874791883098885
M_2,s19,I,40.0,-0.007722716082455502
M_2,s19,I,60.0,-0.2709489881976191
M_2,s19,I,80.0,-0.09601522425954774
M_2,s19,I,100.0,0.23692748354904816
M_2,s19,I,120.0,-0.04658261612087712
M_2,s19,I,140.0,0.057701955065319166
M_2,s19,I,160.0,0.1327812572032792
M_2,s19,I,180.0,0.17085729961246196
M_2,s19,I,200.0,0.43423380936048217
M_2,s19,I,220.0,0.2551050329452863
M_2,s19,I,240.0,0.13546055136907578
M_2,s19,I,260.0,0.35998814466678464
M_2,s19,I,280.0,-0.10728775941615278
M_2,s19,I,300.0,-0.03333970413114551
M_2,s19,I,320.0,0.05155361638433534
M_2,s19,I,340.0,-0.17073837196164796
M_2,s19,I,360.0,-0.16127838211396994
M_2,s19,I,380.0,-0.11074567366099866
M_2,s19,I,400.0,0.10243488471900436
M_2,s19,I,420.0,0.2788099115514304
M_2,s19,I,440.0,-0.0825836705054375
M_2,s19,I,460.0,-0.03472364214777565
M_2,s19,I,480.0,-0.09307971269332266
M_2,s19,I,500.0,-0.19418825980599147
M_2,s19,I,520.0,-0.3546336441810511
M_2,s19,I,540.0,-0.4724648750007447
M_2,s19,I,560.0,-0.27284851893613565
M_2,s19,I,580.0,-0.32050733548043564
M_2,s19,I,600.0,-0.08251293912951524
M_2,s19,I,620.0,0.32948132376658196
M_2,s19,I,640.0,0.19571314273585702
M_2,s19,I,660.0,0.11068436347361776
M_2,s19,I,680.0,0.22553937936999452
M_2,s19,I,700.0,0.5229924808822684
M_2,s19,I,720.0,0.6012992460810954
M_2,s19,I,740.0,0.7219182840671916
M_2,s19,I,760.0,0.5674598041119746
M_2,s19,I,780.0,0.1210688754063572
M_2,s19,I,800.0,-0.03504596790068016
M_2,s19,I,820.0,0.6095435878998705
M_2,s19,I,840.0,0.5623505216922047
M_2,s19,I,860.0,0.26312223231747434
M_2,s19,I,880.0,0.5048020989815436
M_2,s19,I,900.0,0.610602419750427
M_2,s19,I,920.0,0.3843387490402449
M_2,s19,I,940.0,0.10122015766779285
M_2,s19,I,960.0,0.29028422079290045
M_2,s19,I,980.0,0.1317358893786562
F_1,s20,G,0.0,0.06603829881052642
F_1,s20,G,20.0,0.2094796347163494
F_1,s20,G,40.0,0.2583804198550088
F_1,s20,G,60.0,0.11240113401254492
F_1,s20,G,80.0,-0.0011860907884655991
F_1,s20,G,100.0,0.005309033372407984
F_1,s20,G,120.0,0.06144127596466925
F_1,s20,G,140.0,-0.00769063063895252
F_1,s20,G,160.0,0.0832248870380472
F_1,s20,G,180.0,-0.061275200852217354
F_1,s20,G,200.0,-0.19362996386021794
F_1,s20,G,220.0,-0.17744175366593987
F_1,s20,G,240.0,-0.0534003289736229
F_1,s20,G,260.0,0.12626034588168822
F_1,s20,G,280.0,0.16145329267479086
F_1,s20,G,300.0,0.06014282372485941
F_1,s20,G,320.0,0.09833199996042623
F_1,s20,G,340.0,0.15201231991348638
F_1,s20,G,360.0,0.06181522326046232
F_1,s20,G,380.0,-0.00895026297981423
F_1,s20,G,400.0,0.16014140889519346
F_1,s20,G,420.0,0.13647899280343279
F_1,s20,G,440.0,0.04626833747435721
F_1,s20,G,460.0,0.056651664314252156
F_1,s20,G,480.0,0.2691469516905696
F_1,s20,G,500.0,0.23119483062147483
F_1,s20,G,520.0,0.18612317642915105
F_1,s20,G,540.0,0.20711602092431336
F_1,s20,G,560.0,0.22853631679655872
F_1,s20,G,580.0,0.1393944624486027
F_1,s20,G,600.0,0.2732548412260725
F_1,s20,G,620.0,0.24249461817428247
F_1,s20,G,640.0,0.2040494895695218
F_1,s20,G,660.0,0.33848034097702384
F_1,s20,G,680.0,0.19250747499402981
F_1,s20,G,700.0,0.20398307000532
F_1,s20,G,720.0,0.25089835368649116
F_1,s20,G,740.0,0.17373959362522629
F_1,s20,G,760.0,0.16268341487238963
F_1,s20,G,780.0,0.18607644805453663
F_1,s20,G,800.0,0.05869426289862352
F_1,s20,G,820.0,0.012268947724674115
F_1,s20,G,840.0,0.06859944282560956
F_1,s20,G,860.0,0.10857421817332873
F_1,s20,G,880.0,0.19487945311347538
F_1,s20,G,900.0,0.2189311900357211
F_1,s20,G,920.0,0.41184873290911167
F_1,s20,G,940.0,0.5650941337789834
F_1,s20,G,960.0,0.5206823712849578
F_1,s20,G,980.0,0.40625317062468047
F_1,s20,A,0.0,0.044132306150311607
F_1,s20,A,20.0,-0.05079082794765899
F_1,s20,A,40.0,-0.14487080732528276
F_1,s20,A,60.0,-0.35709588573107803
F_1,s20,A,80.0,-0.49289448880738984
F_1,s20,A,100.0,-0.45554739746245837
F_1,s20,A,120.0,-0.4090684263557797
F_1,s20,A,140.0,-0.3322945313203529
F_1,s20,A,160.0,-0.24095410607167433
F_1,s20,A,180.0,-0.531081287682337
F_1,s20,A,200.0,-0.668724532593153
F_1,s20,A,220.0,-0.5478652741383231
F_1,s20,A,240.0,-0.40758056599605397
F_1,s20,A,260.0,-0.390728683988417
F_1,s20,A,280.0,-0.39334188083170263
F_1,s20,A,300.0,-0.46693270137117315
F_1,s20,A,320.0,-0.4950895037069606
F_1,s20,A,340.0,-0.7516601445040395
F_1,s20,A,360.0,-0.8009674212675025
F_1,s20,A,380.0,-0.8363491834881366
F_1,s20,A,400.0,-0.9236213137789466
F_1,s20,A,420.0,-1.010720395873804
F_1,s20,A,440.0,-0.9880158833195414
F_1,s20,A,460.0,-0.6277073624656567
F_1,s20,A,480.0,-0.478931694697641
F_1,s20,A,500.0,-0.6505270037563585
F_1,s20,A,520.0,-0.7729645365171284
F_1,s20,A,540.0,-0.5650818938052995
F_1,s20,A,560.0,-0.3613324823437516
F_1,s20,A,580.0,-0.5416778161015139
F_1,s20,A,600.0,-0.5696420672924982
F_1,s20,A,620.0,-0.3692680465189218
F_1,s20,A,640.0,-0.7336924664403469
F_1,s20,A,660.0,-0.8818933963331463
F_1,s20,A,680.0,-0.5284237162574406
F_1,s20,A,700.0,-0.28916091957784745
F_1,s20,A,720.0,-0.5036132809665275
F_1,s20,A,740.0,-0.7341270135806005
F_1,s20,A,760.0,-0.6706976461315338
F_1,s20,A,780.0,-0.6040474004157073
F_1,s20,A,800.0,-0.6183029073029507
F_1,s20,A,820.0,-0.5146487582288496
F_1,s20,A,840.0,-0.48276666448883254
F_1,s20,A,860.0,-0.6421896075892863
F_1,s20,A,880.0,-0.6973471893618328
F_1,s20,A,900.0,-0.6284295482528204
F_1,s20,A,920.0,-0.6635763309227839
F_1,s20,A,940.0,-0.8758182013961116
F_1,s20,A,960.0,-1.1820136525362643
F_1,s20,A,980.0,-1.1941589093671907
F_1,s20,I,0.0,0.013566559062804549
F_1,s20,I,20.0,0.40023120421431096
F_1,s20,I,40.0,0.6367169258103119
F_1,s20,I,60.0,0.650898262671743
F_1,s20,I,80.0,0.698201432260931
F_1,s20,I,100.0,0.7056947392008963
F_1,s20,I,120.0,0.4818667957186556
F_1,s20,I,140.0,0.6843230824911077
F_1,s20,I,160.0,0.839794483218163
F_1,s20,I,180.0,1.121490809716387
F_1,s20,I,200.0,1.243270282728845
F_1,s20,I,220.0,1.1965402081735865
F_1,s20,I,240.0,1.1572822707949244
F_1,s20,I,260.0,1.219750495094031
F_1,s20,I,280.0,1.2338070716852558
F_1,s20,I,300.0,1.2994997207961332
F_1,s20,I,320.0,0.9455630798768971
F_1,s20,I,340.0,0.9870980034820076
F_1,s20,I,360.0,1.090995876834158
F_1,s20,I,380.0,1.2472268020319504
F_1,s20,I,400.0,1.248848821293393
F_1,s20,I,420.0,0.9510575228176282
F_1,s20,I,440.0,1.2707112604067756
F_1,s20,I,460.0,0.6628296964809931
F_1,s20,I,480.0,0.41067799653760384
F_1,s20,I,500.0,0.5882254383833048
F_1,s20,I,520.0,0.5234201852121446
F_1,s20,I,540.0,0.6501311501041367
F_1,s20,I,560.0,0.5856799871318376
F_1,s20,I,580.0,0.6345619364889092
F_1,s20,I,600.0,0.623535155933999
F_1,s20,I,620.0,0.3076074350679824
F_1,s20,I,640.0,0.7180991152235796
F_1,s20,I,660.0,0.6199628472674042
F_1,s20,I,680.0,0.6187928511459568
F_1,s20,I,700.0,0.6226533742251179
F_1,s20,I,720.0,0.8728152248705892
F_1,s20,I,740.0,0.8931486425155264
F_1,s20,I,760.0,0.6259035379477238
F_1,s20,I,780.0,0.8346045207575349
F_1,s20,I,800.0,0.8138712594116271
F_1,s20,I,820.0,0.6760419570418692
F_1,s20,I,840.0,0.7682428707146821
F_1,s20,I,860.0,0.8822861786581515
F_1,s20,I,880.0,0.7923119170296933
F_1,s20,I,900.0,0.6091759631747097
F_1,s20,I,920.0,0.6921066544331882
F_1,s20,I,940.0,0.9335211924587178
F_1,s20,I,960.0,1.460135810419953
F_1,s20,I,980.0,1.390630400279143
F_2,s20,G,0.0,-0.21048493490111092
F_2,s20,G,20.0,-0.07465200250403486
F_2,s20,G,40.0,0.03779170529930753
F_2,s20,G,60.0,0.109797956614784
F_2,s20,G,80.0,0.014927253323356926
F_2,s20,G,100.0,-0.12110243107736463
F_2,s20,G,120.0,-0.0645492221511218
F_2,s20,G,140.0,-0.154060617414154
F_2,s20,G,160.0,-0.07227085398272903
F_2,s20,G,180.0,-0.17416729454353996
F_2,s20,G,200.0,-0.27046980162159195
F_2,s20,G,220.0,-0.13130036140378867
F_2,s20,G,240.0,-0.02227086452716541
F_2,s20,G,260.0,0.13322053357808272
F_2,s20,G,280.0,0.25402968054038055
F_2,s20,G,300.0,0.12734892131859907
F_2,s20,G,320.0,0.21996301813658908
F_2,s20,G,340.0,0.2828686146677869
F_2,s20,G,360.0,0.20299563707649027
F_2,s20,G,380.0,0.2196018755662743
F_2,s20,G,400.0,0.25877835778976194
F_2,s20,G,420.0,0.1735385460225894
F_2,s20,G,440.0,0.12079554063416714
F_2,s20,G,460.0,0.27926371241692843
F_2,s20,G,480.0,0.4160048953813141
F_2,s20,G,500.0,0.5164739181802618
F_2,s20,G,520.0,0.5625038037444046
F_2,s20,G,540.0,0.38796173105365933
F_2,s20,G,560.0,0.29200587760202956
F_2,s20,G,580.0,0.35880160277154194
F_2,s20,G,600.0,0.5281146582545331
F_2,s20,G,620.0,0.39268100917262383
F_2,s20,G,640.0,0.3787193818165585
F_2,s20,G,660.0,0.5558444192369514
F_2,s20,G,680.0,0.42288426587450734
F_2,s20,G,700.0,0.40946035555799265
F_2,s20,G,720.0,0.42079358951524276
F_2,s20,G,740.0,0.27578403299795756
F_2,s20,G,760.0,0.3876128342640156
F_2,s20,G,780.0,0.4302473955718874
F_2,s20,G,800.0,0.28982894271132814
F_2,s20,G,820.0,0.21966167284487592
F_2,s20,G,840.0,0.2462711742452779
F_2,s20,G,860.0,0.18459001480538362
F_2,s20,G,880.0,0.31986486941435727
F_2,s20,G,900.0,0.40123982262379676
F_2,s20,G,920.0,0.5909322071169416
F_2,s20,G,940.0,0.721824666906193
F_2,s20,G,960.0,0.6772355666172751
F_2,s20,G,980.0,0.5212901106340583
F_2,s20,A,0.0,0.14575936645144263
F_2,s20,A,20.0,0.08941619951159914
F_2,s20,A,40.0,-0.13501610787517349
F_2,s20,A,60.0,-0.4228867806997846
F_2,s20,A,80.0,-0.526334735000789
F_2,s20,A,100.0,-0.49621007913751475
F_2,s20,A,120.0,-0.48628616507921135
F_2,s20,A,140.0,-0.42325159491532116
F_2,s20,A,160.0,-0.11075694166189103
F_2,s20,A,180.0,-0.2102719773946159
F_2,s20,A,200.0,-0.4170841461969959
F_2,s20,A,220.0,-0.3573691233454818
F_2,s20,A,240.0,-0.47384530155697274
F_2,s20,A,260.0,-0.5337539826523294
F_2,s20,A,280.0,-0.6663554013511889
F_2,s20,A,300.0,-0.6859080329745258
F_2,s20,A,320.0,-0.6327302404057084
F_2,s20,A,340.0,-0.8358869336488993
F_2,s20,A,360.0,-0.7755989179953366
F_2,s20,A,380.0,-0.7763250499700194
F_2,s20,A,400.0,-0.7469235072948102
F_2,s20,A,420.0,-0.9038635910055663
F_2,s20,A,440.0,-0.7234491898261171
F_2,s20,A,460.0,-0.5322783903409477
F_2,s20,A,480.0,-0.6341708428218655
F_2,s20,A,500.0,-0.6222532956406261
F_2,s20,A,520.0,-0.7267827356615759
F_2,s20,A,540.0,-0.554033754846571
F_2,s20,A,560.0,-0.5305289535114885
F_2,s20,A,580.0,-0.9104669138856436
F_2,s20,A,600.0,-0.7523321256908281
F_2,s20,A,620.0,-0.5057381196074563
F_2,s20,A,640.0,-0.8723395876424744
F_2,s20,A,660.0,-0.8621567607771674
F_2,s20,A,680.0,-0.6215785311705722
F_2,s20,A,700.0,-0.41011135491713785
F_2,s20,A,720.0,-0.43023786948858533
F_2,s20,A,740.0,-0.6578806961838372
F_2,s20,A,760.0,-0.6356684175552527
F_2,s20,A,780.0,-0.6334066256697625
F_2,s20,A,800.0,-0.6550346792514208
F_2,s20,A,820.0,-0.5689812856708654
F_2,s20,A,840.0,-0.5741218836101758
F_2,s20,A,860.0,-0.7767030143136365
F_2,s20,A,880.0,-0.7811498113515896
F_2,s20,A,900.0,-0.8709260752677364
F_2,s20,A,920.0,-0.796713329785965
F_2,s20,A,940.0,-1.0114624716058922
F_2,s20,A,960.0,-1.3819730121168625
F_2,s20,A,980.0,-1.3797341079256407
F_2,s20,I,0.0,-0.05994753150612463
F_2,s20,I,20.0,0.19517036230388707
F_2,s20,I,40.0,0.39602525638743996
F_2,s20,I,60.0,0.4250340090836393
F_2,s20,I,80.0,0.4904201494361718
F_2,s20,I,100.0,0.5248301812811557
F_2,s20,I,120.0,0.22607753516021598
F_2,s20,I,140.0,0.37806445936347205
F_2,s20,I,160.0,0.4084508833015395
F_2,s20,I,180.0,0.6575252665801744
F_2,s20,I,200.0,0.8888532400254568
F_2,s20,I,220.0,0.8799886918796702
F_2,s20,I,240.0,1.0219667080916879
F_2,s20,I,260.0,1.087299512914545
F_2,s20,I,280.0,1.129577532229972
F_2,s20,I,300.0,1.1590321847832938
F_2,s20,I,320.0,0.8007013421018949
F_2,s20,I,340.0,0.8488477375947687
F_2,s20,I,360.0,0.9465569049977518
F_2,s20,I,380.0,0.961290157892382
F_2,s20,I,400.0,0.7011975428708477
F_2,s20,I,420.0,0.6582597179396964
F_2,s20,I,440.0,0.8263148429038947
F_2,s20,I,460.0,0.14049878625332357
F_2,s20,I,480.0,0.23334354336132235
F_2,s20,I,500.0,0.07772270122329139
F_2,s20,I,520.0,-0.0014769318226730693
F_2,s20,I,540.0,0.19160639487522585
F_2,s20,I,560.0,0.17239898287081
F_2,s20,I,580.0,0.526828583010513
F_2,s20,I,600.0,0.4330181180050643
F_2,s20,I,620.0,0.15071867966664776
F_2,s20,I,640.0,0.42246568776537
F_2,s20,I,660.0,0.3650796314042827
F_2,s20,I,680.0,0.538353607341629
F_2,s20,I,700.0,0.4983393696358801
F_2,s20,I,720.0,0.5314826945991757
F_2,s20,I,740.0,0.601339714453683
F_2,s20,I,760.0,0.4520378797357154
F_2,s20,I,780.0,0.8266792212493068
F_2,s20,I,800.0,0.8940205621550268
F_2,s20,I,820.0,0.6919876336116826
F_2,s20,I,840.0,0.7811318319320895
F_2,s20,I,860.0,0.9582874804638961
F_2,s20,I,880.0,0.7807885964037011
F_2,s20,I,900.0,0.6490184335758866
F_2,s20,I,920.0,0.6860255957203958
F_2,s20,I,940.0,0.8428620133543181
F_2,s20,I,960.0,1.2304786958565894
F_2,s20,I,980.0,1.1483778122920196
M_1,s20,G,0.0,-0.047119261331058024
M_1,s20,G,20.0,6.380821285148497e-05
M_1,s20,G,40.0,-0.10174610301914655
M_1,s20,G,60.0,-0.21934764241778773
M_1,s20,G,80.0,-0.3266638811178537
M_1,s20,G,100.0,-0.1910285433352181
M_1,s20,G,120.0,0.002918028324611882
M_1,s20,G,140.0,-0.09116016137353841
M_1,s20,G,160.0,0.2899983932878035
M_1,s20,G,180.0,0.28591173201716846
M_1,s20,G,200.0,0.045433878334751904
M_1,s20,G,220.0,0.09678623181847995
M_1,s20,G,240.0,0.1498507493365343
M_1,s20,G,260.0,0.3222591629820051
M_1,s20,G,280.0,0.26108954712394045
M_1,s20,G,300.0,0.010601587320204095
M_1,s20,G,320.0,0.22026287403454858
M_1,s20,G,340.0,0.4052055679057052
M_1,s20,G,360.0,0.18459432964847142
M_1,s20,G,380.0,0.08955608282570171
M_1,s20,G,400.0,0.16272632513518137
M_1,s20,G,420.0,0.2727463057213989
M_1,s20,G,440.0,0.0746625177861725
M_1,s20,G,460.0,0.2423268697589465
M_1,s20,G,480.0,0.3689320584506046
M_1,s20,G,500.0,0.4032056707684031
M_1,s20,G,520.0,0.45702988782882004
M_1,s20,G,540.0,0.19340332730726212
M_1,s20,G,560.0,0.15291002194117298
M_1,s20,G,580.0,0.1397540901056
M_1,s20,G,600.0,0.2517158694654219
M_1,s20,G,620.0,0.2658256955110325
M_1,s20,G,640.0,0.21069090189281697
M_1,s20,G,660.0,0.4166877449608776
M_1,s20,G,680.0,0.3259061198474107
M_1,s20,G,700.0,0.4936876079322484
M_1,s20,G,720.0,0.5282927870319125
M_1,s20,G,740.0,0.4402896447218175
M_1,s20,G,760.0,0.4972471663165925
M_1,s20,G,780.0,0.6659161687576425
M_1,s20,G,800.0,0.5925496863726594
M_1,s20,G,820.0,0.3108952986502716
M_1,s20,G,840.0,0.3430005670961995
M_1,s20,G,860.0,0.4997492314857178
M_1,s20,G,880.0,0.5108473545561819
M_1,s20,G,900.0,0.48280769696353987
M_1,s20,G,920.0,0.5311512533517274
M_1,s20,G,940.0,0.5886747058544779
M_1,s20,G,960.0,0.4251613643786897
M_1,s20,G,980.0,0.2763517608433316
M_1,s20,A,0.0,0.11437167912180524
M_1,s20,A,20.0,0.0666790709813509
M_1,s20,A,40.0,0.047516480434508596
M_1,s20,A,60.0,-0.10780184812704913
M_1,s20,A,80.0,-0.31467459786517954
M_1,s20,A,100.0,-0.24413838667413995
M_1,s20,A,120.0,-0.19340119388228616
M_1,s20,A,140.0,-0.16168216882342012
M_1,s20,A,160.0,-0.03749217740221546
M_1,s20,A,180.0,-0.23131421897398138
M_1,s20,A,200.0,-0.27730743195498797
M_1,s20,A,220.0,-0.2689479044840679
M_1,s20,A,240.0,-0.35507363143238124
M_1,s20,A,260.0,-0.3089496091544593
M_1,s20,A,280.0,-0.40482395917665503
M_1,s20,A,300.0,-0.20317483262009153
M_1,s20,A,320.0,-0.2516474010648863
M_1,s20,A,340.0,-0.5988777631901503
M_1,s20,A,360.0,-0.5360078368789346
M_1,s20,A,380.0,-0.4420292494587134
M_1,s20,A,400.0,-0.42166733377399684
M_1,s20,A,420.0,-0.6919516731572353
M_1,s20,A,440.0,-0.5008093053106938
M_1,s20,A,460.0,-0.14214421001563354
M_1,s20,A,480.0,-0.2472081757793777
M_1,s20,A,500.0,-0.276561256555883
M_1,s20,A,520.0,-0.2322978413233005
M_1,s20,A,540.0,-0.1348842781813806
M_1,s20,A,560.0,-0.18937323514268636
M_1,s20,A,580.0,-0.3314953700612101
M_1,s20,A,600.0,-0.24746462765119814
M_1,s20,A,620.0,-0.19898196754702815
M_1,s20,A,640.0,-0.49116604835704514
M_1,s20,A,660.0,-0.5874489454165976
M_1,s20,A,680.0,-0.31187145768289026
M_1,s20,A,700.0,-0.1080589546456713
M_1,s20,A,720.0,-0.1789654662716024
M_1,s20,A,740.0,-0.42992592095542026
M_1,s20,A,760.0,-0.48214186245166313
M_1,s20,A,780.0,-0.49555515784260934
M_1,s20,A,800.0,-0.5335041487250032
M_1,s20,A,820.0,-0.3776101256894894
M_1,s20,A,840.0,-0.3506694634063683
M_1,s20,A,860.0,-0.5765921064349903
M_1,s20,A,880.0,-0.44898847535660225
M_1,s20,A,900.0,-0.4130549481573024
M_1,s20,A,920.0,-0.44471502318364675
M_1,s20,A,940.0,-0.5597314501989393
M_1,s20,A,960.0,-0.7608393326888323
M_1,s20,A,980.0,-0.8076323875926349
M_1,s20,I,0.0,-0.06501724267663296
M_1,s20,I,20.0,0.2546792305519494
M_1,s20,I,40.0,0.41135817725532337
M_1,s20,I,60.0,0.3958062162720666
M_1,s20,I,80.0,0.6022858796407502
M_1,s20,I,100.0,0.5442234836986374
M_1,s20,I,120.0,0.17749858077508623
M_1,s20,I,140.0,0.2712293731040383
M_1,s20,I,160.0,0.3225687252283892
M_1,s20,I,180.0,0.5441091839394757
M_1,s20,I,200.0,0.6623006506196948
M_1,s20,I,220.0,0.7317878209100391
M_1,s20,I,240.0,0.9686249851218557
M_1,s20,I,260.0,0.9588570777966472
M_1,s20,I,280.0,0.9738931009860811
M_1,s20,I,300.0,0.8169205721290547
M_1,s20,I,320.0,0.5177350815563331
M_1,s20,I,340.0,0.6385135771978417
M_1,s20,I,360.0,0.7598828331794432
M_1,s20,I,380.0,0.811826165496742
M_1,s20,I,400.0,0.4863802825776709
M_1,s20,I,420.0,0.47096176325338174
M_1,s20,I,440.0,0.7057583833640872
M_1,s20,I,460.0,-0.03358908268758529
M_1,s20,I,480.0,-0.018759737222179995
M_1,s20,I,500.0,-0.1985181881815789
M_1,s20,I,520.0,-0.29975343028889123
M_1,s20,I,540.0,-0.031060109611207365
M_1,s20,I,560.0,-0.036953152776515785
M_1,s20,I,580.0,0.24198785065714237
M_1,s20,I,600.0,0.2772968354784559
M_1,s20,I,620.0,-0.06093184749056052
M_1,s20,I,640.0,0.20596484116562866
M_1,s20,I,660.0,0.2659259068283969
M_1,s20,I,680.0,0.40973155243240633
M_1,s20,I,700.0,0.3201814207892796
M_1,s20,I,720.0,0.2886101356764967
M_1,s20,I,740.0,0.27774990538608074
M_1,s20,I,760.0,0.21967023336476504
M_1,s20,I,780.0,0.5319387208521756
M_1,s20,I,800.0,0.5828056888542242
M_1,s20,I,820.0,0.41524488331353904
M_1,s20,I,840.0,0.4551174390526095
M_1,s20,I,860.0,0.5453559484621433
M_1,s20,I,880.0,0.339332969744256
M_1,s20,I,900.0,0.17004443395100693
M_1,s20,I,920.0,0.254903976740622
M_1,s20,I,940.0,0.4970455596396749
M_1,s20,I,960.0,0.9165361408876713
M_1,s20,I,980.0,0.9145914673401094
M_2,s20,G,0.0,-0.14939471300559143
M_2,s20,G,20.0,0.03730477716203229
M_2,s20,G,40.0,-0.013425517741720072
M_2,s20,G,60.0,-0.07418728538065603
M_2,s20,G,80.0,-0.18287511084208932
M_2,s20,G,100.0,-0.2675242471897207
M_2,s20,G,120.0,-0.14448785036050169
M_2,s20,G,140.0,-0.18517761529851257
M_2,s20,G,160.0,-0.03979498742591073
M_2,s20,G,180.0,-0.00010425866712125698
M_2,s20,G,200.0,-0.21490451691570764
M_2,s20,G,220.0,-0.05137575547806229
M_2,s20,G,240.0,-0.12935487124838072
M_2,s20,G,260.0,-0.030637681087048688
M_2,s20,G,280.0,0.014180331383189373
M_2,s20,G,300.0,0.01719629773799775
M_2,s20,G,320.0,-0.08880562943284662
M_2,s20,G,340.0,0.044793827967118754
M_2,s20,G,360.0,-0.028707408632755407
M_2,s20,G,380.0,-0.2985876296814338
M_2,s20,G,400.0,-0.07853653056747496
M_2,s20,G,420.0,0.06616157335524382
M_2,s20,G,440.0,0.09906215678514109
M_2,s20,G,460.0,0.09051988491090489
M_2,s20,G,480.0,0.2893586080100269
M_2,s20,G,500.0,0.4851837124365314
M_2,s20,G,520.0,0.2868396218497248
M_2,s20,G,540.0,0.16460018718378985
M_2,s20,G,560.0,0.15947171036100005
M_2,s20,G,580.0,-0.057716521779446785
M_2,s20,G,600.0,-0.06330831058072175
M_2,s20,G,620.0,-0.10223186306501784
M_2,s20,G,640.0,-0.18018906611973623
M_2,s20,G,660.0,-0.018448055182844474
M_2,s20,G,680.0,0.037895421055484366
M_2,s20,G,700.0,0.0543783197129159
M_2,s20,G,720.0,0.15199771977222631
M_2,s20,G,740.0,-0.04001515830839025
M_2,s20,G,760.0,-0.14480362641655758
M_2,s20,G,780.0,-0.10453864502935731
M_2,s20,G,800.0,-0.23933953459811858
M_2,s20,G,820.0,-0.29005246562564757
M_2,s20,G,840.0,-0.2603664025915231
M_2,s20,G,860.0,-0.08302879470448278
M_2,s20,G,880.0,0.11658943213091182
M_2,s20,G,900.0,0.08798937280248077
M_2,s20,G,920.0,0.2952766871317254
M_2,s20,G,940.0,0.5109779412471738
M_2,s20,G,960.0,0.6339533330171068
M_2,s20,G,980.0,0.5328025475520782
M_2,s20,A,0.0,0.12483522672973757
M_2,s20,A,20.0,0.1680072013953569
M_2,s20,A,40.0,-0.0674475422564794
M_2,s20,A,60.0,-0.2173543726858
M_2,s20,A,80.0,-0.3999689925123343
M_2,s20,A,100.0,-0.41682196139741035
M_2,s20,A,120.0,-0.37702805132121975
M_2,s20,A,140.0,-0.3722777956536579
M_2,s20,A,160.0,-0.06762370967244102
M_2,s20,A,180.0,-0.21562156356094558
M_2,s20,A,200.0,-0.14397839971703222
M_2,s20,A,220.0,-0.2457801120334412
M_2,s20,A,240.0,-0.3796028819893883
M_2,s20,A,260.0,-0.24320703463648222
M_2,s20,A,280.0,-0.21009434116527842
M_2,s20,A,300.0,-0.3653838497386723
M_2,s20,A,320.0,-0.5499991897596117
M_2,s20,A,340.0,-0.6207318706976481
M_2,s20,A,360.0,-0.707715317478413
M_2,s20,A,380.0,-0.6836367790608557
M_2,s20,A,400.0,-0.6189689310278516
M_2,s20,A,420.0,-0.6661132498589494
M_2,s20,A,440.0,-0.7022077456081531
M_2,s20,A,460.0,-0.20444083055969597
M_2,s20,A,480.0,-0.34108923529829616
M_2,s20,A,500.0,-0.30533907750242556
M_2,s20,A,520.0,-0.29679452320342564
M_2,s20,A,540.0,-0.23044566004480257
M_2,s20,A,560.0,-0.09100662379517468
M_2,s20,A,580.0,-0.2805210742975074
M_2,s20,A,600.0,-0.4641238748558575
M_2,s20,A,620.0,-0.3655398141018423
M_2,s20,A,640.0,-0.5527986852839077
M_2,s20,A,660.0,-0.6296457708482621
M_2,s20,A,680.0,-0.4923314976079512
M_2,s20,A,700.0,-0.3006113952725215
M_2,s20,A,720.0,-0.3271308177818565
M_2,s20,A,740.0,-0.4374418364623594
M_2,s20,A,760.0,-0.5026381242804631
M_2,s20,A,780.0,-0.45412000472823144
M_2,s20,A,800.0,-0.46346859800431794
M_2,s20,A,820.0,-0.47341387739313345
M_2,s20,A,840.0,-0.40353597499280536
M_2,s20,A,860.0,-0.46300787766957285
M_2,s20,A,880.0,-0.3967057707485734
M_2,s20,A,900.0,-0.46349027998367215
M_2,s20,A,920.0,-0.5205348101421313
M_2,s20,A,940.0,-0.693348544802526
M_2,s20,A,960.0,-1.10225620065353
M_2,s20,A,980.0,-1.187150919292276
M_2,s20,I,0.0,0.08320437911735802
M_2,s20,I,20.0,0.16851942712362053
M_2,s20,I,40.0,0.7871003218355253
M_2,s20,I,60.0,0.5746639890800033
M_2,s20,I,80.0,0.8724246881888937
M_2,s20,I,100.0,1.0053529926436533
M_2,s20,I,120.0,0.5476567088225174
M_2,s20,I,140.0,0.497020755337582
M_2,s20,I,160.0,0.1323479131159135
M_2,s20,I,180.0,0.12494783438121107
M_2,s20,I,200.0,0.292247469938383
M_2,s20,I,220.0,0.4389642704041193
M_2,s20,I,240.0,0.9816896993981387
M_2,s20,I,260.0,0.9470065460666166
M_2,s20,I,280.0,0.9833941245995553
M_2,s20,I,300.0,1.1563469842972962
M_2,s20,I,320.0,1.056770421843642
M_2,s20,I,340.0,1.0965433096811201
M_2,s20,I,360.0,1.3865375708995578
M_2,s20,I,380.0,1.5056341663005073
M_2,s20,I,400.0,0.9000589298414009
M_2,s20,I,420.0,0.9023998998928685
M_2,s20,I,440.0,1.0004766240252843
M_2,s20,I,460.0,0.04592793296729336
M_2,s20,I,480.0,0.22066917083793813
M_2,s20,I,500.0,-0.12826108897763058
M_2,s20,I,520.0,-0.3471136096114804
M_2,s20,I,540.0,-0.25766043180700093
M_2,s20,I,560.0,-0.19619295313485266
M_2,s20,I,580.0,0.3059374084394297
M_2,s20,I,600.0,0.513496646999926
M_2,s20,I,620.0,0.19613075024188276
M_2,s20,I,640.0,0.474140049387761
M_2,s20,I,660.0,0.36241845756295826
M_2,s20,I,680.0,0.6074194764989995
M_2,s20,I,700.0,0.7918073674920145
M_2,s20,I,720.0,0.3314306126321776
M_2,s20,I,740.0,-0.1073014394809132
M_2,s20,I,760.0,0.0999894852075392
M_2,s20,I,780.0,0.4956508840803704
M_2,s20,I,800.0,0.7062653079124662
M_2,s20,I,820.0,0.49831149140249875
M_2,s20,I,840.0,0.6313430808902376
M_2,s20,I,860.0,0.42638478268295554
M_2,s20,I,880.0,0.2958440378208217
M_2,s20,I,900.0,0.49124327596014106
M_2,s20,I,920.0,0.5811830055593157
M_2,s20,I,940.0,0.8241655213117407
M_2,s20,I,960.0,0.9440178440736016
M_2,s20,I,980.0,0.7941782698716333
F_1,s21,G,0.0,0.06339604707572487
F_1,s21,G,20.0,-0.11128627190012144
F_1,s21,G,40.0,-0.2202774234989589
F_1,s21,G,60.0,-0.10670779658381313
F_1,s21,G,80.0,-0.011607382372819525
F_1,s21,G,100.0,0.04095524483327277
F_1,s21,G,120.0,0.015008864758511358
F_1,s21,G,140.0,-0.1864996010152092
F_1,s21,G,160.0,-0.2249307121510873
F_1,s21,G,180.0,-0.02325274096495685
F_1,s21,G,200.0,-0.1329527585671043
F_1,s21,G,220.0,-0.5527892962663112
F_1,s21,G,240.0,-0.5335038390694891
F_1,s21,G,260.0,-0.4223653616235318
F_1,s21,G,280.0,-0.5541056822255466
F_1,s21,G,300.0,-0.4132910692187545
F_1,s21,G,320.0,-0.38994825884231077
F_1,s21,G,340.0,-0.3826503322196807
F_1,s21,G,360.0,-0.01100333641336311
F_1,s21,G,380.0,-0.03423234527686638
F_1,s21,G,400.0,-0.19821348505075126
F_1,s21,G,420.0,0.08930671890965564
F_1,s21,G,440.0,0.049296843842878954
F_1,s21,G,460.0,-0.12525290536407704
F_1,s21,G,480.0,-0.11805062815219629
F_1,s21,G,500.0,-0.4925603828309132
F_1,s21,G,520.0,-0.015194549236335758
F_1,s21,G,540.0,-0.03398750805800449
F_1,s21,G,560.0,-0.14171299917212024
F_1,s21,G,580.0,-0.3460727514998007
F_1,s21,G,600.0,-0.44805591761296637
F_1,s21,G,620.0,-0.17710680861407732
F_1,s21,G,640.0,0.0573801794329854
F_1,s21,G,660.0,-0.08743826347675576
F_1,s21,G,680.0,-0.14240271842638014
F_1,s21,G,700.0,0.03659771067543631
F_1,s21,G,720.0,-0.019813329343016967
F_1,s21,G,740.0,-0.1366309811046457
F_1,s21,G,760.0,-0.23125017793825586
F_1,s21,G,780.0,-0.3810049145106318
F_1,s21,G,800.0,-0.48532184587538735
F_1,s21,G,820.0,-0.49246298322386706
F_1,s21,G,840.0,-0.4391988947353789
F_1,s21,G,860.0,-0.4643775254356344
F_1,s21,G,880.0,-0.2731069057989467
F_1,s21,G,900.0,-0.2596623700365739
F_1,s21,G,920.0,-0.2453085176299208
F_1,s21,G,940.0,-0.13661317652520596
F_1,s21,G,960.0,-0.20293901553321875
F_1,s21,G,980.0,-0.13283142315799715
F_1,s21,A,0.0,-0.292697616562161
F_1,s21,A,20.0,0.0006560939457361803
F_1,s21,A,40.0,0.13079287567067283
F_1,s21,A,60.0,0.3512692582083579
F_1,s21,A,80.0,0.3527226178620048
F_1,s21,A,100.0,0.29405736182515213
F_1,s21,A,120.0,0.09719279528441604
F_1,s21,A,140.0,-0.0532293002613234
F_1,s21,A,160.0,0.11762440763315019
F_1,s21,A,180.0,0.1344513094883895
F_1,s21,A,200.0,-0.2600065418432476
F_1,s21,A,220.0,-0.10897541379624395
F_1,s21,A,240.0,-0.18109124048051561
F_1,s21,A,260.0,-0.15970966640720852
F_1,s21,A,280.0,0.024433130941358322
F_1,s21,A,300.0,-0.2745358426353165
F_1,s21,A,320.0,-0.2963795235434492
F_1,s21,A,340.0,0.03598254724673186
F_1,s21,A,360.0,-0.5623042800221003
F_1,s21,A,380.0,-1.1035188572102212
F_1,s21,A,400.0,-1.0137678624149105
F_1,s21,A,420.0,-0.6868699690602732
F_1,s21,A,440.0,-0.7524351222019556
F_1,s21,A,460.0,-0.8153307914299934
F_1,s21,A,480.0,-0.6496031517417528
F_1,s21,A,500.0,-0.32894828003893084
F_1,s21,A,520.0,-0.4925391199395569
F_1,s21,A,540.0,-0.7023664235893892
F_1,s21,A,560.0,-0.659988507451537
F_1,s21,A,580.0,-0.2896764965878613
F_1,s21,A,600.0,0.10524752345012398
F_1,s21,A,620.0,-0.33531528235591457
F_1,s21,A,640.0,-0.5261319363659467
F_1,s21,A,660.0,-0.2998777027969012
F_1,s21,A,680.0,-0.28421262126293434
F_1,s21,A,700.0,-0.33029102082905687
F_1,s21,A,720.0,-0.24052036805490248
F_1,s21,A,740.0,-0.1331572883040671
F_1,s21,A,760.0,-0.25696229332594844
F_1,s21,A,780.0,-0.13131671164461944
F_1,s21,A,800.0,0.0921065635667185
F_1,s21,A,820.0,0.07131114445757122
F_1,s21,A,840.0,0.20171151045569663
F_1,s21,A,860.0,0.09209202315496855
F_1,s21,A,880.0,0.025350778977841916
F_1,s21,A,900.0,-0.12578955186448504
F_1,s21,A,920.0,-0.09323357906915321
F_1,s21,A,940.0,-0.16627721680515603
F_1,s21,A,960.0,-0.31463873488644023
F_1,s21,A,980.0,-0.489724928040034
F_1,s21,I,0.0,0.5303596855206953
F_1,s21,I,20.0,0.6288717361817873
F_1,s21,I,40.0,0.33427336470406177
F_1,s21,I,60.0,0.10276062492108906
F_1,s21,I,80.0,0.20603488836089728
F_1,s21,I,100.0,0.10171564855057208
F_1,s21,I,120.0,0.3795388981002011
F_1,s21,I,140.0,0.46054396129346215
F_1,s21,I,160.0,0.1055402911830788
F_1,s21,I,180.0,0.08474521375105898
F_1,s21,I,200.0,0.3871159142330294
F_1,s21,I,220.0,0.32954177028492027
F_1,s21,I,240.0,0.528174651114139
F_1,s21,I,260.0,0.468350473311889
F_1,s21,I,280.0,0.5833256591270475
F_1,s21,I,300.0,0.7287806420575161
F_1,s21,I,320.0,0.71644822058699
F_1,s21,I,340.0,0.25135882951999244
F_1,s21,I,360.0,0.6779425787603435
F_1,s21,I,380.0,1.2357863645315508
F_1,s21,I,400.0,1.1550294515833166
F_1,s21,I,420.0,0.8305099086519965
F_1,s21,I,440.0,0.9723803220444014
F_1,s21,I,460.0,1.3309635914021158
F_1,s21,I,480.0,1.32581992625405
F_1,s21,I,500.0,1.4296298424618479
F_1,s21,I,520.0,1.264106604793085
F_1,s21,I,540.0,1.3579393676066829
F_1,s21,I,560.0,1.6089263937583875
F_1,s21,I,580.0,1.192128560132273
F_1,s21,I,600.0,0.6919128256385569
F_1,s21,I,620.0,1.298706953854265
F_1,s21,I,640.0,1.344485331867316
F_1,s21,I,660.0,1.1503683038042194
F_1,s21,I,680.0,0.8394724504608175
F_1,s21,I,700.0,0.7769425429461726
F_1,s21,I,720.0,0.79340837106716
F_1,s21,I,740.0,0.3856095050803931
F_1,s21,I,760.0,0.8370702255231439
F_1,s21,I,780.0,0.9033808182924448
F_1,s21,I,800.0,0.4033142334388741
F_1,s21,I,820.0,0.39107501453799576
F_1,s21,I,840.0,0.19525308464484215
F_1,s21,I,860.0,0.3164829719919632
F_1,s21,I,880.0,0.3715757579673381
F_1,s21,I,900.0,0.4703541882991381
F_1,s21,I,920.0,0.3182176295324507
F_1,s21,I,940.0,0.3501228452955826
F_1,s21,I,960.0,0.5247377716465913
F_1,s21,I,980.0,0.4091558667266925
F_2,s21,G,0.0,0.06737454660870593
F_2,s21,G,20.0,-0.13339151186704584
F_2,s21,G,40.0,-0.17601600777257553
F_2,s21,G,60.0,-0.16628331772172578
F_2,s21,G,80.0,0.011745536065372576
F_2,s21,G,100.0,0.07390191864047058
F_2,s21,G,120.0,0.09920170579357031
F_2,s21,G,140.0,-0.007792798253258237
F_2,s21,G,160.0,-0.12364360525154389
F_2,s21,G,180.0,0.012058312712620617
F_2,s21,G,200.0,-0.020367836870536477
F_2,s21,G,220.0,-0.23921919540300052
F_2,s21,G,240.0,-0.18541745178387853
F_2,s21,G,260.0,-0.00352912823371504
F_2,s21,G,280.0,-0.16648729755091568
F_2,s21,G,300.0,-0.11404726009995873
F_2,s21,G,320.0,-0.07416425547603125
F_2,s21,G,340.0,-6.523111759808298e-05
F_2,s21,G,360.0,0.37534069636472145
F_2,s21,G,380.0,0.34742862451775414
F_2,s21,G,400.0,0.254368887994861
F_2,s21,G,420.0,0.47678773958560455
F_2,s21,G,440.0,0.44812323180305175
F_2,s21,G,460.0,0.31802257697981673
F_2,s21,G,480.0,0.3551932680366667
F_2,s21,G,500.0,0.01681841994005867
F_2,s21,G,520.0,0.2690305326984219
F_2,s21,G,540.0,0.3333392419084521
F_2,s21,G,560.0,-5.44339342435432e-05
F_2,s21,G,580.0,-0.20942838991351698
F_2,s21,G,600.0,-0.4896481962493615
F_2,s21,G,620.0,-0.32794466584952875
F_2,s21,G,640.0,-0.05693408988029276
F_2,s21,G,660.0,-0.14932768613981218
F_2,s21,G,680.0,-0.15526215322227377
F_2,s21,G,700.0,-0.1725151441979606
F_2,s21,G,720.0,-0.4515014950264067
F_2,s21,G,740.0,-0.5321302998350294
F_2,s21,G,760.0,-0.4176332429185339
F_2,s21,G,780.0,-0.38903649584114985
F_2,s21,G,800.0,-0.40870318448265053
F_2,s21,G,820.0,-0.5083617948609658
F_2,s21,G,840.0,-0.4599575588028283
F_2,s21,G,860.0,-0.4118417593696066
F_2,s21,G,880.0,-0.4144056404617992
F_2,s21,G,900.0,-0.4362541563953659
F_2,s21,G,920.0,-0.5270600408359432
F_2,s21,G,940.0,-0.3508902584625923
F_2,s21,G,960.0,-0.3013368086961716
F_2,s21,G,980.0,-0.215480311516256
F_2,s21,A,0.0,0.18244841162467385
F_2,s21,A,20.0,0.18868908206774423
F_2,s21,A,40.0,0.3360235537416054
F_2,s21,A,60.0,0.6950665590252674
F_2,s21,A,80.0,0.6622048617034844
F_2,s21,A,100.0,0.21749254792360279
F_2,s21,A,120.0,0.22245909905572492
F_2,s21,A,140.0,0.28951210025137697
F_2,s21,A,160.0,0.4241410387924468
F_2,s21,A,180.0,0.22254977664722425
F_2,s21,A,200.0,-0.08413623563010683
F_2,s21,A,220.0,0.07508509884915367
F_2,s21,A,240.0,-0.15855211221541707
F_2,s21,A,260.0,-0.10204969182189189
F_2,s21,A,280.0,-0.12274827133405342
F_2,s21,A,300.0,-0.4050471243313925
F_2,s21,A,320.0,-0.40188502331425247
F_2,s21,A,340.0,-0.23797023798073869
F_2,s21,A,360.0,-0.38941288804772844
F_2,s21,A,380.0,-0.6120233956532564
F_2,s21,A,400.0,-0.8774371279599904
F_2,s21,A,420.0,-0.7363341083821358
F_2,s21,A,440.0,-0.7658817252409602
F_2,s21,A,460.0,-0.6312387714445643
F_2,s21,A,480.0,-0.7003118425210991
F_2,s21,A,500.0,-0.3505918473057693
F_2,s21,A,520.0,-0.29482614178702554
F_2,s21,A,540.0,-0.38711830355868565
F_2,s21,A,560.0,-0.5568550759215749
F_2,s21,A,580.0,-0.33795694171668184
F_2,s21,A,600.0,0.29155532441979953
F_2,s21,A,620.0,0.1808503899043112
F_2,s21,A,640.0,-0.23626940729960924
F_2,s21,A,660.0,-0.17937027946581036
F_2,s21,A,680.0,-0.1030019371631671
F_2,s21,A,700.0,-0.047200744587715115
F_2,s21,A,720.0,0.07007690120077645
F_2,s21,A,740.0,0.018587659675764687
F_2,s21,A,760.0,-0.10295728238328761
F_2,s21,A,780.0,-0.14740167379807442
F_2,s21,A,800.0,-0.09173061466425973
F_2,s21,A,820.0,0.06743273089703757
F_2,s21,A,840.0,0.26021492656607703
F_2,s21,A,860.0,0.07199269471677765
F_2,s21,A,880.0,0.027937689984927183
F_2,s21,A,900.0,0.02343659314180161
F_2,s21,A,920.0,0.16066407665400412
F_2,s21,A,940.0,0.09066299957215732
F_2,s21,A,960.0,-0.12481172500893618
F_2,s21,A,980.0,-0.14766945938703585
F_2,s21,I,0.0,-0.046453058780702536
F_2,s21,I,20.0,0.17752817869892645
F_2,s21,I,40.0,0.08337628672088462
F_2,s21,I,60.0,-0.11243603879277597
F_2,s21,I,80.0,-0.15247812416472634
F_2,s21,I,100.0,0.18656126247117963
F_2,s21,I,120.0,0.3039488172732164
F_2,s21,I,140.0,0.10809145299928355
F_2,s21,I,160.0,0.08689763100678148
F_2,s21,I,180.0,0.10539656694927818
F_2,s21,I,200.0,0.29328613918855595
F_2,s21,I,220.0,0.24453840035075203
F_2,s21,I,240.0,0.33745166668285687
F_2,s21,I,260.0,0.12993384807003264
F_2,s21,I,280.0,0.5883273267141658
F_2,s21,I,300.0,0.7861241407593754
F_2,s21,I,320.0,0.6017692571008773
F_2,s21,I,340.0,0.25679494501325223
F_2,s21,I,360.0,0.1717378539913123
F_2,s21,I,380.0,0.6960686402636691
F_2,s21,I,400.0,0.8943040801491294
F_2,s21,I,420.0,0.5278117997893155
F_2,s21,I,440.0,0.6607722004734441
F_2,s21,I,460.0,0.8135210343964965
F_2,s21,I,480.0,0.9307211229650472
F_2,s21,I,500.0,0.6292244311673466
F_2,s21,I,520.0,0.4639615436377528
F_2,s21,I,540.0,0.47384483591888626
F_2,s21,I,560.0,0.8186451769064407
F_2,s21,I,580.0,0.6683637414850669
F_2,s21,I,600.0,0.19652138514999964
F_2,s21,I,620.0,0.6208946279022867
F_2,s21,I,640.0,0.7046280140073626
F_2,s21,I,660.0,0.8269238660243927
F_2,s21,I,680.0,0.6032797323116222
F_2,s21,I,700.0,0.3516639602691318
F_2,s21,I,720.0,0.45713272121599424
F_2,s21,I,740.0,0.3552561224265565
F_2,s21,I,760.0,0.6072314486599345
F_2,s21,I,780.0,0.8181520119315222
F_2,s21,I,800.0,0.5918777805298022
F_2,s21,I,820.0,0.3575761331387477
F_2,s21,I,840.0,-0.07468279913481193
F_2,s21,I,860.0,0.031597695910443535
F_2,s21,I,880.0,0.1314784021844525
F_2,s21,I,900.0,0.02777683173934653
F_2,s21,I,920.0,-0.21547895949818294
F_2,s21,I,940.0,-0.19809780415905592
F_2,s21,I,960.0,0.08059646752977842
F_2,s21,I,980.0,-0.057788648723269255
M_1,s21,G,0.0,0.309432136733018
M_1,s21,G,20.0,0.03776611955313518
M_1,s21,G,40.0,-0.014597425081391703
M_1,s21,G,60.0,0.2616504675768579
M_1,s21,G,80.0,0.21473014987174718
M_1,s21,G,100.0,-0.025578574827521565
M_1,s21,G,120.0,-0.1830800960230795
M_1,s21,G,140.0,-0.12335926590272107
M_1,s21,G,160.0,-0.1890215611601273
M_1,s21,G,180.0,-0.17754135653917671
M_1,s21,G,200.0,-0.35853641047140017
M_1,s21,G,220.0,-0.40040596926128347
M_1,s21,G,240.0,-0.4358368272636254
M_1,s21,G,260.0,-0.5378485569325254
M_1,s21,G,280.0,-0.7476352763532056
M_1,s21,G,300.0,-0.5066439190837821
M_1,s21,G,320.0,-0.39866311515031505
M_1,s21,G,340.0,-0.6605403287721737
M_1,s21,G,360.0,-0.4649472507997795
M_1,s21,G,380.0,-0.5019797870817274
M_1,s21,G,400.0,-0.5322417707206358
M_1,s21,G,420.0,-0.36493456942309943
M_1,s21,G,440.0,-0.5418976903397013
M_1,s21,G,460.0,-0.44026677111789486
M_1,s21,G,480.0,-0.3653431843554429
M_1,s21,G,500.0,-0.813667274557672
M_1,s21,G,520.0,-0.375586472118173
M_1,s21,G,540.0,-0.4394142102936929
M_1,s21,G,560.0,-0.5605776818256555
M_1,s21,G,580.0,-0.4934872287588081
M_1,s21,G,600.0,-0.6953815192301507
M_1,s21,G,620.0,-0.733832644542017
M_1,s21,G,640.0,-0.5538685048272973
M_1,s21,G,660.0,-0.6681213122439061
M_1,s21,G,680.0,-0.6971225799653445
M_1,s21,G,700.0,-0.6488460533296965
M_1,s21,G,720.0,-0.8119748320297084
M_1,s21,G,740.0,-0.9070237507250765
M_1,s21,G,760.0,-0.7126535838194854
M_1,s21,G,780.0,-0.6464712602618635
M_1,s21,G,800.0,-0.738629039823488
M_1,s21,G,820.0,-0.7964524627022476
M_1,s21,G,840.0,-0.7139678043742866
M_1,s21,G,860.0,-0.8114987789544358
M_1,s21,G,880.0,-0.7866794908709506
M_1,s21,G,900.0,-0.8668120023640487
M_1,s21,G,920.0,-0.9239828382698857
M_1,s21,G,940.0,-0.7027533776861558
M_1,s21,G,960.0,-0.6394337482514116
M_1,s21,G,980.0,-0.5626582487666154
M_1,s21,A,0.0,-0.019881990694856383
M_1,s21,A,20.0,-0.0010703214744231526
M_1,s21,A,40.0,0.21188653661339119
M_1,s21,A,60.0,0.3898340499154098
M_1,s21,A,80.0,0.45474445955482673
M_1,s21,A,100.0,0.22069719647058736
M_1,s21,A,120.0,0.13916684178638705
M_1,s21,A,140.0,0.029224813315322607
M_1,s21,A,160.0,0.07661179164845522
M_1,s21,A,180.0,0.025404071363727812
M_1,s21,A,200.0,-0.21892019983665284
M_1,s21,A,220.0,-0.15156000369941366
M_1,s21,A,240.0,-0.29469729757881086
M_1,s21,A,260.0,-0.09569538959142854
M_1,s21,A,280.0,0.14037355296182377
M_1,s21,A,300.0,-0.31044965192553853
M_1,s21,A,320.0,-0.4962007045903006
M_1,s21,A,340.0,-0.18590165200174835
M_1,s21,A,360.0,-0.2749055437007883
M_1,s21,A,380.0,-0.4620007876419072
M_1,s21,A,400.0,-0.721758914924638
M_1,s21,A,420.0,-0.6128661784616778
M_1,s21,A,440.0,-0.47417442291875767
M_1,s21,A,460.0,-0.4096732083477451
M_1,s21,A,480.0,-0.41030196363653126
M_1,s21,A,500.0,-0.09886783782645919
M_1,s21,A,520.0,-0.11628742162849337
M_1,s21,A,540.0,-0.036557966484869794
M_1,s21,A,560.0,-0.18914963402889193
M_1,s21,A,580.0,-0.12250405814546275
M_1,s21,A,600.0,0.22753271345077603
M_1,s21,A,620.0,0.2410650101526855
M_1,s21,A,640.0,0.09549059267103874
M_1,s21,A,660.0,-0.06827324797116768
M_1,s21,A,680.0,0.07165836639014463
M_1,s21,A,700.0,0.07790165452517793
M_1,s21,A,720.0,0.0911585178920449
M_1,s21,A,740.0,0.11130784928815138
M_1,s21,A,760.0,-0.05261633866538705
M_1,s21,A,780.0,0.028853428892857733
M_1,s21,A,800.0,0.1685342601744436
M_1,s21,A,820.0,0.33530966778205196
M_1,s21,A,840.0,0.4915558295666056
M_1,s21,A,860.0,0.45578563839800934
M_1,s21,A,880.0,0.36218530790402403
M_1,s21,A,900.0,0.47512490777064564
M_1,s21,A,920.0,0.443940556939856
M_1,s21,A,940.0,0.30922183294603195
M_1,s21,A,960.0,0.1524778965171026
M_1,s21,A,980.0,0.08875224244235355
M_1,s21,I,0.0,0.06481232298316487
M_1,s21,I,20.0,0.3082446839966685
M_1,s21,I,40.0,0.19486872422714543
M_1,s21,I,60.0,0.00981972479949983
M_1,s21,I,80.0,-0.008683228636320373
M_1,s21,I,100.0,0.28456118049777995
M_1,s21,I,120.0,0.5162811130755164
M_1,s21,I,140.0,0.3652018317022723
M_1,s21,I,160.0,0.31852075314243955
M_1,s21,I,180.0,0.3620818691017492
M_1,s21,I,200.0,0.5329423670167137
M_1,s21,I,220.0,0.5446880360545842
M_1,s21,I,240.0,0.6191243190137351
M_1,s21,I,260.0,0.34098792490935714
M_1,s21,I,280.0,0.6635805198620782
M_1,s21,I,300.0,0.9319031377940405
M_1,s21,I,320.0,0.8704650077300875
M_1,s21,I,340.0,0.5270352855752727
M_1,s21,I,360.0,0.37384794958653605
M_1,s21,I,380.0,0.7982148845998748
M_1,s21,I,400.0,1.0659566716789426
M_1,s21,I,420.0,0.7541325851852866
M_1,s21,I,440.0,0.7397816477246959
M_1,s21,I,460.0,0.8726752272437781
M_1,s21,I,480.0,0.9564993584408477
M_1,s21,I,500.0,0.7169203129145832
M_1,s21,I,520.0,0.5328973505414282
M_1,s21,I,540.0,0.4996065323045487
M_1,s21,I,560.0,0.7463413237946804
M_1,s21,I,580.0,0.5317573466926575
M_1,s21,I,600.0,0.18127889777942308
M_1,s21,I,620.0,0.6221614588201546
M_1,s21,I,640.0,0.6132693120406558
M_1,s21,I,660.0,0.8713795577207045
M_1,s21,I,680.0,0.5117060629002341
M_1,s21,I,700.0,0.3281276519012489
M_1,s21,I,720.0,0.4780338814583942
M_1,s21,I,740.0,0.3934989724582614
M_1,s21,I,760.0,0.7032564823398082
M_1,s21,I,780.0,0.8848622063420357
M_1,s21,I,800.0,0.6618256537777307
M_1,s21,I,820.0,0.3271662673092337
M_1,s21,I,840.0,-0.12215395619281463
M_1,s21,I,860.0,-0.03513417172569791
M_1,s21,I,880.0,0.06414031578364521
M_1,s21,I,900.0,-0.05287497995634158
M_1,s21,I,920.0,-0.2022157857416628
M_1,s21,I,940.0,-0.19171932063959188
M_1,s21,I,960.0,0.06480805516083893
M_1,s21,I,980.0,-0.09603232563171803
M_2,s21,G,0.0,0.07038245341414234
M_2,s21,G,20.0,-0.22910808660418525
M_2,s21,G,40.0,-0.16885621173208476
M_2,s21,G,60.0,-0.09317975249105989
M_2,s21,G,80.0,-5.9311006942217026e-05
M_2,s21,G,100.0,-0.11792641469256636
M_2,s21,G,120.0,-0.14295541174950205
M_2,s21,G,140.0,-0.15530921376888498
M_2,s21,G,160.0,-0.027932347818155248
M_2,s21,G,180.0,-0.30583568461160504
M_2,s21,G,200.0,-0.315954996945812
M_2,s21,G,220.0,-0.20090611925601126
M_2,s21,G,240.0,-0.19804406837609384
M_2,s21,G,260.0,-0.08741271083465214
M_2,s21,G,280.0,-0.2641647604674879
M_2,s21,G,300.0,-0.3211045543367309
M_2,s21,G,320.0,-0.08652417015567938
M_2,s21,G,340.0,-0.16072282566889165
M_2,s21,G,360.0,0.19915848183506044
M_2,s21,G,380.0,0.35942451554571436
M_2,s21,G,400.0,0.25008348947223
M_2,s21,G,420.0,0.25217620106923366
M_2,s21,G,440.0,0.12342452922782376
M_2,s21,G,460.0,0.3591264167399416
M_2,s21,G,480.0,0.49738814618402627
M_2,s21,G,500.0,0.012729417234878259
M_2,s21,G,520.0,0.2541508102681056
M_2,s21,G,540.0,0.27045482275373406
M_2,s21,G,560.0,0.12401226869861687
M_2,s21,G,580.0,-0.4290613174967957
M_2,s21,G,600.0,-0.5857456812782943
M_2,s21,G,620.0,-0.4707526648362028
M_2,s21,G,640.0,-0.1585141893785177
M_2,s21,G,660.0,-0.3944820784420844
M_2,s21,G,680.0,-0.5425775583784621
M_2,s21,G,700.0,-0.45496969199705073
M_2,s21,G,720.0,-0.3805359042238615
M_2,s21,G,740.0,-0.4717216702726547
M_2,s21,G,760.0,-0.6274583713374737
M_2,s21,G,780.0,-0.6793168108749382
M_2,s21,G,800.0,-0.8350931465331993
M_2,s21,G,820.0,-0.8248802177647548
M_2,s21,G,840.0,-0.6939433477074117
M_2,s21,G,860.0,-0.5066422123144945
M_2,s21,G,880.0,-0.43049488739128705
M_2,s21,G,900.0,-0.7426781531157326
M_2,s21,G,920.0,-0.7194946122049151
M_2,s21,G,940.0,-0.619076886307392
M_2,s21,G,960.0,-0.5657627317878938
M_2,s21,G,980.0,-0.33398060484522163
M_2,s21,A,0.0,0.11594849845054768
M_2,s21,A,20.0,0.287638978380228
M_2,s21,A,40.0,0.6094031082209332
M_2,s21,A,60.0,0.8361024408378097
M_2,s21,A,80.0,0.918817373836011
M_2,s21,A,100.0,0.5566894682451362
M_2,s21,A,120.0,0.520464887695518
M_2,s21,A,140.0,0.43799644068076804
M_2,s21,A,160.0,0.33277783993381915
M_2,s21,A,180.0,0.3388322782268335
M_2,s21,A,200.0,-0.07072625280955191
M_2,s21,A,220.0,-0.01799805699103385
M_2,s21,A,240.0,-0.13135363224157612
M_2,s21,A,260.0,0.03346794148978696
M_2,s21,A,280.0,0.03878097702288663
M_2,s21,A,300.0,-0.5373325699057658
M_2,s21,A,320.0,-0.5028425903116103
M_2,s21,A,340.0,0.004900794190454402
M_2,s21,A,360.0,-0.2280543435675536
M_2,s21,A,380.0,-0.6673037058222449
M_2,s21,A,400.0,-0.9753404720624825
M_2,s21,A,420.0,-0.7168361333806503
M_2,s21,A,440.0,-0.6948191859195973
M_2,s21,A,460.0,-0.6726939367928981
M_2,s21,A,480.0,-0.6627513225901314
M_2,s21,A,500.0,-0.14860150147274578
M_2,s21,A,520.0,0.10745512919740044
M_2,s21,A,540.0,0.19900179871559248
M_2,s21,A,560.0,-0.07281072443339667
M_2,s21,A,580.0,0.15919550749709885
M_2,s21,A,600.0,0.6270507078574319
M_2,s21,A,620.0,0.7936196797131512
M_2,s21,A,640.0,0.48345936421675983
M_2,s21,A,660.0,0.43641442993052626
M_2,s21,A,680.0,0.5566449901896694
M_2,s21,A,700.0,0.7177459309142333
M_2,s21,A,720.0,0.7120390966139091
M_2,s21,A,740.0,0.6638483480427189
M_2,s21,A,760.0,0.6988166448803772
M_2,s21,A,780.0,0.6397990460782362
M_2,s21,A,800.0,0.6035691557444327
M_2,s21,A,820.0,0.5796215634172773
M_2,s21,A,840.0,0.7044648954536015
M_2,s21,A,860.0,0.4021079536156205
M_2,s21,A,880.0,0.37739459015309323
M_2,s21,A,900.0,0.6293216261955323
M_2,s21,A,920.0,0.50667093339933
M_2,s21,A,940.0,0.4223899248002684
M_2,s21,A,960.0,0.2231356683774702
M_2,s21,A,980.0,0.13403511199124546
M_2,s21,I,0.0,-0.7631267029632841
M_2,s21,I,20.0,-0.6217466415960634
M_2,s21,I,40.0,-0.5949270317354689
M_2,s21,I,60.0,-1.03287707571709
M_2,s21,I,80.0,-1.0834876815363446
M_2,s21,I,100.0,-0.6735329216964745
M_2,s21,I,120.0,-0.5351932572318335
M_2,s21,I,140.0,-0.4588936931852008
M_2,s21,I,160.0,-0.09226074209928936
M_2,s21,I,180.0,-0.07573148251014383
M_2,s21,I,200.0,0.041590472443522375
M_2,s21,I,220.0,-0.29774658184689856
M_2,s21,I,240.0,-0.3188506167349084
M_2,s21,I,260.0,-0.5548485225429515
M_2,s21,I,280.0,0.4106169571444904
M_2,s21,I,300.0,0.9075510754235163
M_2,s21,I,320.0,0.3994954312365171
M_2,s21,I,340.0,0.20747114711181697
M_2,s21,I,360.0,-0.05074263003905549
M_2,s21,I,380.0,0.5752125813891322
M_2,s21,I,400.0,1.0707726785348124
M_2,s21,I,420.0,0.5559361910183471
M_2,s21,I,440.0,0.5356907785148575
M_2,s21,I,460.0,0.19616399847286511
M_2,s21,I,480.0,0.15818476281102228
M_2,s21,I,500.0,-0.04860530306518983
M_2,s21,I,520.0,-0.2523584218082677
M_2,s21,I,540.0,-0.345931419740553
M_2,s21,I,560.0,-0.31537647323169
M_2,s21,I,580.0,0.006855735497961063
M_2,s21,I,600.0,-0.34181849936709885
M_2,s21,I,620.0,-0.21164397680011834
M_2,s21,I,640.0,-0.1518907580526729
M_2,s21,I,660.0,0.22628078057824538
M_2,s21,I,680.0,0.19254980129448085
M_2,s21,I,700.0,-0.3099931687447958
M_2,s21,I,720.0,-0.5420443226142617
M_2,s21,I,740.0,-0.27714593758804607
M_2,s21,I,760.0,-0.08402915255275178
M_2,s21,I,780.0,0.4423659827602228
M_2,s21,I,800.0,0.5203578688819187
M_2,s21,I,820.0,0.11090635416476141
M_2,s21,I,840.0,-0.2882188726183484
M_2,s21,I,860.0,-0.20118922155746866
M_2,s21,I,880.0,-0.10938699039923147
M_2,s21,I,900.0,-0.3674469877893151
M_2,s21,I,920.0,-0.7462084988471781
M_2,s21,I,940.0,-0.5643560749481307
M_2,s21,I,960.0,-0.09848256144598311
M_2,s21,I,980.0,-0.31489994256772647
F_1,s22,G,0.0,0.039686765105594504
F_1,s22,G,20.0,0.04652251958589906
F_1,s22,G,40.0,0.0963190781586346
F_1,s22,G,60.0,0.07199048174393308
F_1,s22,G,80.0,0.08125939154791856
F_1,s22,G,100.0,0.07891768387876805
F_1,s22,G,120.0,0.0649331161398394
F_1,s22,G,140.0,0.05327448577756655
F_1,s22,G,160.0,0.1094906340832202
F_1,s22,G,180.0,0.11098105339677071
F_1,s22,G,200.0,0.13876369850517306
F_1,s22,G,220.0,0.11258413115929146
F_1,s22,G,240.0,0.0917848232707719
F_1,s22,G,260.0,0.1366297935434381
F_1,s22,G,280.0,0.40018876467124503
F_1,s22,G,300.0,0.5223419369914118
F_1,s22,G,320.0,0.2687261954144513
F_1,s22,G,340.0,-0.11546860472186249
F_1,s22,G,360.0,0.15826857451213444
F_1,s22,G,380.0,0.4807956031733816
F_1,s22,G,400.0,0.22160955643853877
F_1,s22,G,420.0,0.05581336778728062
F_1,s22,G,440.0,0.1159111996115999
F_1,s22,G,460.0,0.1482151656897937
F_1,s22,G,480.0,0.13124218669540422
F_1,s22,G,500.0,0.06662862075249393
F_1,s22,G,520.0,0.1866765034222233
F_1,s22,G,540.0,0.24965411971442006
F_1,s22,G,560.0,0.328687568467482
F_1,s22,G,580.0,0.5341886449232494
F_1,s22,G,600.0,0.6619274247098548
F_1,s22,G,620.0,0.6417558247090454
F_1,s22,G,640.0,0.2540270812095491
F_1,s22,G,660.0,-0.0005932862100215906
F_1,s22,G,680.0,0.1507899435449669
F_1,s22,G,700.0,0.30773462430633
F_1,s22,G,720.0,0.3620525465365111
F_1,s22,G,740.0,0.24804806951809452
F_1,s22,G,760.0,0.24269641260717723
F_1,s22,G,780.0,0.3186787957012327
F_1,s22,G,800.0,0.3479627622837661
F_1,s22,G,820.0,0.12795023674801428
F_1,s22,G,840.0,0.1565438182205148
F_1,s22,G,860.0,0.18719368918171259
F_1,s22,G,880.0,0.18817154996721025
F_1,s22,G,900.0,0.22731514569869074
F_1,s22,G,920.0,0.19739964426981732
F_1,s22,G,940.0,0.030601149182201363
F_1,s22,G,960.0,0.02998464255746188
F_1,s22,G,980.0,0.0166066071038433
F_1,s22,A,0.0,-0.01937808968236289
F_1,s22,A,20.0,0.006161728880547071
F_1,s22,A,40.0,0.18107657989504958
F_1,s22,A,60.0,0.18229403871757408
F_1,s22,A,80.0,0.013322939928908317
F_1,s22,A,100.0,0.04859658489340812
F_1,s22,A,120.0,-0.0027590991338975607
F_1,s22,A,140.0,0.01989574740655113
F_1,s22,A,160.0,-0.0024582539357011464
F_1,s22,A,180.0,0.1871021088399759
F_1,s22,A,200.0,0.07251745937311443
F_1,s22,A,220.0,0.031779752603102375
F_1,s22,A,240.0,0.11474784996135563
F_1,s22,A,260.0,0.08703357481062443
F_1,s22,A,280.0,-0.03927979113344865
F_1,s22,A,300.0,-0.11023835652573132
F_1,s22,A,320.0,0.11716135687419572
F_1,s22,A,340.0,-0.011759698977858224
F_1,s22,A,360.0,-0.35737455869001533
F_1,s22,A,380.0,-0.4910799182642003
F_1,s22,A,400.0,-0.3123277178958905
F_1,s22,A,420.0,0.04057103770403027
F_1,s22,A,440.0,-0.0989344156710824
F_1,s22,A,460.0,-0.5791106947234883
F_1,s22,A,480.0,-0.605320042876801
F_1,s22,A,500.0,-0.026029116357400628
F_1,s22,A,520.0,0.13798075991048764
F_1,s22,A,540.0,-0.36442942095839864
F_1,s22,A,560.0,-0.5053223008096938
F_1,s22,A,580.0,-0.07678290564915928
F_1,s22,A,600.0,0.23181698689913144
F_1,s22,A,620.0,0.08315118057344867
F_1,s22,A,640.0,-0.06915738471506705
F_1,s22,A,660.0,-0.3053626188284162
F_1,s22,A,680.0,-0.15332808893687067
F_1,s22,A,700.0,0.06464517545496637
F_1,s22,A,720.0,0.16297675345225177
F_1,s22,A,740.0,0.10984764952075793
F_1,s22,A,760.0,0.020582430054146894
F_1,s22,A,780.0,0.04796648582209592
F_1,s22,A,800.0,0.026764402278074056
F_1,s22,A,820.0,0.04208341671818483
F_1,s22,A,840.0,-0.14106380449420425
F_1,s22,A,860.0,-0.19387268196075266
F_1,s22,A,880.0,-0.24820605762778164
F_1,s22,A,900.0,-0.20926783540276392
F_1,s22,A,920.0,-0.16181250164019992
F_1,s22,A,940.0,-0.2243016604121415
F_1,s22,A,960.0,-0.28145630112099956
F_1,s22,A,980.0,-0.2930341541915312
F_1,s22,I,0.0,0.2606822392743535
F_1,s22,I,20.0,0.16323366914176562
F_1,s22,I,40.0,-0.1291921706185407
F_1,s22,I,60.0,0.04911359060809397
F_1,s22,I,80.0,0.2692872831295401
F_1,s22,I,100.0,-0.03504888195379005
F_1,s22,I,120.0,-0.3421345631162591
F_1,s22,I,140.0,-0.2080963771557737
F_1,s22,I,160.0,0.11384516654122605
F_1,s22,I,180.0,-0.1652962525610207
F_1,s22,I,200.0,-0.26830201858794517
F_1,s22,I,220.0,-0.12149297498784548
F_1,s22,I,240.0,-0.29646629290148463
F_1,s22,I,260.0,-0.38668939784580625
F_1,s22,I,280.0,-0.31556520957019274
F_1,s22,I,300.0,-0.060621802846942685
F_1,s22,I,320.0,-0.25387208837207426
F_1,s22,I,340.0,-0.34471076428654274
F_1,s22,I,360.0,-0.07901638679481665
F_1,s22,I,380.0,0.22857924727934964
F_1,s22,I,400.0,-0.02815377083762083
F_1,s22,I,420.0,-0.4533830858807969
F_1,s22,I,440.0,0.008810947854738183
F_1,s22,I,460.0,0.9022713634636104
F_1,s22,I,480.0,0.6460101762675831
F_1,s22,I,500.0,-0.18129882394822183
F_1,s22,I,520.0,-0.32601385207213945
F_1,s22,I,540.0,0.27085377002585387
F_1,s22,I,560.0,0.5615291576478628
F_1,s22,I,580.0,0.2439551630095545
F_1,s22,I,600.0,-0.23089015397213278
F_1,s22,I,620.0,-0.6728949778815487
F_1,s22,I,640.0,-0.34945717860206427
F_1,s22,I,660.0,0.5806713773340902
F_1,s22,I,680.0,0.45816606912330804
F_1,s22,I,700.0,-0.183918374263992
F_1,s22,I,720.0,-0.4976965206803129
F_1,s22,I,740.0,-0.36873414005939814
F_1,s22,I,760.0,0.057165848272852315
F_1,s22,I,780.0,0.07651128865918852
F_1,s22,I,800.0,-0.03951053970954725
F_1,s22,I,820.0,-0.06854895002032023
F_1,s22,I,840.0,0.170763574563697
F_1,s22,I,860.0,0.27218408576462444
F_1,s22,I,880.0,0.21632299129210292
F_1,s22,I,900.0,0.1349799417120393
F_1,s22,I,920.0,0.30648630172511077
F_1,s22,I,940.0,0.532781294258148
F_1,s22,I,960.0,0.4024578154329572
F_1,s22,I,980.0,0.28218719666039266
F_2,s22,G,0.0,-0.00597844102320523
F_2,s22,G,20.0,0.11680851688442719
F_2,s22,G,40.0,0.13236626236451807
F_2,s22,G,60.0,-0.00877540852262007
F_2,s22,G,80.0,0.009869992398227112
F_2,s22,G,100.0,0.02214123860557994
F_2,s22,G,120.0,-0.03342856774312112
F_2,s22,G,140.0,-0.1369731190595006
F_2,s22,G,160.0,0.03774880557555345
F_2,s22,G,180.0,0.13711925727142268
F_2,s22,G,200.0,0.17010503136208355
F_2,s22,G,220.0,0.12721794994826696
F_2,s22,G,240.0,0.08352254891340348
F_2,s22,G,260.0,-0.09775578803984601
F_2,s22,G,280.0,0.1352263591929721
F_2,s22,G,300.0,0.36685866969522224
F_2,s22,G,320.0,0.14365826601865528
F_2,s22,G,340.0,-0.2882859918646511
F_2,s22,G,360.0,-0.0545999126866511
F_2,s22,G,380.0,0.31552213581293237
F_2,s22,G,400.0,0.253995824073051
F_2,s22,G,420.0,0.23619135697820398
F_2,s22,G,440.0,0.11535337808706747
F_2,s22,G,460.0,-0.08167583344963622
F_2,s22,G,480.0,0.042562729695920884
F_2,s22,G,500.0,0.23208848809975435
F_2,s22,G,520.0,0.09694273311818097
F_2,s22,G,540.0,-0.04302752402020327
F_2,s22,G,560.0,0.15208971650988312
F_2,s22,G,580.0,0.5297564182594866
F_2,s22,G,600.0,0.5715020185974437
F_2,s22,G,620.0,0.22049163948509096
F_2,s22,G,640.0,-0.2634996579095137
F_2,s22,G,660.0,-0.31737961728683045
F_2,s22,G,680.0,-0.047926088694809674
F_2,s22,G,700.0,0.1392167183896713
F_2,s22,G,720.0,0.14504494833603326
F_2,s22,G,740.0,-0.07573213749876635
F_2,s22,G,760.0,-0.06577212765105248
F_2,s22,G,780.0,0.08180166487828894
F_2,s22,G,800.0,0.05445105657164191
F_2,s22,G,820.0,-0.21290228116951257
F_2,s22,G,840.0,-0.14554470566758038
F_2,s22,G,860.0,-0.05899808240363623
F_2,s22,G,880.0,-0.11645713953344669
F_2,s22,G,900.0,-0.07799199165176536
F_2,s22,G,920.0,-0.11417971626921089
F_2,s22,G,940.0,-0.26497257361024873
F_2,s22,G,960.0,-0.22747622852627006
F_2,s22,G,980.0,-0.2297255735308658
F_2,s22,A,0.0,-0.019651510698574952
F_2,s22,A,20.0,-0.04511207619212468
F_2,s22,A,40.0,0.24721700016776138
F_2,s22,A,60.0,0.454587136122358
F_2,s22,A,80.0,0.37093392932748215
F_2,s22,A,100.0,0.30478589255148464
F_2,s22,A,120.0,0.2662025997635171
F_2,s22,A,140.0,0.330354482343221
F_2,s22,A,160.0,0.17656568080040116
F_2,s22,A,180.0,0.3210193269065628
F_2,s22,A,200.0,0.32622271015019
F_2,s22,A,220.0,0.26998877810647337
F_2,s22,A,240.0,0.13863551988979456
F_2,s22,A,260.0,0.2646155933791199
F_2,s22,A,280.0,0.36995218707651023
F_2,s22,A,300.0,0.10604444975330121
F_2,s22,A,320.0,-0.0788611837861472
F_2,s22,A,340.0,0.0273900172987514
F_2,s22,A,360.0,-0.07370386104392578
F_2,s22,A,380.0,-0.33186125525892246
F_2,s22,A,400.0,-0.2585526007458595
F_2,s22,A,420.0,-0.22470777502206074
F_2,s22,A,440.0,-0.4167985593005775
F_2,s22,A,460.0,-0.8084429325873088
F_2,s22,A,480.0,-0.9316505450853406
F_2,s22,A,500.0,-0.39637152993251457
F_2,s22,A,520.0,-0.14996375713405505
F_2,s22,A,540.0,-0.35192379131169255
F_2,s22,A,560.0,-0.539787823742772
F_2,s22,A,580.0,-0.37335001764549397
F_2,s22,A,600.0,-0.07048555747713259
F_2,s22,A,620.0,-0.2621246491931567
F_2,s22,A,640.0,-0.2941994051697224
F_2,s22,A,660.0,-0.21240188884204958
F_2,s22,A,680.0,-0.13813912255204136
F_2,s22,A,700.0,-0.018592932158446457
F_2,s22,A,720.0,0.09378204301489843
F_2,s22,A,740.0,0.14758186493677916
F_2,s22,A,760.0,-0.006311570383751575
F_2,s22,A,780.0,0.03743472860683289
F_2,s22,A,800.0,0.08557937700463833
F_2,s22,A,820.0,0.3339623836445065
F_2,s22,A,840.0,0.1898872768148388
F_2,s22,A,860.0,0.08845055174831143
F_2,s22,A,880.0,0.1432964842422741
F_2,s22,A,900.0,0.2328918818553703
F_2,s22,A,920.0,0.22789071817663076
F_2,s22,A,940.0,0.04204629609412819
F_2,s22,A,960.0,-0.10295879206119858
F_2,s22,A,980.0,-0.20342124203535064
F_2,s22,I,0.0,0.0033957568683082445
F_2,s22,I,20.0,0.059096559017230016
F_2,s22,I,40.0,-0.16633240085615617
F_2,s22,I,60.0,-0.11930403632247692
F_2,s22,I,80.0,-0.04830650649874974
F_2,s22,I,100.0,-0.10268006903271686
F_2,s22,I,120.0,-0.224792497427527
F_2,s22,I,140.0,-0.13967077548106777
F_2,s22,I,160.0,0.09461078568920392
F_2,s22,I,180.0,-0.30865988127125304
F_2,s22,I,200.0,-0.5272550749940345
F_2,s22,I,220.0,-0.5333919157477419
F_2,s22,I,240.0,-0.4942451211716766
F_2,s22,I,260.0,-0.6345627874049504
F_2,s22,I,280.0,-0.8454621176483532
F_2,s22,I,300.0,-0.5641515874536204
F_2,s22,I,320.0,-0.2581008138202137
F_2,s22,I,340.0,-0.16838941922912407
F_2,s22,I,360.0,-0.2764832845312841
F_2,s22,I,380.0,-0.1015544298592109
F_2,s22,I,400.0,-0.3279803878520068
F_2,s22,I,420.0,-0.5462918596533862
F_2,s22,I,440.0,5.891167111429785e-05
F_2,s22,I,460.0,0.8000016226552861
F_2,s22,I,480.0,0.6257293214415968
F_2,s22,I,500.0,-0.31338891200797003
F_2,s22,I,520.0,-0.5028509677788846
F_2,s22,I,540.0,0.042326544031414504
F_2,s22,I,560.0,0.4341726022724881
F_2,s22,I,580.0,0.07143070966549553
F_2,s22,I,600.0,-0.4383070721402713
F_2,s22,I,620.0,-0.3171323504859581
F_2,s22,I,640.0,-0.002380999476813611
F_2,s22,I,660.0,0.33473399776332513
F_2,s22,I,680.0,0.3555169919851185
F_2,s22,I,700.0,-0.11590768947030605
F_2,s22,I,720.0,-0.309166138667517
F_2,s22,I,740.0,-0.19658140458465423
F_2,s22,I,760.0,0.05688456169986454
F_2,s22,I,780.0,0.06546913285126893
F_2,s22,I,800.0,0.030180038782923642
F_2,s22,I,820.0,-0.0015181800540692153
F_2,s22,I,840.0,0.14574928697252282
F_2,s22,I,860.0,0.18050750126836668
F_2,s22,I,880.0,0.15286451180040134
F_2,s22,I,900.0,0.07648734202206027
F_2,s22,I,920.0,0.09285582653994884
F_2,s22,I,940.0,0.30603384717583276
F_2,s22,I,960.0,0.18814817131098505
F_2,s22,I,980.0,0.1540501085140931
M_1,s22,G,0.0,0.13884963234418818
M_1,s22,G,20.0,0.13713111679088008
M_1,s22,G,40.0,0.08373321595251498
M_1,s22,G,60.0,-0.030979601805731685
M_1,s22,G,80.0,-0.0063913408630431184
M_1,s22,G,100.0,-0.08340118105739103
M_1,s22,G,120.0,-0.020083612147847513
M_1,s22,G,140.0,0.06970042395039262
M_1,s22,G,160.0,0.20850510764288527
M_1,s22,G,180.0,0.32025488775297534
M_1,s22,G,200.0,0.3406019851547804
M_1,s22,G,220.0,0.13990368967122566
M_1,s22,G,240.0,0.05370358229615577
M_1,s22,G,260.0,0.14320613424324996
M_1,s22,G,280.0,0.4175249521699346
M_1,s22,G,300.0,0.4395200167890144
M_1,s22,G,320.0,0.2514983532983469
M_1,s22,G,340.0,0.09536387847282117
M_1,s22,G,360.0,0.2775704722362737
M_1,s22,G,380.0,0.3710471214450195
M_1,s22,G,400.0,0.2891000519282902
M_1,s22,G,420.0,0.3334192263117867
M_1,s22,G,440.0,0.3160831802540062
M_1,s22,G,460.0,0.16453583327846655
M_1,s22,G,480.0,0.21214518606483357
M_1,s22,G,500.0,0.2766016875621756
M_1,s22,G,520.0,0.2189217076110339
M_1,s22,G,540.0,0.027710689310946113
M_1,s22,G,560.0,-0.039401006780687434
M_1,s22,G,580.0,0.31079423680819307
M_1,s22,G,600.0,0.4558505166119069
M_1,s22,G,620.0,0.2065287788998592
M_1,s22,G,640.0,-0.17773512720157694
M_1,s22,G,660.0,-0.2121068438742376
M_1,s22,G,680.0,0.12386508284428706
M_1,s22,G,700.0,0.3526725610604296
M_1,s22,G,720.0,0.3632437710788426
M_1,s22,G,740.0,0.16849016200231987
M_1,s22,G,760.0,0.18904522068384488
M_1,s22,G,780.0,0.32337503426181113
M_1,s22,G,800.0,0.3596866130376371
M_1,s22,G,820.0,0.25782642753247426
M_1,s22,G,840.0,0.2864546591472936
M_1,s22,G,860.0,0.29620105127052965
M_1,s22,G,880.0,0.26291207750967305
M_1,s22,G,900.0,0.3643146793872333
M_1,s22,G,920.0,0.30093691242237086
M_1,s22,G,940.0,0.053267162110088015
M_1,s22,G,960.0,0.006804526406027661
M_1,s22,G,980.0,-0.05261884810992076
M_1,s22,A,0.0,-0.1560364659273137
M_1,s22,A,20.0,-0.22524263432695696
M_1,s22,A,40.0,0.10206196914669767
M_1,s22,A,60.0,0.23849239389258237
M_1,s22,A,80.0,0.19794641249257647
M_1,s22,A,100.0,0.10843374766636359
M_1,s22,A,120.0,0.10878404461470835
M_1,s22,A,140.0,0.16254233568000712
M_1,s22,A,160.0,0.1538345810263364
M_1,s22,A,180.0,0.3046170635350136
M_1,s22,A,200.0,0.24000939645513267
M_1,s22,A,220.0,0.21831673959005557
M_1,s22,A,240.0,0.09517535732449606
M_1,s22,A,260.0,0.2214825490821229
M_1,s22,A,280.0,0.4315198860488959
M_1,s22,A,300.0,0.20401761230005325
M_1,s22,A,320.0,0.0010687722928056625
M_1,s22,A,340.0,0.13301308635822628
M_1,s22,A,360.0,0.21768806564707988
M_1,s22,A,380.0,-0.1269439977278923
M_1,s22,A,400.0,-0.39217544247982516
M_1,s22,A,420.0,-0.07753350020509304
M_1,s22,A,440.0,-0.01505098313714881
M_1,s22,A,460.0,-0.7388671644566759
M_1,s22,A,480.0,-1.0240407133844376
M_1,s22,A,500.0,-0.08387829261757858
M_1,s22,A,520.0,0.4646288456927916
M_1,s22,A,540.0,-0.16272360254198712
M_1,s22,A,560.0,-0.6552343891490732
M_1,s22,A,580.0,-0.07989896154828362
M_1,s22,A,600.0,0.7451579549028247
M_1,s22,A,620.0,0.285826895216879
M_1,s22,A,640.0,-0.17035587134621438
M_1,s22,A,660.0,-0.05998010062095541
M_1,s22,A,680.0,0.12677768063744876
M_1,s22,A,700.0,0.15015704901150712
M_1,s22,A,720.0,0.050162312268899716
M_1,s22,A,740.0,0.04519502438557349
M_1,s22,A,760.0,0.11239016465226861
M_1,s22,A,780.0,0.08447041072324032
M_1,s22,A,800.0,0.01352915032417476
M_1,s22,A,820.0,0.19018303193665073
M_1,s22,A,840.0,0.10870723349845826
M_1,s22,A,860.0,0.06864512350402971
M_1,s22,A,880.0,0.06832574477633593
M_1,s22,A,900.0,0.084683527943326
M_1,s22,A,920.0,0.15042342489472654
M_1,s22,A,940.0,0.007433389584974026
M_1,s22,A,960.0,-0.07628473355301774
M_1,s22,A,980.0,-0.13771086701687407
M_1,s22,I,0.0,0.03498202603523995
M_1,s22,I,20.0,0.1820025568059989
M_1,s22,I,40.0,-0.17533177541450673
M_1,s22,I,60.0,-0.1344815460968661
M_1,s22,I,80.0,0.047079993562221076
M_1,s22,I,100.0,0.07076978613091853
M_1,s22,I,120.0,-0.11237085283752235
M_1,s22,I,140.0,-0.18587976605193848
M_1,s22,I,160.0,-0.09031150602617162
M_1,s22,I,180.0,-0.4016062757756116
M_1,s22,I,200.0,-0.5216153566582308
M_1,s22,I,220.0,-0.5205899387709277
M_1,s22,I,240.0,-0.5759856755189524
M_1,s22,I,260.0,-0.855620087027141
M_1,s22,I,280.0,-1.0729829368872257
M_1,s22,I,300.0,-0.6303753167806491
M_1,s22,I,320.0,-0.33900074720053885
M_1,s22,I,340.0,-0.4461586615898442
M_1,s22,I,360.0,-0.6763309628223417
M_1,s22,I,380.0,-0.3362604513534942
M_1,s22,I,400.0,-0.31236623374561673
M_1,s22,I,420.0,-0.5945439019132055
M_1,s22,I,440.0,-0.14124407670488898
M_1,s22,I,460.0,0.7988733348858643
M_1,s22,I,480.0,0.6388553837564819
M_1,s22,I,500.0,-0.5301172782861823
M_1,s22,I,520.0,-0.7106156295858823
M_1,s22,I,540.0,0.13015234155348937
M_1,s22,I,560.0,0.56523793859899
M_1,s22,I,580.0,-0.1482740064329196
M_1,s22,I,600.0,-0.9072954445077674
M_1,s22,I,620.0,-0.5309335715887938
M_1,s22,I,640.0,-0.045630667768336325
M_1,s22,I,660.0,0.12774208613777838
M_1,s22,I,680.0,0.034101507162816444
M_1,s22,I,700.0,-0.2909508957934378
M_1,s22,I,720.0,-0.32313216067961376
M_1,s22,I,740.0,-0.2540220870038352
M_1,s22,I,760.0,-0.19285280216204187
M_1,s22,I,780.0,-0.15658592171646663
M_1,s22,I,800.0,-0.199336274807133
M_1,s22,I,820.0,-0.29509845473972823
M_1,s22,I,840.0,-0.1295283826925036
M_1,s22,I,860.0,-0.0518541880512374
M_1,s22,I,880.0,-0.10021318129053206
M_1,s22,I,900.0,-0.1862815509136534
M_1,s22,I,920.0,-0.13555115224374226
M_1,s22,I,940.0,0.1401916420296232
M_1,s22,I,960.0,0.054683349941227755
M_1,s22,I,980.0,0.09952311364393587
M_2,s22,G,0.0,-0.07294002201980418
M_2,s22,G,20.0,-0.06082743166451706
M_2,s22,G,40.0,0.15789393021768283
M_2,s22,G,60.0,0.11718914423084362
M_2,s22,G,80.0,0.008737542693161723
M_2,s22,G,100.0,-0.10138741112288172
M_2,s22,G,120.0,-0.13040330670378183
M_2,s22,G,140.0,-0.38261460233475647
M_2,s22,G,160.0,-0.27603140305822477
M_2,s22,G,180.0,-0.005054044779698813
M_2,s22,G,200.0,0.14809576013275852
M_2,s22,G,220.0,0.09059140877111074
M_2,s22,G,240.0,0.005772342926914149
M_2,s22,G,260.0,0.07990381689511972
M_2,s22,G,280.0,0.38943637652413354
M_2,s22,G,300.0,0.39680328985656205
M_2,s22,G,320.0,0.2320888156080642
M_2,s22,G,340.0,0.06680095061404588
M_2,s22,G,360.0,0.5844852453003938
M_2,s22,G,380.0,0.6503788001197606
M_2,s22,G,400.0,0.2121748663433024
M_2,s22,G,420.0,0.4375725269394593
M_2,s22,G,440.0,0.6435465925369233
M_2,s22,G,460.0,0.4455396823474354
M_2,s22,G,480.0,0.2898125734012123
M_2,s22,G,500.0,0.3307086502004811
M_2,s22,G,520.0,0.4971984243740593
M_2,s22,G,540.0,0.407242449703833
M_2,s22,G,560.0,0.4781601181167162
M_2,s22,G,580.0,0.739318226002751
M_2,s22,G,600.0,0.6555996073969216
M_2,s22,G,620.0,0.2075649100761904
M_2,s22,G,640.0,-0.0738678365795822
M_2,s22,G,660.0,-0.12235957836195553
M_2,s22,G,680.0,0.02366071227261002
M_2,s22,G,700.0,0.2654786159060881
M_2,s22,G,720.0,0.10433677596442492
M_2,s22,G,740.0,-0.07467494802761568
M_2,s22,G,760.0,-0.18720001486323423
M_2,s22,G,780.0,-0.07732233422437458
M_2,s22,G,800.0,0.02952729849151489
M_2,s22,G,820.0,-0.12422569691147045
M_2,s22,G,840.0,-0.08747299184887868
M_2,s22,G,860.0,-0.08262940156088572
M_2,s22,G,880.0,-0.020085029623500616
M_2,s22,G,900.0,0.053215122960017604
M_2,s22,G,920.0,-0.147941763747736
M_2,s22,G,940.0,-0.33854322053982255
M_2,s22,G,960.0,-0.26316050381424577
M_2,s22,G,980.0,-0.23609856480293123
M_2,s22,A,0.0,0.04884280565178716
M_2,s22,A,20.0,0.06910467174339796
M_2,s22,A,40.0,0.12282898138210717
M_2,s22,A,60.0,0.15597379136234013
M_2,s22,A,80.0,0.06250747814969207
M_2,s22,A,100.0,0.057368231945030185
M_2,s22,A,120.0,0.0908313180044526
M_2,s22,A,140.0,0.01919456779489276
M_2,s22,A,160.0,-0.0059261551136347845
M_2,s22,A,180.0,0.17956109649948684
M_2,s22,A,200.0,0.03546158498601536
M_2,s22,A,220.0,0.08031018728808423
M_2,s22,A,240.0,-0.04367994447185658
M_2,s22,A,260.0,-0.11232664097191683
M_2,s22,A,280.0,-0.07002930954713021
M_2,s22,A,300.0,-0.07170181544778853
M_2,s22,A,320.0,-0.1306963215071303
M_2,s22,A,340.0,-0.4064963130218024
M_2,s22,A,360.0,-0.7265232240317552
M_2,s22,A,380.0,-0.8045155534095247
M_2,s22,A,400.0,-0.4864481441186016
M_2,s22,A,420.0,-0.5591930399627357
M_2,s22,A,440.0,-1.0073152557319511
M_2,s22,A,460.0,-1.2119903673963517
M_2,s22,A,480.0,-0.9169137517659418
M_2,s22,A,500.0,-0.5991026362330267
M_2,s22,A,520.0,-0.8428651331934998
M_2,s22,A,540.0,-0.9298352402220698
M_2,s22,A,560.0,-0.5305735430079533
M_2,s22,A,580.0,-0.2085572525847905
M_2,s22,A,600.0,-0.3171562634515874
M_2,s22,A,620.0,-0.374775625690114
M_2,s22,A,640.0,-0.2613398056820762
M_2,s22,A,660.0,-0.21947022744459868
M_2,s22,A,680.0,-0.2349846219651105
M_2,s22,A,700.0,-0.07354092537327615
M_2,s22,A,720.0,0.08571420374781702
M_2,s22,A,740.0,0.1271899126303507
M_2,s22,A,760.0,0.1126365199945372
M_2,s22,A,780.0,0.1766229033835147
M_2,s22,A,800.0,0.1683011834737202
M_2,s22,A,820.0,0.23845575195332322
M_2,s22,A,840.0,-0.05949876962286968
M_2,s22,A,860.0,-0.24312301827410643
M_2,s22,A,880.0,-0.30388841285629153
M_2,s22,A,900.0,-0.16619171669296284
M_2,s22,A,920.0,0.01626068237932269
M_2,s22,A,940.0,-0.11508107516467156
M_2,s22,A,960.0,-0.21412694210931993
M_2,s22,A,980.0,-0.22123982936939482
M_2,s22,I,0.0,-0.46819151236212553
M_2,s22,I,20.0,-0.37239279509657297
M_2,s22,I,40.0,-0.6931929479503467
M_2,s22,I,60.0,-0.5709001168878681
M_2,s22,I,80.0,-0.1440884596377911
M_2,s22,I,100.0,-0.13052730027965215
M_2,s22,I,120.0,-0.26544993186635957
M_2,s22,I,140.0,0.03817735917527809
M_2,s22,I,160.0,0.242290377550252
M_2,s22,I,180.0,-0.4885969245164696
M_2,s22,I,200.0,-0.8050394831070549
M_2,s22,I,220.0,-0.8390341735513305
M_2,s22,I,240.0,-0.6225143693505607
M_2,s22,I,260.0,-0.6399718454924356
M_2,s22,I,280.0,-0.8843170869291965
M_2,s22,I,300.0,-0.7014638900544998
M_2,s22,I,320.0,-0.4412313885387155
M_2,s22,I,340.0,-0.03510568207419351
M_2,s22,I,360.0,-0.23852108174673303
M_2,s22,I,380.0,-0.14023369622050297
M_2,s22,I,400.0,-0.5232386691026701
M_2,s22,I,420.0,-0.7762101563688868
M_2,s22,I,440.0,0.2838499743870381
M_2,s22,I,460.0,1.2098141928231012
M_2,s22,I,480.0,0.43897339979784444
M_2,s22,I,500.0,-0.6655036304036164
M_2,s22,I,520.0,0.18507399133267582
M_2,s22,I,540.0,1.2694516505636941
M_2,s22,I,560.0,0.5151677973510701
M_2,s22,I,580.0,-0.5841262203943396
M_2,s22,I,600.0,-0.32275394496332716
M_2,s22,I,620.0,0.5950467594536984
M_2,s22,I,640.0,0.5434852626160471
M_2,s22,I,660.0,0.15516819571536192
M_2,s22,I,680.0,0.1828710389261028
M_2,s22,I,700.0,-0.15037709820612377
M_2,s22,I,720.0,-0.11226265542109518
M_2,s22,I,740.0,-0.191695447476112
M_2,s22,I,760.0,0.058527244903538125
M_2,s22,I,780.0,0.08328868646675519
M_2,s22,I,800.0,-0.018920800174395236
M_2,s22,I,820.0,-0.07439857480309264
M_2,s22,I,840.0,0.21671913681234453
M_2,s22,I,860.0,0.28963462847336374
M_2,s22,I,880.0,0.26768400664351527
M_2,s22,I,900.0,0.025711422421044863
M_2,s22,I,920.0,-0.11589353722429802
M_2,s22,I,940.0,0.03554012517791841
M_2,s22,I,960.0,-0.031133857184777458
M_2,s22,I,980.0,0.15342500422388594
F_1,s23,G,0.0,-0.05131905077098249
F_1,s23,G,20.0,-0.1646441183208432
F_1,s23,G,40.0,-0.11747650240300231
F_1,s23,G,60.0,-0.1902012456463858
F_1,s23,G,80.0,-0.12012303439046397
F_1,s23,G,100.0,-0.006276866101150115
F_1,s23,G,120.0,-0.09737661518589934
F_1,s23,G,140.0,-0.13512484052396156
F_1,s23,G,160.0,-0.12028482125771228
F_1,s23,G,180.0,-0.16032838955864437
F_1,s23,G,200.0,-0.08491589248094805
F_1,s23,G,220.0,0.030197837512920656
F_1,s23,G,240.0,0.03919765526032903
F_1,s23,G,260.0,0.00035025064885371715
F_1,s23,G,280.0,-0.03809741840456217
F_1,s23,G,300.0,0.071295883896566
F_1,s23,G,320.0,0.09621970855186347
F_1,s23,G,340.0,0.10981177161428052
F_1,s23,G,360.0,0.17016231770322027
F_1,s23,G,380.0,-0.012192294898002247
F_1,s23,G,400.0,-0.09025517607125663
F_1,s23,G,420.0,0.12122153721048103
F_1,s23,G,440.0,0.2006960767370628
F_1,s23,G,460.0,0.21148168717745713
F_1,s23,G,480.0,0.1764285322677257
F_1,s23,G,500.0,0.3018108277047077
F_1,s23,G,520.0,0.42937471219796475
F_1,s23,G,540.0,0.4103075708938589
F_1,s23,G,560.0,0.16002887819838604
F_1,s23,G,580.0,0.13554219182356977
F_1,s23,G,600.0,0.2140416487047077
F_1,s23,G,620.0,0.20399927282359526
F_1,s23,G,640.0,0.11094617877358703
F_1,s23,G,660.0,0.014104315373732863
F_1,s23,G,680.0,0.008270529542173527
F_1,s23,G,700.0,0.09839967417405643
F_1,s23,G,720.0,0.005569023520400052
F_1,s23,G,740.0,-0.08395352332939032
F_1,s23,G,760.0,-0.04642619251126773
F_1,s23,G,780.0,-0.0617278373713536
F_1,s23,G,800.0,-0.04133898356520333
F_1,s23,G,820.0,0.08419526041070646
F_1,s23,G,840.0,0.15258952890080052
F_1,s23,G,860.0,0.16837633311813602
F_1,s23,G,880.0,0.06175390665453118
F_1,s23,G,900.0,-0.010427111339492694
F_1,s23,G,920.0,-0.04737982364639365
F_1,s23,G,940.0,0.0009422425073365159
F_1,s23,G,960.0,0.1143209884468511
F_1,s23,G,980.0,0.036401118798553025
F_1,s23,A,0.0,0.24533974287022384
F_1,s23,A,20.0,0.20456258690787377
F_1,s23,A,40.0,0.13739528010551674
F_1,s23,A,60.0,0.3112285420226214
F_1,s23,A,80.0,0.14968089965554615
F_1,s23,A,100.0,0.11174996438680121
F_1,s23,A,120.0,0.322861316085461
F_1,s23,A,140.0,0.278417462679626
F_1,s23,A,160.0,0.06338768411487265
F_1,s23,A,180.0,0.004051466075544928
F_1,s23,A,200.0,-0.11927791743543373
F_1,s23,A,220.0,-0.06924745650691351
F_1,s23,A,240.0,-0.1150149207637618
F_1,s23,A,260.0,-0.1099958447214949
F_1,s23,A,280.0,0.0862221117320502
F_1,s23,A,300.0,0.06321342047857671
F_1,s23,A,320.0,-0.04787477446092242
F_1,s23,A,340.0,-0.11497464483216839
F_1,s23,A,360.0,-0.30360182418842835
F_1,s23,A,380.0,-0.3086999132231864
F_1,s23,A,400.0,-0.10264018177199828
F_1,s23,A,420.0,0.01771949127621842
F_1,s23,A,440.0,-0.10618862691308198
F_1,s23,A,460.0,-0.2971495642483302
F_1,s23,A,480.0,-0.31204920655695095
F_1,s23,A,500.0,-0.10575967749012001
F_1,s23,A,520.0,-0.19754866377682706
F_1,s23,A,540.0,-0.5016389920097772
F_1,s23,A,560.0,-0.3300076716851292
F_1,s23,A,580.0,-0.0890763009813126
F_1,s23,A,600.0,0.19008804647336844
F_1,s23,A,620.0,0.29429418003083724
F_1,s23,A,640.0,0.13838765407183662
F_1,s23,A,660.0,0.09401592107437559
F_1,s23,A,680.0,0.1718955422645931
F_1,s23,A,700.0,0.13792624750797847
F_1,s23,A,720.0,0.06090372750353027
F_1,s23,A,740.0,-0.03061553272654023
F_1,s23,A,760.0,-0.16421283485344781
F_1,s23,A,780.0,-0.19438710426657735
F_1,s23,A,800.0,-0.15410972374291787
F_1,s23,A,820.0,-0.04375877662853614
F_1,s23,A,840.0,0.099040817300608
F_1,s23,A,860.0,0.06286220434290879
F_1,s23,A,880.0,-0.0752057168267048
F_1,s23,A,900.0,-0.0005916849083075319
F_1,s23,A,920.0,0.05457330944630149
F_1,s23,A,940.0,-0.009536838797140852
F_1,s23,A,960.0,-0.13252110213580842
F_1,s23,A,980.0,-0.2246081087491413
F_1,s23,I,0.0,0.2325958064834286
F_1,s23,I,20.0,0.12676998380438256
F_1,s23,I,40.0,-0.038069943405657516
F_1,s23,I,60.0,-0.2300485679047568
F_1,s23,I,80.0,-0.07546812292946925
F_1,s23,I,100.0,-0.023116564166113046
F_1,s23,I,120.0,-0.18854037013607292
F_1,s23,I,140.0,-0.39289810868359465
F_1,s23,I,160.0,-0.16094800513629381
F_1,s23,I,180.0,0.011142818842539155
F_1,s23,I,200.0,0.03804754928368721
F_1,s23,I,220.0,0.05134748884928864
F_1,s23,I,240.0,0.16473307028529846
F_1,s23,I,260.0,0.018228906481274915
F_1,s23,I,280.0,-0.33669087221654503
F_1,s23,I,300.0,-0.24791382176940172
F_1,s23,I,320.0,-0.028596360601941817
F_1,s23,I,340.0,0.07199280959001066
F_1,s23,I,360.0,0.18316993553065986
F_1,s23,I,380.0,0.2877106203684081
F_1,s23,I,400.0,-0.00910906438153259
F_1,s23,I,420.0,-0.18500186664362203
F_1,s23,I,440.0,0.21950468185481103
F_1,s23,I,460.0,0.45644928308715677
F_1,s23,I,480.0,0.32841770852121205
F_1,s23,I,500.0,-0.12320798724096022
F_1,s23,I,520.0,0.23272205530007345
F_1,s23,I,540.0,0.5162284409891543
F_1,s23,I,560.0,0.3546963916434921
F_1,s23,I,580.0,0.42144035486394044
F_1,s23,I,600.0,0.538679337823462
F_1,s23,I,620.0,0.5768690598844903
F_1,s23,I,640.0,0.5243672304327266
F_1,s23,I,660.0,0.3750884949008556
F_1,s23,I,680.0,0.4063732284742614
F_1,s23,I,700.0,0.3919180640016384
F_1,s23,I,720.0,0.4442083490364132
F_1,s23,I,740.0,0.3927806828604714
F_1,s23,I,760.0,0.47489620931803644
F_1,s23,I,780.0,0.5143277874850789
F_1,s23,I,800.0,0.3482072194980471
F_1,s23,I,820.0,-0.0028096088258995067
F_1,s23,I,840.0,-0.06515073556888559
F_1,s23,I,860.0,0.1347904699343217
F_1,s23,I,880.0,0.2677616687286524
F_1,s23,I,900.0,0.06610691828879378
F_1,s23,I,920.0,0.08753553410856946
F_1,s23,I,940.0,0.1765915190925303
F_1,s23,I,960.0,0.3006091526142154
F_1,s23,I,980.0,0.4870712554476527
F_2,s23,G,0.0,-0.06829874440419754
F_2,s23,G,20.0,-0.08018443750860679
F_2,s23,G,40.0,-0.021749430642417952
F_2,s23,G,60.0,-0.19882824705079585
F_2,s23,G,80.0,-0.11272275626590966
F_2,s23,G,100.0,0.009104187829005631
F_2,s23,G,120.0,-0.16507975356703464
F_2,s23,G,140.0,-0.21932678307700845
F_2,s23,G,160.0,-0.18815976893530684
F_2,s23,G,180.0,-0.2560060475460052
F_2,s23,G,200.0,-0.12695889230417357
F_2,s23,G,220.0,0.005794532126722655
F_2,s23,G,240.0,-0.04530905631369438
F_2,s23,G,260.0,-0.16951898586192551
F_2,s23,G,280.0,-0.19019223734735044
F_2,s23,G,300.0,0.08284821917611598
F_2,s23,G,320.0,0.1057522749384166
F_2,s23,G,340.0,0.07221711784730084
F_2,s23,G,360.0,0.0704974002333241
F_2,s23,G,380.0,-0.013526132813517437
F_2,s23,G,400.0,-0.05566164559885426
F_2,s23,G,420.0,-0.011095467667647477
F_2,s23,G,440.0,0.03769557984938331
F_2,s23,G,460.0,0.1801511761863476
F_2,s23,G,480.0,0.07914429278253647
F_2,s23,G,500.0,0.08243058686825208
F_2,s23,G,520.0,0.1922550496877442
F_2,s23,G,540.0,0.2931434526628934
F_2,s23,G,560.0,0.10266205963259302
F_2,s23,G,580.0,-0.004498154098316665
F_2,s23,G,600.0,0.006805058185425237
F_2,s23,G,620.0,0.008058891111422273
F_2,s23,G,640.0,0.040775678868658696
F_2,s23,G,660.0,-0.01064068727271772
F_2,s23,G,680.0,-0.04203072418301457
F_2,s23,G,700.0,0.06761083751746355
F_2,s23,G,720.0,-0.060910315355329106
F_2,s23,G,740.0,-0.20623252693582098
F_2,s23,G,760.0,-0.2203962765619075
F_2,s23,G,780.0,-0.22591656749419164
F_2,s23,G,800.0,-0.12701911207104566
F_2,s23,G,820.0,-0.005836364827156676
F_2,s23,G,840.0,0.030950360977055003
F_2,s23,G,860.0,-0.044093262542026584
F_2,s23,G,880.0,-0.21910364131594395
F_2,s23,G,900.0,-0.23948066331226037
F_2,s23,G,920.0,-0.24064235318294985
F_2,s23,G,940.0,-0.209057253689197
F_2,s23,G,960.0,-0.05490867208237326
F_2,s23,G,980.0,-0.12775695818139154
F_2,s23,A,0.0,0.31089945547836145
F_2,s23,A,20.0,0.27147518627123984
F_2,s23,A,40.0,0.2727611275311508
F_2,s23,A,60.0,0.46923020993263176
F_2,s23,A,80.0,0.3485590711399193
F_2,s23,A,100.0,0.1486227056242067
F_2,s23,A,120.0,0.3492324027377053
F_2,s23,A,140.0,0.46441600022087204
F_2,s23,A,160.0,0.24459959446521748
F_2,s23,A,180.0,0.14243860480702875
F_2,s23,A,200.0,-0.0323737342941729
F_2,s23,A,220.0,0.04070710851105684
F_2,s23,A,240.0,0.019095869616414837
F_2,s23,A,260.0,-0.0575581342590635
F_2,s23,A,280.0,0.08544608042832824
F_2,s23,A,300.0,0.19116784653608285
F_2,s23,A,320.0,0.0037822060173978034
F_2,s23,A,340.0,-0.1626459740024329
F_2,s23,A,360.0,-0.12213365098757575
F_2,s23,A,380.0,-0.06596983632376222
F_2,s23,A,400.0,-0.05342916313462539
F_2,s23,A,420.0,0.0038631555042503984
F_2,s23,A,440.0,-0.05690026942308363
F_2,s23,A,460.0,-0.19002922582686357
F_2,s23,A,480.0,-0.2126960909949572
F_2,s23,A,500.0,-0.0724613581184626
F_2,s23,A,520.0,-0.1965430998379789
F_2,s23,A,540.0,-0.45086556515284665
F_2,s23,A,560.0,-0.33718882206621925
F_2,s23,A,580.0,-0.018765417731874137
F_2,s23,A,600.0,0.222873521497405
F_2,s23,A,620.0,0.16248920101204264
F_2,s23,A,640.0,0.09521305745016338
F_2,s23,A,660.0,0.3143795923655163
F_2,s23,A,680.0,0.40374750577400265
F_2,s23,A,700.0,0.23102799494723453
F_2,s23,A,720.0,0.04368299369626671
F_2,s23,A,740.0,-0.015160476063056665
F_2,s23,A,760.0,-0.10998088679210265
F_2,s23,A,780.0,-0.08118268008075154
F_2,s23,A,800.0,-0.03366171376728072
F_2,s23,A,820.0,0.037796021126384666
F_2,s23,A,840.0,0.10354285250587389
F_2,s23,A,860.0,0.08100187421673513
F_2,s23,A,880.0,-0.058022312876558235
F_2,s23,A,900.0,-0.06420510839891923
F_2,s23,A,920.0,0.02680093634298754
F_2,s23,A,940.0,0.018429835305959277
F_2,s23,A,960.0,-0.1368453206245005
F_2,s23,A,980.0,-0.26924246704151467
F_2,s23,I,0.0,0.15582406528490997
F_2,s23,I,20.0,0.032254139415787614
F_2,s23,I,40.0,-0.08179295338909823
F_2,s23,I,60.0,-0.1759637810802449
F_2,s23,I,80.0,-0.18141896056754692
F_2,s23,I,100.0,-0.11123771783078065
F_2,s23,I,120.0,-0.18447585052667495
F_2,s23,I,140.0,-0.3129524653381808
F_2,s23,I,160.0,-0.09292364616824478
F_2,s23,I,180.0,0.05452733538555819
F_2,s23,I,200.0,-0.12866966084241843
F_2,s23,I,220.0,-0.23405356030346547
F_2,s23,I,240.0,0.006125459141440692
F_2,s23,I,260.0,0.0024960487033017648
F_2,s23,I,280.0,-0.2723176326561432
F_2,s23,I,300.0,-0.316596805539313
F_2,s23,I,320.0,-0.16637142939485372
F_2,s23,I,340.0,-0.15405862281975477
F_2,s23,I,360.0,-0.03972013214133494
F_2,s23,I,380.0,0.08634918435360658
F_2,s23,I,400.0,-0.04086547870351791
F_2,s23,I,420.0,-0.13848165453017813
F_2,s23,I,440.0,0.17490109875323728
F_2,s23,I,460.0,0.27223668380941224
F_2,s23,I,480.0,0.09561134493264144
F_2,s23,I,500.0,-0.23069377058145202
F_2,s23,I,520.0,0.09917611539364878
F_2,s23,I,540.0,0.35317789594204146
F_2,s23,I,560.0,0.2953382921325163
F_2,s23,I,580.0,0.24430975345663716
F_2,s23,I,600.0,0.26194048764447464
F_2,s23,I,620.0,0.30127897377444346
F_2,s23,I,640.0,0.25060537655551884
F_2,s23,I,660.0,0.09259160035904515
F_2,s23,I,680.0,0.04408729444851084
F_2,s23,I,700.0,-0.060444325047663575
F_2,s23,I,720.0,-0.04501678805203496
F_2,s23,I,740.0,0.018402639624417905
F_2,s23,I,760.0,0.1490594324139204
F_2,s23,I,780.0,0.19388581647039801
F_2,s23,I,800.0,0.16357539391329676
F_2,s23,I,820.0,-0.07447776632721143
F_2,s23,I,840.0,-0.14372113117626245
F_2,s23,I,860.0,-0.1237030865403323
F_2,s23,I,880.0,-0.03909677754020799
F_2,s23,I,900.0,-0.025051511055287357
F_2,s23,I,920.0,-0.016349641676020932
F_2,s23,I,940.0,0.00846603800653975
F_2,s23,I,960.0,0.014643157179056523
F_2,s23,I,980.0,0.11365267313412616
M_1,s23,G,0.0,-0.07577979832953882
M_1,s23,G,20.0,-0.17600254429361856
M_1,s23,G,40.0,-0.0704438774167704
M_1,s23,G,60.0,0.021419322806444707
M_1,s23,G,80.0,0.10147980728675965
M_1,s23,G,100.0,0.008035516858719297
M_1,s23,G,120.0,-0.14625265554348077
M_1,s23,G,140.0,-0.08759895552960519
M_1,s23,G,160.0,-0.07722066493994839
M_1,s23,G,180.0,-0.1299529402158895
M_1,s23,G,200.0,0.01749093233954569
M_1,s23,G,220.0,0.1655906416235823
M_1,s23,G,240.0,0.14547827512826858
M_1,s23,G,260.0,0.09147055981364312
M_1,s23,G,280.0,0.05840137349929591
M_1,s23,G,300.0,0.14145546614611332
M_1,s23,G,320.0,0.04525872183496643
M_1,s23,G,340.0,0.13939008471883685
M_1,s23,G,360.0,0.2016804006574625
M_1,s23,G,380.0,0.12037894271882899
M_1,s23,G,400.0,0.11616081854904131
M_1,s23,G,420.0,0.10809570327351839
M_1,s23,G,440.0,0.0694536690325041
M_1,s23,G,460.0,0.16964993268199025
M_1,s23,G,480.0,0.26044804397636956
M_1,s23,G,500.0,0.3635297106668268
M_1,s23,G,520.0,0.45514120399589564
M_1,s23,G,540.0,0.4479196127390989
M_1,s23,G,560.0,0.25505695204713913
M_1,s23,G,580.0,0.11666094949131248
M_1,s23,G,600.0,0.021284118097443572
M_1,s23,G,620.0,-0.03440568003061528
M_1,s23,G,640.0,-0.014800812472178737
M_1,s23,G,660.0,0.07664730275636664
M_1,s23,G,680.0,0.109990082543804
M_1,s23,G,700.0,0.21297232249981657
M_1,s23,G,720.0,0.07575310033250016
M_1,s23,G,740.0,-0.01425282739544366
M_1,s23,G,760.0,0.053531858744501476
M_1,s23,G,780.0,0.052072340883502585
M_1,s23,G,800.0,0.007714250044213458
M_1,s23,G,820.0,0.1019225687199141
M_1,s23,G,840.0,0.06737189610197215
M_1,s23,G,860.0,0.008661219906396511
M_1,s23,G,880.0,-0.10164443900569295
M_1,s23,G,900.0,-0.23767277818603966
M_1,s23,G,920.0,-0.3202314398337677
M_1,s23,G,940.0,-0.2510432425993635
M_1,s23,G,960.0,-0.12304507350151134
M_1,s23,G,980.0,-0.17296655652493187
M_1,s23,A,0.0,0.2635186359753304
M_1,s23,A,20.0,0.15738170537437704
M_1,s23,A,40.0,0.05353945990833143
M_1,s23,A,60.0,0.08614554037053872
M_1,s23,A,80.0,-0.0672032317884165
M_1,s23,A,100.0,-0.04476839342241921
M_1,s23,A,120.0,0.17597776809329196
M_1,s23,A,140.0,0.10917771184902757
M_1,s23,A,160.0,-0.10428993884106785
M_1,s23,A,180.0,-0.17279111371720002
M_1,s23,A,200.0,-0.18027317151733696
M_1,s23,A,220.0,-0.14785635063281174
M_1,s23,A,240.0,-0.19243122104702085
M_1,s23,A,260.0,-0.20424150572457644
M_1,s23,A,280.0,-0.0682667535532729
M_1,s23,A,300.0,-0.02564929295591964
M_1,s23,A,320.0,-0.14637041693331918
M_1,s23,A,340.0,-0.21139694103966084
M_1,s23,A,360.0,-0.3206637848990743
M_1,s23,A,380.0,-0.36553643257787927
M_1,s23,A,400.0,-0.3356019124113
M_1,s23,A,420.0,-0.15966960657605145
M_1,s23,A,440.0,-0.17598824673019392
M_1,s23,A,460.0,-0.3208562173085072
M_1,s23,A,480.0,-0.409479830167655
M_1,s23,A,500.0,-0.2731357675730813
M_1,s23,A,520.0,-0.29129780414109646
M_1,s23,A,540.0,-0.5040101097792726
M_1,s23,A,560.0,-0.6352232655516131
M_1,s23,A,580.0,-0.2823163750891687
M_1,s23,A,600.0,0.19446944677163852
M_1,s23,A,620.0,0.1524549809549488
M_1,s23,A,640.0,-0.0509033625016591
M_1,s23,A,660.0,-0.04568511021755785
M_1,s23,A,680.0,0.10629098193993623
M_1,s23,A,700.0,0.11802713745985806
M_1,s23,A,720.0,0.09731454266995365
M_1,s23,A,740.0,-0.00704417957885025
M_1,s23,A,760.0,-0.2310411730960388
M_1,s23,A,780.0,-0.2774597961008765
M_1,s23,A,800.0,-0.22148894455814955
M_1,s23,A,820.0,-0.08538002764514108
M_1,s23,A,840.0,0.1409367612826803
M_1,s23,A,860.0,0.14277833386277328
M_1,s23,A,880.0,-0.02150021820096526
M_1,s23,A,900.0,-0.046860888789695056
M_1,s23,A,920.0,0.05255404244400247
M_1,s23,A,940.0,0.1549424535693128
M_1,s23,A,960.0,0.07026298742609441
M_1,s23,A,980.0,-0.08527712038549622
M_1,s23,I,0.0,0.1109361974963737
M_1,s23,I,20.0,0.16225872866901264
M_1,s23,I,40.0,0.12667305936829848
M_1,s23,I,60.0,0.012398275432140851
M_1,s23,I,80.0,0.04316371050033066
M_1,s23,I,100.0,0.08030089370968849
M_1,s23,I,120.0,-0.03260862501491424
M_1,s23,I,140.0,-0.16223994642972206
M_1,s23,I,160.0,0.06198495339483187
M_1,s23,I,180.0,0.20599075178472437
M_1,s23,I,200.0,-0.04560022197032998
M_1,s23,I,220.0,-0.06704975545253403
M_1,s23,I,240.0,0.16922721607130503
M_1,s23,I,260.0,0.10351139027742694
M_1,s23,I,280.0,-0.20430991664441786
M_1,s23,I,300.0,-0.24848674763005926
M_1,s23,I,320.0,-0.060413539610051456
M_1,s23,I,340.0,-0.09077667415032953
M_1,s23,I,360.0,0.08018692915146869
M_1,s23,I,380.0,0.2703189332919317
M_1,s23,I,400.0,0.14009814533007442
M_1,s23,I,420.0,-0.06203828151928535
M_1,s23,I,440.0,0.14994288740530481
M_1,s23,I,460.0,0.2753945231581449
M_1,s23,I,480.0,0.163907845989178
M_1,s23,I,500.0,-0.1781038284406155
M_1,s23,I,520.0,0.0697761779869693
M_1,s23,I,540.0,0.2987226218511162
M_1,s23,I,560.0,0.42667564780230927
M_1,s23,I,580.0,0.3513866814119937
M_1,s23,I,600.0,0.27055347043200056
M_1,s23,I,620.0,0.363181790418856
M_1,s23,I,640.0,0.4632084413717866
M_1,s23,I,660.0,0.42127688031901467
M_1,s23,I,680.0,0.2931615546148387
M_1,s23,I,700.0,0.07159048241263018
M_1,s23,I,720.0,-0.026946980915706062
M_1,s23,I,740.0,0.041072898006690436
M_1,s23,I,760.0,0.2364487100045599
M_1,s23,I,780.0,0.33957221960661577
M_1,s23,I,800.0,0.2943198786608693
M_1,s23,I,820.0,-0.02222813883434424
M_1,s23,I,840.0,-0.15039028289518294
M_1,s23,I,860.0,-0.1117823692762271
M_1,s23,I,880.0,-0.016602165248661715
M_1,s23,I,900.0,0.009128314396268976
M_1,s23,I,920.0,0.0012369915938646517
M_1,s23,I,940.0,-0.099574006451571
M_1,s23,I,960.0,-0.10471776790268428
M_1,s23,I,980.0,0.08201118001685173
M_2,s23,G,0.0,-0.24630913894326706
M_2,s23,G,20.0,-0.3488626919870884
M_2,s23,G,40.0,-0.28592536891416465
M_2,s23,G,60.0,-0.2389783994431544
M_2,s23,G,80.0,-0.09498122775814549
M_2,s23,G,100.0,-0.0781235796124594
M_2,s23,G,120.0,-0.2676283535441057
M_2,s23,G,140.0,-0.39031780176563247
M_2,s23,G,160.0,-0.3364142505347987
M_2,s23,G,180.0,-0.2991864479258307
M_2,s23,G,200.0,-0.15567963873213791
M_2,s23,G,220.0,-0.07310876332461827
M_2,s23,G,240.0,-0.1895216529883328
M_2,s23,G,260.0,-0.20458456934566432
M_2,s23,G,280.0,-0.19922500453000558
M_2,s23,G,300.0,-0.03095982280964721
M_2,s23,G,320.0,-0.049152308922384855
M_2,s23,G,340.0,-0.0068411282455457315
M_2,s23,G,360.0,0.06632267305092371
M_2,s23,G,380.0,-0.1521318857748932
M_2,s23,G,400.0,-0.2211897597626667
M_2,s23,G,420.0,0.00973517337986326
M_2,s23,G,440.0,0.14923961991444715
M_2,s23,G,460.0,0.1902826356054431
M_2,s23,G,480.0,0.19818962433975995
M_2,s23,G,500.0,0.2996549712727483
M_2,s23,G,520.0,0.38860373790188996
M_2,s23,G,540.0,0.37936782462937546
M_2,s23,G,560.0,0.21911365245937503
M_2,s23,G,580.0,0.19856920220729513
M_2,s23,G,600.0,0.1327415690173399
M_2,s23,G,620.0,-0.0065914492853331175
M_2,s23,G,640.0,-0.00637889950022532
M_2,s23,G,660.0,-0.038315049000507445
M_2,s23,G,680.0,-0.08477267074945005
M_2,s23,G,700.0,0.04397805141333173
M_2,s23,G,720.0,-0.08877590758781223
M_2,s23,G,740.0,-0.3214985774789405
M_2,s23,G,760.0,-0.17837438805981454
M_2,s23,G,780.0,-0.14333108408057338
M_2,s23,G,800.0,-0.1308489163865434
M_2,s23,G,820.0,-0.03959424247045676
M_2,s23,G,840.0,0.07052976562346969
M_2,s23,G,860.0,0.11274023750732066
M_2,s23,G,880.0,-0.04707423816399145
M_2,s23,G,900.0,-0.27273176816481404
M_2,s23,G,920.0,-0.3192393828723164
M_2,s23,G,940.0,-0.24775675097005045
M_2,s23,G,960.0,-0.12859004800101978
M_2,s23,G,980.0,-0.13070957446342515
M_2,s23,A,0.0,0.29244922052264183
M_2,s23,A,20.0,0.29479591945325595
M_2,s23,A,40.0,0.24877192197565123
M_2,s23,A,60.0,0.34059526171502114
M_2,s23,A,80.0,0.2350103161153492
M_2,s23,A,100.0,0.05226747554778215
M_2,s23,A,120.0,0.19493271595517134
M_2,s23,A,140.0,0.17523934468101993
M_2,s23,A,160.0,-0.03716292976200743
M_2,s23,A,180.0,-0.10857395308418119
M_2,s23,A,200.0,-0.17486128809731044
M_2,s23,A,220.0,-0.022635789874855268
M_2,s23,A,240.0,-0.006755444557602824
M_2,s23,A,260.0,-0.12519163421569943
M_2,s23,A,280.0,-0.09915883435064576
M_2,s23,A,300.0,0.027566161009059967
M_2,s23,A,320.0,0.038667606153687195
M_2,s23,A,340.0,-0.08681673659100965
M_2,s23,A,360.0,-0.2038210349530999
M_2,s23,A,380.0,-0.15077377039000234
M_2,s23,A,400.0,-0.0967482579430828
M_2,s23,A,420.0,-0.044588684749232
M_2,s23,A,440.0,-0.1686813186035867
M_2,s23,A,460.0,-0.14895954319952937
M_2,s23,A,480.0,-0.1717213409778144
M_2,s23,A,500.0,-0.026286046654289533
M_2,s23,A,520.0,-0.07765348331531995
M_2,s23,A,540.0,-0.2935613330473881
M_2,s23,A,560.0,-0.32969445310856743
M_2,s23,A,580.0,0.11568565323994079
M_2,s23,A,600.0,0.40845330560646725
M_2,s23,A,620.0,0.21776921392047233
M_2,s23,A,640.0,0.16065633712612518
M_2,s23,A,660.0,0.2919581829449437
M_2,s23,A,680.0,0.3995958402424994
M_2,s23,A,700.0,0.3822154488996494
M_2,s23,A,720.0,0.3671971099600339
M_2,s23,A,740.0,0.3285074361909947
M_2,s23,A,760.0,0.1605605763597766
M_2,s23,A,780.0,0.15819518412065667
M_2,s23,A,800.0,0.05207074860494783
M_2,s23,A,820.0,0.07101765133841227
M_2,s23,A,840.0,0.15512895719893294
M_2,s23,A,860.0,0.13114424122085644
M_2,s23,A,880.0,0.09170745171999681
M_2,s23,A,900.0,0.15318640136069947
M_2,s23,A,920.0,0.20331717639717112
M_2,s23,A,940.0,0.22330951174370545
M_2,s23,A,960.0,0.2061913886564859
M_2,s23,A,980.0,0.06744278705899881
M_2,s23,I,0.0,0.10090597347774857
M_2,s23,I,20.0,0.11317803898968444
M_2,s23,I,40.0,-0.04688084468703866
M_2,s23,I,60.0,-0.5079426032709423
M_2,s23,I,80.0,-0.7226912138871945
M_2,s23,I,100.0,-0.517175496491746
M_2,s23,I,120.0,-0.42657623519296245
M_2,s23,I,140.0,-0.3239073993854882
M_2,s23,I,160.0,-0.05467096269738175
M_2,s23,I,180.0,-0.045899000884604524
M_2,s23,I,200.0,-0.31698408737574923
M_2,s23,I,220.0,-0.5717442942738474
M_2,s23,I,240.0,-0.11839930602259138
M_2,s23,I,260.0,-0.02848033697661974
M_2,s23,I,280.0,-0.23710185249230237
M_2,s23,I,300.0,-0.38808052932961695
M_2,s23,I,320.0,-0.23362377011339427
M_2,s23,I,340.0,-0.37845999435382105
M_2,s23,I,360.0,-0.1884997183661068
M_2,s23,I,380.0,0.10947239478512663
M_2,s23,I,400.0,-0.03212554265528743
M_2,s23,I,420.0,-0.2997472881527432
M_2,s23,I,440.0,0.06285875441478149
M_2,s23,I,460.0,0.009787410493945103
M_2,s23,I,480.0,-0.4606772293684624
M_2,s23,I,500.0,-0.8614290216312297
M_2,s23,I,520.0,-0.5477346373637803
M_2,s23,I,540.0,-0.07526462869773465
M_2,s23,I,560.0,-0.024285490317840497
M_2,s23,I,580.0,-0.3668075147698649
M_2,s23,I,600.0,-0.46025656249664915
M_2,s23,I,620.0,-0.31682481351952024
M_2,s23,I,640.0,-0.19584153233970672
M_2,s23,I,660.0,-0.4200440798121793
M_2,s23,I,680.0,-0.5142293743549631
M_2,s23,I,700.0,-0.5685955978887456
M_2,s23,I,720.0,-0.5863645400985019
M_2,s23,I,740.0,-0.4236908988023068
M_2,s23,I,760.0,-0.3911882240458897
M_2,s23,I,780.0,-0.20922252812365222
M_2,s23,I,800.0,0.004262401321478981
M_2,s23,I,820.0,-0.007287608699423076
M_2,s23,I,840.0,-0.03998868194717456
M_2,s23,I,860.0,-0.2540691737960884
M_2,s23,I,880.0,-0.24532729242929546
M_2,s23,I,900.0,-0.1670815227861413
M_2,s23,I,920.0,-0.26827086837059755
M_2,s23,I,940.0,-0.20606104101367884
M_2,s23,I,960.0,-0.27314355452306527
M_2,s23,I,980.0,-0.16534516496010607
F_1,s24,G,0.0,-0.1128328481290229
F_1,s24,G,20.0,-0.2668883553138923
F_1,s24,G,40.0,-0.3689016753157362
F_1,s24,G,60.0,-0.26378454416251
F_1,s24,G,80.0,-0.25280595399809336
F_1,s24,G,100.0,-0.2906643411181534
F_1,s24,G,120.0,-0.2310339950031964
F_1,s24,G,140.0,-0.10645877522264965
F_1,s24,G,160.0,0.04532154090265999
F_1,s24,G,180.0,-0.11160571628106485
F_1,s24,G,200.0,-0.25313992123586504
F_1,s24,G,220.0,-0.1349006160021037
F_1,s24,G,240.0,-0.09722934282213025
F_1,s24,G,260.0,-0.38866227212571547
F_1,s24,G,280.0,-0.3824307980396615
F_1,s24,G,300.0,-0.1652089070365603
F_1,s24,G,320.0,-0.07656477225692243
F_1,s24,G,340.0,-0.33939280927039583
F_1,s24,G,360.0,-0.35209624426080627
F_1,s24,G,380.0,-0.15567569028424358
F_1,s24,G,400.0,-0.0363310466959539
F_1,s24,G,420.0,-0.22255639373978403
F_1,s24,G,440.0,-0.48174733432795985
F_1,s24,G,460.0,-0.29873296376579084
F_1,s24,G,480.0,-0.033459852172784174
F_1,s24,G,500.0,-0.11746811833099713
F_1,s24,G,520.0,-0.26452907187175734
F_1,s24,G,540.0,-0.33160161092214074
F_1,s24,G,560.0,0.005605168732768062
F_1,s24,G,580.0,-0.059443820767930436
F_1,s24,G,600.0,-0.07693485725831042
F_1,s24,G,620.0,0.22684541753026857
F_1,s24,G,640.0,0.19631076830718802
F_1,s24,G,660.0,0.08862234071463554
F_1,s24,G,680.0,0.10127389705937263
F_1,s24,G,700.0,0.07000355136739711
F_1,s24,G,720.0,-0.11074770772204046
F_1,s24,G,740.0,-0.0533191825027797
F_1,s24,G,760.0,0.07808017501700545
F_1,s24,G,780.0,-0.021091702433213372
F_1,s24,G,800.0,-0.0006756499652090797
F_1,s24,G,820.0,-0.07262247232603793
F_1,s24,G,840.0,-0.0035553033933106576
F_1,s24,G,860.0,0.04955518835795565
F_1,s24,G,880.0,-0.01194385062744599
F_1,s24,G,900.0,-0.07858282124806984
F_1,s24,G,920.0,-0.0046245014214366525
F_1,s24,G,940.0,0.021919420388131033
F_1,s24,G,960.0,0.04738024875463384
F_1,s24,G,980.0,-0.18706996654408337
F_1,s24,A,0.0,-0.034251848529953985
F_1,s24,A,20.0,0.10397758319559354
F_1,s24,A,40.0,0.13990741407186974
F_1,s24,A,60.0,-0.1235416682352084
F_1,s24,A,80.0,0.06338081141579006
F_1,s24,A,100.0,0.16234099308879774
F_1,s24,A,120.0,-0.03929560422580444
F_1,s24,A,140.0,-0.0741973987108577
F_1,s24,A,160.0,-0.1256274005174525
F_1,s24,A,180.0,-0.06515138405952292
F_1,s24,A,200.0,0.0006090115500369288
F_1,s24,A,220.0,0.10733913212145672
F_1,s24,A,240.0,0.020023080730751323
F_1,s24,A,260.0,-0.0013125854442663093
F_1,s24,A,280.0,-0.3035104239336393
F_1,s24,A,300.0,-0.17384533348955322
F_1,s24,A,320.0,0.11972607570492505
F_1,s24,A,340.0,0.017558484109030534
F_1,s24,A,360.0,-0.4569114867924153
F_1,s24,A,380.0,-0.4417775625861089
F_1,s24,A,400.0,-0.09406565919988188
F_1,s24,A,420.0,-0.1417978572624306
F_1,s24,A,440.0,-0.322504389956492
F_1,s24,A,460.0,-0.469643424610405
F_1,s24,A,480.0,-0.6011820276445832
F_1,s24,A,500.0,-0.33458050371787296
F_1,s24,A,520.0,-0.32502342828554426
F_1,s24,A,540.0,-0.5309211287646127
F_1,s24,A,560.0,-0.6124005221568334
F_1,s24,A,580.0,-0.6595988282833458
F_1,s24,A,600.0,-0.41984002180779495
F_1,s24,A,620.0,-0.22226877649022464
F_1,s24,A,640.0,-0.16578145001458439
F_1,s24,A,660.0,-0.2612678071378681
F_1,s24,A,680.0,-0.3641914674244905
F_1,s24,A,700.0,-0.22509683129232627
F_1,s24,A,720.0,-0.2954988024421834
F_1,s24,A,740.0,-0.11548362768913638
F_1,s24,A,760.0,-0.17631544898495627
F_1,s24,A,780.0,-0.1362245391755293
F_1,s24,A,800.0,-0.2530609457223998
F_1,s24,A,820.0,-0.2562195502434621
F_1,s24,A,840.0,-0.06587759598084197
F_1,s24,A,860.0,0.016021325742462456
F_1,s24,A,880.0,-0.011337026704945297
F_1,s24,A,900.0,-0.22057958203847902
F_1,s24,A,920.0,-0.3088307248011315
F_1,s24,A,940.0,-0.2069464846538774
F_1,s24,A,960.0,-0.3008640280318386
F_1,s24,A,980.0,-0.1645577398761447
F_1,s24,I,0.0,0.15823463497654386
F_1,s24,I,20.0,-0.13017905382779674
F_1,s24,I,40.0,-0.2212799481334226
F_1,s24,I,60.0,0.17804509766815937
F_1,s24,I,80.0,-0.06068098046705016
F_1,s24,I,100.0,-0.29841441837103216
F_1,s24,I,120.0,-0.1255041615700579
F_1,s24,I,140.0,-0.04611930968303903
F_1,s24,I,160.0,-0.06042066887883597
F_1,s24,I,180.0,-0.17094734276586102
F_1,s24,I,200.0,-0.08323703290034135
F_1,s24,I,220.0,-0.27593086004445433
F_1,s24,I,240.0,-0.34465334331933556
F_1,s24,I,260.0,-0.14652527672144333
F_1,s24,I,280.0,0.21017204524558772
F_1,s24,I,300.0,-0.05637622937134955
F_1,s24,I,320.0,-0.4271709026497494
F_1,s24,I,340.0,-0.1558453502639918
F_1,s24,I,360.0,0.41500334287195484
F_1,s24,I,380.0,0.0690710992213132
F_1,s24,I,400.0,-0.4440921150720027
F_1,s24,I,420.0,-0.3000284405793394
F_1,s24,I,440.0,0.2869703239372902
F_1,s24,I,460.0,0.3929264584073341
F_1,s24,I,480.0,0.15119812613185724
F_1,s24,I,500.0,0.14541098474925154
F_1,s24,I,520.0,0.4058239343622877
F_1,s24,I,540.0,0.30972614558288475
F_1,s24,I,560.0,-0.12463097047307682
F_1,s24,I,580.0,0.34750347103923773
F_1,s24,I,600.0,0.6053681604516488
F_1,s24,I,620.0,-0.01928389463832346
F_1,s24,I,640.0,-0.43670571912639217
F_1,s24,I,660.0,-0.163538487499175
F_1,s24,I,680.0,-0.05062939413771698
F_1,s24,I,700.0,-0.23603691911024907
F_1,s24,I,720.0,-0.24863159516742664
F_1,s24,I,740.0,-0.5347399349627585
F_1,s24,I,760.0,-0.44313122021539325
F_1,s24,I,780.0,-0.39010021924718274
F_1,s24,I,800.0,-0.39582325646573235
F_1,s24,I,820.0,-0.05822292586096335
F_1,s24,I,840.0,-0.2738265392394068
F_1,s24,I,860.0,-0.4530798616381619
F_1,s24,I,880.0,-0.3201397692567065
F_1,s24,I,900.0,0.03374547538366701
F_1,s24,I,920.0,0.20994833178944822
F_1,s24,I,940.0,0.07980051268621333
F_1,s24,I,960.0,0.131433591697803
F_1,s24,I,980.0,0.14661513670093587
F_2,s24,G,0.0,-0.21778983699314475
F_2,s24,G,20.0,-0.2959833509192244
F_2,s24,G,40.0,-0.4121589518526397
F_2,s24,G,60.0,-0.2593919302003711
F_2,s24,G,80.0,-0.29392244921604693
F_2,s24,G,100.0,-0.3239848776223047
F_2,s24,G,120.0,-0.23360423701778102
F_2,s24,G,140.0,-0.11209476040486012
F_2,s24,G,160.0,0.13355633485056817
F_2,s24,G,180.0,-0.0034725790503673803
F_2,s24,G,200.0,-0.24553526240767165
F_2,s24,G,220.0,-0.1209956315831504
F_2,s24,G,240.0,-0.06433889548722234
F_2,s24,G,260.0,-0.233312143565106
F_2,s24,G,280.0,-0.3123326219135628
F_2,s24,G,300.0,-0.20698647624258998
F_2,s24,G,320.0,-0.018548831370451074
F_2,s24,G,340.0,-0.17243188505866763
F_2,s24,G,360.0,-0.12605867540190943
F_2,s24,G,380.0,-0.13895663262616825
F_2,s24,G,400.0,-0.13590750566260262
F_2,s24,G,420.0,-0.19407985922008575
F_2,s24,G,440.0,-0.3314450385365796
F_2,s24,G,460.0,-0.14689838093864663
F_2,s24,G,480.0,5.861025243142359e-05
F_2,s24,G,500.0,-0.1829312035885286
F_2,s24,G,520.0,-0.19352802720114848
F_2,s24,G,540.0,-0.24595421140561724
F_2,s24,G,560.0,0.028425361279171082
F_2,s24,G,580.0,-0.10977646098954197
F_2,s24,G,600.0,-0.1246702712835687
F_2,s24,G,620.0,0.1814858748373538
F_2,s24,G,640.0,0.107655787407155
F_2,s24,G,660.0,-0.10718516864088322
F_2,s24,G,680.0,-0.036734494480879454
F_2,s24,G,700.0,0.006705334417351869
F_2,s24,G,720.0,-0.2792851901377951
F_2,s24,G,740.0,-0.3696420706494973
F_2,s24,G,760.0,-0.2193321354109443
F_2,s24,G,780.0,-0.12482358039146413
F_2,s24,G,800.0,-0.16001521846081337
F_2,s24,G,820.0,-0.4241457900763821
F_2,s24,G,840.0,-0.3553723802137078
F_2,s24,G,860.0,-0.21599911509767244
F_2,s24,G,880.0,-0.19861794501117735
F_2,s24,G,900.0,-0.29298435931646183
F_2,s24,G,920.0,-0.283208868773064
F_2,s24,G,940.0,-0.20332300998023212
F_2,s24,G,960.0,-0.09874434639756165
F_2,s24,G,980.0,-0.41950662861151006
F_2,s24,A,0.0,-0.01601486021533402
F_2,s24,A,20.0,0.16932318276576158
F_2,s24,A,40.0,0.19163699980389926
F_2,s24,A,60.0,0.03551317803393772
F_2,s24,A,80.0,0.25130562292963915
F_2,s24,A,100.0,0.2854151469095473
F_2,s24,A,120.0,0.038030380392658575
F_2,s24,A,140.0,0.07007523615303721
F_2,s24,A,160.0,0.023113171183747512
F_2,s24,A,180.0,-0.11861948475424071
F_2,s24,A,200.0,0.018182063841152084
F_2,s24,A,220.0,0.18904404560353594
F_2,s24,A,240.0,0.035272097173447155
F_2,s24,A,260.0,0.003348074858849949
F_2,s24,A,280.0,0.06716631367897208
F_2,s24,A,300.0,0.09037771454810145
F_2,s24,A,320.0,0.1999291901343575
F_2,s24,A,340.0,0.13863512280067444
F_2,s24,A,360.0,-0.20320681138352295
F_2,s24,A,380.0,-0.07307056611299623
F_2,s24,A,400.0,0.2448617827413565
F_2,s24,A,420.0,0.06526130242848098
F_2,s24,A,440.0,-0.10037621884700351
F_2,s24,A,460.0,-0.1290925957190469
F_2,s24,A,480.0,-0.29729870770143735
F_2,s24,A,500.0,-0.1913662286406471
F_2,s24,A,520.0,-0.009494197034769752
F_2,s24,A,540.0,-0.006080469991226772
F_2,s24,A,560.0,-0.26917528487937903
F_2,s24,A,580.0,-0.34228786369564035
F_2,s24,A,600.0,-0.03163475450531694
F_2,s24,A,620.0,0.16111844796887964
F_2,s24,A,640.0,-0.00627139177595705
F_2,s24,A,660.0,-0.15063393196044628
F_2,s24,A,680.0,-0.1657167276769042
F_2,s24,A,700.0,0.02593127604847953
F_2,s24,A,720.0,0.02957378027583102
F_2,s24,A,740.0,0.11080741978887981
F_2,s24,A,760.0,0.07517581463344879
F_2,s24,A,780.0,0.07796238355331732
F_2,s24,A,800.0,-0.10479301473082545
F_2,s24,A,820.0,0.029673621132121922
F_2,s24,A,840.0,0.20831494724085853
F_2,s24,A,860.0,0.23481764980381623
F_2,s24,A,880.0,0.19262391713279403
F_2,s24,A,900.0,0.010448247568739966
F_2,s24,A,920.0,0.06279932291204775
F_2,s24,A,940.0,0.03818311227348327
F_2,s24,A,960.0,-0.09620097361805086
F_2,s24,A,980.0,0.22741163827723312
F_2,s24,I,0.0,0.28747747100707693
F_2,s24,I,20.0,0.04187065993053686
F_2,s24,I,40.0,0.08976339791848433
F_2,s24,I,60.0,0.29391787808753184
F_2,s24,I,80.0,0.02715488331149537
F_2,s24,I,100.0,-0.11832029328038142
F_2,s24,I,120.0,0.06590870303754101
F_2,s24,I,140.0,0.008759334789059317
F_2,s24,I,160.0,-0.07937200072726228
F_2,s24,I,180.0,-0.06911928910911894
F_2,s24,I,200.0,-0.1272245423481192
F_2,s24,I,220.0,-0.2326587719253413
F_2,s24,I,240.0,-0.2146856512050953
F_2,s24,I,260.0,-0.08660859585575582
F_2,s24,I,280.0,0.030773996679337494
F_2,s24,I,300.0,-0.08740488573942552
F_2,s24,I,320.0,-0.3585901333245941
F_2,s24,I,340.0,-0.22151226858231154
F_2,s24,I,360.0,0.17345333565265528
F_2,s24,I,380.0,-0.03333676266456502
F_2,s24,I,400.0,-0.552677065750451
F_2,s24,I,420.0,-0.47157077269483444
F_2,s24,I,440.0,-0.03299383002850784
F_2,s24,I,460.0,0.04383206318732171
F_2,s24,I,480.0,-0.08519757320805751
F_2,s24,I,500.0,-0.15910721968678138
F_2,s24,I,520.0,-0.1843447015507398
F_2,s24,I,540.0,-0.25866509120067216
F_2,s24,I,560.0,-0.310986168977671
F_2,s24,I,580.0,0.06977489261613504
F_2,s24,I,600.0,-0.05447232658849235
F_2,s24,I,620.0,-0.6615447481386945
F_2,s24,I,640.0,-0.5657001994988005
F_2,s24,I,660.0,-0.17445615328109867
F_2,s24,I,680.0,-0.1911528170846216
F_2,s24,I,700.0,-0.4042494640609553
F_2,s24,I,720.0,-0.4527047753566925
F_2,s24,I,740.0,-0.4941061845175949
F_2,s24,I,760.0,-0.39227383903135415
F_2,s24,I,780.0,-0.39917012551409714
F_2,s24,I,800.0,-0.2782784853645688
F_2,s24,I,820.0,0.0364248005761319
F_2,s24,I,840.0,-0.17506469998786728
F_2,s24,I,860.0,-0.29905494210862815
F_2,s24,I,880.0,-0.23703584034946112
F_2,s24,I,900.0,0.03873542358065129
F_2,s24,I,920.0,0.1452706817717691
F_2,s24,I,940.0,0.14660053240124832
F_2,s24,I,960.0,0.12888720193726566
F_2,s24,I,980.0,-0.03514332205017365
M_1,s24,G,0.0,-0.02187985230324928
M_1,s24,G,20.0,0.05339276702935656
M_1,s24,G,40.0,-0.11251915759541817
M_1,s24,G,60.0,-0.04264204930664957
M_1,s24,G,80.0,0.03934831724461944
M_1,s24,G,100.0,0.06601269953639316
M_1,s24,G,120.0,0.052297539376447294
M_1,s24,G,140.0,0.09342614019248002
M_1,s24,G,160.0,0.35191813030919794
M_1,s24,G,180.0,0.3423383868871748
M_1,s24,G,200.0,0.10310189012538273
M_1,s24,G,220.0,0.16543877304077764
M_1,s24,G,240.0,0.2396374381342477
M_1,s24,G,260.0,0.11603005862374619
M_1,s24,G,280.0,0.0712157276013086
M_1,s24,G,300.0,0.3025395576227954
M_1,s24,G,320.0,0.43535903151681826
M_1,s24,G,340.0,0.2275333749015489
M_1,s24,G,360.0,0.22600735892250537
M_1,s24,G,380.0,0.29454967070503546
M_1,s24,G,400.0,0.40925654976649534
M_1,s24,G,420.0,0.38444650587678214
M_1,s24,G,440.0,0.08401925162233313
M_1,s24,G,460.0,0.04887831614249463
M_1,s24,G,480.0,0.2869472452672094
M_1,s24,G,500.0,0.47409894334979286
M_1,s24,G,520.0,0.49851076404021294
M_1,s24,G,540.0,0.46195232448125517
M_1,s24,G,560.0,0.6347139120268017
M_1,s24,G,580.0,0.44156549244596044
M_1,s24,G,600.0,0.2894074712841471
M_1,s24,G,620.0,0.5294714130847205
M_1,s24,G,640.0,0.6001453839454312
M_1,s24,G,660.0,0.37971484410899525
M_1,s24,G,680.0,0.46261214132737183
M_1,s24,G,700.0,0.5843859057929972
M_1,s24,G,720.0,0.3422572213140341
M_1,s24,G,740.0,0.2707183667437001
M_1,s24,G,760.0,0.398422443543271
M_1,s24,G,780.0,0.3805531904585101
M_1,s24,G,800.0,0.3258204074275999
M_1,s24,G,820.0,0.10879036531789665
M_1,s24,G,840.0,0.16354235039233733
M_1,s24,G,860.0,0.3775974683216814
M_1,s24,G,880.0,0.3483893296516501
M_1,s24,G,900.0,0.13408355010515688
M_1,s24,G,920.0,0.18079705226337564
M_1,s24,G,940.0,0.3474752527961707
M_1,s24,G,960.0,0.42530298167173264
M_1,s24,G,980.0,0.25066206186897877
M_1,s24,A,0.0,-0.03138744717479139
M_1,s24,A,20.0,0.038463635720445144
M_1,s24,A,40.0,0.02742027486260698
M_1,s24,A,60.0,-0.16593850945849398
M_1,s24,A,80.0,-0.0340372277101742
M_1,s24,A,100.0,0.05949164929300427
M_1,s24,A,120.0,-0.24824170744378982
M_1,s24,A,140.0,-0.14405958193588808
M_1,s24,A,160.0,-0.2646265418107363
M_1,s24,A,180.0,-0.2964560341002062
M_1,s24,A,200.0,-0.12898296709924034
M_1,s24,A,220.0,-0.10103640127094657
M_1,s24,A,240.0,-0.29758495818486685
M_1,s24,A,260.0,-0.250861197514514
M_1,s24,A,280.0,-0.24457781830496064
M_1,s24,A,300.0,-0.3496769146969199
M_1,s24,A,320.0,-0.23826859031939224
M_1,s24,A,340.0,-0.18466572323086775
M_1,s24,A,360.0,-0.4079539441271777
M_1,s24,A,380.0,-0.3061870105860577
M_1,s24,A,400.0,-0.24940944040642604
M_1,s24,A,420.0,-0.370729245934048
M_1,s24,A,440.0,-0.1475487114190001
M_1,s24,A,460.0,-0.2968969638507645
M_1,s24,A,480.0,-0.603113414639034
M_1,s24,A,500.0,-0.616840412684866
M_1,s24,A,520.0,-0.5287773600104958
M_1,s24,A,540.0,-0.5300662144463445
M_1,s24,A,560.0,-0.5393727544536903
M_1,s24,A,580.0,-0.47684187321978766
M_1,s24,A,600.0,-0.2630878263979458
M_1,s24,A,620.0,-0.2018889106029738
M_1,s24,A,640.0,-0.17180260503060896
M_1,s24,A,660.0,-0.15559910975957078
M_1,s24,A,680.0,-0.2182323408796658
M_1,s24,A,700.0,-0.19312341331937127
M_1,s24,A,720.0,-0.25446975572370445
M_1,s24,A,740.0,-0.08518118856334507
M_1,s24,A,760.0,-0.038447448300689094
M_1,s24,A,780.0,0.06722248559633286
M_1,s24,A,800.0,-0.19209510097987365
M_1,s24,A,820.0,-0.2003531641168344
M_1,s24,A,840.0,0.09090109902679497
M_1,s24,A,860.0,0.0915768764102402
M_1,s24,A,880.0,0.02618357438728812
M_1,s24,A,900.0,0.004204240924212538
M_1,s24,A,920.0,-0.030701655178876176
M_1,s24,A,940.0,-0.07463746770930968
M_1,s24,A,960.0,-0.19613990091462485
M_1,s24,A,980.0,-0.018245966365244802
M_1,s24,I,0.0,0.23990606728382652
M_1,s24,I,20.0,-0.013460397723841944
M_1,s24,I,40.0,-0.012881415950107389
M_1,s24,I,60.0,0.2976230917034755
M_1,s24,I,80.0,0.11288043200195613
M_1,s24,I,100.0,-0.15375203571755544
M_1,s24,I,120.0,0.06754848757129965
M_1,s24,I,140.0,0.0684006851847547
M_1,s24,I,160.0,0.08758991588867665
M_1,s24,I,180.0,0.031081822837101758
M_1,s24,I,200.0,-0.0829152995236978
M_1,s24,I,220.0,-0.12056430485986289
M_1,s24,I,240.0,-0.027041764239218453
M_1,s24,I,260.0,0.09852159206876061
M_1,s24,I,280.0,0.13236692470575512
M_1,s24,I,300.0,0.04002215491075712
M_1,s24,I,320.0,-0.15447735508817112
M_1,s24,I,340.0,-0.0370481302234223
M_1,s24,I,360.0,0.28257397628784536
M_1,s24,I,380.0,-0.07090565663766887
M_1,s24,I,400.0,-0.4062020564975263
M_1,s24,I,420.0,-0.3241869964282617
M_1,s24,I,440.0,-0.05253053705061664
M_1,s24,I,460.0,0.14642154371199137
M_1,s24,I,480.0,-0.002539848993729582
M_1,s24,I,500.0,-0.026772284392745746
M_1,s24,I,520.0,0.05022778868214495
M_1,s24,I,540.0,-0.02781837878159573
M_1,s24,I,560.0,-0.12481493230902417
M_1,s24,I,580.0,0.0755028853454383
M_1,s24,I,600.0,0.03713718953428842
M_1,s24,I,620.0,-0.4084877742198538
M_1,s24,I,640.0,-0.40921368468618535
M_1,s24,I,660.0,-0.06950397830127937
M_1,s24,I,680.0,-0.1543774591480818
M_1,s24,I,700.0,-0.36340880001547615
M_1,s24,I,720.0,-0.38487845436749235
M_1,s24,I,740.0,-0.5054572034680669
M_1,s24,I,760.0,-0.48946229134370306
M_1,s24,I,780.0,-0.5372034828489483
M_1,s24,I,800.0,-0.37896077912347226
M_1,s24,I,820.0,-0.002111806685100831
M_1,s24,I,840.0,-0.2759194183108434
M_1,s24,I,860.0,-0.35013832872903083
M_1,s24,I,880.0,-0.24658666159847425
M_1,s24,I,900.0,-0.07758731481216481
M_1,s24,I,920.0,0.05409178062172567
M_1,s24,I,940.0,0.05267809165384074
M_1,s24,I,960.0,0.08650778940795065
M_1,s24,I,980.0,-0.017182356213096505
M_2,s24,G,0.0,-0.06797257536658162
M_2,s24,G,20.0,-0.14421848508119256
M_2,s24,G,40.0,-0.2908638263823055
M_2,s24,G,60.0,-0.19450976631575087
M_2,s24,G,80.0,-0.10009960257156889
M_2,s24,G,100.0,-0.09007727261752879
M_2,s24,G,120.0,-0.02043725162161225
M_2,s24,G,140.0,0.03241858071976089
M_2,s24,G,160.0,0.30336911473913486
M_2,s24,G,180.0,0.1396078996265454
M_2,s24,G,200.0,0.03974577367867463
M_2,s24,G,220.0,0.11113631916178207
M_2,s24,G,240.0,0.20744338607309568
M_2,s24,G,260.0,-0.031752543278177975
M_2,s24,G,280.0,-0.04588492229601501
M_2,s24,G,300.0,0.039023981608835884
M_2,s24,G,320.0,0.07338657617788287
M_2,s24,G,340.0,-0.13950013244463388
M_2,s24,G,360.0,-0.0901091354818693
M_2,s24,G,380.0,0.06464425895599525
M_2,s24,G,400.0,0.12899760091492476
M_2,s24,G,420.0,-0.13438901827668162
M_2,s24,G,440.0,-0.3748150618744303
M_2,s24,G,460.0,0.11336329584764114
M_2,s24,G,480.0,0.41531675622618347
M_2,s24,G,500.0,0.11645026638531897
M_2,s24,G,520.0,-0.2943645209201193
M_2,s24,G,540.0,-0.161198033032199
M_2,s24,G,560.0,0.4484877724195929
M_2,s24,G,580.0,0.250979718333452
M_2,s24,G,600.0,-0.10327715530084688
M_2,s24,G,620.0,0.04049168721261853
M_2,s24,G,640.0,0.133600937161057
M_2,s24,G,660.0,0.19555099069166296
M_2,s24,G,680.0,0.2778581874408369
M_2,s24,G,700.0,0.19336805355705583
M_2,s24,G,720.0,-0.21145583821499617
M_2,s24,G,740.0,-0.38213567071049126
M_2,s24,G,760.0,-0.10362037702437987
M_2,s24,G,780.0,-0.021029058597712924
M_2,s24,G,800.0,-0.20819630207691325
M_2,s24,G,820.0,-0.30223222579757325
M_2,s24,G,840.0,-0.2702353999773984
M_2,s24,G,860.0,-0.006679796846738306
M_2,s24,G,880.0,-0.13604696545365838
M_2,s24,G,900.0,-0.16624562716565128
M_2,s24,G,920.0,-0.11758852848065544
M_2,s24,G,940.0,0.001650163789969357
M_2,s24,G,960.0,0.06849549472846614
M_2,s24,G,980.0,-0.0979266426329577
M_2,s24,A,0.0,-0.09407354801424322
M_2,s24,A,20.0,0.040845809714188025
M_2,s24,A,40.0,0.0057971488336890364
M_2,s24,A,60.0,-0.12886894360334814
M_2,s24,A,80.0,-0.027449746985389767
M_2,s24,A,100.0,-0.03269452273458982
M_2,s24,A,120.0,-0.20951981516026363
M_2,s24,A,140.0,-0.12800561265932073
M_2,s24,A,160.0,-0.25207972893864533
M_2,s24,A,180.0,-0.17183497875565848
M_2,s24,A,200.0,0.026316818807289075
M_2,s24,A,220.0,0.053845499157198454
M_2,s24,A,240.0,-0.11334172451887886
M_2,s24,A,260.0,-0.22942542509239097
M_2,s24,A,280.0,-0.27076314126560835
M_2,s24,A,300.0,-0.22598959082651185
M_2,s24,A,320.0,-0.04658742753227506
M_2,s24,A,340.0,0.0035437253301040528
M_2,s24,A,360.0,-0.3803451841958033
M_2,s24,A,380.0,-0.47193668178964143
M_2,s24,A,400.0,-0.14885793047412235
M_2,s24,A,420.0,-0.1170837190908415
M_2,s24,A,440.0,-0.24962170831990776
M_2,s24,A,460.0,-0.5207080096701094
M_2,s24,A,480.0,-0.6738863050286631
M_2,s24,A,500.0,-0.3701096664813927
M_2,s24,A,520.0,-0.2753629148149951
M_2,s24,A,540.0,-0.48254442827285593
M_2,s24,A,560.0,-0.5132779794225044
M_2,s24,A,580.0,-0.4436099254832207
M_2,s24,A,600.0,-0.04460627544957474
M_2,s24,A,620.0,0.09658493142849885
M_2,s24,A,640.0,-0.05556896999574856
M_2,s24,A,660.0,-0.005214895309296558
M_2,s24,A,680.0,0.002554415346228578
M_2,s24,A,700.0,0.09121165048440644
M_2,s24,A,720.0,0.0766852273193907
M_2,s24,A,740.0,0.1440082166031048
M_2,s24,A,760.0,0.037983694932196166
M_2,s24,A,780.0,0.21353157066316011
M_2,s24,A,800.0,0.08225018100584396
M_2,s24,A,820.0,0.03602327529378791
M_2,s24,A,840.0,0.24865899474145173
M_2,s24,A,860.0,0.23061731769273683
M_2,s24,A,880.0,0.24135654754536454
M_2,s24,A,900.0,0.09002546930262001
M_2,s24,A,920.0,0.09381853998025338
M_2,s24,A,940.0,0.00046147243145874817
M_2,s24,A,960.0,-0.14423324122515194
M_2,s24,A,980.0,0.16654316131830413
M_2,s24,I,0.0,0.11547544755937553
M_2,s24,I,20.0,-0.050259019012010964
M_2,s24,I,40.0,0.14862516675560294
M_2,s24,I,60.0,0.17701951917651032
M_2,s24,I,80.0,-0.08119174704972128
M_2,s24,I,100.0,-0.19073994524379068
M_2,s24,I,120.0,-0.01120116473173317
M_2,s24,I,140.0,-0.16923612749237416
M_2,s24,I,160.0,-0.44157159142878194
M_2,s24,I,180.0,-0.3830202190598405
M_2,s24,I,200.0,-0.6626738428507126
M_2,s24,I,220.0,-0.6766039999557865
M_2,s24,I,240.0,-0.4516019053026169
M_2,s24,I,260.0,-0.11357335278419534
M_2,s24,I,280.0,-0.36663477442953174
M_2,s24,I,300.0,-0.39624860004537477
M_2,s24,I,320.0,-0.3980203822110513
M_2,s24,I,340.0,-0.3676301262878398
M_2,s24,I,360.0,-0.027665446374316477
M_2,s24,I,380.0,-0.178374416097133
M_2,s24,I,400.0,-0.8518808560600735
M_2,s24,I,420.0,-0.7313276320082016
M_2,s24,I,440.0,0.061368206387522856
M_2,s24,I,460.0,-0.0855201888823601
M_2,s24,I,480.0,-0.6037927475666811
M_2,s24,I,500.0,-1.062966382421448
M_2,s24,I,520.0,-0.6258619159148477
M_2,s24,I,540.0,-0.1984768306705691
M_2,s24,I,560.0,-0.024444805380155782
M_2,s24,I,580.0,0.08102603193247913
M_2,s24,I,600.0,-0.25244583771423207
M_2,s24,I,620.0,-0.8036865497907478
M_2,s24,I,640.0,-0.27981831006972285
M_2,s24,I,660.0,0.041850255790846114
M_2,s24,I,680.0,0.03470326940172673
M_2,s24,I,700.0,-0.4466438372280473
M_2,s24,I,720.0,-0.5799655711303707
M_2,s24,I,740.0,-0.2758865223823406
M_2,s24,I,760.0,-0.13967186640410342
M_2,s24,I,780.0,-0.12148585233149202
M_2,s24,I,800.0,0.08266335716329243
M_2,s24,I,820.0,0.3138650655942439
M_2,s24,I,840.0,0.29451423411428806
M_2,s24,I,860.0,0.1590799365679639
M_2,s24,I,880.0,0.1531583437167236
M_2,s24,I,900.0,0.21325521331795688
M_2,s24,I,920.0,0.1732838931436731
M_2,s24,I,940.0,0.29762901380181017
M_2,s24,I,960.0,0.30883403507222174
M_2,s24,I,980.0,-0.0981848264047214
F_1,s25,G,0.0,-0.06964646824303886
F_1,s25,G,20.0,-0.14911949596715937
F_1,s25,G,40.0,-0.10968843233629436
F_1,s25,G,60.0,-0.07346083376154805
F_1,s25,G,80.0,-0.02922263386273078
F_1,s25,G,100.0,-0.04308440154908651
F_1,s25,G,120.0,0.034636374424414
F_1,s25,G,140.0,0.03852749817208129
F_1,s25,G,160.0,0.07471524853381051
F_1,s25,G,180.0,0.01293826643517948
F_1,s25,G,200.0,-0.11817597198126753
F_1,s25,G,220.0,-0.058204510452545745
F_1,s25,G,240.0,0.08424224471967819
F_1,s25,G,260.0,0.1209222943463988
F_1,s25,G,280.0,-0.04689280266455419
F_1,s25,G,300.0,-0.23164489772293323
F_1,s25,G,320.0,-0.09971117628704174
F_1,s25,G,340.0,0.1220776025561637
F_1,s25,G,360.0,0.07293172625401613
F_1,s25,G,380.0,-0.06338466374813036
F_1,s25,G,400.0,-0.1721283447875941
F_1,s25,G,420.0,-0.13611120179571523
F_1,s25,G,440.0,-0.03287278053506076
F_1,s25,G,460.0,-0.12312946944198344
F_1,s25,G,480.0,0.026674079734828778
F_1,s25,G,500.0,0.10715402273327689
F_1,s25,G,520.0,0.10687479424122973
F_1,s25,G,540.0,0.02862696980431212
F_1,s25,G,560.0,-0.09291968550222382
F_1,s25,G,580.0,0.21224957437400022
F_1,s25,G,600.0,0.3208973182461406
F_1,s25,G,620.0,0.17922094303192482
F_1,s25,G,640.0,-0.0673916074243996
F_1,s25,G,660.0,-0.27475267040600104
F_1,s25,G,680.0,-0.02383733480494251
F_1,s25,G,700.0,0.158485401773819
F_1,s25,G,720.0,-0.051447750254442814
F_1,s25,G,740.0,-0.11131225864595652
F_1,s25,G,760.0,-0.037775381097223976
F_1,s25,G,780.0,0.089735186208808
F_1,s25,G,800.0,-0.012426619044237086
F_1,s25,G,820.0,-0.02534128850782577
F_1,s25,G,840.0,0.08471223244246576
F_1,s25,G,860.0,0.08902756471451158
F_1,s25,G,880.0,0.1229872163121914
F_1,s25,G,900.0,0.17958291064416937
F_1,s25,G,920.0,0.07676387123628818
F_1,s25,G,940.0,-0.12100641543113909
F_1,s25,G,960.0,-0.1235944291617087
F_1,s25,G,980.0,0.09524243745596259
F_1,s25,A,0.0,-0.1401058312007764
F_1,s25,A,20.0,-0.3097652229323276
F_1,s25,A,40.0,-0.058520530554155126
F_1,s25,A,60.0,-0.06197378806348598
F_1,s25,A,80.0,-0.13341747094276846
F_1,s25,A,100.0,-0.15227045921664562
F_1,s25,A,120.0,-0.1797270925530668
F_1,s25,A,140.0,-0.014915403116554204
F_1,s25,A,160.0,0.10027595310172019
F_1,s25,A,180.0,0.25205724867221113
F_1,s25,A,200.0,0.02677053017617881
F_1,s25,A,220.0,-0.14432826170563864
F_1,s25,A,240.0,0.027859275010975404
F_1,s25,A,260.0,0.21771223169071427
F_1,s25,A,280.0,0.4566664219511601
F_1,s25,A,300.0,0.38689843955176917
F_1,s25,A,320.0,-0.07345098296098884
F_1,s25,A,340.0,0.03463211113923609
F_1,s25,A,360.0,0.278284530654289
F_1,s25,A,380.0,0.21782212558331532
F_1,s25,A,400.0,0.0823913559899041
F_1,s25,A,420.0,-0.030291181746871065
F_1,s25,A,440.0,0.051244258669576485
F_1,s25,A,460.0,0.11043330292577702
F_1,s25,A,480.0,-0.1770583993334725
F_1,s25,A,500.0,-0.3221926755057113
F_1,s25,A,520.0,-0.036255119706133626
F_1,s25,A,540.0,0.03966194558520894
F_1,s25,A,560.0,-0.04277998032168152
F_1,s25,A,580.0,-0.2732258983787715
F_1,s25,A,600.0,-0.15282861219804994
F_1,s25,A,620.0,0.24056079257058677
F_1,s25,A,640.0,0.36384993698002976
F_1,s25,A,660.0,0.24718715817962433
F_1,s25,A,680.0,0.18256537518905297
F_1,s25,A,700.0,0.2659271346114515
F_1,s25,A,720.0,0.4252902116949083
F_1,s25,A,740.0,0.5352972020065708
F_1,s25,A,760.0,0.42607535099302074
F_1,s25,A,780.0,0.2022461043238054
F_1,s25,A,800.0,0.19068747429182714
F_1,s25,A,820.0,0.3625553615696807
F_1,s25,A,840.0,0.4136467303541105
F_1,s25,A,860.0,0.3003369459095113
F_1,s25,A,880.0,0.1753356300799348
F_1,s25,A,900.0,0.14855315258402862
F_1,s25,A,920.0,0.11575427397779631
F_1,s25,A,940.0,0.14358852784992304
F_1,s25,A,960.0,0.12109668156401739
F_1,s25,A,980.0,0.06598151137965368
F_1,s25,I,0.0,-0.1835720752618764
F_1,s25,I,20.0,0.19074299088331037
F_1,s25,I,40.0,0.036234639900233234
F_1,s25,I,60.0,0.16666134849822323
F_1,s25,I,80.0,0.12680936617218305
F_1,s25,I,100.0,0.014209843550168827
F_1,s25,I,120.0,0.1368730815292713
F_1,s25,I,140.0,-0.0549965005502748
F_1,s25,I,160.0,-0.3513208836110765
F_1,s25,I,180.0,-0.4917359950290012
F_1,s25,I,200.0,-0.1712555347127593
F_1,s25,I,220.0,0.034537669081425165
F_1,s25,I,240.0,-0.19560537993754065
F_1,s25,I,260.0,-0.6876353484634946
F_1,s25,I,280.0,-0.6798204335549098
F_1,s25,I,300.0,-0.44406313661958524
F_1,s25,I,320.0,-0.05821653773256896
F_1,s25,I,340.0,-0.2139959625212027
F_1,s25,I,360.0,-0.4877729864276947
F_1,s25,I,380.0,-0.29335450096515814
F_1,s25,I,400.0,-0.05490763409425442
F_1,s25,I,420.0,0.0637437315984867
F_1,s25,I,440.0,-0.005307250757616407
F_1,s25,I,460.0,0.004300458987157904
F_1,s25,I,480.0,0.48683823481136707
F_1,s25,I,500.0,0.6593338077923938
F_1,s25,I,520.0,0.3469854462346954
F_1,s25,I,540.0,0.40591661425348774
F_1,s25,I,560.0,0.49185155984929624
F_1,s25,I,580.0,0.15420917038310175
F_1,s25,I,600.0,-0.08723503651566944
F_1,s25,I,620.0,-0.046689763878020984
F_1,s25,I,640.0,-0.2433830125815136
F_1,s25,I,660.0,-0.48885259110140056
F_1,s25,I,680.0,-0.5036521007794019
F_1,s25,I,700.0,-0.5785209107222071
F_1,s25,I,720.0,-0.8852133658979843
F_1,s25,I,740.0,-1.0130778072512516
F_1,s25,I,760.0,-0.9222228258601566
F_1,s25,I,780.0,-0.6158936364788505
F_1,s25,I,800.0,-0.45663169845934376
F_1,s25,I,820.0,-0.748672852965359
F_1,s25,I,840.0,-0.9001458729433971
F_1,s25,I,860.0,-0.46049029641121997
F_1,s25,I,880.0,-0.3501116493965873
F_1,s25,I,900.0,-0.61003666236914
F_1,s25,I,920.0,-0.674367054762901
F_1,s25,I,940.0,-0.3731694569387658
F_1,s25,I,960.0,-0.10542941000525655
F_1,s25,I,980.0,-0.10398992635396126
F_2,s25,G,0.0,0.07441167953987185
F_2,s25,G,20.0,0.0003689143772490286
F_2,s25,G,40.0,-0.024576094364362186
F_2,s25,G,60.0,-0.054712012865635894
F_2,s25,G,80.0,0.07156369745901173
F_2,s25,G,100.0,0.03760763855872163
F_2,s25,G,120.0,0.001963430521735296
F_2,s25,G,140.0,0.0162392922343753
F_2,s25,G,160.0,0.07131544615585432
F_2,s25,G,180.0,0.10401600431701943
F_2,s25,G,200.0,0.04449391523383697
F_2,s25,G,220.0,0.049788802658519815
F_2,s25,G,240.0,0.06504591378919267
F_2,s25,G,260.0,0.03636505077244268
F_2,s25,G,280.0,-0.042542195562628324
F_2,s25,G,300.0,-0.15817955391740438
F_2,s25,G,320.0,0.02415805743151956
F_2,s25,G,340.0,0.226511801274849
F_2,s25,G,360.0,0.20051893189993694
F_2,s25,G,380.0,0.08481140607868841
F_2,s25,G,400.0,-0.0965392579535999
F_2,s25,G,420.0,-0.1158875807440962
F_2,s25,G,440.0,0.01520768555126701
F_2,s25,G,460.0,0.032283104320337624
F_2,s25,G,480.0,0.15883459766298005
F_2,s25,G,500.0,0.21293134972429437
F_2,s25,G,520.0,0.2347036039082014
F_2,s25,G,540.0,0.23716358288750233
F_2,s25,G,560.0,0.13019356146527689
F_2,s25,G,580.0,0.3166512357344983
F_2,s25,G,600.0,0.18937152344418154
F_2,s25,G,620.0,-0.038906659050291864
F_2,s25,G,640.0,-0.22023708810376139
F_2,s25,G,660.0,-0.32066719569291446
F_2,s25,G,680.0,-0.05790279785361166
F_2,s25,G,700.0,-0.03763993756455847
F_2,s25,G,720.0,-0.34586689766536705
F_2,s25,G,740.0,-0.47971859401789135
F_2,s25,G,760.0,-0.49355834333729154
F_2,s25,G,780.0,-0.23077450430176288
F_2,s25,G,800.0,-0.15827689504874617
F_2,s25,G,820.0,-0.11455751296771431
F_2,s25,G,840.0,-0.10081013286357375
F_2,s25,G,860.0,-0.17030919389882027
F_2,s25,G,880.0,-0.08083315136538789
F_2,s25,G,900.0,-0.023801626859557133
F_2,s25,G,920.0,-0.14117220882083545
F_2,s25,G,940.0,-0.2723266447416894
F_2,s25,G,960.0,-0.2497729005196197
F_2,s25,G,980.0,-0.03969203836048262
F_2,s25,A,0.0,0.006327891799413107
F_2,s25,A,20.0,-0.09390440173252122
F_2,s25,A,40.0,-0.003497121392979974
F_2,s25,A,60.0,0.05452277528994248
F_2,s25,A,80.0,0.04746688633835788
F_2,s25,A,100.0,0.07674495576242274
F_2,s25,A,120.0,0.1924705340536539
F_2,s25,A,140.0,0.3784636353704122
F_2,s25,A,160.0,0.29464267860262117
F_2,s25,A,180.0,0.11541788612839744
F_2,s25,A,200.0,0.01512694269143746
F_2,s25,A,220.0,0.11356207018277253
F_2,s25,A,240.0,0.30254889252085027
F_2,s25,A,260.0,0.5116867926409735
F_2,s25,A,280.0,0.6266996365334587
F_2,s25,A,300.0,0.6344643470146557
F_2,s25,A,320.0,0.3145320185529257
F_2,s25,A,340.0,0.2418024485732838
F_2,s25,A,360.0,0.40278660008386397
F_2,s25,A,380.0,0.5067489782018229
F_2,s25,A,400.0,0.36206877806449944
F_2,s25,A,420.0,0.08719761681688526
F_2,s25,A,440.0,0.036090946198833664
F_2,s25,A,460.0,0.2757060998676904
F_2,s25,A,480.0,0.06618791487066332
F_2,s25,A,500.0,-0.1577603507446581
F_2,s25,A,520.0,-0.0386949515208764
F_2,s25,A,540.0,0.07049296834448443
F_2,s25,A,560.0,0.2292191374011407
F_2,s25,A,580.0,0.13669962266629138
F_2,s25,A,600.0,0.05026604779589485
F_2,s25,A,620.0,0.20308454030381895
F_2,s25,A,640.0,0.41850047911846466
F_2,s25,A,660.0,0.36269091859689256
F_2,s25,A,680.0,0.18632176563798172
F_2,s25,A,700.0,0.309859061414007
F_2,s25,A,720.0,0.4942372897405247
F_2,s25,A,740.0,0.7177411683118952
F_2,s25,A,760.0,0.6889901290002476
F_2,s25,A,780.0,0.29782719852716594
F_2,s25,A,800.0,0.21614435985364783
F_2,s25,A,820.0,0.39146353549590523
F_2,s25,A,840.0,0.4599116051235008
F_2,s25,A,860.0,0.3289404768437808
F_2,s25,A,880.0,0.1971741815877136
F_2,s25,A,900.0,0.19186758642383916
F_2,s25,A,920.0,0.24403308700300652
F_2,s25,A,940.0,0.41978192546386545
F_2,s25,A,960.0,0.4407893298161176
F_2,s25,A,980.0,0.28639924138409956
F_2,s25,I,0.0,-0.11345261592832953
F_2,s25,I,20.0,0.16662986546166192
F_2,s25,I,40.0,0.16606570345828
F_2,s25,I,60.0,0.28608389932526535
F_2,s25,I,80.0,0.28109458934710385
F_2,s25,I,100.0,0.21235829207856532
F_2,s25,I,120.0,0.2046010109645066
F_2,s25,I,140.0,0.11302475574099119
F_2,s25,I,160.0,-0.051872550050962626
F_2,s25,I,180.0,0.03376392980940629
F_2,s25,I,200.0,0.27132790912514326
F_2,s25,I,220.0,0.2749013832627401
F_2,s25,I,240.0,0.028805611159086753
F_2,s25,I,260.0,-0.3902462319242657
F_2,s25,I,280.0,-0.2626743063534476
F_2,s25,I,300.0,-0.09307952972402717
F_2,s25,I,320.0,-0.04404944412005678
F_2,s25,I,340.0,-0.2563887015039147
F_2,s25,I,360.0,-0.40080617023932225
F_2,s25,I,380.0,-0.3448224175358352
F_2,s25,I,400.0,-0.12027707376858522
F_2,s25,I,420.0,0.103955717064602
F_2,s25,I,440.0,-0.048267774919216
F_2,s25,I,460.0,-0.12199487211198401
F_2,s25,I,480.0,0.3796011099201314
F_2,s25,I,500.0,0.6493216070186918
F_2,s25,I,520.0,0.25454126600151383
F_2,s25,I,540.0,0.05357698151057446
F_2,s25,I,560.0,0.20994401191132253
F_2,s25,I,580.0,0.06599091562908405
F_2,s25,I,600.0,-0.07654420774028275
F_2,s25,I,620.0,-0.29854633479064574
F_2,s25,I,640.0,-0.3945247724652954
F_2,s25,I,660.0,-0.20832054576656356
F_2,s25,I,680.0,-0.028289249902214486
F_2,s25,I,700.0,-0.09306435177348993
F_2,s25,I,720.0,-0.3334134192695829
F_2,s25,I,740.0,-0.5264907113397563
F_2,s25,I,760.0,-0.5417697728232568
F_2,s25,I,780.0,-0.28463197678319013
F_2,s25,I,800.0,-0.14454866828655163
F_2,s25,I,820.0,-0.35544158308155016
F_2,s25,I,840.0,-0.38453020333337945
F_2,s25,I,860.0,0.02857412982817739
F_2,s25,I,880.0,0.02775746273801022
F_2,s25,I,900.0,-0.3102531739419042
F_2,s25,I,920.0,-0.4490706261054352
F_2,s25,I,940.0,-0.2805195924186031
F_2,s25,I,960.0,-0.13623181371680926
F_2,s25,I,980.0,-0.1023298041416581
M_1,s25,G,0.0,0.00980088069562006
M_1,s25,G,20.0,-0.02808735044482541
M_1,s25,G,40.0,-0.11946075074703708
M_1,s25,G,60.0,-0.12149247947777227
M_1,s25,G,80.0,-0.010413181073399114
M_1,s25,G,100.0,-0.061052723345374794
M_1,s25,G,120.0,-0.1456936024300336
M_1,s25,G,140.0,0.03252244622111365
M_1,s25,G,160.0,0.09128291362540589
M_1,s25,G,180.0,-0.111354757958212
M_1,s25,G,200.0,-0.2744664202052396
M_1,s25,G,220.0,-0.2677446978351128
M_1,s25,G,240.0,-0.18882737845969616
M_1,s25,G,260.0,-0.07142598908031841
M_1,s25,G,280.0,-0.34017545780569014
M_1,s25,G,300.0,-0.49023436613982685
M_1,s25,G,320.0,-0.2650958684075301
M_1,s25,G,340.0,-0.06282716841949107
M_1,s25,G,360.0,-0.1166262138751761
M_1,s25,G,380.0,-0.2837037896258086
M_1,s25,G,400.0,-0.3374867492211383
M_1,s25,G,420.0,-0.28298944049995206
M_1,s25,G,440.0,-0.20616705610680072
M_1,s25,G,460.0,-0.3741044665412683
M_1,s25,G,480.0,-0.2467919052121395
M_1,s25,G,500.0,0.0822508183125524
M_1,s25,G,520.0,0.04022834542592155
M_1,s25,G,540.0,-0.2817667810177986
M_1,s25,G,560.0,-0.48223293782077803
M_1,s25,G,580.0,-0.02333701322148265
M_1,s25,G,600.0,0.06370670174837206
M_1,s25,G,620.0,-0.187974019353356
M_1,s25,G,640.0,-0.5383300964369021
M_1,s25,G,660.0,-0.5646634857058317
M_1,s25,G,680.0,-0.15467991620832222
M_1,s25,G,700.0,-0.08518483489048746
M_1,s25,G,720.0,-0.2892927357882502
M_1,s25,G,740.0,-0.29158426381125785
M_1,s25,G,760.0,-0.2188941120354039
M_1,s25,G,780.0,-0.0367944617016865
M_1,s25,G,800.0,-0.18308483185867047
M_1,s25,G,820.0,-0.30853919553005626
M_1,s25,G,840.0,-0.26663288891952897
M_1,s25,G,860.0,-0.30036464241892735
M_1,s25,G,880.0,-0.2709185779751738
M_1,s25,G,900.0,-0.20955443548022826
M_1,s25,G,920.0,-0.28499897437387534
M_1,s25,G,940.0,-0.5390127006852805
M_1,s25,G,960.0,-0.6297101865330741
M_1,s25,G,980.0,-0.32628465672884593
M_1,s25,A,0.0,-0.10510597502525687
M_1,s25,A,20.0,-0.25195825428927293
M_1,s25,A,40.0,-0.25034080372253165
M_1,s25,A,60.0,-0.22989507828999714
M_1,s25,A,80.0,-0.22786207039988096
M_1,s25,A,100.0,-0.21692723699072977
M_1,s25,A,120.0,-0.0643371183353123
M_1,s25,A,140.0,0.018414935037670166
M_1,s25,A,160.0,0.08065298570362732
M_1,s25,A,180.0,-0.0024378782478188463
M_1,s25,A,200.0,-0.10928136016133377
M_1,s25,A,220.0,0.01905812926293235
M_1,s25,A,240.0,0.10060141015633392
M_1,s25,A,260.0,0.23652681479664622
M_1,s25,A,280.0,0.3249071188310797
M_1,s25,A,300.0,0.35973369997909255
M_1,s25,A,320.0,0.2285686423714504
M_1,s25,A,340.0,0.2571422338748951
M_1,s25,A,360.0,0.31751094923475354
M_1,s25,A,380.0,0.26707132805048955
M_1,s25,A,400.0,0.23914437920285492
M_1,s25,A,420.0,0.0694763962822873
M_1,s25,A,440.0,0.017997985742206513
M_1,s25,A,460.0,0.07402949918157961
M_1,s25,A,480.0,-0.16193490748418304
M_1,s25,A,500.0,-0.34404214304837416
M_1,s25,A,520.0,-0.11054277800234177
M_1,s25,A,540.0,0.015499357427432636
M_1,s25,A,560.0,0.09373383556761063
M_1,s25,A,580.0,0.02848619039545714
M_1,s25,A,600.0,-0.011332656755985743
M_1,s25,A,620.0,0.0575737902413591
M_1,s25,A,640.0,0.27116141878578864
M_1,s25,A,660.0,0.257803787369108
M_1,s25,A,680.0,0.08526878399800658
M_1,s25,A,700.0,0.14925022081252987
M_1,s25,A,720.0,0.1463579734436829
M_1,s25,A,740.0,0.23400263812312366
M_1,s25,A,760.0,0.2685004781000964
M_1,s25,A,780.0,0.13528161653642573
M_1,s25,A,800.0,0.08849528380454988
M_1,s25,A,820.0,0.13929935495469437
M_1,s25,A,840.0,0.11737654277671533
M_1,s25,A,860.0,0.047253591634862264
M_1,s25,A,880.0,0.052203814763059964
M_1,s25,A,900.0,-0.0015219884851118692
M_1,s25,A,920.0,-0.04990081142199927
M_1,s25,A,940.0,0.12587986172048846
M_1,s25,A,960.0,0.16494754894200367
M_1,s25,A,980.0,0.029192166090246163
M_1,s25,I,0.0,-0.03146580855101194
M_1,s25,I,20.0,0.20903976501400534
M_1,s25,I,40.0,0.3193815354784917
M_1,s25,I,60.0,0.49670124293077145
M_1,s25,I,80.0,0.5129079636458026
M_1,s25,I,100.0,0.3987839437505112
M_1,s25,I,120.0,0.3218085261276671
M_1,s25,I,140.0,0.21138285751497146
M_1,s25,I,160.0,-0.031282404992286364
M_1,s25,I,180.0,0.10396380071978302
M_1,s25,I,200.0,0.3262422795413016
M_1,s25,I,220.0,0.2344216391439278
M_1,s25,I,240.0,0.030211223374862012
M_1,s25,I,260.0,-0.38669313535922867
M_1,s25,I,280.0,-0.15771024568181197
M_1,s25,I,300.0,0.019525022005227655
M_1,s25,I,320.0,-0.04844373090166419
M_1,s25,I,340.0,-0.3122357416145036
M_1,s25,I,360.0,-0.35290604334927705
M_1,s25,I,380.0,-0.2262311196211925
M_1,s25,I,400.0,-0.10037769233247625
M_1,s25,I,420.0,0.0355346488838518
M_1,s25,I,440.0,-0.062251382404045486
M_1,s25,I,460.0,0.046469228407576064
M_1,s25,I,480.0,0.6677651618710545
M_1,s25,I,500.0,0.8855870864675567
M_1,s25,I,520.0,0.4161987085466674
M_1,s25,I,540.0,0.24171064542207296
M_1,s25,I,560.0,0.479649339175178
M_1,s25,I,580.0,0.29794545613625334
M_1,s25,I,600.0,0.0997146468472027
M_1,s25,I,620.0,0.023196497568342935
M_1,s25,I,640.0,-0.15131480837719039
M_1,s25,I,660.0,-0.03488000926825893
M_1,s25,I,680.0,0.20168749328941332
M_1,s25,I,700.0,0.14749543897310108
M_1,s25,I,720.0,-0.029451471958725092
M_1,s25,I,740.0,-0.11161546944073061
M_1,s25,I,760.0,-0.22988859313701965
M_1,s25,I,780.0,-0.1785130000136837
M_1,s25,I,800.0,-0.021766628337522576
M_1,s25,I,820.0,-0.07765260568822832
M_1,s25,I,840.0,-0.06482948075334742
M_1,s25,I,860.0,0.27810499255889715
M_1,s25,I,880.0,0.12930307723212844
M_1,s25,I,900.0,-0.14285851156119592
M_1,s25,I,920.0,-0.17800488819461932
M_1,s25,I,940.0,0.00784796916154068
M_1,s25,I,960.0,0.19038544214405612
M_1,s25,I,980.0,0.18542621502221876
M_2,s25,G,0.0,-0.08897492495300133
M_2,s25,G,20.0,-0.11267101592967987
M_2,s25,G,40.0,-0.17034896960784163
M_2,s25,G,60.0,-0.10041412033131868
M_2,s25,G,80.0,0.016615607560661202
M_2,s25,G,100.0,-0.14899840121749663
M_2,s25,G,120.0,-0.10544850714208698
M_2,s25,G,140.0,-0.06816911280653856
M_2,s25,G,160.0,-0.05740389953768214
M_2,s25,G,180.0,-0.08755388262793869
M_2,s25,G,200.0,-0.020262509171578628
M_2,s25,G,220.0,-0.09759552334458367
M_2,s25,G,240.0,-0.07748138714141166
M_2,s25,G,260.0,-0.02829001328476439
M_2,s25,G,280.0,-0.18437438410260384
M_2,s25,G,300.0,-0.2702859816409414
M_2,s25,G,320.0,-0.1826502787485289
M_2,s25,G,340.0,0.04869051250470058
M_2,s25,G,360.0,0.10483693016178405
M_2,s25,G,380.0,-0.04104465219945321
M_2,s25,G,400.0,-0.05350294662612118
M_2,s25,G,420.0,0.07647331973542848
M_2,s25,G,440.0,0.04038243036195352
M_2,s25,G,460.0,0.12161279956145497
M_2,s25,G,480.0,0.2860511198273346
M_2,s25,G,500.0,0.2917821106479448
M_2,s25,G,520.0,0.265189322061857
M_2,s25,G,540.0,0.17461501926217146
M_2,s25,G,560.0,0.023540648343217424
M_2,s25,G,580.0,0.12659010247354419
M_2,s25,G,600.0,0.21794520824417227
M_2,s25,G,620.0,0.18265683660093346
M_2,s25,G,640.0,0.0014470146320286897
M_2,s25,G,660.0,-0.2182937807658853
M_2,s25,G,680.0,-0.21239171853700092
M_2,s25,G,700.0,-0.13732754347581708
M_2,s25,G,720.0,-0.23984086225161455
M_2,s25,G,740.0,-0.2894556275341421
M_2,s25,G,760.0,-0.28645935258627025
M_2,s25,G,780.0,-0.23953363237270292
M_2,s25,G,800.0,-0.3828429771913514
M_2,s25,G,820.0,-0.42981086765720256
M_2,s25,G,840.0,-0.31232909456937236
M_2,s25,G,860.0,-0.26694106815747115
M_2,s25,G,880.0,-0.17138811000013518
M_2,s25,G,900.0,-0.014352257136081757
M_2,s25,G,920.0,-0.10913210289755826
M_2,s25,G,940.0,-0.26243563274012666
M_2,s25,G,960.0,-0.27867257227522213
M_2,s25,G,980.0,-0.07704184232675657
M_2,s25,A,0.0,-0.10086835847639174
M_2,s25,A,20.0,-0.142111722510361
M_2,s25,A,40.0,-0.2629301704278157
M_2,s25,A,60.0,-0.3597074485433804
M_2,s25,A,80.0,-0.33843407324837615
M_2,s25,A,100.0,-0.27923228399306665
M_2,s25,A,120.0,-0.05773509831550079
M_2,s25,A,140.0,0.11187055778547188
M_2,s25,A,160.0,0.0426955293020454
M_2,s25,A,180.0,-0.13571424252372133
M_2,s25,A,200.0,-0.3245359067059182
M_2,s25,A,220.0,-0.16871577251770054
M_2,s25,A,240.0,-0.04091818038809214
M_2,s25,A,260.0,0.18497941421303202
M_2,s25,A,280.0,0.2999736103808315
M_2,s25,A,300.0,0.3028399037725629
M_2,s25,A,320.0,0.2065868426003558
M_2,s25,A,340.0,0.18694506000393113
M_2,s25,A,360.0,0.40546913622296515
M_2,s25,A,380.0,0.38322447930840214
M_2,s25,A,400.0,0.2440980197280525
M_2,s25,A,420.0,-0.0912355862347636
M_2,s25,A,440.0,-0.06791504185852545
M_2,s25,A,460.0,0.2792923884212848
M_2,s25,A,480.0,0.1304927656925547
M_2,s25,A,500.0,-0.23892839717334585
M_2,s25,A,520.0,-0.15006909415341874
M_2,s25,A,540.0,-0.026134027084935785
M_2,s25,A,560.0,0.20178503069042544
M_2,s25,A,580.0,-0.01912794059680955
M_2,s25,A,600.0,-0.2493781703902124
M_2,s25,A,620.0,-0.060734761605903104
M_2,s25,A,640.0,0.12507594367393343
M_2,s25,A,660.0,0.04486565853869934
M_2,s25,A,680.0,0.009751544333094941
M_2,s25,A,700.0,0.023355892093085605
M_2,s25,A,720.0,0.20315519989988354
M_2,s25,A,740.0,0.47480364636403716
M_2,s25,A,760.0,0.4556984664723016
M_2,s25,A,780.0,0.21020903173075414
M_2,s25,A,800.0,0.06607877824540434
M_2,s25,A,820.0,0.1325797220504562
M_2,s25,A,840.0,0.18101969721504851
M_2,s25,A,860.0,0.21499696284292505
M_2,s25,A,880.0,0.06334014654011852
M_2,s25,A,900.0,-0.047441388173330115
M_2,s25,A,920.0,0.025309577791654356
M_2,s25,A,940.0,0.19295039454234283
M_2,s25,A,960.0,0.23956362258887914
M_2,s25,A,980.0,0.2572203657896899
M_2,s25,I,0.0,0.5025618113625409
M_2,s25,I,20.0,0.34130397450266664
M_2,s25,I,40.0,0.31011303834046944
M_2,s25,I,60.0,0.43351357517367367
M_2,s25,I,80.0,0.5474195313822745
M_2,s25,I,100.0,0.4229275399309887
M_2,s25,I,120.0,0.21080210537293495
M_2,s25,I,140.0,0.20562484654582588
M_2,s25,I,160.0,0.1152742678114628
M_2,s25,I,180.0,0.4951567180750791
M_2,s25,I,200.0,0.6761858813734335
M_2,s25,I,220.0,0.7932906530863056
M_2,s25,I,240.0,0.42968754395831604
M_2,s25,I,260.0,-0.1940922746427703
M_2,s25,I,280.0,0.10544513502602904
M_2,s25,I,300.0,0.17947822852663134
M_2,s25,I,320.0,0.26295013738493433
M_2,s25,I,340.0,0.08456604486691459
M_2,s25,I,360.0,-0.18543193033480976
M_2,s25,I,380.0,-0.06984729512086324
M_2,s25,I,400.0,-0.0012820997039899584
M_2,s25,I,420.0,0.1723342637367784
M_2,s25,I,440.0,0.0086759493048226
M_2,s25,I,460.0,-0.20152984218407324
M_2,s25,I,480.0,0.46024210897368834
M_2,s25,I,500.0,0.9535181183389906
M_2,s25,I,520.0,0.4636197522796812
M_2,s25,I,540.0,0.12803847876598656
M_2,s25,I,560.0,0.3964928408076073
M_2,s25,I,580.0,0.9696985285051931
M_2,s25,I,600.0,0.9057201797798904
M_2,s25,I,620.0,-0.2980143969346932
M_2,s25,I,640.0,-0.6995683571440485
M_2,s25,I,660.0,0.00625321396132722
M_2,s25,I,680.0,0.8014071837141845
M_2,s25,I,700.0,0.7096977171403334
M_2,s25,I,720.0,0.0863021714820202
M_2,s25,I,740.0,-0.16999831267910076
M_2,s25,I,760.0,-0.2411904863271437
M_2,s25,I,780.0,0.10956829151776803
M_2,s25,I,800.0,0.4851156243019983
M_2,s25,I,820.0,0.515415758875733
M_2,s25,I,840.0,0.4815172122442335
M_2,s25,I,860.0,0.7124264285208094
M_2,s25,I,880.0,0.7663620276403287
M_2,s25,I,900.0,0.3136436249168176
M_2,s25,I,920.0,0.08887317908730166
M_2,s25,I,940.0,0.27405150976771137
M_2,s25,I,960.0,0.29838628299485315
M_2,s25,I,980.0,0.11117896002080983
F_1,s26,G,0.0,-0.20479741706350174
F_1,s26,G,20.0,-0.22742440627723923
F_1,s26,G,40.0,-0.4220126694657318
F_1,s26,G,60.0,-0.4490104656231483
F_1,s26,G,80.0,-0.450273519214722
F_1,s26,G,100.0,-0.2628164236371739
F_1,s26,G,120.0,-0.01095656094516393
F_1,s26,G,140.0,-0.26758325371521696
F_1,s26,G,160.0,-0.3907801777079246
F_1,s26,G,180.0,-0.26354405022104604
F_1,s26,G,200.0,-0.3179785785960119
F_1,s26,G,220.0,-0.3229435107569335
F_1,s26,G,240.0,-0.16845308813550786
F_1,s26,G,260.0,-0.1507860177244586
F_1,s26,G,280.0,0.007950537832538018
F_1,s26,G,300.0,0.12116638667391666
F_1,s26,G,320.0,0.013895296291814713
F_1,s26,G,340.0,0.03733356186195247
F_1,s26,G,360.0,0.007205557244736767
F_1,s26,G,380.0,-0.08096868228016035
F_1,s26,G,400.0,0.06394222792866217
F_1,s26,G,420.0,0.11680584094059376
F_1,s26,G,440.0,0.1808569492657544
F_1,s26,G,460.0,0.4429666250437007
F_1,s26,G,480.0,0.3775384671459365
F_1,s26,G,500.0,0.16647447157370757
F_1,s26,G,520.0,0.1328115630570168
F_1,s26,G,540.0,0.10227459014052272
F_1,s26,G,560.0,0.24493762355699375
F_1,s26,G,580.0,0.08200481717761417
F_1,s26,G,600.0,-0.18952417255681583
F_1,s26,G,620.0,-0.14147494610860029
F_1,s26,G,640.0,0.07555919306014759
F_1,s26,G,660.0,0.03771118330784355
F_1,s26,G,680.0,-0.03748192274548198
F_1,s26,G,700.0,-0.04147903928154362
F_1,s26,G,720.0,0.08602511983915972
F_1,s26,G,740.0,0.07734268847294984
F_1,s26,G,760.0,0.16344862158101475
F_1,s26,G,780.0,0.25397143613497697
F_1,s26,G,800.0,0.2613128211397138
F_1,s26,G,820.0,0.36245536543175694
F_1,s26,G,840.0,0.3775896644145261
F_1,s26,G,860.0,0.38446453351212395
F_1,s26,G,880.0,0.24313094403654262
F_1,s26,G,900.0,0.16182600962435684
F_1,s26,G,920.0,0.12234209395673529
F_1,s26,G,940.0,0.15066709940889467
F_1,s26,G,960.0,0.2193035096017136
F_1,s26,G,980.0,0.26717501037422087
F_1,s26,A,0.0,-0.1655648747960653
F_1,s26,A,20.0,-0.28695844360737555
F_1,s26,A,40.0,-0.22535758798394964
F_1,s26,A,60.0,-0.054874220126860745
F_1,s26,A,80.0,0.025629536499726657
F_1,s26,A,100.0,0.07900283028490339
F_1,s26,A,120.0,0.18274290097676987
F_1,s26,A,140.0,0.351462022366713
F_1,s26,A,160.0,0.620048011014603
F_1,s26,A,180.0,0.5598167215221447
F_1,s26,A,200.0,0.3290158535844432
F_1,s26,A,220.0,0.13938922726842223
F_1,s26,A,240.0,0.16159141316876005
F_1,s26,A,260.0,0.44516001365924046
F_1,s26,A,280.0,0.4541133529602965
F_1,s26,A,300.0,0.3953807566548096
F_1,s26,A,320.0,0.5284333190951642
F_1,s26,A,340.0,0.5720844594743022
F_1,s26,A,360.0,0.6237502727436415
F_1,s26,A,380.0,0.5440046828507591
F_1,s26,A,400.0,0.44882455687083683
F_1,s26,A,420.0,0.5101507369276418
F_1,s26,A,440.0,0.4313153101657837
F_1,s26,A,460.0,0.10827412123415067
F_1,s26,A,480.0,-0.03944546793882738
F_1,s26,A,500.0,0.20009758672460642
F_1,s26,A,520.0,0.22017403696774815
F_1,s26,A,540.0,0.005783493308774191
F_1,s26,A,560.0,-0.04079985429392259
F_1,s26,A,580.0,0.1418139512121294
F_1,s26,A,600.0,0.4063831875671786
F_1,s26,A,620.0,0.4440659387440383
F_1,s26,A,640.0,0.34165719805861383
F_1,s26,A,660.0,0.1762982796553463
F_1,s26,A,680.0,-0.00298188403819092
F_1,s26,A,700.0,-0.002539945174029574
F_1,s26,A,720.0,-0.29156337162632595
F_1,s26,A,740.0,-0.37765033180827207
F_1,s26,A,760.0,-0.42991258779266706
F_1,s26,A,780.0,-0.5229728878829912
F_1,s26,A,800.0,-0.455586110949757
F_1,s26,A,820.0,-0.1811112994092144
F_1,s26,A,840.0,0.10031004364912778
F_1,s26,A,860.0,0.1507159687917771
F_1,s26,A,880.0,0.2291541765066346
F_1,s26,A,900.0,0.12754926047248696
F_1,s26,A,920.0,0.03958770681580806
F_1,s26,A,940.0,-0.023924276416735918
F_1,s26,A,960.0,-0.02487653065926057
F_1,s26,A,980.0,-0.19220983122590435
F_1,s26,I,0.0,0.15386071515342478
F_1,s26,I,20.0,-0.27453721374955337
F_1,s26,I,40.0,-0.34674797035742944
F_1,s26,I,60.0,-0.3769817511278284
F_1,s26,I,80.0,-0.26981075670527765
F_1,s26,I,100.0,-0.5771405093695166
F_1,s26,I,120.0,-0.8284525697392062
F_1,s26,I,140.0,-0.5156668431424909
F_1,s26,I,160.0,-0.2811788583196022
F_1,s26,I,180.0,-0.24000144943388269
F_1,s26,I,200.0,0.024066295291099472
F_1,s26,I,220.0,0.11111955804435222
F_1,s26,I,240.0,0.1939520928008858
F_1,s26,I,260.0,0.25762804650589854
F_1,s26,I,280.0,0.14742695634530087
F_1,s26,I,300.0,0.06660558213990983
F_1,s26,I,320.0,-0.14586374190613843
F_1,s26,I,340.0,-0.1626262592988605
F_1,s26,I,360.0,-0.06889872229082539
F_1,s26,I,380.0,0.06973194499987373
F_1,s26,I,400.0,-0.12566059494775922
F_1,s26,I,420.0,-0.4177685992885696
F_1,s26,I,440.0,-0.28837408205921317
F_1,s26,I,460.0,0.17864331721456989
F_1,s26,I,480.0,0.37579903216020727
F_1,s26,I,500.0,0.23383668576269762
F_1,s26,I,520.0,0.18903440729803644
F_1,s26,I,540.0,0.21431006500280037
F_1,s26,I,560.0,-0.0772870602961365
F_1,s26,I,580.0,-0.49187658139533214
F_1,s26,I,600.0,-0.9142543165905509
F_1,s26,I,620.0,-0.8789600527764039
F_1,s26,I,640.0,-0.5841480548073961
F_1,s26,I,660.0,-0.3267186424119093
F_1,s26,I,680.0,-0.03479501959553133
F_1,s26,I,700.0,0.1436917971633811
F_1,s26,I,720.0,0.0809064749901297
F_1,s26,I,740.0,0.06363088453736053
F_1,s26,I,760.0,0.1839867883363625
F_1,s26,I,780.0,0.37491087346971497
F_1,s26,I,800.0,0.2756925775157178
F_1,s26,I,820.0,0.08797189032019104
F_1,s26,I,840.0,-0.27054071123006773
F_1,s26,I,860.0,-0.40730663002873113
F_1,s26,I,880.0,-0.5958302843134705
F_1,s26,I,900.0,-0.49048853143732646
F_1,s26,I,920.0,-0.3291143042879816
F_1,s26,I,940.0,-0.3992324621699485
F_1,s26,I,960.0,-0.44073259101314577
F_1,s26,I,980.0,-0.10442487721687643
F_2,s26,G,0.0,-0.27539319422115344
F_2,s26,G,20.0,-0.26576657339545817
F_2,s26,G,40.0,-0.3067236421273483
F_2,s26,G,60.0,-0.2879581318855562
F_2,s26,G,80.0,-0.3453373179220503
F_2,s26,G,100.0,-0.23247650376177892
F_2,s26,G,120.0,0.005699437193534523
F_2,s26,G,140.0,-0.29382167201796355
F_2,s26,G,160.0,-0.5031331031033999
F_2,s26,G,180.0,-0.2983285405842492
F_2,s26,G,200.0,-0.29536513721022317
F_2,s26,G,220.0,-0.3147368843777336
F_2,s26,G,240.0,-0.23298665549678088
F_2,s26,G,260.0,-0.26973143293883767
F_2,s26,G,280.0,-0.15216145387992805
F_2,s26,G,300.0,-0.10797462638774181
F_2,s26,G,320.0,-0.09849342741574835
F_2,s26,G,340.0,-0.04716165416773761
F_2,s26,G,360.0,-0.14709222518664197
F_2,s26,G,380.0,-0.22069818904927788
F_2,s26,G,400.0,-0.02995097570688314
F_2,s26,G,420.0,0.12639684637862353
F_2,s26,G,440.0,0.15109532191480024
F_2,s26,G,460.0,0.2981596268854069
F_2,s26,G,480.0,0.3248424228032349
F_2,s26,G,500.0,0.03836473308560948
F_2,s26,G,520.0,-0.001963080965730838
F_2,s26,G,540.0,-0.028436433984662446
F_2,s26,G,560.0,0.1415903448522576
F_2,s26,G,580.0,0.03173050406065281
F_2,s26,G,600.0,-0.27200266971794185
F_2,s26,G,620.0,-0.21634184044718702
F_2,s26,G,640.0,-0.013181435355503715
F_2,s26,G,660.0,-0.13280276155141185
F_2,s26,G,680.0,-0.09217566138112623
F_2,s26,G,700.0,-0.0732710870271931
F_2,s26,G,720.0,-0.00492107155605484
F_2,s26,G,740.0,-0.15390655523120278
F_2,s26,G,760.0,-0.15785637588765283
F_2,s26,G,780.0,-0.041046823202602556
F_2,s26,G,800.0,0.06605587088547168
F_2,s26,G,820.0,0.22949853459692782
F_2,s26,G,840.0,0.32619060822986545
F_2,s26,G,860.0,0.2984278327089495
F_2,s26,G,880.0,0.15910387743812787
F_2,s26,G,900.0,0.02911453118627863
F_2,s26,G,920.0,-0.05486367490223132
F_2,s26,G,940.0,0.03250263014825522
F_2,s26,G,960.0,0.10349036523687835
F_2,s26,G,980.0,0.17174442802769668
F_2,s26,A,0.0,-0.3333963502930947
F_2,s26,A,20.0,-0.4721617771970156
F_2,s26,A,40.0,-0.23915477892719372
F_2,s26,A,60.0,0.033250256224562895
F_2,s26,A,80.0,0.06904097604861875
F_2,s26,A,100.0,0.03303833338327153
F_2,s26,A,120.0,-0.11080934362911742
F_2,s26,A,140.0,0.13092014535950436
F_2,s26,A,160.0,0.3707445268913743
F_2,s26,A,180.0,0.2858596501723891
F_2,s26,A,200.0,0.123282520517769
F_2,s26,A,220.0,0.11355597232883097
F_2,s26,A,240.0,-0.010055652745911248
F_2,s26,A,260.0,-0.018905536246699883
F_2,s26,A,280.0,0.22327062408792633
F_2,s26,A,300.0,0.3254559529554334
F_2,s26,A,320.0,0.3624197996625929
F_2,s26,A,340.0,0.4951595119994584
F_2,s26,A,360.0,0.7834821844458781
F_2,s26,A,380.0,0.8559776938985808
F_2,s26,A,400.0,0.6443347120867
F_2,s26,A,420.0,0.47936292812799386
F_2,s26,A,440.0,0.37702602714473554
F_2,s26,A,460.0,0.18547085318262804
F_2,s26,A,480.0,0.05923913646006339
F_2,s26,A,500.0,0.35916578172537394
F_2,s26,A,520.0,0.5174095714576332
F_2,s26,A,540.0,0.3835411072490652
F_2,s26,A,560.0,0.32316813712213543
F_2,s26,A,580.0,0.4160586787213094
F_2,s26,A,600.0,0.5435396829471963
F_2,s26,A,620.0,0.47295606407171586
F_2,s26,A,640.0,0.2710640333136161
F_2,s26,A,660.0,0.1668179273567429
F_2,s26,A,680.0,0.05497250767559633
F_2,s26,A,700.0,0.16046136180446863
F_2,s26,A,720.0,0.05638811643669958
F_2,s26,A,740.0,-0.0016987489538202727
F_2,s26,A,760.0,-0.10013306159361537
F_2,s26,A,780.0,-0.15147103837255357
F_2,s26,A,800.0,-0.020634147654920998
F_2,s26,A,820.0,0.2533058695728536
F_2,s26,A,840.0,0.3291780486407697
F_2,s26,A,860.0,0.2806860414863669
F_2,s26,A,880.0,0.2509743140408657
F_2,s26,A,900.0,0.1287930030347439
F_2,s26,A,920.0,0.10567764706051283
F_2,s26,A,940.0,-0.01766697373968809
F_2,s26,A,960.0,0.009395871969475889
F_2,s26,A,980.0,0.0174206558568806
F_2,s26,I,0.0,0.5582361085266057
F_2,s26,I,20.0,0.3542122597259909
F_2,s26,I,40.0,0.27008297771232487
F_2,s26,I,60.0,0.135175144766345
F_2,s26,I,80.0,0.23727829173711196
F_2,s26,I,100.0,0.08571071131295155
F_2,s26,I,120.0,-0.07986681570177925
F_2,s26,I,140.0,-0.017307447090285685
F_2,s26,I,160.0,0.07714836296304202
F_2,s26,I,180.0,0.2329646049154331
F_2,s26,I,200.0,0.5047710661533509
F_2,s26,I,220.0,0.38234111187934283
F_2,s26,I,240.0,0.3394510369033898
F_2,s26,I,260.0,0.37194308992024877
F_2,s26,I,280.0,0.08092498528948464
F_2,s26,I,300.0,0.10305466500607777
F_2,s26,I,320.0,-0.018900279697900826
F_2,s26,I,340.0,-0.10848204826050539
F_2,s26,I,360.0,-0.2540923168001622
F_2,s26,I,380.0,-0.17456338745003627
F_2,s26,I,400.0,-0.24658755811451255
F_2,s26,I,420.0,-0.5171152315091841
F_2,s26,I,440.0,-0.385130033691291
F_2,s26,I,460.0,-0.002314810155123149
F_2,s26,I,480.0,0.13495697556948727
F_2,s26,I,500.0,0.10005831462672449
F_2,s26,I,520.0,0.0762644489924988
F_2,s26,I,540.0,0.12144166054441655
F_2,s26,I,560.0,-0.14142370738456483
F_2,s26,I,580.0,-0.37433108216284555
F_2,s26,I,600.0,-0.6393100757727568
F_2,s26,I,620.0,-0.5194138966910165
F_2,s26,I,640.0,-0.16210296798748705
F_2,s26,I,660.0,-0.059144203744018034
F_2,s26,I,680.0,0.10242819406099572
F_2,s26,I,700.0,0.15440976055953262
F_2,s26,I,720.0,-0.008370171498711373
F_2,s26,I,740.0,-0.04003660106684426
F_2,s26,I,760.0,0.14631584180566598
F_2,s26,I,780.0,0.2222883101050656
F_2,s26,I,800.0,0.008624129101275774
F_2,s26,I,820.0,-0.28795941156733396
F_2,s26,I,840.0,-0.5023859995281932
F_2,s26,I,860.0,-0.5403200128346911
F_2,s26,I,880.0,-0.5038000622492363
F_2,s26,I,900.0,-0.2995266325285728
F_2,s26,I,920.0,-0.20369413256222915
F_2,s26,I,940.0,-0.3290001711691612
F_2,s26,I,960.0,-0.4250983401603175
F_2,s26,I,980.0,-0.27578008351607564
M_1,s26,G,0.0,-0.07879898097408458
M_1,s26,G,20.0,0.09269606507674094
M_1,s26,G,40.0,-0.02174452484370344
M_1,s26,G,60.0,-0.030034639804411734
M_1,s26,G,80.0,-0.05234659267991984
M_1,s26,G,100.0,0.09371714166415697
M_1,s26,G,120.0,0.2912083246416753
M_1,s26,G,140.0,0.036224785703312834
M_1,s26,G,160.0,-0.14262477945907925
M_1,s26,G,180.0,0.05412733530335952
M_1,s26,G,200.0,0.043693281578995324
M_1,s26,G,220.0,-0.06555934362748318
M_1,s26,G,240.0,0.07876018567522432
M_1,s26,G,260.0,-0.09668338035397583
M_1,s26,G,280.0,0.118471886088382
M_1,s26,G,300.0,0.2755676659635429
M_1,s26,G,320.0,0.16676734381318767
M_1,s26,G,340.0,0.15957132787696787
M_1,s26,G,360.0,0.03421750291796234
M_1,s26,G,380.0,0.024744588663252867
M_1,s26,G,400.0,0.14787450297915938
M_1,s26,G,420.0,0.24514063008561782
M_1,s26,G,440.0,0.46670256941381216
M_1,s26,G,460.0,0.8411729480220691
M_1,s26,G,480.0,0.7571945944972237
M_1,s26,G,500.0,0.5001357892400169
M_1,s26,G,520.0,0.5051223215702975
M_1,s26,G,540.0,0.6107278166520482
M_1,s26,G,560.0,0.7318705712363656
M_1,s26,G,580.0,0.6176794226487955
M_1,s26,G,600.0,0.4201307223612907
M_1,s26,G,620.0,0.3555054474782804
M_1,s26,G,640.0,0.500221479210615
M_1,s26,G,660.0,0.3575909287867122
M_1,s26,G,680.0,0.2788108896587133
M_1,s26,G,700.0,0.253213844627192
M_1,s26,G,720.0,0.38774325035983104
M_1,s26,G,740.0,0.25507609685047306
M_1,s26,G,760.0,0.2717299858245268
M_1,s26,G,780.0,0.36558722603042404
M_1,s26,G,800.0,0.33851423006061765
M_1,s26,G,820.0,0.33683375884491684
M_1,s26,G,840.0,0.44210136078722007
M_1,s26,G,860.0,0.51854317348661
M_1,s26,G,880.0,0.41165990380613016
M_1,s26,G,900.0,0.3469410301347992
M_1,s26,G,920.0,0.18911176733811166
M_1,s26,G,940.0,0.16628678630022112
M_1,s26,G,960.0,0.2991206034429701
M_1,s26,G,980.0,0.34433603042771016
M_1,s26,A,0.0,-0.2873680511700536
M_1,s26,A,20.0,-0.4910018682562718
M_1,s26,A,40.0,-0.3301130940958827
M_1,s26,A,60.0,-0.010351386489826309
M_1,s26,A,80.0,0.03159677296969779
M_1,s26,A,100.0,-0.0036006309869999753
M_1,s26,A,120.0,-0.18278630685414132
M_1,s26,A,140.0,-0.00047757129270609155
M_1,s26,A,160.0,0.3270405444414197
M_1,s26,A,180.0,0.22332763066179256
M_1,s26,A,200.0,0.06678757336490193
M_1,s26,A,220.0,0.003211608800398613
M_1,s26,A,240.0,0.021799265613707847
M_1,s26,A,260.0,0.11620429544184915
M_1,s26,A,280.0,0.12192425978558014
M_1,s26,A,300.0,0.09309846113530701
M_1,s26,A,320.0,0.11584838576029145
M_1,s26,A,340.0,0.225074293182901
M_1,s26,A,360.0,0.44064557619186406
M_1,s26,A,380.0,0.4090589490858541
M_1,s26,A,400.0,0.2908045763790077
M_1,s26,A,420.0,0.12255397193236464
M_1,s26,A,440.0,-0.09054989514231183
M_1,s26,A,460.0,-0.313527084278031
M_1,s26,A,480.0,-0.2947600885418663
M_1,s26,A,500.0,-0.0136778948448327
M_1,s26,A,520.0,0.008310314975014233
M_1,s26,A,540.0,-0.21750115078336296
M_1,s26,A,560.0,-0.30114152935265004
M_1,s26,A,580.0,-0.175377981735173
M_1,s26,A,600.0,0.015527667704237025
M_1,s26,A,620.0,0.05507987219852423
M_1,s26,A,640.0,-0.028388836686264837
M_1,s26,A,660.0,-0.030905977311933067
M_1,s26,A,680.0,-0.1314555409556326
M_1,s26,A,700.0,0.018922220908838078
M_1,s26,A,720.0,-0.14988529531024058
M_1,s26,A,740.0,-0.20517613355366027
M_1,s26,A,760.0,-0.2530855198243485
M_1,s26,A,780.0,-0.3445032716108011
M_1,s26,A,800.0,-0.1813179800488584
M_1,s26,A,820.0,0.15995653108827335
M_1,s26,A,840.0,0.24505095614071037
M_1,s26,A,860.0,0.12526604810483571
M_1,s26,A,880.0,0.06291713069027693
M_1,s26,A,900.0,-0.1777273328773526
M_1,s26,A,920.0,-0.2737164331460132
M_1,s26,A,940.0,-0.24343523789583518
M_1,s26,A,960.0,-0.09454793308312172
M_1,s26,A,980.0,-0.08275515820681875
M_1,s26,I,0.0,0.42421418404019284
M_1,s26,I,20.0,0.18280252568469085
M_1,s26,I,40.0,0.14580284707380778
M_1,s26,I,60.0,0.010916104615394273
M_1,s26,I,80.0,0.18102136320933138
M_1,s26,I,100.0,0.06599879804861764
M_1,s26,I,120.0,-0.0788419127561773
M_1,s26,I,140.0,-0.03391826736739536
M_1,s26,I,160.0,0.032955158461840335
M_1,s26,I,180.0,0.1400853393969834
M_1,s26,I,200.0,0.35850854714522074
M_1,s26,I,220.0,0.3425294868969224
M_1,s26,I,240.0,0.26353639495051384
M_1,s26,I,260.0,0.38525757105441766
M_1,s26,I,280.0,0.24201554690598878
M_1,s26,I,300.0,0.18029255837308947
M_1,s26,I,320.0,0.04570643916556413
M_1,s26,I,340.0,-0.005813678744580289
M_1,s26,I,360.0,-0.1836967499556027
M_1,s26,I,380.0,-0.06698098838951236
M_1,s26,I,400.0,-0.12175314223387154
M_1,s26,I,420.0,-0.19094893998894236
M_1,s26,I,440.0,-0.019521197812691835
M_1,s26,I,460.0,0.24269901959051557
M_1,s26,I,480.0,0.2863863564180425
M_1,s26,I,500.0,0.28431606305920937
M_1,s26,I,520.0,0.2789026704632513
M_1,s26,I,540.0,0.3490201015383808
M_1,s26,I,560.0,0.10155334487111219
M_1,s26,I,580.0,-0.2018649429542643
M_1,s26,I,600.0,-0.5807509769318357
M_1,s26,I,620.0,-0.5767429255036844
M_1,s26,I,640.0,-0.19228314942888414
M_1,s26,I,660.0,-0.11693444902617553
M_1,s26,I,680.0,0.014399057698332163
M_1,s26,I,700.0,0.03237246556609992
M_1,s26,I,720.0,-0.0662034973742089
M_1,s26,I,740.0,-0.10139612288171637
M_1,s26,I,760.0,0.06432019653703
M_1,s26,I,780.0,0.16613519435343996
M_1,s26,I,800.0,-0.07238129090834514
M_1,s26,I,820.0,-0.3749391685293023
M_1,s26,I,840.0,-0.4833105377616869
M_1,s26,I,860.0,-0.43143697387339675
M_1,s26,I,880.0,-0.3771101959074946
M_1,s26,I,900.0,-0.11039625561162703
M_1,s26,I,920.0,0.09172202956810577
M_1,s26,I,940.0,-0.0761763163367497
M_1,s26,I,960.0,-0.2723627935316106
M_1,s26,I,980.0,-0.1743181841576069
M_2,s26,G,0.0,-0.37112249776578154
M_2,s26,G,20.0,-0.29870542315659643
M_2,s26,G,40.0,-0.21082544104719358
M_2,s26,G,60.0,-0.16331659920577127
M_2,s26,G,80.0,-0.20653283676621603
M_2,s26,G,100.0,-0.15437465620526034
M_2,s26,G,120.0,0.06176862193462479
M_2,s26,G,140.0,-0.26744748907372534
M_2,s26,G,160.0,-0.384019046932089
M_2,s26,G,180.0,0.039422489254950274
M_2,s26,G,200.0,-0.01126122298004073
M_2,s26,G,220.0,-0.12560220106830453
M_2,s26,G,240.0,-0.08235772022499468
M_2,s26,G,260.0,-0.13569210170264798
M_2,s26,G,280.0,-0.03507630800884973
M_2,s26,G,300.0,0.01526003761790945
M_2,s26,G,320.0,-0.15091002458355995
M_2,s26,G,340.0,-0.016187890636208402
M_2,s26,G,360.0,0.01806233806352453
M_2,s26,G,380.0,-0.12648168115699526
M_2,s26,G,400.0,-0.1226057499655227
M_2,s26,G,420.0,-0.037566973212094346
M_2,s26,G,440.0,0.09053830650139644
M_2,s26,G,460.0,0.3475418381586848
M_2,s26,G,480.0,0.3594232499264869
M_2,s26,G,500.0,0.3992883815173335
M_2,s26,G,520.0,0.4268215297657772
M_2,s26,G,540.0,0.32803133233021375
M_2,s26,G,560.0,0.5026711338612546
M_2,s26,G,580.0,0.29422036486564107
M_2,s26,G,600.0,0.006901471794768688
M_2,s26,G,620.0,0.03459037522425287
M_2,s26,G,640.0,0.27815793556436874
M_2,s26,G,660.0,0.40703698591191695
M_2,s26,G,680.0,0.4041643885154226
M_2,s26,G,700.0,0.2544613954305689
M_2,s26,G,720.0,0.16856811589146012
M_2,s26,G,740.0,0.06935473164673012
M_2,s26,G,760.0,0.05909905533155141
M_2,s26,G,780.0,0.15947245216587858
M_2,s26,G,800.0,0.20088009527641285
M_2,s26,G,820.0,0.17434561769611695
M_2,s26,G,840.0,0.1506138078617998
M_2,s26,G,860.0,0.30205649281235036
M_2,s26,G,880.0,0.27341403165159917
M_2,s26,G,900.0,0.12043529546462764
M_2,s26,G,920.0,0.014591240579189313
M_2,s26,G,940.0,0.029614564364140172
M_2,s26,G,960.0,0.013740378488840188
M_2,s26,G,980.0,0.08438067513879724
M_2,s26,A,0.0,-0.26381000105338603
M_2,s26,A,20.0,-0.510951169434701
M_2,s26,A,40.0,-0.435142597543153
M_2,s26,A,60.0,-0.08248914546121933
M_2,s26,A,80.0,0.041561149082822435
M_2,s26,A,100.0,-0.02799415208301334
M_2,s26,A,120.0,-0.2249335255925106
M_2,s26,A,140.0,0.032593667209731
M_2,s26,A,160.0,0.3790475184343431
M_2,s26,A,180.0,0.2858531648536319
M_2,s26,A,200.0,0.13609211756471712
M_2,s26,A,220.0,0.16921361986655092
M_2,s26,A,240.0,0.2500110363347795
M_2,s26,A,260.0,0.5003728884751868
M_2,s26,A,280.0,0.46012548832572986
M_2,s26,A,300.0,0.33513632790796316
M_2,s26,A,320.0,0.4503647628529205
M_2,s26,A,340.0,0.4694188892406453
M_2,s26,A,360.0,0.8705760051661928
M_2,s26,A,380.0,1.0784225131173741
M_2,s26,A,400.0,0.9953502061981283
M_2,s26,A,420.0,0.964951539615289
M_2,s26,A,440.0,0.9102762404817719
M_2,s26,A,460.0,0.554984198549688
M_2,s26,A,480.0,0.3627460926913537
M_2,s26,A,500.0,0.4962331207567524
M_2,s26,A,520.0,0.5153526387355253
M_2,s26,A,540.0,0.46217040969725826
M_2,s26,A,560.0,0.3546117019885612
M_2,s26,A,580.0,0.31070431167074436
M_2,s26,A,600.0,0.40423435443394323
M_2,s26,A,620.0,0.2782460965689117
M_2,s26,A,640.0,0.2475692324980429
M_2,s26,A,660.0,0.12835932726735697
M_2,s26,A,680.0,-0.07375190676466507
M_2,s26,A,700.0,0.036129929939298956
M_2,s26,A,720.0,-0.0710602273860631
M_2,s26,A,740.0,-0.14659571399398547
M_2,s26,A,760.0,-0.3048035900107446
M_2,s26,A,780.0,-0.4336619707413608
M_2,s26,A,800.0,-0.31805037791189217
M_2,s26,A,820.0,0.13007825018503708
M_2,s26,A,840.0,0.3386508757938739
M_2,s26,A,860.0,0.31597932550216656
M_2,s26,A,880.0,0.14289943692790716
M_2,s26,A,900.0,-0.06415931168977573
M_2,s26,A,920.0,-0.10167293192752558
M_2,s26,A,940.0,-0.10530167019014305
M_2,s26,A,960.0,0.024567656652083922
M_2,s26,A,980.0,0.06450000218659352
M_2,s26,I,0.0,0.4063548280483327
M_2,s26,I,20.0,0.18509412387722896
M_2,s26,I,40.0,0.3154441714282509
M_2,s26,I,60.0,0.4190101621988059
M_2,s26,I,80.0,0.5682359513003572
M_2,s26,I,100.0,0.4131162163487171
M_2,s26,I,120.0,0.19061484894024877
M_2,s26,I,140.0,0.08932546529393201
M_2,s26,I,160.0,0.04963452316074052
M_2,s26,I,180.0,0.030850413383742475
M_2,s26,I,200.0,0.341932608346532
M_2,s26,I,220.0,0.22564163023920658
M_2,s26,I,240.0,0.05456039948293389
M_2,s26,I,260.0,-0.09188623281570368
M_2,s26,I,280.0,-0.20816037791865977
M_2,s26,I,300.0,0.17247853516687164
M_2,s26,I,320.0,0.0017425670907951218
M_2,s26,I,340.0,-0.18080390432852417
M_2,s26,I,360.0,-0.6819434520274579
M_2,s26,I,380.0,-0.8348761000217614
M_2,s26,I,400.0,-0.8289452013870522
M_2,s26,I,420.0,-1.1149138260092701
M_2,s26,I,440.0,-0.9834119594418083
M_2,s26,I,460.0,-0.9481112738752562
M_2,s26,I,480.0,-0.813555256235504
M_2,s26,I,500.0,-1.047504820460166
M_2,s26,I,520.0,-1.0169477117107855
M_2,s26,I,540.0,-1.0429299481054652
M_2,s26,I,560.0,-1.4193670673013112
M_2,s26,I,580.0,-1.3804257577749803
M_2,s26,I,600.0,-1.4214147693102273
M_2,s26,I,620.0,-1.1616486733647813
M_2,s26,I,640.0,-0.947098103132415
M_2,s26,I,660.0,-1.125538179115613
M_2,s26,I,680.0,-0.9231720017207679
M_2,s26,I,700.0,-0.7284099714334531
M_2,s26,I,720.0,-0.6901038928200718
M_2,s26,I,740.0,-0.7025072935631891
M_2,s26,I,760.0,-0.24695808730285504
M_2,s26,I,780.0,-0.21262572433416382
M_2,s26,I,800.0,-0.427690407857377
M_2,s26,I,820.0,-0.6044977715009378
M_2,s26,I,840.0,-0.778035696639517
M_2,s26,I,860.0,-0.8317814379482651
M_2,s26,I,880.0,-0.6977011975212105
M_2,s26,I,900.0,-0.42559754295376173
M_2,s26,I,920.0,-0.36517831579771914
M_2,s26,I,940.0,-0.5975850837984906
M_2,s26,I,960.0,-0.7832452628306563
M_2,s26,I,980.0,-0.700110603783151
F_1,s27,G,0.0,0.05481819575438572
F_1,s27,G,20.0,0.11230085475912567
F_1,s27,G,40.0,-0.04801863574767708
F_1,s27,G,60.0,-0.11029468322272759
F_1,s27,G,80.0,-0.09805219112887645
F_1,s27,G,100.0,-0.039317356394776806
F_1,s27,G,120.0,-0.022857403714020313
F_1,s27,G,140.0,-0.05852648716676391
F_1,s27,G,160.0,0.009732946981850857
F_1,s27,G,180.0,0.06786332136511548
F_1,s27,G,200.0,0.06174419566995307
F_1,s27,G,220.0,-0.05039450702831681
F_1,s27,G,240.0,-0.02497033379409716
F_1,s27,G,260.0,-0.019677197557357487
F_1,s27,G,280.0,0.008068566675124372
F_1,s27,G,300.0,0.15508676553437573
F_1,s27,G,320.0,0.023705361103416173
F_1,s27,G,340.0,-0.15950123911818023
F_1,s27,G,360.0,-0.14438071330129482
F_1,s27,G,380.0,-0.10625578791726083
F_1,s27,G,400.0,-0.048851513854482734
F_1,s27,G,420.0,-0.14285590763183464
F_1,s27,G,440.0,-0.16237240680235465
F_1,s27,G,460.0,-0.08659410968148745
F_1,s27,G,480.0,-0.18525096310481232
F_1,s27,G,500.0,-0.20070562208184717
F_1,s27,G,520.0,-0.03185836848509781
F_1,s27,G,540.0,-0.12856265554475996
F_1,s27,G,560.0,-0.140764279619707
F_1,s27,G,580.0,0.041745258052790474
F_1,s27,G,600.0,-0.11046884400646612
F_1,s27,G,620.0,-0.15963877214126992
F_1,s27,G,640.0,0.12553407340754247
F_1,s27,G,660.0,0.12516012699857598
F_1,s27,G,680.0,0.050949025180203215
F_1,s27,G,700.0,0.05069007279717273
F_1,s27,G,720.0,-0.03098565865809575
F_1,s27,G,740.0,-0.052965374244070954
F_1,s27,G,760.0,0.04423468148741795
F_1,s27,G,780.0,0.01309853305418273
F_1,s27,G,800.0,-0.17222157786091194
F_1,s27,G,820.0,-0.2154671488532624
F_1,s27,G,840.0,-0.14793108560286694
F_1,s27,G,860.0,-0.13344902427562771
F_1,s27,G,880.0,-0.2074795941502382
F_1,s27,G,900.0,-0.20333134606311792
F_1,s27,G,920.0,-0.182227206698319
F_1,s27,G,940.0,-0.08130703634603054
F_1,s27,G,960.0,-0.17354162642507234
F_1,s27,G,980.0,-0.17599773509957073
F_1,s27,A,0.0,0.15562086770951927
F_1,s27,A,20.0,0.3903538252011364
F_1,s27,A,40.0,0.27595786785412457
F_1,s27,A,60.0,0.2419467531269317
F_1,s27,A,80.0,0.1907153151000427
F_1,s27,A,100.0,0.10158238239686179
F_1,s27,A,120.0,0.08952530657684721
F_1,s27,A,140.0,-0.22888760016746013
F_1,s27,A,160.0,-0.2883833804162142
F_1,s27,A,180.0,-0.2501661453309255
F_1,s27,A,200.0,-0.15521015139804445
F_1,s27,A,220.0,-0.39086675038992935
F_1,s27,A,240.0,-0.5142121245143685
F_1,s27,A,260.0,-0.07521947450286978
F_1,s27,A,280.0,-0.015011212539968226
F_1,s27,A,300.0,-0.37776005159537973
F_1,s27,A,320.0,-0.3406073824710111
F_1,s27,A,340.0,0.11583546974416845
F_1,s27,A,360.0,0.05541440524003889
F_1,s27,A,380.0,-0.4308540635558013
F_1,s27,A,400.0,-0.29567147003688865
F_1,s27,A,420.0,-0.14210971450078289
F_1,s27,A,440.0,-0.4199610368862957
F_1,s27,A,460.0,-0.5648361263957363
F_1,s27,A,480.0,-0.20726686460898724
F_1,s27,A,500.0,-0.2186428620290396
F_1,s27,A,520.0,-0.6482231499534175
F_1,s27,A,540.0,-0.30831642841628204
F_1,s27,A,560.0,-0.07823323871532271
F_1,s27,A,580.0,-0.3840953740575622
F_1,s27,A,600.0,-0.5888037308225038
F_1,s27,A,620.0,-0.13085360393660075
F_1,s27,A,640.0,-0.2304354525228321
F_1,s27,A,660.0,-0.2722406859228266
F_1,s27,A,680.0,-0.12459850820128544
F_1,s27,A,700.0,0.07701103058178534
F_1,s27,A,720.0,0.093545909357457
F_1,s27,A,740.0,0.23512549924973625
F_1,s27,A,760.0,0.410149476567619
F_1,s27,A,780.0,0.23746882859358714
F_1,s27,A,800.0,0.15016911473238737
F_1,s27,A,820.0,0.04840228102470667
F_1,s27,A,840.0,-0.02341779023877072
F_1,s27,A,860.0,-0.15107975623385023
F_1,s27,A,880.0,-0.04559095883665501
F_1,s27,A,900.0,0.20791717913963606
F_1,s27,A,920.0,0.2663509563501167
F_1,s27,A,940.0,0.123702512483198
F_1,s27,A,960.0,0.08228336901592362
F_1,s27,A,980.0,-0.0086836887980839
F_1,s27,I,0.0,-0.4299531866396714
F_1,s27,I,20.0,-0.8833831366561002
F_1,s27,I,40.0,-0.6879640292829998
F_1,s27,I,60.0,-0.6412528574141523
F_1,s27,I,80.0,-0.6551086401655153
F_1,s27,I,100.0,-0.5161627125883785
F_1,s27,I,120.0,-0.4877830034818472
F_1,s27,I,140.0,0.0698497925695784
F_1,s27,I,160.0,-0.13030754522378177
F_1,s27,I,180.0,-0.09907375538442242
F_1,s27,I,200.0,0.07853077215652879
F_1,s27,I,220.0,0.2643625166603977
F_1,s27,I,240.0,0.26356534528596104
F_1,s27,I,260.0,-0.10958497590830203
F_1,s27,I,280.0,-0.02772001071080521
F_1,s27,I,300.0,0.3265539220506983
F_1,s27,I,320.0,0.19358402521865586
F_1,s27,I,340.0,0.10319810982301933
F_1,s27,I,360.0,-0.08889993314865124
F_1,s27,I,380.0,0.2575540285899848
F_1,s27,I,400.0,0.4245284223512248
F_1,s27,I,420.0,0.22640685242200187
F_1,s27,I,440.0,0.2732305327726599
F_1,s27,I,460.0,0.4054924226814116
F_1,s27,I,480.0,0.26924001075525683
F_1,s27,I,500.0,0.042278201222420514
F_1,s27,I,520.0,0.3278186388461819
F_1,s27,I,540.0,0.06268506692267634
F_1,s27,I,560.0,-0.12875559959523708
F_1,s27,I,580.0,-0.008864501396662144
F_1,s27,I,600.0,0.24056016092381133
F_1,s27,I,620.0,-0.07118482593963874
F_1,s27,I,640.0,-0.10397961489001152
F_1,s27,I,660.0,-0.06439614688255288
F_1,s27,I,680.0,-0.15464570348493822
F_1,s27,I,700.0,-0.49385777167119005
F_1,s27,I,720.0,-0.5849221141086558
F_1,s27,I,740.0,-0.72418695900765
F_1,s27,I,760.0,-1.1396994901675965
F_1,s27,I,780.0,-0.9373952872993887
F_1,s27,I,800.0,-0.6665693906228508
F_1,s27,I,820.0,-0.48294068430652093
F_1,s27,I,840.0,-0.5542885401268389
F_1,s27,I,860.0,-0.37691719539622526
F_1,s27,I,880.0,-0.3069341215721762
F_1,s27,I,900.0,-0.5103669893633109
F_1,s27,I,920.0,-0.5891369412009504
F_1,s27,I,940.0,-0.6260146026917071
F_1,s27,I,960.0,-0.5803858698297965
F_1,s27,I,980.0,-0.49068840106332867
F_2,s27,G,0.0,0.12213317103638252
F_2,s27,G,20.0,0.1329948327509964
F_2,s27,G,40.0,0.03471309573056969
F_2,s27,G,60.0,0.03165070103208392
F_2,s27,G,80.0,-0.020413645120818072
F_2,s27,G,100.0,-0.030889019086337274
F_2,s27,G,120.0,0.012751492701275817
F_2,s27,G,140.0,-0.03720965372420151
F_2,s27,G,160.0,-0.0004534448151012954
F_2,s27,G,180.0,0.04452543904703635
F_2,s27,G,200.0,0.014539295663151621
F_2,s27,G,220.0,-0.06009775755954988
F_2,s27,G,240.0,-0.11199766932205647
F_2,s27,G,260.0,-0.19167037764373918
F_2,s27,G,280.0,-0.1915598500234162
F_2,s27,G,300.0,0.06157354582249132
F_2,s27,G,320.0,-0.05153581233980172
F_2,s27,G,340.0,-0.1835213200513982
F_2,s27,G,360.0,-0.18025238067706492
F_2,s27,G,380.0,0.029527510598645168
F_2,s27,G,400.0,-0.01125935334622645
F_2,s27,G,420.0,-0.24933192586165606
F_2,s27,G,440.0,-0.08945531554473317
F_2,s27,G,460.0,-0.06065314441853823
F_2,s27,G,480.0,-0.14970347068048334
F_2,s27,G,500.0,-0.1020362905567072
F_2,s27,G,520.0,0.05886990695639452
F_2,s27,G,540.0,-0.024638636703569937
F_2,s27,G,560.0,-0.07011745973477118
F_2,s27,G,580.0,0.14296821735713028
F_2,s27,G,600.0,-0.03839839477528871
F_2,s27,G,620.0,-0.1869787216013795
F_2,s27,G,640.0,0.06705871791834263
F_2,s27,G,660.0,0.08484014810082054
F_2,s27,G,680.0,-0.016745012885797467
F_2,s27,G,700.0,-0.021032982048399675
F_2,s27,G,720.0,-0.027980631731934134
F_2,s27,G,740.0,-0.12200881031384456
F_2,s27,G,760.0,-0.025106435023222292
F_2,s27,G,780.0,-0.08411260002421406
F_2,s27,G,800.0,-0.15660580034822524
F_2,s27,G,820.0,-0.1972108108474384
F_2,s27,G,840.0,-0.1511964258952491
F_2,s27,G,860.0,-0.1501098852589263
F_2,s27,G,880.0,-0.16494815407560093
F_2,s27,G,900.0,-0.1799777913156947
F_2,s27,G,920.0,-0.18198783676923108
F_2,s27,G,940.0,-0.09434868638128581
F_2,s27,G,960.0,-0.10302887106097265
F_2,s27,G,980.0,-0.08019066662633506
F_2,s27,A,0.0,0.09414880367098312
F_2,s27,A,20.0,0.2957518286581202
F_2,s27,A,40.0,0.24986098581934124
F_2,s27,A,60.0,0.11169389445410122
F_2,s27,A,80.0,0.07254158066428149
F_2,s27,A,100.0,0.13486202262976424
F_2,s27,A,120.0,0.15849102512216154
F_2,s27,A,140.0,-0.0001772379509045706
F_2,s27,A,160.0,-0.005724637777830836
F_2,s27,A,180.0,0.048860158604834975
F_2,s27,A,200.0,0.22925870617861394
F_2,s27,A,220.0,0.024578250424001247
F_2,s27,A,240.0,-0.01647611359310259
F_2,s27,A,260.0,0.2641720340707973
F_2,s27,A,280.0,0.28228843405052284
F_2,s27,A,300.0,0.00533967337688411
F_2,s27,A,320.0,-0.06876607036616801
F_2,s27,A,340.0,0.313572378315171
F_2,s27,A,360.0,0.30886993816958186
F_2,s27,A,380.0,-0.03800811331519779
F_2,s27,A,400.0,0.3212651038102996
F_2,s27,A,420.0,0.37100257727606484
F_2,s27,A,440.0,0.028422305458883336
F_2,s27,A,460.0,-0.20218008089866116
F_2,s27,A,480.0,0.03264369882337592
F_2,s27,A,500.0,0.3097522384850817
F_2,s27,A,520.0,0.00981478519741423
F_2,s27,A,540.0,0.09456440377201004
F_2,s27,A,560.0,0.3237724941189845
F_2,s27,A,580.0,0.17441404334462338
F_2,s27,A,600.0,-0.03432680948169309
F_2,s27,A,620.0,0.3164816143646844
F_2,s27,A,640.0,0.16415771650272162
F_2,s27,A,660.0,0.017707830005843785
F_2,s27,A,680.0,0.20263318211034856
F_2,s27,A,700.0,0.36245401210740746
F_2,s27,A,720.0,0.37998289152816533
F_2,s27,A,740.0,0.4780108966370943
F_2,s27,A,760.0,0.4631621241802734
F_2,s27,A,780.0,0.36970642603244164
F_2,s27,A,800.0,0.4425579513275568
F_2,s27,A,820.0,0.3579684922124308
F_2,s27,A,840.0,0.15127321314109654
F_2,s27,A,860.0,0.05548592556942743
F_2,s27,A,880.0,0.1499411747636044
F_2,s27,A,900.0,0.2795218734821119
F_2,s27,A,920.0,0.2848249904286378
F_2,s27,A,940.0,0.20362402208642455
F_2,s27,A,960.0,0.19170913112973642
F_2,s27,A,980.0,0.1938986178136401
F_2,s27,I,0.0,-0.2222261769174278
F_2,s27,I,20.0,-0.5736431331620829
F_2,s27,I,40.0,-0.5435680829768403
F_2,s27,I,60.0,-0.43317838278162824
F_2,s27,I,80.0,-0.4299043857110041
F_2,s27,I,100.0,-0.4272848414566173
F_2,s27,I,120.0,-0.28048874624394715
F_2,s27,I,140.0,-0.03504837386757298
F_2,s27,I,160.0,-0.17891201328147605
F_2,s27,I,180.0,-0.18962285639702664
F_2,s27,I,200.0,-0.09228059811392927
F_2,s27,I,220.0,-0.019006104085614192
F_2,s27,I,240.0,-0.0646821762944942
F_2,s27,I,260.0,-0.28491001036132085
F_2,s27,I,280.0,-0.07244633696427052
F_2,s27,I,300.0,0.06243550651950826
F_2,s27,I,320.0,0.08578354038706125
F_2,s27,I,340.0,0.13633835641948833
F_2,s27,I,360.0,-0.09412678422020448
F_2,s27,I,380.0,-0.024472622553723955
F_2,s27,I,400.0,0.09819975816124735
F_2,s27,I,420.0,0.030566469472032398
F_2,s27,I,440.0,-0.06032611326389897
F_2,s27,I,460.0,0.21138261205683212
F_2,s27,I,480.0,0.16095146867537172
F_2,s27,I,500.0,-0.3589308738776434
F_2,s27,I,520.0,-0.19011919603907165
F_2,s27,I,540.0,-0.054756521080041774
F_2,s27,I,560.0,-0.21149254224202507
F_2,s27,I,580.0,-0.44183844153014473
F_2,s27,I,600.0,-0.05903359728797984
F_2,s27,I,620.0,-0.08071330709432468
F_2,s27,I,640.0,-0.18412783688829765
F_2,s27,I,660.0,-0.13280674633337425
F_2,s27,I,680.0,-0.22729772637081502
F_2,s27,I,700.0,-0.4901760188995368
F_2,s27,I,720.0,-0.5012656084446598
F_2,s27,I,740.0,-0.5076761948705221
F_2,s27,I,760.0,-0.7812943345704525
F_2,s27,I,780.0,-0.7793432396455255
F_2,s27,I,800.0,-0.7129693522116074
F_2,s27,I,820.0,-0.44528784021487017
F_2,s27,I,840.0,-0.35365062856314644
F_2,s27,I,860.0,-0.26670120070517017
F_2,s27,I,880.0,-0.17196187553896725
F_2,s27,I,900.0,-0.2358775869617079
F_2,s27,I,920.0,-0.20034693898770423
F_2,s27,I,940.0,-0.21319362968105748
F_2,s27,I,960.0,-0.1820438413618353
F_2,s27,I,980.0,-0.1972679565836889
M_1,s27,G,0.0,0.2070150838364938
M_1,s27,G,20.0,0.23985358979926
M_1,s27,G,40.0,0.10907522837303642
M_1,s27,G,60.0,0.10293248604943059
M_1,s27,G,80.0,0.015062392303126115
M_1,s27,G,100.0,-0.035245520438627775
M_1,s27,G,120.0,-0.04088426884155347
M_1,s27,G,140.0,-0.14280500123079834
M_1,s27,G,160.0,-0.07422333531608549
M_1,s27,G,180.0,0.009454704416867243
M_1,s27,G,200.0,-0.02139518763246087
M_1,s27,G,220.0,-0.1287685284574154
M_1,s27,G,240.0,-0.09376947645426059
M_1,s27,G,260.0,-0.10677971720891666
M_1,s27,G,280.0,-0.09807046592907775
M_1,s27,G,300.0,-0.06656215001328886
M_1,s27,G,320.0,-0.1408555244004254
M_1,s27,G,340.0,-0.1482789774732685
M_1,s27,G,360.0,-0.2341538830727793
M_1,s27,G,380.0,-0.2815028847784121
M_1,s27,G,400.0,0.06767215777135582
M_1,s27,G,420.0,0.15271409020473178
M_1,s27,G,440.0,0.03149959551803144
M_1,s27,G,460.0,-0.06151208291888291
M_1,s27,G,480.0,0.08627459659716455
M_1,s27,G,500.0,0.11966906444929581
M_1,s27,G,520.0,-0.003173459652244928
M_1,s27,G,540.0,0.011308598644491852
M_1,s27,G,560.0,0.11026870628111324
M_1,s27,G,580.0,0.12386429975982016
M_1,s27,G,600.0,-0.2593957015008735
M_1,s27,G,620.0,-0.1745814771205296
M_1,s27,G,640.0,0.06895828338108229
M_1,s27,G,660.0,0.0078080356334794265
M_1,s27,G,680.0,0.020415562394394793
M_1,s27,G,700.0,0.11162779182492706
M_1,s27,G,720.0,0.024289507638837193
M_1,s27,G,740.0,0.01617690532069127
M_1,s27,G,760.0,0.2151236116467565
M_1,s27,G,780.0,0.18377560353626893
M_1,s27,G,800.0,-0.012294569109050274
M_1,s27,G,820.0,-0.059184526223880624
M_1,s27,G,840.0,-0.014535087783541484
M_1,s27,G,860.0,-0.07584751855358295
M_1,s27,G,880.0,-0.12929355842903564
M_1,s27,G,900.0,-0.10217725111228498
M_1,s27,G,920.0,-0.11065908992535836
M_1,s27,G,940.0,0.08431927668593595
M_1,s27,G,960.0,0.12879241570084116
M_1,s27,G,980.0,0.1580155072532025
M_1,s27,A,0.0,-0.051889501525633326
M_1,s27,A,20.0,0.09772142755014146
M_1,s27,A,40.0,0.04506301553558218
M_1,s27,A,60.0,-0.05213901441814549
M_1,s27,A,80.0,-0.00664447294027376
M_1,s27,A,100.0,-0.030731380169974426
M_1,s27,A,120.0,-0.08237702476415469
M_1,s27,A,140.0,-0.17416707390910263
M_1,s27,A,160.0,-0.2187030002557215
M_1,s27,A,180.0,-0.16533235605787422
M_1,s27,A,200.0,-0.0922909289336985
M_1,s27,A,220.0,-0.22990025354109314
M_1,s27,A,240.0,-0.29551499808689413
M_1,s27,A,260.0,-0.02813670691114617
M_1,s27,A,280.0,-0.06490453030769303
M_1,s27,A,300.0,-0.10777964987130315
M_1,s27,A,320.0,-0.32189524811371883
M_1,s27,A,340.0,0.10503922598731566
M_1,s27,A,360.0,0.3152567503666299
M_1,s27,A,380.0,-0.006220335398513223
M_1,s27,A,400.0,0.11914308565287224
M_1,s27,A,420.0,0.1497919341777423
M_1,s27,A,440.0,-0.07361930354138173
M_1,s27,A,460.0,-0.3019931070690952
M_1,s27,A,480.0,-0.08292077550525107
M_1,s27,A,500.0,0.1844682214537448
M_1,s27,A,520.0,-0.03856316510335143
M_1,s27,A,540.0,-0.06620544538302867
M_1,s27,A,560.0,0.013886279533571105
M_1,s27,A,580.0,-0.0003183041205602581
M_1,s27,A,600.0,-0.2066526273830129
M_1,s27,A,620.0,0.03437715000669442
M_1,s27,A,640.0,-0.13000520423229828
M_1,s27,A,660.0,-0.18814234066779023
M_1,s27,A,680.0,-0.0952469016559962
M_1,s27,A,700.0,0.020292207430661596
M_1,s27,A,720.0,-0.009236618450050027
M_1,s27,A,740.0,0.03872755797049593
M_1,s27,A,760.0,0.028739537543540833
M_1,s27,A,780.0,0.022103904649940886
M_1,s27,A,800.0,0.08262898319168668
M_1,s27,A,820.0,0.030669675241365074
M_1,s27,A,840.0,-0.1377206399931246
M_1,s27,A,860.0,-0.20941832043619207
M_1,s27,A,880.0,-0.12345868575071399
M_1,s27,A,900.0,0.04379083340824616
M_1,s27,A,920.0,-0.009072439961874637
M_1,s27,A,940.0,-0.0751054233856944
M_1,s27,A,960.0,-0.06027302614143838
M_1,s27,A,980.0,-0.13413853025094225
M_1,s27,I,0.0,-0.17767831653990918
M_1,s27,I,20.0,-0.5206993836098635
M_1,s27,I,40.0,-0.49175843913568684
M_1,s27,I,60.0,-0.3819856796236955
M_1,s27,I,80.0,-0.4048035579479535
M_1,s27,I,100.0,-0.3525855734386345
M_1,s27,I,120.0,-0.1544842134736103
M_1,s27,I,140.0,0.05266485395484932
M_1,s27,I,160.0,-0.10541082989684608
M_1,s27,I,180.0,-0.11723798015811114
M_1,s27,I,200.0,0.023753274234483326
M_1,s27,I,220.0,0.08272141562247891
M_1,s27,I,240.0,0.04042051976311985
M_1,s27,I,260.0,-0.10415076577199424
M_1,s27,I,280.0,0.09393118791752046
M_1,s27,I,300.0,0.14758369106350797
M_1,s27,I,320.0,0.27310253319773575
M_1,s27,I,340.0,0.22578790685209044
M_1,s27,I,360.0,-0.14509841217735397
M_1,s27,I,380.0,0.015711172529279907
M_1,s27,I,400.0,0.1341055132225553
M_1,s27,I,420.0,-0.01575123737948725
M_1,s27,I,440.0,-0.03831581115548169
M_1,s27,I,460.0,0.22826525148424592
M_1,s27,I,480.0,0.16659524214706636
M_1,s27,I,500.0,-0.3782203850744139
M_1,s27,I,520.0,-0.17621088115088065
M_1,s27,I,540.0,0.010763455153919674
M_1,s27,I,560.0,-0.10262843726463597
M_1,s27,I,580.0,-0.34971754823401024
M_1,s27,I,600.0,-0.0016501906287877746
M_1,s27,I,620.0,0.030836172025310023
M_1,s27,I,640.0,-0.029892485856477483
M_1,s27,I,660.0,-0.0019705156021787296
M_1,s27,I,680.0,-0.06469922555703365
M_1,s27,I,700.0,-0.32175877058158864
M_1,s27,I,720.0,-0.3014066031216095
M_1,s27,I,740.0,-0.2622893102096312
M_1,s27,I,760.0,-0.520987876420868
M_1,s27,I,780.0,-0.5840518000962693
M_1,s27,I,800.0,-0.5270120321587298
M_1,s27,I,820.0,-0.28468317743874216
M_1,s27,I,840.0,-0.19050367305808558
M_1,s27,I,860.0,-0.06336338438673268
M_1,s27,I,880.0,0.04920900481039603
M_1,s27,I,900.0,-0.021407423394441627
M_1,s27,I,920.0,0.04839654446262509
M_1,s27,I,940.0,-0.03566730077044922
M_1,s27,I,960.0,-0.04437378043608631
M_1,s27,I,980.0,0.013765867343619773
M_2,s27,G,0.0,0.05867443552803596
M_2,s27,G,20.0,0.0745251718178497
M_2,s27,G,40.0,-0.06759292906051736
M_2,s27,G,60.0,-0.16517601319373915
M_2,s27,G,80.0,-0.17789755057077936
M_2,s27,G,100.0,-0.11657585753255943
M_2,s27,G,120.0,-0.09498108289326321
M_2,s27,G,140.0,-0.06194303209131132
M_2,s27,G,160.0,-0.007112789446723597
M_2,s27,G,180.0,0.10586012420588503
M_2,s27,G,200.0,0.05702689414867598
M_2,s27,G,220.0,0.0308502434492832
M_2,s27,G,240.0,0.13583827767189777
M_2,s27,G,260.0,0.14893329746310047
M_2,s27,G,280.0,0.19847757147918837
M_2,s27,G,300.0,0.24354054869280592
M_2,s27,G,320.0,0.13689618076551413
M_2,s27,G,340.0,0.013924025203868595
M_2,s27,G,360.0,-0.0915236117058422
M_2,s27,G,380.0,-0.0854453475581941
M_2,s27,G,400.0,-0.0017944106117838404
M_2,s27,G,420.0,-0.041142884469976854
M_2,s27,G,440.0,-0.12203530421373701
M_2,s27,G,460.0,0.05223961476408208
M_2,s27,G,480.0,-0.03875698028242361
M_2,s27,G,500.0,-0.000846746970919271
M_2,s27,G,520.0,0.14250951034204012
M_2,s27,G,540.0,0.04592324791795986
M_2,s27,G,560.0,0.0863598287377002
M_2,s27,G,580.0,0.3147551512736999
M_2,s27,G,600.0,0.12157233575006107
M_2,s27,G,620.0,-0.05821960402011982
M_2,s27,G,640.0,0.2769633908943398
M_2,s27,G,660.0,0.2530861017681994
M_2,s27,G,680.0,0.15017618794958604
M_2,s27,G,700.0,0.1697405184334493
M_2,s27,G,720.0,0.14516626777107017
M_2,s27,G,740.0,0.017196624699429355
M_2,s27,G,760.0,0.15956579612226918
M_2,s27,G,780.0,0.16035980029767538
M_2,s27,G,800.0,0.2022459014221939
M_2,s27,G,820.0,0.0009514083802835693
M_2,s27,G,840.0,-0.05936663490669426
M_2,s27,G,860.0,-0.02375552664576821
M_2,s27,G,880.0,-0.02213543500385875
M_2,s27,G,900.0,-0.09811908614348597
M_2,s27,G,920.0,-0.2212382080230314
M_2,s27,G,940.0,-0.14252179012817992
M_2,s27,G,960.0,-0.14098529472823892
M_2,s27,G,980.0,-0.12621231554201964
M_2,s27,A,0.0,-0.05094457003722806
M_2,s27,A,20.0,0.08546762758521534
M_2,s27,A,40.0,-0.004470888421557688
M_2,s27,A,60.0,-0.018226488593132098
M_2,s27,A,80.0,0.05008786887544714
M_2,s27,A,100.0,0.13471043885977488
M_2,s27,A,120.0,0.11925438533944618
M_2,s27,A,140.0,0.0017069043750473079
M_2,s27,A,160.0,0.022793267347687177
M_2,s27,A,180.0,-0.010739014681183254
M_2,s27,A,200.0,0.10934958761632169
M_2,s27,A,220.0,0.0115543422617823
M_2,s27,A,240.0,-0.012664499921536648
M_2,s27,A,260.0,0.249288370506247
M_2,s27,A,280.0,0.1491907912504609
M_2,s27,A,300.0,0.001682447274728105
M_2,s27,A,320.0,0.034050831557094235
M_2,s27,A,340.0,0.1885785346045392
M_2,s27,A,360.0,0.28495536502922414
M_2,s27,A,380.0,0.1596840169423523
M_2,s27,A,400.0,0.27947334206624147
M_2,s27,A,420.0,0.145012619030515
M_2,s27,A,440.0,0.01729686780098279
M_2,s27,A,460.0,-0.19320896791107378
M_2,s27,A,480.0,-0.004752326277879158
M_2,s27,A,500.0,0.2954875485606086
M_2,s27,A,520.0,0.12791502423792567
M_2,s27,A,540.0,0.09692160197609767
M_2,s27,A,560.0,0.13242634336432813
M_2,s27,A,580.0,0.08268703730290522
M_2,s27,A,600.0,-0.18444563296797156
M_2,s27,A,620.0,0.1472390197093434
M_2,s27,A,640.0,0.11059442491980773
M_2,s27,A,660.0,-0.06679530458089837
M_2,s27,A,680.0,-0.029842528903195845
M_2,s27,A,700.0,0.1240938974921928
M_2,s27,A,720.0,0.2289520659647932
M_2,s27,A,740.0,0.30588020597256044
M_2,s27,A,760.0,0.2686465285056212
M_2,s27,A,780.0,0.10360595202239807
M_2,s27,A,800.0,0.1012650007566589
M_2,s27,A,820.0,0.12860621032590064
M_2,s27,A,840.0,0.01890105251077881
M_2,s27,A,860.0,-0.07440134581922123
M_2,s27,A,880.0,0.009733600355158398
M_2,s27,A,900.0,0.14942418682808548
M_2,s27,A,920.0,0.14971088861648335
M_2,s27,A,940.0,0.017597210828135222
M_2,s27,A,960.0,0.005062123484713049
M_2,s27,A,980.0,0.0019918159344896047
M_2,s27,I,0.0,0.09465462492907405
M_2,s27,I,20.0,-0.22189182685838993
M_2,s27,I,40.0,-0.12520303258059828
M_2,s27,I,60.0,0.0913328744733933
M_2,s27,I,80.0,0.030291421239051625
M_2,s27,I,100.0,-0.3530073845390655
M_2,s27,I,120.0,0.02924693210753687
M_2,s27,I,140.0,-0.0024944908172309377
M_2,s27,I,160.0,-0.20631345618229457
M_2,s27,I,180.0,-0.20164889822921958
M_2,s27,I,200.0,-0.16968911198239822
M_2,s27,I,220.0,-0.12155198349824682
M_2,s27,I,240.0,-0.39518151975253984
M_2,s27,I,260.0,-0.6321768376421799
M_2,s27,I,280.0,-0.6233221661111368
M_2,s27,I,300.0,-0.4754023569271929
M_2,s27,I,320.0,-0.2454566006730282
M_2,s27,I,340.0,-0.06290518217515728
M_2,s27,I,360.0,-0.3641756724191676
M_2,s27,I,380.0,-0.2071999792726837
M_2,s27,I,400.0,-0.08697899516186648
M_2,s27,I,420.0,-0.20385392778118847
M_2,s27,I,440.0,-0.2781186428634088
M_2,s27,I,460.0,-0.0061435872663662405
M_2,s27,I,480.0,-0.042141724936764824
M_2,s27,I,500.0,-0.5494354176852915
M_2,s27,I,520.0,-0.37169855685030345
M_2,s27,I,540.0,-0.1484045059883429
M_2,s27,I,560.0,-0.41421513536317633
M_2,s27,I,580.0,-0.861990918627159
M_2,s27,I,600.0,-0.26797336446066483
M_2,s27,I,620.0,-0.10080265145462866
M_2,s27,I,640.0,-0.6129047960526535
M_2,s27,I,660.0,-0.5938855888721579
M_2,s27,I,680.0,-0.611678895805655
M_2,s27,I,700.0,-0.8051263130773415
M_2,s27,I,720.0,-0.7668068153741796
M_2,s27,I,740.0,-0.7129950645885852
M_2,s27,I,760.0,-0.9850176575831646
M_2,s27,I,780.0,-1.0516152869625204
M_2,s27,I,800.0,-1.325495151351151
M_2,s27,I,820.0,-0.8274991661221782
M_2,s27,I,840.0,-0.4880289201165406
M_2,s27,I,860.0,-0.411586405663028
M_2,s27,I,880.0,-0.34671885275393627
M_2,s27,I,900.0,-0.22434711720232942
M_2,s27,I,920.0,-0.011492061022331246
M_2,s27,I,940.0,0.03036973974075108
M_2,s27,I,960.0,0.12553759735046027
M_2,s27,I,980.0,0.036118132071628395
F_1,s28,G,0.0,0.07780818074285892
F_1,s28,G,20.0,0.11708106019201503
F_1,s28,G,40.0,0.09423969998957572
F_1,s28,G,60.0,0.029975611792213613
F_1,s28,G,80.0,-0.023048733920782494
F_1,s28,G,100.0,-0.08606634327687254
F_1,s28,G,120.0,0.062347118102736215
F_1,s28,G,140.0,0.19203277187997086
F_1,s28,G,160.0,0.17084830825447272
F_1,s28,G,180.0,0.03962693951983659
F_1,s28,G,200.0,-0.11333787480169659
F_1,s28,G,220.0,-0.08143986459491465
F_1,s28,G,240.0,-0.10079310538931399
F_1,s28,G,260.0,-0.10037503607194584
F_1,s28,G,280.0,-0.20460066682882005
F_1,s28,G,300.0,-0.16492296362311393
F_1,s28,G,320.0,-0.0021975808488934045
F_1,s28,G,340.0,0.05768221751753086
F_1,s28,G,360.0,-0.02006425711792073
F_1,s28,G,380.0,-0.20904282171075347
F_1,s28,G,400.0,-0.12685826168887426
F_1,s28,G,420.0,0.07194128948895193
F_1,s28,G,440.0,0.11096844656688451
F_1,s28,G,460.0,-0.1243646477652516
F_1,s28,G,480.0,-0.08129437856405945
F_1,s28,G,500.0,-0.14693830047573633
F_1,s28,G,520.0,-0.26624622874820836
F_1,s28,G,540.0,-0.2542920303851537
F_1,s28,G,560.0,-0.15152392117192418
F_1,s28,G,580.0,-0.17104683315406347
F_1,s28,G,600.0,-0.1328908401562699
F_1,s28,G,620.0,-0.03734122286907385
F_1,s28,G,640.0,0.096616024167812
F_1,s28,G,660.0,0.05764134972357192
F_1,s28,G,680.0,-0.06138252257406012
F_1,s28,G,700.0,0.029972751092038605
F_1,s28,G,720.0,0.09506864072433761
F_1,s28,G,740.0,-0.01877734498023015
F_1,s28,G,760.0,-0.0826192965844986
F_1,s28,G,780.0,-0.060769253290543696
F_1,s28,G,800.0,0.01816471010440516
F_1,s28,G,820.0,-0.014979724185816612
F_1,s28,G,840.0,-0.1550303718619437
F_1,s28,G,860.0,-0.029869640584153492
F_1,s28,G,880.0,0.057803742247650655
F_1,s28,G,900.0,-0.026828017098689656
F_1,s28,G,920.0,-0.043719809347667865
F_1,s28,G,940.0,0.05111930761059848
F_1,s28,G,960.0,0.13721048856858392
F_1,s28,G,980.0,0.1332862626728248
F_1,s28,A,0.0,-0.026012755011469747
F_1,s28,A,20.0,-0.12618580590101386
F_1,s28,A,40.0,-0.2256823505275473
F_1,s28,A,60.0,-0.008007809366479074
F_1,s28,A,80.0,0.22538518815232786
F_1,s28,A,100.0,0.23325696815353375
F_1,s28,A,120.0,0.011180782717858648
F_1,s28,A,140.0,-0.05641510292004523
F_1,s28,A,160.0,0.12867306544204613
F_1,s28,A,180.0,0.19464611333611456
F_1,s28,A,200.0,0.17633438472599192
F_1,s28,A,220.0,0.1434283065478535
F_1,s28,A,240.0,0.25449726022888935
F_1,s28,A,260.0,0.3309524451893117
F_1,s28,A,280.0,0.11802568529896851
F_1,s28,A,300.0,-0.06904437574462952
F_1,s28,A,320.0,-0.17672690316536455
F_1,s28,A,340.0,-0.25680264564994093
F_1,s28,A,360.0,-0.2624621432827182
F_1,s28,A,380.0,-0.18940923749503483
F_1,s28,A,400.0,-0.40499208364147327
F_1,s28,A,420.0,-0.5793443900432216
F_1,s28,A,440.0,-0.5004405198981825
F_1,s28,A,460.0,-0.31289746931993817
F_1,s28,A,480.0,-0.29898417581012393
F_1,s28,A,500.0,-0.40099593053931815
F_1,s28,A,520.0,-0.2679021626125416
F_1,s28,A,540.0,-0.08089909199039792
F_1,s28,A,560.0,-0.11980411632027979
F_1,s28,A,580.0,-0.21136067591864355
F_1,s28,A,600.0,-0.25643635739060905
F_1,s28,A,620.0,-0.23723271062180706
F_1,s28,A,640.0,-0.3309893602077836
F_1,s28,A,660.0,-0.45591481214700075
F_1,s28,A,680.0,-0.3510403337551218
F_1,s28,A,700.0,-0.3658677324570899
F_1,s28,A,720.0,-0.4890093025378149
F_1,s28,A,740.0,-0.36306695123685506
F_1,s28,A,760.0,-0.359310826474096
F_1,s28,A,780.0,-0.3746913450702995
F_1,s28,A,800.0,-0.3879937420972267
F_1,s28,A,820.0,-0.5246568270051528
F_1,s28,A,840.0,-0.4743033516975243
F_1,s28,A,860.0,-0.36881413757569514
F_1,s28,A,880.0,-0.37838693902074594
F_1,s28,A,900.0,-0.2713700947424633
F_1,s28,A,920.0,-0.22749972845612174
F_1,s28,A,940.0,-0.14275458060362847
F_1,s28,A,960.0,-0.0894960971852441
F_1,s28,A,980.0,-0.15743895355710305
F_1,s28,I,0.0,0.1208800246965142
F_1,s28,I,20.0,0.2796066512160275
F_1,s28,I,40.0,0.31647713976213765
F_1,s28,I,60.0,0.1607983161402218
F_1,s28,I,80.0,-0.13058983344531858
F_1,s28,I,100.0,-0.055392066489271335
F_1,s28,I,120.0,0.17151493521940875
F_1,s28,I,140.0,0.1503461904447128
F_1,s28,I,160.0,-0.018097095958868215
F_1,s28,I,180.0,0.20812466611264924
F_1,s28,I,200.0,0.26034102260115755
F_1,s28,I,220.0,0.29884080982743033
F_1,s28,I,240.0,0.06423425748831918
F_1,s28,I,260.0,0.0035650583458649576
F_1,s28,I,280.0,0.4611655244850451
F_1,s28,I,300.0,0.618805933524629
F_1,s28,I,320.0,0.33614115201439265
F_1,s28,I,340.0,0.3542779679119503
F_1,s28,I,360.0,0.471526931913754
F_1,s28,I,380.0,0.20358094463974113
F_1,s28,I,400.0,0.47572496128983294
F_1,s28,I,420.0,0.6391534018173142
F_1,s28,I,440.0,0.6515112484181345
F_1,s28,I,460.0,0.6148075730485785
F_1,s28,I,480.0,0.65635397551319
F_1,s28,I,500.0,0.9078724107092413
F_1,s28,I,520.0,0.848764650874764
F_1,s28,I,540.0,0.633766194697682
F_1,s28,I,560.0,0.6370502353011628
F_1,s28,I,580.0,0.6423129859862806
F_1,s28,I,600.0,0.42207096203600003
F_1,s28,I,620.0,0.3287060378746104
F_1,s28,I,640.0,0.4523081067741607
F_1,s28,I,660.0,0.585090850920825
F_1,s28,I,680.0,0.550101198188897
F_1,s28,I,700.0,0.6170632353475152
F_1,s28,I,720.0,0.7171400070228184
F_1,s28,I,740.0,0.7362832834901478
F_1,s28,I,760.0,0.7382451075481511
F_1,s28,I,780.0,0.6464991661857722
F_1,s28,I,800.0,0.6182667258600312
F_1,s28,I,820.0,0.7734162055046792
F_1,s28,I,840.0,0.7420162541452057
F_1,s28,I,860.0,0.6415581174319129
F_1,s28,I,880.0,0.7488953427718367
F_1,s28,I,900.0,0.6825726284957709
F_1,s28,I,920.0,0.5931283049747011
F_1,s28,I,940.0,0.3433057209352583
F_1,s28,I,960.0,0.3475729194839374
F_1,s28,I,980.0,0.5126295990980159
F_2,s28,G,0.0,0.002235220336669036
F_2,s28,G,20.0,-0.0007007599365730227
F_2,s28,G,40.0,0.005361589358975891
F_2,s28,G,60.0,-0.0023643309655505818
F_2,s28,G,80.0,-0.06298890686944977
F_2,s28,G,100.0,-0.1242159281312571
F_2,s28,G,120.0,5.322317198176718e-05
F_2,s28,G,140.0,0.10001780773235097
F_2,s28,G,160.0,0.14980863943453201
F_2,s28,G,180.0,0.00667983827797778
F_2,s28,G,200.0,-0.15856755855660737
F_2,s28,G,220.0,-0.03571581315401982
F_2,s28,G,240.0,-0.025204429012457247
F_2,s28,G,260.0,-0.12808990903240025
F_2,s28,G,280.0,-0.24273386057818858
F_2,s28,G,300.0,-0.22424215983947896
F_2,s28,G,320.0,-0.07504976687784422
F_2,s28,G,340.0,0.06478696153131572
F_2,s28,G,360.0,0.027509619891873005
F_2,s28,G,380.0,-0.08895781208672705
F_2,s28,G,400.0,-0.10622284080358127
F_2,s28,G,420.0,0.0857567374212507
F_2,s28,G,440.0,0.10126623189061423
F_2,s28,G,460.0,-0.13924290325612668
F_2,s28,G,480.0,-0.03175326809559219
F_2,s28,G,500.0,-0.029329862350042347
F_2,s28,G,520.0,-0.1852683282247621
F_2,s28,G,540.0,-0.2628118264661609
F_2,s28,G,560.0,-0.08432758053292091
F_2,s28,G,580.0,-0.055830377821382504
F_2,s28,G,600.0,-0.11686596056884202
F_2,s28,G,620.0,-0.1760757320527265
F_2,s28,G,640.0,-0.1422890677217012
F_2,s28,G,660.0,-0.04025384372327273
F_2,s28,G,680.0,-0.01213837638529923
F_2,s28,G,700.0,-0.04293325193264795
F_2,s28,G,720.0,-0.07159665106729586
F_2,s28,G,740.0,-0.2247299982769076
F_2,s28,G,760.0,-0.24943637428851484
F_2,s28,G,780.0,-0.1816453380004437
F_2,s28,G,800.0,-0.12035998554897781
F_2,s28,G,820.0,-0.1467369539385028
F_2,s28,G,840.0,-0.21396601116582947
F_2,s28,G,860.0,-0.16238706958999263
F_2,s28,G,880.0,-0.1218957169281161
F_2,s28,G,900.0,-0.11696660395225052
F_2,s28,G,920.0,-0.12239754803959318
F_2,s28,G,940.0,-0.06060147429885249
F_2,s28,G,960.0,0.016633928239098178
F_2,s28,G,980.0,0.09940928880086282
F_2,s28,A,0.0,0.13944748705484092
F_2,s28,A,20.0,0.06681136355651243
F_2,s28,A,40.0,0.047760740876386966
F_2,s28,A,60.0,0.19070506971466494
F_2,s28,A,80.0,0.19887421357291854
F_2,s28,A,100.0,0.0890281852657919
F_2,s28,A,120.0,-0.06307297058564439
F_2,s28,A,140.0,-0.19450403267308827
F_2,s28,A,160.0,-0.12923105042352262
F_2,s28,A,180.0,-0.0577977489281572
F_2,s28,A,200.0,0.03193796973780419
F_2,s28,A,220.0,-0.08718471581700328
F_2,s28,A,240.0,-0.100276982107773
F_2,s28,A,260.0,-0.005849409489203122
F_2,s28,A,280.0,-0.07574302633288282
F_2,s28,A,300.0,-0.24794342869227506
F_2,s28,A,320.0,-0.4057408117049846
F_2,s28,A,340.0,-0.48150028298015557
F_2,s28,A,360.0,-0.4503571282638882
F_2,s28,A,380.0,-0.4673406573077747
F_2,s28,A,400.0,-0.47482424227407444
F_2,s28,A,420.0,-0.5058519193049463
F_2,s28,A,440.0,-0.5030644230151721
F_2,s28,A,460.0,-0.2556866636323762
F_2,s28,A,480.0,-0.23346688750961028
F_2,s28,A,500.0,-0.2907919664927331
F_2,s28,A,520.0,-0.22040478734051483
F_2,s28,A,540.0,-0.09312264272028903
F_2,s28,A,560.0,-0.1398664552398409
F_2,s28,A,580.0,-0.1788885143798655
F_2,s28,A,600.0,-0.08162366261567304
F_2,s28,A,620.0,0.11770375406443638
F_2,s28,A,640.0,0.023940471447313285
F_2,s28,A,660.0,-0.2936118003295546
F_2,s28,A,680.0,-0.351179871863439
F_2,s28,A,700.0,-0.3410549401591823
F_2,s28,A,720.0,-0.3241501605764264
F_2,s28,A,740.0,-0.19045696151187758
F_2,s28,A,760.0,-0.206019614962122
F_2,s28,A,780.0,-0.3170981733956439
F_2,s28,A,800.0,-0.37530117831197274
F_2,s28,A,820.0,-0.4513114598393779
F_2,s28,A,840.0,-0.5143537939091651
F_2,s28,A,860.0,-0.4857997921991217
F_2,s28,A,880.0,-0.4563355331534175
F_2,s28,A,900.0,-0.38160516214670553
F_2,s28,A,920.0,-0.3166646709253393
F_2,s28,A,940.0,-0.3249764059012538
F_2,s28,A,960.0,-0.3936374100584596
F_2,s28,A,980.0,-0.44435409609686205
F_2,s28,I,0.0,0.019564468425792264
F_2,s28,I,20.0,0.21549837475752626
F_2,s28,I,40.0,0.11358812661219257
F_2,s28,I,60.0,0.036259741301058156
F_2,s28,I,80.0,0.004259574556875881
F_2,s28,I,100.0,0.14323976764640156
F_2,s28,I,120.0,0.18087981004895917
F_2,s28,I,140.0,0.20019007323160143
F_2,s28,I,160.0,0.06069388267815834
F_2,s28,I,180.0,0.2040810126046794
F_2,s28,I,200.0,0.28581820680179937
F_2,s28,I,220.0,0.49918474577880784
F_2,s28,I,240.0,0.36125714754003874
F_2,s28,I,260.0,0.16066678645953078
F_2,s28,I,280.0,0.44848737460972066
F_2,s28,I,300.0,0.72939494305757
F_2,s28,I,320.0,0.5144334395217959
F_2,s28,I,340.0,0.2995293060993045
F_2,s28,I,360.0,0.3209648785755059
F_2,s28,I,380.0,0.2743218004604007
F_2,s28,I,400.0,0.3710508542569084
F_2,s28,I,420.0,0.444158098984177
F_2,s28,I,440.0,0.4619700233739313
F_2,s28,I,460.0,0.3626952832617798
F_2,s28,I,480.0,0.4409457746085968
F_2,s28,I,500.0,0.7706669357996716
F_2,s28,I,520.0,0.6862073371080957
F_2,s28,I,540.0,0.40603440502273896
F_2,s28,I,560.0,0.4540486874889261
F_2,s28,I,580.0,0.5946303539594929
F_2,s28,I,600.0,0.34308759721793497
F_2,s28,I,620.0,0.10639315032362054
F_2,s28,I,640.0,0.1759405760084421
F_2,s28,I,660.0,0.3263036538495988
F_2,s28,I,680.0,0.49709872687416834
F_2,s28,I,700.0,0.5773416450232484
F_2,s28,I,720.0,0.5218609241441262
F_2,s28,I,740.0,0.666288452861798
F_2,s28,I,760.0,0.6713704298757726
F_2,s28,I,780.0,0.5885655307115555
F_2,s28,I,800.0,0.5350882152810306
F_2,s28,I,820.0,0.6956779312232306
F_2,s28,I,840.0,0.7994410332102806
F_2,s28,I,860.0,0.8294527038739444
F_2,s28,I,880.0,0.8234969230363428
F_2,s28,I,900.0,0.7542097979248447
F_2,s28,I,920.0,0.71870556791671
F_2,s28,I,940.0,0.611567869644342
F_2,s28,I,960.0,0.6016418026245289
F_2,s28,I,980.0,0.641186844294492
M_1,s28,G,0.0,0.31925893616370526
M_1,s28,G,20.0,0.32791248455835365
M_1,s28,G,40.0,0.32970838206710884
M_1,s28,G,60.0,0.19952899944717284
M_1,s28,G,80.0,0.08559149931967497
M_1,s28,G,100.0,0.061746782586891695
M_1,s28,G,120.0,0.16129851166718742
M_1,s28,G,140.0,0.15154638999989498
M_1,s28,G,160.0,0.16462880474127572
M_1,s28,G,180.0,-0.004849286952287494
M_1,s28,G,200.0,-0.12270242048683361
M_1,s28,G,220.0,0.04617626416581368
M_1,s28,G,240.0,0.12890224306598025
M_1,s28,G,260.0,0.011646581668157713
M_1,s28,G,280.0,-0.12414276092002896
M_1,s28,G,300.0,-0.13220498096130193
M_1,s28,G,320.0,-0.002914132299903921
M_1,s28,G,340.0,0.17892850921966436
M_1,s28,G,360.0,0.2159667110776316
M_1,s28,G,380.0,0.1262701259406099
M_1,s28,G,400.0,0.07416289904662512
M_1,s28,G,420.0,0.2472841789980308
M_1,s28,G,440.0,0.3676389959310523
M_1,s28,G,460.0,0.19768164290400156
M_1,s28,G,480.0,0.21021817324429998
M_1,s28,G,500.0,0.26807889880823776
M_1,s28,G,520.0,0.07015186442438509
M_1,s28,G,540.0,-0.026245261065472272
M_1,s28,G,560.0,-0.04148001127538154
M_1,s28,G,580.0,0.06443329215849061
M_1,s28,G,600.0,0.12030596463402138
M_1,s28,G,620.0,-0.16971996514656762
M_1,s28,G,640.0,-0.029865304395038483
M_1,s28,G,660.0,0.15866269791466903
M_1,s28,G,680.0,0.2343228118225738
M_1,s28,G,700.0,0.14040195236759628
M_1,s28,G,720.0,0.0676096022936122
M_1,s28,G,740.0,-0.06251110460703568
M_1,s28,G,760.0,-0.051090885279733184
M_1,s28,G,780.0,-0.05808059792232739
M_1,s28,G,800.0,0.01941228618807493
M_1,s28,G,820.0,0.04031912834348367
M_1,s28,G,840.0,-0.040256014546634876
M_1,s28,G,860.0,0.04445734961441629
M_1,s28,G,880.0,0.05718342706394951
M_1,s28,G,900.0,-0.11029523477753678
M_1,s28,G,920.0,-0.2216008715861644
M_1,s28,G,940.0,-0.14697828228715462
M_1,s28,G,960.0,-0.06805458255829823
M_1,s28,G,980.0,-0.009323335682878645
M_1,s28,A,0.0,-0.09530027921415865
M_1,s28,A,20.0,-0.3468913962756531
M_1,s28,A,40.0,-0.37253611006680143
M_1,s28,A,60.0,-0.17075905202023037
M_1,s28,A,80.0,-0.08075079492037295
M_1,s28,A,100.0,-0.1786136599627952
M_1,s28,A,120.0,-0.4042111428371553
M_1,s28,A,140.0,-0.4543376988697599
M_1,s28,A,160.0,-0.24256621952863794
M_1,s28,A,180.0,-0.17050844797985787
M_1,s28,A,200.0,-0.22717282705402664
M_1,s28,A,220.0,-0.29606695921469495
M_1,s28,A,240.0,-0.23417103331436775
M_1,s28,A,260.0,-0.045940453012482146
M_1,s28,A,280.0,-0.11902978147198487
M_1,s28,A,300.0,-0.2751165688502601
M_1,s28,A,320.0,-0.4085192734227657
M_1,s28,A,340.0,-0.4509943487729498
M_1,s28,A,360.0,-0.5063232024789397
M_1,s28,A,380.0,-0.49831742863645295
M_1,s28,A,400.0,-0.5921819077036244
M_1,s28,A,420.0,-0.6450909831859062
M_1,s28,A,440.0,-0.6973401723463419
M_1,s28,A,460.0,-0.5741156987052595
M_1,s28,A,480.0,-0.5581422321069262
M_1,s28,A,500.0,-0.6907246728136829
M_1,s28,A,520.0,-0.6224940952460246
M_1,s28,A,540.0,-0.48738873092096735
M_1,s28,A,560.0,-0.4659787557397471
M_1,s28,A,580.0,-0.5410368285183211
M_1,s28,A,600.0,-0.5469623084815785
M_1,s28,A,620.0,-0.29634659088684956
M_1,s28,A,640.0,-0.32210340116714736
M_1,s28,A,660.0,-0.5678034013128596
M_1,s28,A,680.0,-0.5890434404199363
M_1,s28,A,700.0,-0.6049502316510464
M_1,s28,A,720.0,-0.6175902602026074
M_1,s28,A,740.0,-0.5524397259586153
M_1,s28,A,760.0,-0.49835343534998705
M_1,s28,A,780.0,-0.5446121472112607
M_1,s28,A,800.0,-0.5996820720501362
M_1,s28,A,820.0,-0.7361569201455337
M_1,s28,A,840.0,-0.7867942115429933
M_1,s28,A,860.0,-0.7554189108284008
M_1,s28,A,880.0,-0.6247242821066852
M_1,s28,A,900.0,-0.5216479647607215
M_1,s28,A,920.0,-0.4647722175808087
M_1,s28,A,940.0,-0.4350941598383331
M_1,s28,A,960.0,-0.44979554967356267
M_1,s28,A,980.0,-0.5360765371386291
M_1,s28,I,0.0,0.03539557412250461
M_1,s28,I,20.0,0.31587783973979106
M_1,s28,I,40.0,0.21331044169326424
M_1,s28,I,60.0,0.17082868801132084
M_1,s28,I,80.0,0.16729001904083163
M_1,s28,I,100.0,0.24398605891153358
M_1,s28,I,120.0,0.310428902714655
M_1,s28,I,140.0,0.28988848353407526
M_1,s28,I,160.0,0.14002911799739806
M_1,s28,I,180.0,0.27391111186692685
M_1,s28,I,200.0,0.3639078404655859
M_1,s28,I,220.0,0.5911234437567492
M_1,s28,I,240.0,0.45676936409189917
M_1,s28,I,260.0,0.1710897274524869
M_1,s28,I,280.0,0.4398007743145282
M_1,s28,I,300.0,0.6906109811938963
M_1,s28,I,320.0,0.4183973230456588
M_1,s28,I,340.0,0.21592196418274964
M_1,s28,I,360.0,0.3408094761016804
M_1,s28,I,380.0,0.3340461733418986
M_1,s28,I,400.0,0.4362319351177161
M_1,s28,I,420.0,0.4542873438795322
M_1,s28,I,440.0,0.548925746945267
M_1,s28,I,460.0,0.5282748388770049
M_1,s28,I,480.0,0.5778562333453281
M_1,s28,I,500.0,0.8502612173427978
M_1,s28,I,520.0,0.8060357978941239
M_1,s28,I,540.0,0.5530916839158244
M_1,s28,I,560.0,0.5602749372724467
M_1,s28,I,580.0,0.6561055860441227
M_1,s28,I,600.0,0.507668144595248
M_1,s28,I,620.0,0.25790273458759283
M_1,s28,I,640.0,0.22261350046256614
M_1,s28,I,660.0,0.3658099061974632
M_1,s28,I,680.0,0.49249874556254614
M_1,s28,I,700.0,0.5914998970004406
M_1,s28,I,720.0,0.5433566556889133
M_1,s28,I,740.0,0.7330169410813038
M_1,s28,I,760.0,0.6719835126721676
M_1,s28,I,780.0,0.5616473981091622
M_1,s28,I,800.0,0.5301581915611154
M_1,s28,I,820.0,0.7407964555673072
M_1,s28,I,840.0,0.8433923205654965
M_1,s28,I,860.0,0.873341184264772
M_1,s28,I,880.0,0.7866968973167799
M_1,s28,I,900.0,0.7600118137463607
M_1,s28,I,920.0,0.7492446351470152
M_1,s28,I,940.0,0.6058993803672588
M_1,s28,I,960.0,0.5852355422843988
M_1,s28,I,980.0,0.6691662405480029
M_2,s28,G,0.0,-0.051967242259860706
M_2,s28,G,20.0,-0.012433161591721406
M_2,s28,G,40.0,-0.02570270364999328
M_2,s28,G,60.0,-0.1400863310259294
M_2,s28,G,80.0,-0.3695928826999433
M_2,s28,G,100.0,-0.4754485401245472
M_2,s28,G,120.0,-0.2714050858841278
M_2,s28,G,140.0,-0.01460952714977732
M_2,s28,G,160.0,0.1016511782604618
M_2,s28,G,180.0,0.07079251821941449
M_2,s28,G,200.0,-0.07035702187137982
M_2,s28,G,220.0,-0.08949027811404521
M_2,s28,G,240.0,-0.006357800055935073
M_2,s28,G,260.0,0.054264694658067165
M_2,s28,G,280.0,-0.07842180185392007
M_2,s28,G,300.0,-0.03626919350798863
M_2,s28,G,320.0,0.08795886559375075
M_2,s28,G,340.0,0.12604843809638958
M_2,s28,G,360.0,0.09276271832970684
M_2,s28,G,380.0,-0.143493841272225
M_2,s28,G,400.0,-0.046692677992636766
M_2,s28,G,420.0,0.23734687459896414
M_2,s28,G,440.0,0.4207922779987535
M_2,s28,G,460.0,0.172100110043855
M_2,s28,G,480.0,0.16351390854057812
M_2,s28,G,500.0,0.2621188690057127
M_2,s28,G,520.0,0.09242685955749261
M_2,s28,G,540.0,-0.0030366115116682406
M_2,s28,G,560.0,0.10500210217580361
M_2,s28,G,580.0,0.12026475738015942
M_2,s28,G,600.0,0.03798786079133491
M_2,s28,G,620.0,0.0076365275500141425
M_2,s28,G,640.0,0.013855806881532588
M_2,s28,G,660.0,0.08718130481576852
M_2,s28,G,680.0,0.007439237525144415
M_2,s28,G,700.0,-0.06764082923586903
M_2,s28,G,720.0,-0.046159892207266795
M_2,s28,G,740.0,-0.15661018938347554
M_2,s28,G,760.0,-0.22812350456503475
M_2,s28,G,780.0,-0.3070358979886783
M_2,s28,G,800.0,-0.32442308180632656
M_2,s28,G,820.0,-0.28804441951894244
M_2,s28,G,840.0,-0.37538212366520896
M_2,s28,G,860.0,-0.35284643855775616
M_2,s28,G,880.0,-0.25802131901178094
M_2,s28,G,900.0,-0.3132178781300213
M_2,s28,G,920.0,-0.36434976452616413
M_2,s28,G,940.0,-0.41506311216311165
M_2,s28,G,960.0,-0.29855583611055136
M_2,s28,G,980.0,-0.10369038326436719
M_2,s28,A,0.0,0.15543930157155195
M_2,s28,A,20.0,0.040771551541415256
M_2,s28,A,40.0,0.03995122695942167
M_2,s28,A,60.0,0.22714668260013057
M_2,s28,A,80.0,0.3830140509100748
M_2,s28,A,100.0,0.1927999204554774
M_2,s28,A,120.0,-0.01615822763154607
M_2,s28,A,140.0,-0.07885610446967203
M_2,s28,A,160.0,0.08208263907744076
M_2,s28,A,180.0,0.08045061910283152
M_2,s28,A,200.0,-0.03882887666599555
M_2,s28,A,220.0,-0.15872320068138943
M_2,s28,A,240.0,-0.08759024048732195
M_2,s28,A,260.0,0.061979473775782834
M_2,s28,A,280.0,-0.04576957711670193
M_2,s28,A,300.0,-0.3036290748013136
M_2,s28,A,320.0,-0.4822237851618505
M_2,s28,A,340.0,-0.45631672535283196
M_2,s28,A,360.0,-0.5377271719415724
M_2,s28,A,380.0,-0.4310332540447574
M_2,s28,A,400.0,-0.47993779062258013
M_2,s28,A,420.0,-0.5033585425610935
M_2,s28,A,440.0,-0.5102186363897517
M_2,s28,A,460.0,-0.37623857476539685
M_2,s28,A,480.0,-0.35506108442980333
M_2,s28,A,500.0,-0.42653543145830447
M_2,s28,A,520.0,-0.29511490224268816
M_2,s28,A,540.0,-0.2808585085138532
M_2,s28,A,560.0,-0.2913474436259062
M_2,s28,A,580.0,-0.28295531993955914
M_2,s28,A,600.0,-0.26719196332047
M_2,s28,A,620.0,-0.13329288530356956
M_2,s28,A,640.0,-0.18359138195304175
M_2,s28,A,660.0,-0.3767521402048372
M_2,s28,A,680.0,-0.3134873621668338
M_2,s28,A,700.0,-0.2664449001930884
M_2,s28,A,720.0,-0.297745731067621
M_2,s28,A,740.0,-0.3264853054046021
M_2,s28,A,760.0,-0.4158946017398769
M_2,s28,A,780.0,-0.4492781956761473
M_2,s28,A,800.0,-0.40296345903213676
M_2,s28,A,820.0,-0.45643381343425854
M_2,s28,A,840.0,-0.5055026902788573
M_2,s28,A,860.0,-0.41821877541353786
M_2,s28,A,880.0,-0.38744097805605304
M_2,s28,A,900.0,-0.2786067625810909
M_2,s28,A,920.0,-0.2582600062861294
M_2,s28,A,940.0,-0.22435471460348405
M_2,s28,A,960.0,-0.2846936660868251
M_2,s28,A,980.0,-0.3172508403788974
M_2,s28,I,0.0,0.1819032246295706
M_2,s28,I,20.0,0.3221942309953526
M_2,s28,I,40.0,-0.04180279555456451
M_2,s28,I,60.0,-0.17350945959921096
M_2,s28,I,80.0,0.17018450158820697
M_2,s28,I,100.0,0.5329255035638455
M_2,s28,I,120.0,0.4363354012432368
M_2,s28,I,140.0,0.3003897746338032
M_2,s28,I,160.0,0.04137560815827951
M_2,s28,I,180.0,0.07499016965362372
M_2,s28,I,200.0,0.08017050553196176
M_2,s28,I,220.0,0.39801023874991215
M_2,s28,I,240.0,0.13600845787425112
M_2,s28,I,260.0,-0.20128934014343178
M_2,s28,I,280.0,0.21446874755540862
M_2,s28,I,300.0,0.6329980234270741
M_2,s28,I,320.0,0.27247826753929827
M_2,s28,I,340.0,-0.14526242555960744
M_2,s28,I,360.0,-0.01476541237294185
M_2,s28,I,380.0,0.3321518302698484
M_2,s28,I,400.0,0.25358318887863684
M_2,s28,I,420.0,0.006092351690458658
M_2,s28,I,440.0,-0.12795196533056846
M_2,s28,I,460.0,-0.12986343888268764
M_2,s28,I,480.0,-0.07882714606413505
M_2,s28,I,500.0,0.12425618297513963
M_2,s28,I,520.0,0.039425529512787744
M_2,s28,I,540.0,-0.08513514902399436
M_2,s28,I,560.0,-0.16226594477694156
M_2,s28,I,580.0,-0.13263788642807547
M_2,s28,I,600.0,0.008887661700945418
M_2,s28,I,620.0,-0.21115085347041035
M_2,s28,I,640.0,-0.35367094938466304
M_2,s28,I,660.0,-0.27453741288588346
M_2,s28,I,680.0,0.037387428064888345
M_2,s28,I,700.0,0.1795056390546999
M_2,s28,I,720.0,0.06646554250867714
M_2,s28,I,740.0,0.34192904506955063
M_2,s28,I,760.0,0.4195646005541321
M_2,s28,I,780.0,0.4848395222629198
M_2,s28,I,800.0,0.3080123264830056
M_2,s28,I,820.0,0.405303903680549
M_2,s28,I,840.0,0.599520814347983
M_2,s28,I,860.0,0.8722058050417288
M_2,s28,I,880.0,1.0631940821255599
M_2,s28,I,900.0,1.199131487148406
M_2,s28,I,920.0,1.157726994981957
M_2,s28,I,940.0,1.0890444181883046
M_2,s28,I,960.0,0.9712050168397661
M_2,s28,I,980.0,0.6781757153920244
F_1,s29,G,0.0,0.253757970711996
F_1,s29,G,20.0,0.34790381342225285
F_1,s29,G,40.0,0.022370401021678338
F_1,s29,G,60.0,-0.34182583198956507
F_1,s29,G,80.0,-0.3656607780239438
F_1,s29,G,100.0,-0.35020578547981784
F_1,s29,G,120.0,-0.29025663849617506
F_1,s29,G,140.0,-0.1798294117724264
F_1,s29,G,160.0,-0.1854908198877407
F_1,s29,G,180.0,0.0027536959056711427
F_1,s29,G,200.0,0.13080908264908947
F_1,s29,G,220.0,0.056031895463373296
F_1,s29,G,240.0,0.028012146236265724
F_1,s29,G,260.0,0.16188053047775947
F_1,s29,G,280.0,0.26920447376408496
F_1,s29,G,300.0,0.2259494623013007
F_1,s29,G,320.0,0.38744785512120894
F_1,s29,G,340.0,0.4755274307819901
F_1,s29,G,360.0,0.36684291204599123
F_1,s29,G,380.0,0.38171422118297005
F_1,s29,G,400.0,0.4634286596487862
F_1,s29,G,420.0,0.6092300759351905
F_1,s29,G,440.0,0.282918898102934
F_1,s29,G,460.0,0.3491704516253222
F_1,s29,G,480.0,0.3702629932947241
F_1,s29,G,500.0,0.06407495736935305
F_1,s29,G,520.0,0.05771462123732907
F_1,s29,G,540.0,0.23453512931861872
F_1,s29,G,560.0,0.6045740396181566
F_1,s29,G,580.0,0.740626556169703
F_1,s29,G,600.0,0.5334873082848425
F_1,s29,G,620.0,0.4823691380680878
F_1,s29,G,640.0,0.3782060522797112
F_1,s29,G,660.0,0.2401221397633095
F_1,s29,G,680.0,0.2880777292389985
F_1,s29,G,700.0,0.17593890115468824
F_1,s29,G,720.0,0.41541259225423394
F_1,s29,G,740.0,0.5397620672536915
F_1,s29,G,760.0,0.4412951528998454
F_1,s29,G,780.0,0.2885474161946336
F_1,s29,G,800.0,0.4869403892988988
F_1,s29,G,820.0,0.6457914843609127
F_1,s29,G,840.0,0.7379331363253172
F_1,s29,G,860.0,0.38295140113523296
F_1,s29,G,880.0,0.13215151574637862
F_1,s29,G,900.0,0.2509491948642231
F_1,s29,G,920.0,0.36142384185158266
F_1,s29,G,940.0,0.350350028533432
F_1,s29,G,960.0,-0.05657653571013882
F_1,s29,G,980.0,-0.09706926475631919
F_1,s29,A,0.0,0.16891701751282218
F_1,s29,A,20.0,-0.03245163876826074
F_1,s29,A,40.0,-0.23906678098237905
F_1,s29,A,60.0,-0.32985117231964256
F_1,s29,A,80.0,-0.01725112261824533
F_1,s29,A,100.0,-0.18597015632839559
F_1,s29,A,120.0,-0.44102841102953416
F_1,s29,A,140.0,-0.48671803223486015
F_1,s29,A,160.0,-0.265139466039119
F_1,s29,A,180.0,-0.4868270623926188
F_1,s29,A,200.0,-0.7730368052958552
F_1,s29,A,220.0,-0.6055862473245324
F_1,s29,A,240.0,-0.6260563852769586
F_1,s29,A,260.0,-0.3778426504452879
F_1,s29,A,280.0,-0.8065201971670919
F_1,s29,A,300.0,-0.8082930467564016
F_1,s29,A,320.0,-0.6892661930914556
F_1,s29,A,340.0,-0.5268495993022246
F_1,s29,A,360.0,-0.3127514370172183
F_1,s29,A,380.0,-0.4495283616750647
F_1,s29,A,400.0,-0.6050834767032023
F_1,s29,A,420.0,-0.7757818340309692
F_1,s29,A,440.0,-0.28323423293213434
F_1,s29,A,460.0,-0.23566722946496957
F_1,s29,A,480.0,-0.3957697513307258
F_1,s29,A,500.0,-0.2800433903399374
F_1,s29,A,520.0,-0.5742466356150326
F_1,s29,A,540.0,-0.3296566187158734
F_1,s29,A,560.0,-0.6282646457980002
F_1,s29,A,580.0,-0.9672669807239357
F_1,s29,A,600.0,-0.6244865704819633
F_1,s29,A,620.0,-0.21605252153970023
F_1,s29,A,640.0,-0.5880363322509312
F_1,s29,A,660.0,-0.9006393754821405
F_1,s29,A,680.0,-0.6473368544019152
F_1,s29,A,700.0,-0.5240704707635672
F_1,s29,A,720.0,-0.5043092474500437
F_1,s29,A,740.0,-0.46693445685485135
F_1,s29,A,760.0,-0.30583842898343666
F_1,s29,A,780.0,-0.5431052387143032
F_1,s29,A,800.0,-0.7808329132867464
F_1,s29,A,820.0,-0.5266993704296183
F_1,s29,A,840.0,-0.19180793704084745
F_1,s29,A,860.0,-0.158945584840877
F_1,s29,A,880.0,-0.2012130487218093
F_1,s29,A,900.0,-0.5509438096469548
F_1,s29,A,920.0,-0.5109439062273257
F_1,s29,A,940.0,-0.42900430435569137
F_1,s29,A,960.0,-0.34549681074749716
F_1,s29,A,980.0,-0.2607300895974587
F_1,s29,I,0.0,-0.16840143337524066
F_1,s29,I,20.0,0.37725182305433025
F_1,s29,I,40.0,0.8784125078215874
F_1,s29,I,60.0,0.9734844417313053
F_1,s29,I,80.0,0.17084757809203216
F_1,s29,I,100.0,0.14552530120763807
F_1,s29,I,120.0,0.303924876172892
F_1,s29,I,140.0,-0.00502667945961488
F_1,s29,I,160.0,-0.6142995383530869
F_1,s29,I,180.0,-0.5415168711298174
F_1,s29,I,200.0,0.1450636842511336
F_1,s29,I,220.0,-0.06525717518885311
F_1,s29,I,240.0,-0.09595862066565893
F_1,s29,I,260.0,-0.2837253017327227
F_1,s29,I,280.0,0.3188579353644363
F_1,s29,I,300.0,0.09940091743044108
F_1,s29,I,320.0,-0.45152725905975566
F_1,s29,I,340.0,-0.24530247649765463
F_1,s29,I,360.0,-0.24306971632361668
F_1,s29,I,380.0,-0.13073006910151025
F_1,s29,I,400.0,-0.2687141121239158
F_1,s29,I,420.0,0.018514995734362757
F_1,s29,I,440.0,-0.0705609163472807
F_1,s29,I,460.0,-0.14990528507837705
F_1,s29,I,480.0,-0.17857637300687065
F_1,s29,I,500.0,-0.5209872551480837
F_1,s29,I,520.0,-0.43924329911677196
F_1,s29,I,540.0,-0.611252230636228
F_1,s29,I,560.0,-0.23403661028553474
F_1,s29,I,580.0,0.3088471259517424
F_1,s29,I,600.0,-0.09947291442881036
F_1,s29,I,620.0,-0.7706892474504121
F_1,s29,I,640.0,-0.3874218000771663
F_1,s29,I,660.0,0.3861243140990763
F_1,s29,I,680.0,0.27047857173840917
F_1,s29,I,700.0,-0.07158683888319697
F_1,s29,I,720.0,-0.19114068246892546
F_1,s29,I,740.0,-0.1321953245998047
F_1,s29,I,760.0,-0.30002694209993563
F_1,s29,I,780.0,-0.273898153981147
F_1,s29,I,800.0,-0.23957861858158436
F_1,s29,I,820.0,-0.7220358132024249
F_1,s29,I,840.0,-1.147039698179837
F_1,s29,I,860.0,-1.265046791946269
F_1,s29,I,880.0,-0.8162911057346038
F_1,s29,I,900.0,-0.3880734399788204
F_1,s29,I,920.0,-0.36696394225018325
F_1,s29,I,940.0,-0.3818841247956944
F_1,s29,I,960.0,-0.36082557899225104
F_1,s29,I,980.0,-0.5714840133786556
F_2,s29,G,0.0,0.3266541564561407
F_2,s29,G,20.0,0.3267312823785365
F_2,s29,G,40.0,0.027480942173209094
F_2,s29,G,60.0,-0.007703921384810394
F_2,s29,G,80.0,-0.1747404650399336
F_2,s29,G,100.0,-0.09718771943118483
F_2,s29,G,120.0,-0.07872154394999296
F_2,s29,G,140.0,-0.0764745946244918
F_2,s29,G,160.0,-0.11954504986613222
F_2,s29,G,180.0,0.08973465284820908
F_2,s29,G,200.0,0.2587982685502855
F_2,s29,G,220.0,0.249223105153743
F_2,s29,G,240.0,0.2054560358185357
F_2,s29,G,260.0,0.43339778882594476
F_2,s29,G,280.0,0.7043229605738857
F_2,s29,G,300.0,0.7165727167405699
F_2,s29,G,320.0,0.8522596641477334
F_2,s29,G,340.0,0.8661288858634144
F_2,s29,G,360.0,0.6760209571149186
F_2,s29,G,380.0,0.9212042694834919
F_2,s29,G,400.0,0.9835899399691761
F_2,s29,G,420.0,0.9142380256980757
F_2,s29,G,440.0,0.49618343804375986
F_2,s29,G,460.0,0.6465245034839842
F_2,s29,G,480.0,0.7746384524347294
F_2,s29,G,500.0,0.6362467659767292
F_2,s29,G,520.0,0.519723505322195
F_2,s29,G,540.0,0.5817946743853258
F_2,s29,G,560.0,0.9176315330537954
F_2,s29,G,580.0,1.0358050652841604
F_2,s29,G,600.0,0.6904945587504545
F_2,s29,G,620.0,0.5938812733554238
F_2,s29,G,640.0,0.8765788152849715
F_2,s29,G,660.0,0.9751103496089117
F_2,s29,G,680.0,0.890762237121161
F_2,s29,G,700.0,0.5690201633252359
F_2,s29,G,720.0,0.6659292018468923
F_2,s29,G,740.0,0.6375590064924852
F_2,s29,G,760.0,0.5458877572893586
F_2,s29,G,780.0,0.4818997091553256
F_2,s29,G,800.0,0.6543819599956561
F_2,s29,G,820.0,0.9388855637925473
F_2,s29,G,840.0,1.0763410339781132
F_2,s29,G,860.0,0.6047787239338351
F_2,s29,G,880.0,0.41912858704803096
F_2,s29,G,900.0,0.6991260388841106
F_2,s29,G,920.0,0.8703661822248
F_2,s29,G,940.0,0.7727176056457906
F_2,s29,G,960.0,0.3994268675589522
F_2,s29,G,980.0,0.38713839748254497
F_2,s29,A,0.0,-0.10128326806254259
F_2,s29,A,20.0,-0.26177048513812445
F_2,s29,A,40.0,-0.3007012837426678
F_2,s29,A,60.0,-0.40364291028102733
F_2,s29,A,80.0,-0.1733423993136079
F_2,s29,A,100.0,-0.2757673182898613
F_2,s29,A,120.0,-0.4306356165355827
F_2,s29,A,140.0,-0.2672150960330842
F_2,s29,A,160.0,-0.20126418947850366
F_2,s29,A,180.0,-0.5560757713596138
F_2,s29,A,200.0,-0.7724274846459604
F_2,s29,A,220.0,-0.6827880284358272
F_2,s29,A,240.0,-0.495794658680392
F_2,s29,A,260.0,-0.6590688277800045
F_2,s29,A,280.0,-0.8997338042130549
F_2,s29,A,300.0,-0.6220144969812096
F_2,s29,A,320.0,-0.7267959375281291
F_2,s29,A,340.0,-0.5809964431360459
F_2,s29,A,360.0,-0.5011887814387493
F_2,s29,A,380.0,-0.605729180561648
F_2,s29,A,400.0,-0.6797688403461308
F_2,s29,A,420.0,-0.8871683561494172
F_2,s29,A,440.0,-0.6901986595808218
F_2,s29,A,460.0,-0.6987947229914339
F_2,s29,A,480.0,-0.46729266345452547
F_2,s29,A,500.0,-0.4105190291855941
F_2,s29,A,520.0,-0.5593511163636098
F_2,s29,A,540.0,-0.6435409313354279
F_2,s29,A,560.0,-0.773857354981452
F_2,s29,A,580.0,-0.7924884023627428
F_2,s29,A,600.0,-0.47525902669170034
F_2,s29,A,620.0,-0.1361114449819558
F_2,s29,A,640.0,-0.3070141025042179
F_2,s29,A,660.0,-0.9906329948637915
F_2,s29,A,680.0,-0.9563850654303485
F_2,s29,A,700.0,-0.8833963650976704
F_2,s29,A,720.0,-0.8014981271658637
F_2,s29,A,740.0,-0.7023431811775385
F_2,s29,A,760.0,-0.5731159721183706
F_2,s29,A,780.0,-0.7397469173387438
F_2,s29,A,800.0,-0.8568545792914781
F_2,s29,A,820.0,-0.6574290482342433
F_2,s29,A,840.0,-0.5609319542057161
F_2,s29,A,860.0,-0.5210907230590234
F_2,s29,A,880.0,-0.7428472132128348
F_2,s29,A,900.0,-0.8977061371318126
F_2,s29,A,920.0,-0.7278291232158025
F_2,s29,A,940.0,-0.5314573397616663
F_2,s29,A,960.0,-0.44821289559372923
F_2,s29,A,980.0,-0.5137492664730955
F_2,s29,I,0.0,0.06991521694572499
F_2,s29,I,20.0,0.5014406568420083
F_2,s29,I,40.0,0.7456748058765492
F_2,s29,I,60.0,0.6926957703611849
F_2,s29,I,80.0,0.18827967398698403
F_2,s29,I,100.0,0.0222016221436354
F_2,s29,I,120.0,0.09986004170562074
F_2,s29,I,140.0,-0.08956025690613093
F_2,s29,I,160.0,-0.33850645001550117
F_2,s29,I,180.0,-0.24038892906793255
F_2,s29,I,200.0,0.07156009487171691
F_2,s29,I,220.0,-0.027050941596769927
F_2,s29,I,240.0,-0.14087370094998258
F_2,s29,I,260.0,-0.1038330654562652
F_2,s29,I,280.0,0.19186635908516336
F_2,s29,I,300.0,-0.026774744402499995
F_2,s29,I,320.0,-0.23795986950464892
F_2,s29,I,340.0,-0.047154194446611605
F_2,s29,I,360.0,-7.553147393102094e-05
F_2,s29,I,380.0,-0.17408867143044124
F_2,s29,I,400.0,-0.32304230632769104
F_2,s29,I,420.0,-0.03365820142442727
F_2,s29,I,440.0,0.2080560077678021
F_2,s29,I,460.0,-0.010136362494029175
F_2,s29,I,480.0,-0.1883696597080541
F_2,s29,I,500.0,-0.40490006989179217
F_2,s29,I,520.0,-0.31405485023248464
F_2,s29,I,540.0,-0.24186268723021423
F_2,s29,I,560.0,0.08880481461978038
F_2,s29,I,580.0,0.22749720163439124
F_2,s29,I,600.0,-0.0148989971839523
F_2,s29,I,620.0,-0.526891916382389
F_2,s29,I,640.0,-0.2817008424349144
F_2,s29,I,660.0,0.500630658152782
F_2,s29,I,680.0,0.5296010511612901
F_2,s29,I,700.0,0.31793136224357094
F_2,s29,I,720.0,0.10959510363684954
F_2,s29,I,740.0,0.14025633038624014
F_2,s29,I,760.0,0.191130875222136
F_2,s29,I,780.0,0.25119542458201966
F_2,s29,I,800.0,0.20269252643698754
F_2,s29,I,820.0,-0.2260255863880821
F_2,s29,I,840.0,-0.4519058787435391
F_2,s29,I,860.0,-0.570062037287934
F_2,s29,I,880.0,-0.021944288479345098
F_2,s29,I,900.0,0.08747048071338438
F_2,s29,I,920.0,0.008214672381983368
F_2,s29,I,940.0,0.021883651886116018
F_2,s29,I,960.0,0.020011646174744616
F_2,s29,I,980.0,-0.05230805562948298
M_1,s29,G,0.0,0.42114678427566354
M_1,s29,G,20.0,0.3032208587889485
M_1,s29,G,40.0,-0.08965033735076633
M_1,s29,G,60.0,-0.3489436297703476
M_1,s29,G,80.0,-0.6652649377990925
M_1,s29,G,100.0,-0.8783027295274773
M_1,s29,G,120.0,-0.9048612983084878
M_1,s29,G,140.0,-0.5162674378519145
M_1,s29,G,160.0,-0.009585603178635091
M_1,s29,G,180.0,0.22075856935770993
M_1,s29,G,200.0,0.17628308464509923
M_1,s29,G,220.0,0.11856409594124695
M_1,s29,G,240.0,0.15237577263749766
M_1,s29,G,260.0,0.2046880621685026
M_1,s29,G,280.0,0.3251990122755468
M_1,s29,G,300.0,0.580565125587752
M_1,s29,G,320.0,0.7322863455179995
M_1,s29,G,340.0,0.7503327581594043
M_1,s29,G,360.0,0.5527693052559361
M_1,s29,G,380.0,0.7539103141363539
M_1,s29,G,400.0,0.839059213437451
M_1,s29,G,420.0,0.9435445266347253
M_1,s29,G,440.0,0.4196132659435414
M_1,s29,G,460.0,0.3674850566672124
M_1,s29,G,480.0,0.6824178597893377
M_1,s29,G,500.0,0.39798107156390794
M_1,s29,G,520.0,0.23979928771875625
M_1,s29,G,540.0,0.40299262758443144
M_1,s29,G,560.0,0.8290233117329714
M_1,s29,G,580.0,0.997522991147745
M_1,s29,G,600.0,0.7932877668156026
M_1,s29,G,620.0,0.8255857215806102
M_1,s29,G,640.0,0.9391324902307504
M_1,s29,G,660.0,0.7145074034911449
M_1,s29,G,680.0,0.5399132437638812
M_1,s29,G,700.0,0.2921682373455872
M_1,s29,G,720.0,0.6858221453829687
M_1,s29,G,740.0,0.8521128895577705
M_1,s29,G,760.0,0.7781738378888018
M_1,s29,G,780.0,0.6733695067819647
M_1,s29,G,800.0,0.6974456846526207
M_1,s29,G,820.0,0.7290521399294297
M_1,s29,G,840.0,0.7740718757810675
M_1,s29,G,860.0,0.39438894113385276
M_1,s29,G,880.0,0.31555863932998174
M_1,s29,G,900.0,0.664064734405253
M_1,s29,G,920.0,0.9125827471875949
M_1,s29,G,940.0,0.9062996635307963
M_1,s29,G,960.0,0.5514068117328967
M_1,s29,G,980.0,0.5601079902152852
M_1,s29,A,0.0,-0.2638315018501846
M_1,s29,A,20.0,-0.24736224520782188
M_1,s29,A,40.0,-0.23382616874176188
M_1,s29,A,60.0,-0.15478162906366613
M_1,s29,A,80.0,0.10769126526506506
M_1,s29,A,100.0,0.007482071054865008
M_1,s29,A,120.0,-0.07232978445892799
M_1,s29,A,140.0,-0.32346179668796216
M_1,s29,A,160.0,-0.43249278615302233
M_1,s29,A,180.0,-0.5559647759568467
M_1,s29,A,200.0,-0.677455824371996
M_1,s29,A,220.0,-0.5126509272829078
M_1,s29,A,240.0,-0.3984463289742197
M_1,s29,A,260.0,-0.3781459912382729
M_1,s29,A,280.0,-0.6576372562462365
M_1,s29,A,300.0,-0.7386584335598779
M_1,s29,A,320.0,-0.6943231051101126
M_1,s29,A,340.0,-0.44904360209259275
M_1,s29,A,360.0,-0.40702780778471376
M_1,s29,A,380.0,-0.5341314442104433
M_1,s29,A,400.0,-0.5587435532840286
M_1,s29,A,420.0,-0.8138547549713822
M_1,s29,A,440.0,-0.6016280897789431
M_1,s29,A,460.0,-0.3995212579424083
M_1,s29,A,480.0,-0.29654581708318467
M_1,s29,A,500.0,-0.23555897824105373
M_1,s29,A,520.0,-0.3203600585848459
M_1,s29,A,540.0,-0.3065686247341707
M_1,s29,A,560.0,-0.5646367602494036
M_1,s29,A,580.0,-0.6810929346803538
M_1,s29,A,600.0,-0.42171464907689654
M_1,s29,A,620.0,0.06528078418436342
M_1,s29,A,640.0,-0.24431141279007992
M_1,s29,A,660.0,-0.48542820883549287
M_1,s29,A,680.0,-0.48930607127044595
M_1,s29,A,700.0,-0.3512332358023907
M_1,s29,A,720.0,-0.35652983035429
M_1,s29,A,740.0,-0.4692306082393418
M_1,s29,A,760.0,-0.44253831652271675
M_1,s29,A,780.0,-0.5933184545789747
M_1,s29,A,800.0,-0.6002890246171505
M_1,s29,A,820.0,-0.42956537901474845
M_1,s29,A,840.0,-0.35900190801234244
M_1,s29,A,860.0,-0.3751283715873456
M_1,s29,A,880.0,-0.49979969774573374
M_1,s29,A,900.0,-0.8277545087227716
M_1,s29,A,920.0,-0.6531314254346325
M_1,s29,A,940.0,-0.5742017577682768
M_1,s29,A,960.0,-0.5128009367002452
M_1,s29,A,980.0,-0.5042345768775505
M_1,s29,I,0.0,0.11906728847926043
M_1,s29,I,20.0,0.4042981491936971
M_1,s29,I,40.0,0.6809472789491986
M_1,s29,I,60.0,0.6168990012816373
M_1,s29,I,80.0,0.19980628959707825
M_1,s29,I,100.0,0.04953185139842771
M_1,s29,I,120.0,0.17421203874498103
M_1,s29,I,140.0,0.2327189826254453
M_1,s29,I,160.0,-0.02803063404749547
M_1,s29,I,180.0,-0.1315975284936607
M_1,s29,I,200.0,0.12671723939213436
M_1,s29,I,220.0,-0.02266411499444666
M_1,s29,I,240.0,-0.1736768949801743
M_1,s29,I,260.0,-0.07426461887857214
M_1,s29,I,280.0,0.2928409364072612
M_1,s29,I,300.0,0.19423405291131773
M_1,s29,I,320.0,-0.1882648940390832
M_1,s29,I,340.0,-0.09272721717520649
M_1,s29,I,360.0,0.023070774585979587
M_1,s29,I,380.0,-0.04443169530039891
M_1,s29,I,400.0,-0.21628234681736747
M_1,s29,I,420.0,-0.004758066452193049
M_1,s29,I,440.0,0.256775380180594
M_1,s29,I,460.0,0.05293204603372986
M_1,s29,I,480.0,-0.11579966326096347
M_1,s29,I,500.0,-0.35831055918022076
M_1,s29,I,520.0,-0.4113125580113006
M_1,s29,I,540.0,-0.3521437933549101
M_1,s29,I,560.0,-0.002915754635973114
M_1,s29,I,580.0,0.1999777093057065
M_1,s29,I,600.0,-0.16473373153223297
M_1,s29,I,620.0,-0.8128807729502323
M_1,s29,I,640.0,-0.38941675706312817
M_1,s29,I,660.0,0.27123947163000695
M_1,s29,I,680.0,0.4407858588065902
M_1,s29,I,700.0,0.19265415215804652
M_1,s29,I,720.0,-0.016303367864403367
M_1,s29,I,740.0,0.017223383723493163
M_1,s29,I,760.0,0.09463638064611299
M_1,s29,I,780.0,0.12830666865510054
M_1,s29,I,800.0,0.06224553496898788
M_1,s29,I,820.0,-0.2615119827875728
M_1,s29,I,840.0,-0.527503794234419
M_1,s29,I,860.0,-0.6361070788069482
M_1,s29,I,880.0,-0.16207219621513094
M_1,s29,I,900.0,0.02490041291024609
M_1,s29,I,920.0,-0.04627357292834691
M_1,s29,I,940.0,0.02212697511592282
M_1,s29,I,960.0,0.03664047954146919
M_1,s29,I,980.0,-0.027854566698464422
M_2,s29,G,0.0,0.14644315725889917
M_2,s29,G,20.0,0.31659827006677604
M_2,s29,G,40.0,0.07170487038082182
M_2,s29,G,60.0,-0.09335586906165011
M_2,s29,G,80.0,-0.06607879043427103
M_2,s29,G,100.0,0.11474440574529401
M_2,s29,G,120.0,-0.022023062901528855
M_2,s29,G,140.0,0.0005029594940170537
M_2,s29,G,160.0,-0.07597629331296883
M_2,s29,G,180.0,0.05423960132026143
M_2,s29,G,200.0,0.1388158999691051
M_2,s29,G,220.0,0.37228090732884517
M_2,s29,G,240.0,0.4113611880444711
M_2,s29,G,260.0,0.09317976147938455
M_2,s29,G,280.0,0.050177258696517575
M_2,s29,G,300.0,0.14143200315290294
M_2,s29,G,320.0,0.29346979074212004
M_2,s29,G,340.0,0.4925367285491148
M_2,s29,G,360.0,0.3083280002852471
M_2,s29,G,380.0,0.4637247277735949
M_2,s29,G,400.0,0.275987068144842
M_2,s29,G,420.0,0.4842232802616877
M_2,s29,G,440.0,0.14633063713382502
M_2,s29,G,460.0,0.303832606668728
M_2,s29,G,480.0,0.48000723248331867
M_2,s29,G,500.0,0.36455405281083597
M_2,s29,G,520.0,0.3952553601281886
M_2,s29,G,540.0,0.2511862550374074
M_2,s29,G,560.0,0.5958647737319747
M_2,s29,G,580.0,0.9306784691342638
M_2,s29,G,600.0,0.6544855470095299
M_2,s29,G,620.0,0.4439486420968273
M_2,s29,G,640.0,0.5506615289377007
M_2,s29,G,660.0,0.4729829771215288
M_2,s29,G,680.0,0.6954949943535658
M_2,s29,G,700.0,0.3770641933196417
M_2,s29,G,720.0,0.36213361624832086
M_2,s29,G,740.0,0.30960355810327245
M_2,s29,G,760.0,0.24153963647454896
M_2,s29,G,780.0,0.3585099933405259
M_2,s29,G,800.0,0.5217886189705081
M_2,s29,G,820.0,0.6237295527140043
M_2,s29,G,840.0,0.821950182464426
M_2,s29,G,860.0,0.41065434567659287
M_2,s29,G,880.0,0.3190420717969142
M_2,s29,G,900.0,0.6900615555663597
M_2,s29,G,920.0,0.5846215171071563
M_2,s29,G,940.0,0.5974886659291442
M_2,s29,G,960.0,0.3827203922685076
M_2,s29,G,980.0,0.2004449394484807
M_2,s29,A,0.0,-0.0922786828392561
M_2,s29,A,20.0,-0.0689172621196443
M_2,s29,A,40.0,-0.1735357052566051
M_2,s29,A,60.0,-0.07277584107316935
M_2,s29,A,80.0,0.06718847303352088
M_2,s29,A,100.0,0.19701667638957862
M_2,s29,A,120.0,0.1066731100846407
M_2,s29,A,140.0,0.16364518905091796
M_2,s29,A,160.0,0.09334356607162486
M_2,s29,A,180.0,-0.15085840218852645
M_2,s29,A,200.0,-0.3209188286234533
M_2,s29,A,220.0,-0.28259097645278486
M_2,s29,A,240.0,-0.07689519833216285
M_2,s29,A,260.0,0.052620758127006714
M_2,s29,A,280.0,-0.1460995754788197
M_2,s29,A,300.0,-0.004698981059043927
M_2,s29,A,320.0,-0.18995810919187284
M_2,s29,A,340.0,-0.043043677437405045
M_2,s29,A,360.0,0.11142667558620692
M_2,s29,A,380.0,0.14108018865688904
M_2,s29,A,400.0,0.12267552135258325
M_2,s29,A,420.0,-0.2050877876846527
M_2,s29,A,440.0,-0.13077665511055775
M_2,s29,A,460.0,0.15529318262279318
M_2,s29,A,480.0,0.13125116570871934
M_2,s29,A,500.0,-0.12265812220837335
M_2,s29,A,520.0,-0.2601071145697957
M_2,s29,A,540.0,-0.20982069977415468
M_2,s29,A,560.0,-0.22125523906265815
M_2,s29,A,580.0,-0.36364089655371823
M_2,s29,A,600.0,-0.1903383978152944
M_2,s29,A,620.0,0.24701540913075576
M_2,s29,A,640.0,0.11993500185000545
M_2,s29,A,660.0,-0.34767358963934253
M_2,s29,A,680.0,-0.42513557309825234
M_2,s29,A,700.0,-0.3415954831281396
M_2,s29,A,720.0,-0.4145314103015814
M_2,s29,A,740.0,-0.47785255217917344
M_2,s29,A,760.0,-0.6165815002714972
M_2,s29,A,780.0,-0.6712093324058837
M_2,s29,A,800.0,-0.6507670308174951
M_2,s29,A,820.0,-0.33945601941717607
M_2,s29,A,840.0,-0.3184628461978275
M_2,s29,A,860.0,-0.2200743122414166
M_2,s29,A,880.0,-0.5399528925571446
M_2,s29,A,900.0,-0.6702645645357834
M_2,s29,A,920.0,-0.42652198429326504
M_2,s29,A,940.0,-0.2849922008742598
M_2,s29,A,960.0,-0.1877163798342499
M_2,s29,A,980.0,-0.16020793790244064
M_2,s29,I,0.0,0.4766545436456542
M_2,s29,I,20.0,0.4082267451409048
M_2,s29,I,40.0,0.6797611991207699
M_2,s29,I,60.0,0.43595218329117946
M_2,s29,I,80.0,0.33572650198711373
M_2,s29,I,100.0,0.05187414195085022
M_2,s29,I,120.0,0.17534287480006155
M_2,s29,I,140.0,-0.0008810164976479906
M_2,s29,I,160.0,0.2878878495890624
M_2,s29,I,180.0,0.5726591959516053
M_2,s29,I,200.0,0.5201325642568284
M_2,s29,I,220.0,0.27530280534390184
M_2,s29,I,240.0,-0.3207639744043038
M_2,s29,I,260.0,0.26121194522680896
M_2,s29,I,280.0,0.6547246819567434
M_2,s29,I,300.0,0.48610902395547906
M_2,s29,I,320.0,0.5487489880714757
M_2,s29,I,340.0,0.712291396102639
M_2,s29,I,360.0,0.6963771046999276
M_2,s29,I,380.0,0.003815016652443548
M_2,s29,I,400.0,0.15167985861255714
M_2,s29,I,420.0,0.3812197457935142
M_2,s29,I,440.0,0.9563267856103705
M_2,s29,I,460.0,0.6992732036127649
M_2,s29,I,480.0,0.7221849772608728
M_2,s29,I,500.0,0.6368991977720194
M_2,s29,I,520.0,0.4912953155666464
M_2,s29,I,540.0,0.754819549962159
M_2,s29,I,560.0,0.7814349060352943
M_2,s29,I,580.0,0.5563571910254073
M_2,s29,I,600.0,0.5908739935815353
M_2,s29,I,620.0,0.21815948256334564
M_2,s29,I,640.0,-0.07616171847671666
M_2,s29,I,660.0,1.0219115478691712
M_2,s29,I,680.0,1.0228497919819706
M_2,s29,I,700.0,1.178123699958867
M_2,s29,I,720.0,1.2125244670373128
M_2,s29,I,740.0,1.12729868231998
M_2,s29,I,760.0,1.2375763357123262
M_2,s29,I,780.0,1.3337660973257306
M_2,s29,I,800.0,1.1714690156994978
M_2,s29,I,820.0,1.0818806703163362
M_2,s29,I,840.0,0.7720793450899481
M_2,s29,I,860.0,0.6269026846490623
M_2,s29,I,880.0,0.9148541882293557
M_2,s29,I,900.0,0.5195108100759859
M_2,s29,I,920.0,0.6555299031781588
M_2,s29,I,940.0,0.6447048140898968
M_2,s29,I,960.0,0.5227264658475862
M_2,s29,I,980.0,0.6177354437967716
F_1,s30,G,0.0,0.13181820788524096
F_1,s30,G,20.0,0.16585431881866375
F_1,s30,G,40.0,0.0694805023722202
F_1,s30,G,60.0,-0.2547596270794865
F_1,s30,G,80.0,-0.039177337860948125
F_1,s30,G,100.0,-0.0010619329812934786
F_1,s30,G,120.0,0.14853441040328885
F_1,s30,G,140.0,-0.04692575138824351
F_1,s30,G,160.0,0.10778357207883438
F_1,s30,G,180.0,0.18434392466624105
F_1,s30,G,200.0,-0.01969481474785101
F_1,s30,G,220.0,-0.2730250760768196
F_1,s30,G,240.0,0.10272143458502761
F_1,s30,G,260.0,0.11110360273009445
F_1,s30,G,280.0,-0.13305341566780837
F_1,s30,G,300.0,-0.35344312460146443
F_1,s30,G,320.0,-0.20458785697585943
F_1,s30,G,340.0,0.08389132738205979
F_1,s30,G,360.0,0.16966985840088072
F_1,s30,G,380.0,-0.24132387802794292
F_1,s30,G,400.0,-0.5015105594738091
F_1,s30,G,420.0,-0.27581525005897733
F_1,s30,G,440.0,0.19242513675191789
F_1,s30,G,460.0,0.25376572958565685
F_1,s30,G,480.0,0.0924125841616774
F_1,s30,G,500.0,-0.03187300452444766
F_1,s30,G,520.0,-0.09253599763526252
F_1,s30,G,540.0,0.11687997283458987
F_1,s30,G,560.0,0.39155102589833135
F_1,s30,G,580.0,0.22640470398742227
F_1,s30,G,600.0,-0.03297003761920769
F_1,s30,G,620.0,-0.07606884300263239
F_1,s30,G,640.0,0.17908156734110048
F_1,s30,G,660.0,0.36270372166594034
F_1,s30,G,680.0,0.2515217925212557
F_1,s30,G,700.0,-0.022319626960817573
F_1,s30,G,720.0,-0.3756878458529169
F_1,s30,G,740.0,-0.20518396373624193
F_1,s30,G,760.0,-0.041345271162565714
F_1,s30,G,780.0,-0.1816912675273601
F_1,s30,G,800.0,-0.3521236035260345
F_1,s30,G,820.0,-0.38092341251447165
F_1,s30,G,840.0,-0.29227891638671455
F_1,s30,G,860.0,-0.18297043508062674
F_1,s30,G,880.0,-0.04900295438069208
F_1,s30,G,900.0,-0.35667307798101056
F_1,s30,G,920.0,-0.32094083513936067
F_1,s30,G,940.0,-0.38862608273432536
F_1,s30,G,960.0,-0.2847603666230758
F_1,s30,G,980.0,-0.08292758059044256
F_1,s30,A,0.0,-0.21852747491608818
F_1,s30,A,20.0,-0.4292373174258911
F_1,s30,A,40.0,-0.46222604315421384
F_1,s30,A,60.0,-0.35485936769594495
F_1,s30,A,80.0,-0.1892634382307285
F_1,s30,A,100.0,0.0859215209473666
F_1,s30,A,120.0,-0.05749733741782394
F_1,s30,A,140.0,-0.03175491313853502
F_1,s30,A,160.0,-0.2252038482863952
F_1,s30,A,180.0,-0.0370466243292847
F_1,s30,A,200.0,0.01895542761626212
F_1,s30,A,220.0,-0.2341546761951642
F_1,s30,A,240.0,-0.24459463093663614
F_1,s30,A,260.0,-0.49771592039156565
F_1,s30,A,280.0,-0.36116210384889263
F_1,s30,A,300.0,-0.3167159393576967
F_1,s30,A,320.0,-0.22984412454566155
F_1,s30,A,340.0,-0.3804145167550852
F_1,s30,A,360.0,-0.28263188612546764
F_1,s30,A,380.0,-0.08036462750913217
F_1,s30,A,400.0,0.06198468259595126
F_1,s30,A,420.0,0.07151489287931763
F_1,s30,A,440.0,-0.1942948316835929
F_1,s30,A,460.0,-0.41175076513147396
F_1,s30,A,480.0,-0.683628157255832
F_1,s30,A,500.0,-0.6629246408109789
F_1,s30,A,520.0,-0.8289393252382021
F_1,s30,A,540.0,-0.6224286800675294
F_1,s30,A,560.0,-0.6288254564397788
F_1,s30,A,580.0,-0.9736084206008793
F_1,s30,A,600.0,-1.374221670650026
F_1,s30,A,620.0,-0.6428238086910382
F_1,s30,A,640.0,-0.1429905124607985
F_1,s30,A,660.0,-0.4133568617690623
F_1,s30,A,680.0,-0.5848777193099954
F_1,s30,A,700.0,-0.32167046303195135
F_1,s30,A,720.0,0.09840276357114337
F_1,s30,A,740.0,0.137220978421919
F_1,s30,A,760.0,-0.2862208067818647
F_1,s30,A,780.0,-0.5012316344631963
F_1,s30,A,800.0,-0.3589678912449372
F_1,s30,A,820.0,0.041644523045851485
F_1,s30,A,840.0,0.014768604439119384
F_1,s30,A,860.0,-0.1259581153678988
F_1,s30,A,880.0,-0.2969339318307007
F_1,s30,A,900.0,-0.2975006301869265
F_1,s30,A,920.0,-0.23103305856251377
F_1,s30,A,940.0,-0.07084854960849732
F_1,s30,A,960.0,-0.11959199532558858
F_1,s30,A,980.0,-0.095039735218571
F_1,s30,I,0.0,-0.14945887142260766
F_1,s30,I,20.0,0.14742471758128667
F_1,s30,I,40.0,0.3442379082297583
F_1,s30,I,60.0,0.3372975166749554
F_1,s30,I,80.0,0.6986447343675559
F_1,s30,I,100.0,0.2509724070815402
F_1,s30,I,120.0,-0.022299730465557138
F_1,s30,I,140.0,0.1382672179444503
F_1,s30,I,160.0,-0.21363298307067768
F_1,s30,I,180.0,-0.6217897037904974
F_1,s30,I,200.0,-0.41772816958128983
F_1,s30,I,220.0,-0.04502049047194037
F_1,s30,I,240.0,-0.1772512142643525
F_1,s30,I,260.0,0.4326602866458811
F_1,s30,I,280.0,0.5035145748903023
F_1,s30,I,300.0,0.4503646064558055
F_1,s30,I,320.0,-0.08839779725491133
F_1,s30,I,340.0,0.03045688278182429
F_1,s30,I,360.0,-0.13133488726688403
F_1,s30,I,380.0,0.14826154125239072
F_1,s30,I,400.0,0.502823083014972
F_1,s30,I,420.0,0.40531652952201824
F_1,s30,I,440.0,0.6365211214586908
F_1,s30,I,460.0,0.6617131025981471
F_1,s30,I,480.0,0.7594446769045877
F_1,s30,I,500.0,0.7931318520597744
F_1,s30,I,520.0,1.4733523894649236
F_1,s30,I,540.0,1.272132910020682
F_1,s30,I,560.0,0.3816842978196422
F_1,s30,I,580.0,0.4966521273471026
F_1,s30,I,600.0,1.035629679130089
F_1,s30,I,620.0,0.3466537869717343
F_1,s30,I,640.0,-0.02895910170103788
F_1,s30,I,660.0,-0.19025617841262982
F_1,s30,I,680.0,-0.22306397138704548
F_1,s30,I,700.0,-0.21652666001770496
F_1,s30,I,720.0,-0.06048068139237413
F_1,s30,I,740.0,-0.16130687650307277
F_1,s30,I,760.0,-0.012050583560086078
F_1,s30,I,780.0,0.3497404659755162
F_1,s30,I,800.0,0.5994753632144947
F_1,s30,I,820.0,0.12853962087392878
F_1,s30,I,840.0,-0.08539748177709294
F_1,s30,I,860.0,0.05962167208882213
F_1,s30,I,880.0,0.0024449640758609226
F_1,s30,I,900.0,0.39143418416122305
F_1,s30,I,920.0,0.6101141726695883
F_1,s30,I,940.0,0.38537189989544757
F_1,s30,I,960.0,0.1611219332427185
F_1,s30,I,980.0,0.10028894588161852
F_2,s30,G,0.0,0.12430543700260832
F_2,s30,G,20.0,0.25960925984604966
F_2,s30,G,40.0,0.24871468869258062
F_2,s30,G,60.0,-0.13537285240274996
F_2,s30,G,80.0,0.0008728405127440553
F_2,s30,G,100.0,0.1776829824733624
F_2,s30,G,120.0,0.43526863255536485
F_2,s30,G,140.0,0.08606474612756232
F_2,s30,G,160.0,0.1671441874757097
F_2,s30,G,180.0,0.2233491972227306
F_2,s30,G,200.0,0.18017398111060243
F_2,s30,G,220.0,-0.07170476441666335
F_2,s30,G,240.0,0.257167644084116
F_2,s30,G,260.0,0.3023157065231157
F_2,s30,G,280.0,-0.005693586790750743
F_2,s30,G,300.0,-0.1317512511790515
F_2,s30,G,320.0,0.15802623264916701
F_2,s30,G,340.0,0.3451524698853684
F_2,s30,G,360.0,0.3937388670804932
F_2,s30,G,380.0,0.14603944739637886
F_2,s30,G,400.0,-0.19942885592870818
F_2,s30,G,420.0,-0.09000371364386964
F_2,s30,G,440.0,0.40642167045443034
F_2,s30,G,460.0,0.4297419817558109
F_2,s30,G,480.0,0.1969313233080201
F_2,s30,G,500.0,0.11324205271425297
F_2,s30,G,520.0,0.22108655399701746
F_2,s30,G,540.0,0.44902696860297975
F_2,s30,G,560.0,0.6872378543907117
F_2,s30,G,580.0,0.41401609220854074
F_2,s30,G,600.0,0.1570167662325455
F_2,s30,G,620.0,-0.018761018897800935
F_2,s30,G,640.0,0.47641074199097333
F_2,s30,G,660.0,0.8553627391768897
F_2,s30,G,680.0,0.8003858451923511
F_2,s30,G,700.0,0.5101985795068732
F_2,s30,G,720.0,-0.14105435857095652
F_2,s30,G,740.0,-0.15967635287719922
F_2,s30,G,760.0,-0.026537168214617685
F_2,s30,G,780.0,0.009275859575717277
F_2,s30,G,800.0,-0.20056713659738656
F_2,s30,G,820.0,-0.332792090119357
F_2,s30,G,840.0,-0.4384107140839095
F_2,s30,G,860.0,-0.4001659850878891
F_2,s30,G,880.0,-0.1260830563395687
F_2,s30,G,900.0,-0.31572429317662576
F_2,s30,G,920.0,-0.3348868346800194
F_2,s30,G,940.0,-0.5067197227121848
F_2,s30,G,960.0,-0.39726465081620077
F_2,s30,G,980.0,-0.08461668703148612
F_2,s30,A,0.0,-0.02034194411965593
F_2,s30,A,20.0,-0.01998099437084047
F_2,s30,A,40.0,-0.045126575772847954
F_2,s30,A,60.0,-0.23401760222882184
F_2,s30,A,80.0,-0.023475832940429736
F_2,s30,A,100.0,0.25828650670876735
F_2,s30,A,120.0,0.23230566252727422
F_2,s30,A,140.0,0.03696122366311493
F_2,s30,A,160.0,-0.28548141104584096
F_2,s30,A,180.0,-0.044311899249548564
F_2,s30,A,200.0,0.2495745506559658
F_2,s30,A,220.0,0.055533208958524816
F_2,s30,A,240.0,-0.2549877248439677
F_2,s30,A,260.0,-0.5009012967852648
F_2,s30,A,280.0,-0.49432817284678354
F_2,s30,A,300.0,-0.38114835487496285
F_2,s30,A,320.0,-0.24426072391567255
F_2,s30,A,340.0,-0.3226148681251956
F_2,s30,A,360.0,-0.20022430384619821
F_2,s30,A,380.0,-0.03816115051176001
F_2,s30,A,400.0,-0.025413657965222616
F_2,s30,A,420.0,-0.006345037187043431
F_2,s30,A,440.0,-0.27885818255292755
F_2,s30,A,460.0,-0.5232978537210802
F_2,s30,A,480.0,-0.6802887250464577
F_2,s30,A,500.0,-0.5885958661499837
F_2,s30,A,520.0,-0.6655911733361104
F_2,s30,A,540.0,-0.788095694916303
F_2,s30,A,560.0,-0.8420730400983092
F_2,s30,A,580.0,-1.0738844417039601
F_2,s30,A,600.0,-0.9362478386566082
F_2,s30,A,620.0,-0.5239478244536628
F_2,s30,A,640.0,-0.12287840848784018
F_2,s30,A,660.0,-0.42113941034429814
F_2,s30,A,680.0,-0.6393486973927127
F_2,s30,A,700.0,-0.48352329358398904
F_2,s30,A,720.0,-0.217089627795922
F_2,s30,A,740.0,0.09144439462408292
F_2,s30,A,760.0,-0.08471150170514061
F_2,s30,A,780.0,-0.1359624639091297
F_2,s30,A,800.0,-0.1681827884702914
F_2,s30,A,820.0,0.015604110105920721
F_2,s30,A,840.0,0.07360947260847281
F_2,s30,A,860.0,0.0786318998748541
F_2,s30,A,880.0,0.11032744345999573
F_2,s30,A,900.0,-0.10895872654249278
F_2,s30,A,920.0,-0.2624225190971748
F_2,s30,A,940.0,-0.18161678409872825
F_2,s30,A,960.0,-0.060773286819238735
F_2,s30,A,980.0,0.08860749537947041
F_2,s30,I,0.0,-0.19283723964553318
F_2,s30,I,20.0,-0.243282501529553
F_2,s30,I,40.0,-0.2383665214613611
F_2,s30,I,60.0,0.062326093151126166
F_2,s30,I,80.0,0.3615193886347511
F_2,s30,I,100.0,0.02554909413409108
F_2,s30,I,120.0,0.0009737059054017727
F_2,s30,I,140.0,0.3201174783350789
F_2,s30,I,160.0,0.16264910661143755
F_2,s30,I,180.0,-0.4796362400017353
F_2,s30,I,200.0,-0.7245326605691547
F_2,s30,I,220.0,-0.2996887373794812
F_2,s30,I,240.0,-0.15954706164070176
F_2,s30,I,260.0,0.0954156062197703
F_2,s30,I,280.0,0.22711059687217153
F_2,s30,I,300.0,0.18980953152646662
F_2,s30,I,320.0,-0.15380249770132381
F_2,s30,I,340.0,0.18585262720873036
F_2,s30,I,360.0,0.12904882264588485
F_2,s30,I,380.0,0.08271710114794992
F_2,s30,I,400.0,0.35769080984376206
F_2,s30,I,420.0,0.2720673499067681
F_2,s30,I,440.0,0.5924552269975977
F_2,s30,I,460.0,0.3902439407517998
F_2,s30,I,480.0,0.3196890572041715
F_2,s30,I,500.0,0.20128029450105955
F_2,s30,I,520.0,0.563641042375602
F_2,s30,I,540.0,0.7078550945784952
F_2,s30,I,560.0,-0.1073009422946119
F_2,s30,I,580.0,-0.06938649584915542
F_2,s30,I,600.0,0.07429159590886607
F_2,s30,I,620.0,0.08428252754738808
F_2,s30,I,640.0,-0.3180974505103203
F_2,s30,I,660.0,-0.3685031652831881
F_2,s30,I,680.0,-0.41114833202446327
F_2,s30,I,700.0,-0.22873048496288723
F_2,s30,I,720.0,0.222312998458012
F_2,s30,I,740.0,-0.1539334087543642
F_2,s30,I,760.0,-0.2996306618250145
F_2,s30,I,780.0,-0.3395154276301162
F_2,s30,I,800.0,0.15164063211751183
F_2,s30,I,820.0,0.2585026626797575
F_2,s30,I,840.0,0.19022525948036825
F_2,s30,I,860.0,0.08105662468771344
F_2,s30,I,880.0,-0.25587390946858507
F_2,s30,I,900.0,0.16654415173844916
F_2,s30,I,920.0,0.6899816796734742
F_2,s30,I,940.0,0.6997649499304495
F_2,s30,I,960.0,0.3174814841662049
F_2,s30,I,980.0,-0.0608795456950853
M_1,s30,G,0.0,0.25351391733591927
M_1,s30,G,20.0,0.43088594139932584
M_1,s30,G,40.0,0.11254829461614518
M_1,s30,G,60.0,-0.2291590038448507
M_1,s30,G,80.0,0.030813088656658605
M_1,s30,G,100.0,0.19184801333789359
M_1,s30,G,120.0,0.439237845845924
M_1,s30,G,140.0,0.33617393891025327
M_1,s30,G,160.0,0.3001471374810658
M_1,s30,G,180.0,0.34793455945368074
M_1,s30,G,200.0,0.21627405649749837
M_1,s30,G,220.0,0.025692588872760602
M_1,s30,G,240.0,0.218141335811619
M_1,s30,G,260.0,0.2149778606414005
M_1,s30,G,280.0,-0.0002494516465752286
M_1,s30,G,300.0,0.10669199259207814
M_1,s30,G,320.0,0.2635695224872522
M_1,s30,G,340.0,0.24065075728023472
M_1,s30,G,360.0,0.2798325479291173
M_1,s30,G,380.0,0.150211806216003
M_1,s30,G,400.0,-0.09940052644655982
M_1,s30,G,420.0,0.05672430684056604
M_1,s30,G,440.0,0.41133717749308957
M_1,s30,G,460.0,0.4002906286756632
M_1,s30,G,480.0,0.30101444500864466
M_1,s30,G,500.0,0.1990256165016016
M_1,s30,G,520.0,0.3335301597326769
M_1,s30,G,540.0,0.41973078216243326
M_1,s30,G,560.0,0.5245254387859035
M_1,s30,G,580.0,0.36494664719546227
M_1,s30,G,600.0,0.19114983029125104
M_1,s30,G,620.0,0.16699760821045223
M_1,s30,G,640.0,0.588733779105937
M_1,s30,G,660.0,0.6282864797432597
M_1,s30,G,680.0,0.35798390579839434
M_1,s30,G,700.0,0.17176226323767824
M_1,s30,G,720.0,-0.32165949362417295
M_1,s30,G,740.0,-0.1798143587881687
M_1,s30,G,760.0,-0.08497049088010956
M_1,s30,G,780.0,-0.1785630284709208
M_1,s30,G,800.0,-0.18509033461577865
M_1,s30,G,820.0,-0.16411252661143583
M_1,s30,G,840.0,-0.21505674834404254
M_1,s30,G,860.0,-0.31536970690994487
M_1,s30,G,880.0,-0.033514810065426726
M_1,s30,G,900.0,-0.24522615714203883
M_1,s30,G,920.0,-0.22543776549111078
M_1,s30,G,940.0,-0.3771846686250634
M_1,s30,G,960.0,-0.19431675383169297
M_1,s30,G,980.0,-0.033733113135179446
M_1,s30,A,0.0,-0.05752400239137208
M_1,s30,A,20.0,-0.286117072912893
M_1,s30,A,40.0,-0.3794969706383857
M_1,s30,A,60.0,-0.438282933857315
M_1,s30,A,80.0,-0.3041447095534056
M_1,s30,A,100.0,-0.11478554548747216
M_1,s30,A,120.0,-0.43393718715311996
M_1,s30,A,140.0,-0.5197711790036236
M_1,s30,A,160.0,-0.6585377032401737
M_1,s30,A,180.0,-0.49878843210128415
M_1,s30,A,200.0,-0.22613647553950764
M_1,s30,A,220.0,-0.37210938013056816
M_1,s30,A,240.0,-0.44564129610842873
M_1,s30,A,260.0,-0.562216387512426
M_1,s30,A,280.0,-0.6908521936665365
M_1,s30,A,300.0,-0.735706052811621
M_1,s30,A,320.0,-0.5537616577313397
M_1,s30,A,340.0,-0.5801837055411887
M_1,s30,A,360.0,-0.3795584818529681
M_1,s30,A,380.0,-0.2309239783994447
M_1,s30,A,400.0,-0.226182922064028
M_1,s30,A,420.0,-0.08681961629041497
M_1,s30,A,440.0,-0.44006263164123294
M_1,s30,A,460.0,-0.6281399926632493
M_1,s30,A,480.0,-0.7659992218525065
M_1,s30,A,500.0,-0.7107358422814904
M_1,s30,A,520.0,-0.9417803833269739
M_1,s30,A,540.0,-1.004210652462445
M_1,s30,A,560.0,-0.9681629600809871
M_1,s30,A,580.0,-1.0029530351506903
M_1,s30,A,600.0,-0.9667368170148536
M_1,s30,A,620.0,-0.8050638894770508
M_1,s30,A,640.0,-0.6113852242293258
M_1,s30,A,660.0,-0.9239416297162623
M_1,s30,A,680.0,-0.9427364054414069
M_1,s30,A,700.0,-0.6862092710475838
M_1,s30,A,720.0,-0.446043149617263
M_1,s30,A,740.0,-0.31330651978661866
M_1,s30,A,760.0,-0.5677548679150025
M_1,s30,A,780.0,-0.5700611817331557
M_1,s30,A,800.0,-0.5828234295160525
M_1,s30,A,820.0,-0.5193053931897382
M_1,s30,A,840.0,-0.4786186428193647
M_1,s30,A,860.0,-0.3319728864436186
M_1,s30,A,880.0,-0.34198333396130587
M_1,s30,A,900.0,-0.5512998365877805
M_1,s30,A,920.0,-0.7996346136384717
M_1,s30,A,940.0,-0.6285214601722793
M_1,s30,A,960.0,-0.43767152224766104
M_1,s30,A,980.0,-0.17156068386374745
M_1,s30,I,0.0,-0.17728654601622734
M_1,s30,I,20.0,-0.12559682914734854
M_1,s30,I,40.0,-0.04306428735290746
M_1,s30,I,60.0,0.20381933471311997
M_1,s30,I,80.0,0.4952521980463326
M_1,s30,I,100.0,0.27295732408507284
M_1,s30,I,120.0,0.38592124192479754
M_1,s30,I,140.0,0.5690055751794575
M_1,s30,I,160.0,0.24474785352138356
M_1,s30,I,180.0,-0.29745118871042275
M_1,s30,I,200.0,-0.3899121069460871
M_1,s30,I,220.0,0.07152933212924753
M_1,s30,I,240.0,0.10979664490180874
M_1,s30,I,260.0,0.20685795729959014
M_1,s30,I,280.0,0.38131585291504133
M_1,s30,I,300.0,0.3853741680334879
M_1,s30,I,320.0,0.047492380132733145
M_1,s30,I,340.0,0.32355610932875023
M_1,s30,I,360.0,0.15676721902419716
M_1,s30,I,380.0,0.1261332179349076
M_1,s30,I,400.0,0.5464314909578152
M_1,s30,I,420.0,0.45743991954658875
M_1,s30,I,440.0,0.9154611750079105
M_1,s30,I,460.0,0.5360653922206517
M_1,s30,I,480.0,0.2414750389796613
M_1,s30,I,500.0,0.185732800297467
M_1,s30,I,520.0,0.8714479906984118
M_1,s30,I,540.0,1.0484250641839887
M_1,s30,I,560.0,0.08723857299776733
M_1,s30,I,580.0,-0.07726502708265542
M_1,s30,I,600.0,0.05203020314277604
M_1,s30,I,620.0,0.24438582692420988
M_1,s30,I,640.0,0.12721883869428516
M_1,s30,I,660.0,0.24497086877522123
M_1,s30,I,680.0,0.03599715906626208
M_1,s30,I,700.0,-0.007973302057066166
M_1,s30,I,720.0,0.4275507712712562
M_1,s30,I,740.0,0.23710587291803153
M_1,s30,I,760.0,0.1869650603044233
M_1,s30,I,780.0,0.11238307780596594
M_1,s30,I,800.0,0.49580439894924433
M_1,s30,I,820.0,0.6166150972024065
M_1,s30,I,840.0,0.5021924806953282
M_1,s30,I,860.0,0.3865780002746142
M_1,s30,I,880.0,0.08931266550959238
M_1,s30,I,900.0,0.5042229338530676
M_1,s30,I,920.0,1.0892219160758385
M_1,s30,I,940.0,1.0069526433264968
M_1,s30,I,960.0,0.5230959744489725
M_1,s30,I,980.0,0.11396361766004286
M_2,s30,G,0.0,-0.03634155027451358
M_2,s30,G,20.0,0.05485433472373713
M_2,s30,G,40.0,0.36451562368958373
M_2,s30,G,60.0,0.1560366056152906
M_2,s30,G,80.0,0.06399835740856626
M_2,s30,G,100.0,-0.04011117847528639
M_2,s30,G,120.0,0.267097598815956
M_2,s30,G,140.0,0.2066297520382313
M_2,s30,G,160.0,0.35759384709629705
M_2,s30,G,180.0,0.11191135665000068
M_2,s30,G,200.0,-0.13284102379912063
M_2,s30,G,220.0,-0.10368482662828704
M_2,s30,G,240.0,0.29424233202871675
M_2,s30,G,260.0,0.3105457730681899
M_2,s30,G,280.0,-0.050315637134642766
M_2,s30,G,300.0,-0.20774020372585297
M_2,s30,G,320.0,-0.08636360296703258
M_2,s30,G,340.0,0.07528708219417612
M_2,s30,G,360.0,0.209191198687022
M_2,s30,G,380.0,-0.0023228681620486025
M_2,s30,G,400.0,-0.472045592804991
M_2,s30,G,420.0,-0.32094644249587456
M_2,s30,G,440.0,-0.018499533140818508
M_2,s30,G,460.0,0.20466033905150763
M_2,s30,G,480.0,0.23547307157505198
M_2,s30,G,500.0,0.3357636925068948
M_2,s30,G,520.0,0.0785983564405755
M_2,s30,G,540.0,-0.04228230620136075
M_2,s30,G,560.0,0.2406833822814468
M_2,s30,G,580.0,0.11939220742777293
M_2,s30,G,600.0,0.02038384871057164
M_2,s30,G,620.0,-0.38450426480699923
M_2,s30,G,640.0,-0.17104646270905394
M_2,s30,G,660.0,0.19895174903710205
M_2,s30,G,680.0,0.34874648335934183
M_2,s30,G,700.0,0.2486219619938001
M_2,s30,G,720.0,-0.3783670105905937
M_2,s30,G,740.0,-0.4109490940579831
M_2,s30,G,760.0,-0.37727291332055723
M_2,s30,G,780.0,-0.45327624016770685
M_2,s30,G,800.0,-0.7770795600380398
M_2,s30,G,820.0,-0.8776693728055587
M_2,s30,G,840.0,-0.5900218123105225
M_2,s30,G,860.0,-0.36610855139814047
M_2,s30,G,880.0,-0.27946080607612733
M_2,s30,G,900.0,-0.6592335381481098
M_2,s30,G,920.0,-0.6685826043826949
M_2,s30,G,940.0,-0.5292363526721477
M_2,s30,G,960.0,-0.2069650156786867
M_2,s30,G,980.0,-0.09258408276739702
M_2,s30,A,0.0,-0.08810650808190786
M_2,s30,A,20.0,-0.04427747451404615
M_2,s30,A,40.0,-0.05412275868802571
M_2,s30,A,60.0,-0.1914605250002534
M_2,s30,A,80.0,-0.1590565822585996
M_2,s30,A,100.0,0.0297517307259767
M_2,s30,A,120.0,-0.33765842526814865
M_2,s30,A,140.0,-0.5143728019570661
M_2,s30,A,160.0,-0.8614231283377045
M_2,s30,A,180.0,-0.4912981062257098
M_2,s30,A,200.0,-0.18254290167300588
M_2,s30,A,220.0,-0.24548043967491184
M_2,s30,A,240.0,-0.45227290856651936
M_2,s30,A,260.0,-0.5553896854781714
M_2,s30,A,280.0,-0.4690596122757993
M_2,s30,A,300.0,-0.31789774146879196
M_2,s30,A,320.0,-0.4300074399277495
M_2,s30,A,340.0,-0.6242386004038456
M_2,s30,A,360.0,-0.2456096459698586
M_2,s30,A,380.0,-0.009603182177982374
M_2,s30,A,400.0,0.03367228469266084
M_2,s30,A,420.0,-0.08808096643959472
M_2,s30,A,440.0,-0.4410982929800482
M_2,s30,A,460.0,-0.6756262368645172
M_2,s30,A,480.0,-0.7578161560647605
M_2,s30,A,500.0,-0.8587053597330643
M_2,s30,A,520.0,-0.9321836483760453
M_2,s30,A,540.0,-0.8031079835469828
M_2,s30,A,560.0,-0.6684162623282093
M_2,s30,A,580.0,-0.7208832233321207
M_2,s30,A,600.0,-0.919849580692946
M_2,s30,A,620.0,-0.7950201904229435
M_2,s30,A,640.0,-0.3364894602137746
M_2,s30,A,660.0,-0.48369148838055165
M_2,s30,A,680.0,-0.829378633412996
M_2,s30,A,700.0,-0.7117115910716139
M_2,s30,A,720.0,-0.594371615560885
M_2,s30,A,740.0,-0.25129864457854983
M_2,s30,A,760.0,-0.22489277991701315
M_2,s30,A,780.0,-0.25415346912817843
M_2,s30,A,800.0,-0.2934125432925879
M_2,s30,A,820.0,-0.25930755692503726
M_2,s30,A,840.0,-0.1827792876526986
M_2,s30,A,860.0,-0.022375406182300408
M_2,s30,A,880.0,0.02935482303015932
M_2,s30,A,900.0,-0.14685650907792405
M_2,s30,A,920.0,-0.5637341060385438
M_2,s30,A,940.0,-0.5571615538343127
M_2,s30,A,960.0,-0.26285247090887465
M_2,s30,A,980.0,-0.1346682932552862
M_2,s30,I,0.0,-0.054243154340946245
M_2,s30,I,20.0,-0.4836667228108884
M_2,s30,I,40.0,-0.9520356871055733
M_2,s30,I,60.0,-0.34277239915088964
M_2,s30,I,80.0,0.2263211760694862
M_2,s30,I,100.0,-0.09633135676704974
M_2,s30,I,120.0,-0.06402333028490381
M_2,s30,I,140.0,0.19017121501550585
M_2,s30,I,160.0,0.1503800455504794
M_2,s30,I,180.0,-0.3781863132285525
M_2,s30,I,200.0,-0.6128653806582132
M_2,s30,I,220.0,-0.47632349753990993
M_2,s30,I,240.0,-0.4044379625808426
M_2,s30,I,260.0,-0.6103895563050321
M_2,s30,I,280.0,-0.4581172280310718
M_2,s30,I,300.0,-0.23350950382266797
M_2,s30,I,320.0,-0.07247367255595595
M_2,s30,I,340.0,0.4379175371995321
M_2,s30,I,360.0,0.3785524315029323
M_2,s30,I,380.0,-0.1250015999242137
M_2,s30,I,400.0,0.21088497876379123
M_2,s30,I,420.0,0.3470722825906293
M_2,s30,I,440.0,0.5019204034978659
M_2,s30,I,460.0,0.07918191536833508
M_2,s30,I,480.0,-0.20770739567191238
M_2,s30,I,500.0,-0.3992496909339667
M_2,s30,I,520.0,0.01569364498559714
M_2,s30,I,540.0,0.29799389900373563
M_2,s30,I,560.0,-0.6958241171588099
M_2,s30,I,580.0,-1.1764171795575893
M_2,s30,I,600.0,-1.0100718036587524
M_2,s30,I,620.0,-0.16723578620864835
M_2,s30,I,640.0,-0.6000322323539794
M_2,s30,I,660.0,-0.8701457216406727
M_2,s30,I,680.0,-0.9956591805038348
M_2,s30,I,700.0,-0.7144840180099977
M_2,s30,I,720.0,0.41883064102470136
M_2,s30,I,740.0,0.030361398348984246
M_2,s30,I,760.0,-0.4928470434117303
M_2,s30,I,780.0,-0.9128715030514102
M_2,s30,I,800.0,-0.5101772554720425
M_2,s30,I,820.0,0.0003491658147785903
M_2,s30,I,840.0,-0.17379861278458816
M_2,s30,I,860.0,-0.5302275877625294
M_2,s30,I,880.0,-0.9027771604228998
M_2,s30,I,900.0,-0.21240254440265666
M_2,s30,I,920.0,0.48966182168418193
M_2,s30,I,940.0,0.3680448933776277
M_2,s30,I,960.0,-0.3383968770600567
M_2,s30,I,980.0,-0.7299997867955451
