model,subj,metric,time_ms,beta_uV
original_A,s1,G_new,0.0,0.2032131113473557
original_A,s1,G_new,20.0,0.01980855649795711
original_A,s1,G_new,40.0,-0.041430852714022456
original_A,s1,G_new,60.0,-0.05389280172272253
original_A,s1,G_new,80.0,0.123492457443025
original_A,s1,G_new,100.0,0.02740008416119924
original_A,s1,G_new,120.0,-0.13502784039701488
original_A,s1,G_new,140.0,0.02338225992601791
original_A,s1,G_new,160.0,0.09767834576921297
original_A,s1,G_new,180.0,0.13993548055804256
original_A,s1,G_new,200.0,0.10011479533252364
original_A,s1,G_new,220.0,0.09696851270494275
original_A,s1,G_new,240.0,0.16513572837752755
original_A,s1,G_new,260.0,0.2391428365160992
original_A,s1,G_new,280.0,0.22762305354748968
original_A,s1,G_new,300.0,0.1382006581726092
original_A,s1,G_new,320.0,0.05206264441075562
original_A,s1,G_new,340.0,0.14660228011768572
original_A,s1,G_new,360.0,0.005492204384843099
original_A,s1,G_new,380.0,-0.011333956259721154
original_A,s1,G_new,400.0,0.18943189620406353
original_A,s1,G_new,420.0,0.130596851164888
original_A,s1,G_new,440.0,0.002082301346685439
original_A,s1,G_new,460.0,0.1749137516138759
original_A,s1,G_new,480.0,0.4964449143525662
original_A,s1,G_new,500.0,0.42676951339911473
original_A,s1,G_new,520.0,0.2951303097907124
original_A,s1,G_new,540.0,0.13489778441630146
original_A,s1,G_new,560.0,0.28190025953871356
original_A,s1,G_new,580.0,0.3932211135184571
original_A,s1,G_new,600.0,0.22885422531192945
original_A,s1,G_new,620.0,0.09679179121700189
original_A,s1,G_new,640.0,0.13301985883128217
original_A,s1,G_new,660.0,0.18031255089310266
original_A,s1,G_new,680.0,0.2066470349079285
original_A,s1,G_new,700.0,0.153936492818353
original_A,s1,G_new,720.0,0.08582131894366275
original_A,s1,G_new,740.0,0.02787455156072767
original_A,s1,G_new,760.0,0.04191079943300097
original_A,s1,G_new,780.0,0.037409027186630944
original_A,s1,G_new,800.0,0.10739595658611334
original_A,s1,G_new,820.0,0.168341920447093
original_A,s1,G_new,840.0,0.25741247654963023
original_A,s1,G_new,860.0,0.09315813605304138
original_A,s1,G_new,880.0,0.08130043042134572
original_A,s1,G_new,900.0,0.10704968505156343
original_A,s1,G_new,920.0,0.035045474046571184
original_A,s1,G_new,940.0,0.056984855656043665
original_A,s1,G_new,960.0,0.15994924474736502
original_A,s1,G_new,980.0,0.14993886375449889
original_A,s1,A,0.0,0.016451072878588394
original_A,s1,A,20.0,-0.16722081403054564
original_A,s1,A,40.0,-0.08410295970024605
original_A,s1,A,60.0,0.1449529420171296
original_A,s1,A,80.0,0.12253116267046885
original_A,s1,A,100.0,0.12669425417030464
original_A,s1,A,120.0,0.04680182142249949
original_A,s1,A,140.0,0.1152938430743436
original_A,s1,A,160.0,0.2053943516610796
original_A,s1,A,180.0,0.26949361419492923
original_A,s1,A,200.0,0.03693289938744595
original_A,s1,A,220.0,-0.10062695678135458
original_A,s1,A,240.0,-0.05191510479848652
original_A,s1,A,260.0,0.17397865496460044
original_A,s1,A,280.0,0.295225449100814
original_A,s1,A,300.0,0.18414817816541873
original_A,s1,A,320.0,0.09895426146253361
original_A,s1,A,340.0,0.17939145284966934
original_A,s1,A,360.0,0.38029487213622176
original_A,s1,A,380.0,0.3851897547560549
original_A,s1,A,400.0,0.23797376542643184
original_A,s1,A,420.0,0.1698568492620102
original_A,s1,A,440.0,0.14233399558398868
original_A,s1,A,460.0,0.11274470866822958
original_A,s1,A,480.0,0.03264621385475794
original_A,s1,A,500.0,-0.06379358301202245
original_A,s1,A,520.0,-0.07299634184303552
original_A,s1,A,540.0,0.007056123160143139
original_A,s1,A,560.0,0.013628905306973407
original_A,s1,A,580.0,-0.04553453243645793
original_A,s1,A,600.0,0.07382571002932825
original_A,s1,A,620.0,-0.1261178775104073
original_A,s1,A,640.0,-0.25017645576531283
original_A,s1,A,660.0,0.08336618858554329
original_A,s1,A,680.0,0.14655548987469216
original_A,s1,A,700.0,-0.006832546410506832
original_A,s1,A,720.0,-0.0443031011666122
original_A,s1,A,740.0,0.08309644781232803
original_A,s1,A,760.0,0.19233727074854778
original_A,s1,A,780.0,0.16097113632623797
original_A,s1,A,800.0,-0.22010877808187201
original_A,s1,A,820.0,-0.4127215109590524
original_A,s1,A,840.0,-0.2721233074723787
original_A,s1,A,860.0,-0.01881449516575643
original_A,s1,A,880.0,-0.00934561245044252
original_A,s1,A,900.0,-0.03259235252998005
original_A,s1,A,920.0,-0.09088389250345867
original_A,s1,A,940.0,0.04569565383623001
original_A,s1,A,960.0,0.1632341441380448
original_A,s1,A,980.0,0.2594465917723814
original_A,s1,I,0.0,-0.21402989575414152
original_A,s1,I,20.0,0.13661466705072117
original_A,s1,I,40.0,0.051603272864139106
original_A,s1,I,60.0,-0.23804551603281682
original_A,s1,I,80.0,-0.30177296720651403
original_A,s1,I,100.0,-0.1577630883173689
original_A,s1,I,120.0,-0.10881973937792186
original_A,s1,I,140.0,-0.358256596871159
original_A,s1,I,160.0,-0.4068401872461802
original_A,s1,I,180.0,-0.4370769897253397
original_A,s1,I,200.0,-0.17718348434649814
original_A,s1,I,220.0,-0.04553131736973267
original_A,s1,I,240.0,-0.17193469956396112
original_A,s1,I,260.0,-0.49990873056727464
original_A,s1,I,280.0,-0.49044145713577375
original_A,s1,I,300.0,-0.2589198882981084
original_A,s1,I,320.0,-0.2995961786785149
original_A,s1,I,340.0,-0.5865383781974298
original_A,s1,I,360.0,-0.6416341525392814
original_A,s1,I,380.0,-0.31763242909107137
original_A,s1,I,400.0,-0.20720271630861264
original_A,s1,I,420.0,-0.4797545404985806
original_A,s1,I,440.0,-0.45652530202793634
original_A,s1,I,460.0,-0.3158076183976436
original_A,s1,I,480.0,-0.42056437650128
original_A,s1,I,500.0,-0.29539282160984115
original_A,s1,I,520.0,-0.49789323264110597
original_A,s1,I,540.0,-0.43026425324311607
original_A,s1,I,560.0,-0.21264433546706143
original_A,s1,I,580.0,-0.36310889870214863
original_A,s1,I,600.0,-0.5380026935979898
original_A,s1,I,620.0,-0.05580558025388696
original_A,s1,I,640.0,0.044663060606987826
original_A,s1,I,660.0,-0.40990572828821464
original_A,s1,I,680.0,-0.5263427729418704
original_A,s1,I,700.0,-0.42483390717909797
original_A,s1,I,720.0,-0.2241792839333732
original_A,s1,I,740.0,-0.3333398295886939
original_A,s1,I,760.0,-0.6493473489486794
original_A,s1,I,780.0,-0.6465460933449612
original_A,s1,I,800.0,-0.2967295905528533
original_A,s1,I,820.0,-0.006783103489179904
original_A,s1,I,840.0,-0.359744340311385
original_A,s1,I,860.0,-0.5700476702963811
original_A,s1,I,880.0,-0.44048615138258107
original_A,s1,I,900.0,-0.3792459309499119
original_A,s1,I,920.0,-0.3106917508768876
original_A,s1,I,940.0,-0.16722719103448894
original_A,s1,I,960.0,-0.4810355417527758
original_A,s1,I,980.0,-0.7682037817396922
A2,s1,G_new,0.0,0.2190787840393364
A2,s1,G_new,20.0,-0.0053516951292561475
A2,s1,G_new,40.0,-0.04653477008047537
A2,s1,G_new,60.0,0.0033924371778141157
A2,s1,G_new,80.0,0.18013180388362113
A2,s1,G_new,100.0,0.0738004937843965
A2,s1,G_new,120.0,-0.1141408917943351
A2,s1,G_new,140.0,0.05665489865659838
A2,s1,G_new,160.0,0.14421240190787146
A2,s1,G_new,180.0,0.21181270416997625
A2,s1,G_new,200.0,0.11737034418370373
A2,s1,G_new,220.0,0.0837558243320357
A2,s1,G_new,240.0,0.16466653979677826
A2,s1,G_new,260.0,0.2802990981280649
A2,s1,G_new,280.0,0.3072835455550358
A2,s1,G_new,300.0,0.19108076175724525
A2,s1,G_new,320.0,0.061150404413316775
A2,s1,G_new,340.0,0.16846818373247996
A2,s1,G_new,360.0,0.1057364201170091
A2,s1,G_new,380.0,0.08699737386853829
A2,s1,G_new,400.0,0.2124609036792289
A2,s1,G_new,420.0,0.14553655900708612
A2,s1,G_new,440.0,0.06374153675379207
A2,s1,G_new,460.0,0.23405902705888113
A2,s1,G_new,480.0,0.5213866735375916
A2,s1,G_new,500.0,0.4214094370508201
A2,s1,G_new,520.0,0.29082650472070737
A2,s1,G_new,540.0,0.15294763297095415
A2,s1,G_new,560.0,0.29849264598088154
A2,s1,G_new,580.0,0.39350333273755406
A2,s1,G_new,600.0,0.24895937423881837
A2,s1,G_new,620.0,0.07796520209787422
A2,s1,G_new,640.0,0.09640733165219428
A2,s1,G_new,660.0,0.1914289757667077
A2,s1,G_new,680.0,0.23789071050937352
A2,s1,G_new,700.0,0.15428214607165497
A2,s1,G_new,720.0,0.08526129953799921
A2,s1,G_new,740.0,0.05778729135903864
A2,s1,G_new,760.0,0.09400237509134425
A2,s1,G_new,780.0,0.07148544294465412
A2,s1,G_new,800.0,0.05638988837301795
A2,s1,G_new,820.0,0.06786023730428796
A2,s1,G_new,840.0,0.1885603527256501
A2,s1,G_new,860.0,0.07915019214950307
A2,s1,G_new,880.0,0.059499741260345546
A2,s1,G_new,900.0,0.08658491464982432
A2,s1,G_new,920.0,0.0011765369918382285
A2,s1,G_new,940.0,0.0518156647636393
A2,s1,G_new,960.0,0.17605398496469246
A2,s1,G_new,980.0,0.18996473935759495
A2,s1,A2,0.0,0.10929727104976197
A2,s1,A2,20.0,-0.024603132487740216
A2,s1,A2,40.0,0.04788948815157214
A2,s1,A2,60.0,0.3044771681363377
A2,s1,A2,80.0,0.3229497655906679
A2,s1,A2,100.0,0.236839777973077
A2,s1,A2,120.0,0.11739170927505263
A2,s1,A2,140.0,0.14407297175032227
A2,s1,A2,160.0,0.15497312267617847
A2,s1,A2,180.0,0.2897046616306366
A2,s1,A2,200.0,0.0988071468139326
A2,s1,A2,220.0,0.0005814487202242605
A2,s1,A2,240.0,0.050962742815100874
A2,s1,A2,260.0,0.1451553317277186
A2,s1,A2,280.0,0.32471154733985363
A2,s1,A2,300.0,0.2280136544946007
A2,s1,A2,320.0,-0.03174225353450896
A2,s1,A2,340.0,-0.014516288496961828
A2,s1,A2,360.0,0.3993570294533941
A2,s1,A2,380.0,0.37893098900132965
A2,s1,A2,400.0,-0.06696632231918224
A2,s1,A2,420.0,-0.05975085309635157
A2,s1,A2,440.0,0.34214842058464334
A2,s1,A2,460.0,0.35326392191340095
A2,s1,A2,480.0,0.1646725683278274
A2,s1,A2,500.0,0.024443117283299162
A2,s1,A2,520.0,0.042571612431864476
A2,s1,A2,540.0,0.1366307634596503
A2,s1,A2,560.0,0.1180715716307296
A2,s1,A2,580.0,0.050236386855825
A2,s1,A2,600.0,0.0826742067999303
A2,s1,A2,620.0,-0.017364313512619724
A2,s1,A2,640.0,-0.028592648892854924
A2,s1,A2,660.0,0.0008762649150062807
A2,s1,A2,680.0,0.09493541908783626
A2,s1,A2,700.0,0.009958929762977242
A2,s1,A2,720.0,0.042216316272289306
A2,s1,A2,740.0,0.15118493587221757
A2,s1,A2,760.0,0.21309036741265613
A2,s1,A2,780.0,0.10235411839977603
A2,s1,A2,800.0,-0.17516096193444175
A2,s1,A2,820.0,-0.3670815322756547
A2,s1,A2,840.0,-0.2627884206372276
A2,s1,A2,860.0,-0.09197909680238558
A2,s1,A2,880.0,-0.1641557830321824
A2,s1,A2,900.0,-0.12899585184956197
A2,s1,A2,920.0,-0.17455533760977884
A2,s1,A2,940.0,-0.08941196401612493
A2,s1,A2,960.0,-0.043473106298274694
A2,s1,A2,980.0,0.04606781039497483
A2,s1,I,0.0,-0.2552509931693024
A2,s1,I,20.0,0.026023756843431944
A2,s1,I,40.0,-0.03339555368137402
A2,s1,I,60.0,-0.28021319022953983
A2,s1,I,80.0,-0.3693825117366753
A2,s1,I,100.0,-0.18034338202015904
A2,s1,I,120.0,-0.13173753326139478
A2,s1,I,140.0,-0.3439716736207705
A2,s1,I,160.0,-0.33181893861654604
A2,s1,I,180.0,-0.38074622071368036
A2,s1,I,200.0,-0.19827617686997007
A2,s1,I,220.0,-0.11958138701802115
A2,s1,I,240.0,-0.23483573804452995
A2,s1,I,260.0,-0.4431313568967969
A2,s1,I,280.0,-0.4323128135660671
A2,s1,I,300.0,-0.23507981192515517
A2,s1,I,320.0,-0.21158185630091875
A2,s1,I,340.0,-0.44795536589715995
A2,s1,I,360.0,-0.5575322782891516
A2,s1,I,380.0,-0.21998485379052837
A2,s1,I,400.0,-0.00010610077753256397
A2,s1,I,420.0,-0.32610984527097997
A2,s1,I,440.0,-0.5189770555668202
A2,s1,I,460.0,-0.405369047059609
A2,s1,I,480.0,-0.4769079805983362
A2,s1,I,500.0,-0.3540736723657338
A2,s1,I,520.0,-0.5721577388990989
A2,s1,I,540.0,-0.4916972027743088
A2,s1,I,560.0,-0.2602116283855256
A2,s1,I,580.0,-0.4209784414845976
A2,s1,I,600.0,-0.5241857844637536
A2,s1,I,620.0,-0.13979397613314343
A2,s1,I,640.0,-0.1247953236470018
A2,s1,I,660.0,-0.34921962810129836
A2,s1,I,680.0,-0.4651870000578322
A2,s1,I,700.0,-0.4346974819584212
A2,s1,I,720.0,-0.2772364291202724
A2,s1,I,740.0,-0.3461248396222701
A2,s1,I,760.0,-0.6122291996029346
A2,s1,I,780.0,-0.5784391518703335
A2,s1,I,800.0,-0.3726962576283693
A2,s1,I,820.0,-0.13038983247174937
A2,s1,I,840.0,-0.4311241494472237
A2,s1,I,860.0,-0.5390014946099893
A2,s1,I,880.0,-0.3673134967600028
A2,s1,I,900.0,-0.34025474218248364
A2,s1,I,920.0,-0.2922227409087418
A2,s1,I,940.0,-0.09014198993307199
A2,s1,I,960.0,-0.340180927693818
A2,s1,I,980.0,-0.6004686336032761
robust_A_AR,s1,G_new,0.0,0.20512436215827196
robust_A_AR,s1,G_new,20.0,-0.0019276127256884976
robust_A_AR,s1,G_new,40.0,-0.05249103626530354
robust_A_AR,s1,G_new,60.0,-0.03565288094033696
robust_A_AR,s1,G_new,80.0,0.13877161731648086
robust_A_AR,s1,G_new,100.0,0.04340468906866551
robust_A_AR,s1,G_new,120.0,-0.12917916505576194
robust_A_AR,s1,G_new,140.0,0.038098571475567646
robust_A_AR,s1,G_new,160.0,0.12411136439579994
robust_A_AR,s1,G_new,180.0,0.17443413681851969
robust_A_AR,s1,G_new,200.0,0.10471707132869992
robust_A_AR,s1,G_new,220.0,0.08385583439105716
robust_A_AR,s1,G_new,240.0,0.15826301098259693
robust_A_AR,s1,G_new,260.0,0.26150333305384454
robust_A_AR,s1,G_new,280.0,0.2654001059011836
robust_A_AR,s1,G_new,300.0,0.16171012435573276
robust_A_AR,s1,G_new,320.0,0.06502359892460717
robust_A_AR,s1,G_new,340.0,0.1700073915882544
robust_A_AR,s1,G_new,360.0,0.05419495161580061
robust_A_AR,s1,G_new,380.0,0.0380499922977381
robust_A_AR,s1,G_new,400.0,0.22058160654034828
robust_A_AR,s1,G_new,420.0,0.15285576185370917
robust_A_AR,s1,G_new,440.0,0.01990091938993989
robust_A_AR,s1,G_new,460.0,0.18885333591865788
robust_A_AR,s1,G_new,480.0,0.5003486659182423
robust_A_AR,s1,G_new,500.0,0.41840542040722856
robust_A_AR,s1,G_new,520.0,0.28552859273862585
robust_A_AR,s1,G_new,540.0,0.13552680632623357
robust_A_AR,s1,G_new,560.0,0.28342514141218644
robust_A_AR,s1,G_new,580.0,0.38718131254033195
robust_A_AR,s1,G_new,600.0,0.23829782932286397
robust_A_AR,s1,G_new,620.0,0.0803958483153176
robust_A_AR,s1,G_new,640.0,0.10048325416980708
robust_A_AR,s1,G_new,660.0,0.19117309597848262
robust_A_AR,s1,G_new,680.0,0.2255410905908136
robust_A_AR,s1,G_new,700.0,0.15302506385314385
robust_A_AR,s1,G_new,720.0,0.07995901499177599
robust_A_AR,s1,G_new,740.0,0.038380507815479165
robust_A_AR,s1,G_new,760.0,0.066518999639016
robust_A_AR,s1,G_new,780.0,0.05816563927540791
robust_A_AR,s1,G_new,800.0,0.07908858877614497
robust_A_AR,s1,G_new,820.0,0.11534546946111096
robust_A_AR,s1,G_new,840.0,0.22251397426331812
robust_A_AR,s1,G_new,860.0,0.09090213187823998
robust_A_AR,s1,G_new,880.0,0.08043159106555281
robust_A_AR,s1,G_new,900.0,0.10307712983188794
robust_A_AR,s1,G_new,920.0,0.023574500841903934
robust_A_AR,s1,G_new,940.0,0.06312890792848258
robust_A_AR,s1,G_new,960.0,0.18131063925514634
robust_A_AR,s1,G_new,980.0,0.18364620517383767
robust_A_AR,s1,AR,0.0,0.06961911154588508
robust_A_AR,s1,AR,20.0,-0.09120637093421546
robust_A_AR,s1,AR,40.0,-0.011675845673756999
robust_A_AR,s1,AR,60.0,0.23973199323908298
robust_A_AR,s1,AR,80.0,0.23985664301382373
robust_A_AR,s1,AR,100.0,0.19291739859121726
robust_A_AR,s1,AR,120.0,0.08823237272239094
robust_A_AR,s1,AR,140.0,0.1350114390146668
robust_A_AR,s1,AR,160.0,0.18281742464156314
robust_A_AR,s1,AR,180.0,0.28887946136234594
robust_A_AR,s1,AR,200.0,0.0731279071018801
robust_A_AR,s1,AR,220.0,-0.04615341597234434
robust_A_AR,s1,AR,240.0,0.004936818514545582
robust_A_AR,s1,AR,260.0,0.1627343232112507
robust_A_AR,s1,AR,280.0,0.3206302980410159
robust_A_AR,s1,AR,300.0,0.2144492105113517
robust_A_AR,s1,AR,320.0,0.027698819186238705
robust_A_AR,s1,AR,340.0,0.07463048317300884
robust_A_AR,s1,AR,360.0,0.40228394758731756
robust_A_AR,s1,AR,380.0,0.39295450535916543
robust_A_AR,s1,AR,400.0,0.071929547415702
robust_A_AR,s1,AR,420.0,0.04455814956358807
robust_A_AR,s1,AR,440.0,0.2598984147401363
robust_A_AR,s1,AR,460.0,0.25253740725776586
robust_A_AR,s1,AR,480.0,0.10852246326388384
robust_A_AR,s1,AR,500.0,-0.015598615864757255
robust_A_AR,s1,AR,520.0,-0.009562863989457472
robust_A_AR,s1,AR,540.0,0.08078937553376868
robust_A_AR,s1,AR,560.0,0.07329434416543441
robust_A_AR,s1,AR,580.0,0.0074720793521392825
robust_A_AR,s1,AR,600.0,0.0810155851640186
robust_A_AR,s1,AR,620.0,-0.06811178549610789
robust_A_AR,s1,AR,640.0,-0.13179049848908375
robust_A_AR,s1,AR,660.0,0.03900718815344584
robust_A_AR,s1,AR,680.0,0.12156970362815658
robust_A_AR,s1,AR,700.0,0.0024948957786533436
robust_A_AR,s1,AR,720.0,0.003490007133507722
robust_A_AR,s1,AR,740.0,0.12417387786669226
robust_A_AR,s1,AR,760.0,0.20976397456324228
robust_A_AR,s1,AR,780.0,0.13243850341274066
robust_A_AR,s1,AR,800.0,-0.2010699747990109
robust_A_AR,s1,AR,820.0,-0.39894858613622464
robust_A_AR,s1,AR,840.0,-0.274820838006114
robust_A_AR,s1,AR,860.0,-0.06088382364952064
robust_A_AR,s1,AR,880.0,-0.09746579913352421
robust_A_AR,s1,AR,900.0,-0.08825315328256163
robust_A_AR,s1,AR,920.0,-0.14103251239816897
robust_A_AR,s1,AR,940.0,-0.029627477558049342
robust_A_AR,s1,AR,960.0,0.05073553433652864
robust_A_AR,s1,AR,980.0,0.14598884293516315
robust_A_AR,s1,I,0.0,-0.2491940846120751
robust_A_AR,s1,I,20.0,0.07589710674746883
robust_A_AR,s1,I,40.0,-0.0021301488643246857
robust_A_AR,s1,I,60.0,-0.294399649603065
robust_A_AR,s1,I,80.0,-0.374648390983062
robust_A_AR,s1,I,100.0,-0.19574688325764605
robust_A_AR,s1,I,120.0,-0.13436043184823276
robust_A_AR,s1,I,140.0,-0.36531896924024254
robust_A_AR,s1,I,160.0,-0.3802802811579572
robust_A_AR,s1,I,180.0,-0.43547174116910825
robust_A_AR,s1,I,200.0,-0.1997131402980831
robust_A_AR,s1,I,220.0,-0.08799119084443435
robust_A_AR,s1,I,240.0,-0.2133408536694365
robust_A_AR,s1,I,260.0,-0.48275598174201273
robust_A_AR,s1,I,280.0,-0.49151016972139233
robust_A_AR,s1,I,300.0,-0.26939136608150854
robust_A_AR,s1,I,320.0,-0.24584440099014912
robust_A_AR,s1,I,340.0,-0.5056551425990523
robust_A_AR,s1,I,360.0,-0.6357282456848963
robust_A_AR,s1,I,380.0,-0.30180988998053226
robust_A_AR,s1,I,400.0,-0.081542437580722
robust_A_AR,s1,I,420.0,-0.38546219729893233
robust_A_AR,s1,I,440.0,-0.5284785779792649
robust_A_AR,s1,I,460.0,-0.40445880561411623
robust_A_AR,s1,I,480.0,-0.4702452807169549
robust_A_AR,s1,I,500.0,-0.331577154542266
robust_A_AR,s1,I,520.0,-0.5449180000329286
robust_A_AR,s1,I,540.0,-0.4798926041033214
robust_A_AR,s1,I,560.0,-0.2523703520608122
robust_A_AR,s1,I,580.0,-0.40155736155951816
robust_A_AR,s1,I,600.0,-0.538837693580567
robust_A_AR,s1,I,620.0,-0.10205730404593866
robust_A_AR,s1,I,640.0,-0.04933781427792194
robust_A_AR,s1,I,660.0,-0.3752517857831149
robust_A_AR,s1,I,680.0,-0.5013703770389986
robust_A_AR,s1,I,700.0,-0.43153497892278747
robust_A_AR,s1,I,720.0,-0.2590239052150103
robust_A_AR,s1,I,740.0,-0.35665382659221523
robust_A_AR,s1,I,760.0,-0.6506375616532021
robust_A_AR,s1,I,780.0,-0.6183785324150968
robust_A_AR,s1,I,800.0,-0.3216951487296328
robust_A_AR,s1,I,820.0,-0.038722452075672376
robust_A_AR,s1,I,840.0,-0.37281357270581716
robust_A_AR,s1,I,860.0,-0.5425413493179481
robust_A_AR,s1,I,880.0,-0.3812242185859452
robust_A_AR,s1,I,900.0,-0.3432746046765374
robust_A_AR,s1,I,920.0,-0.2816509619314982
robust_A_AR,s1,I,940.0,-0.11363218295949451
robust_A_AR,s1,I,960.0,-0.39578834488480474
robust_A_AR,s1,I,980.0,-0.6770382561685827
original_A,s2,G_new,0.0,0.14148710984065807
original_A,s2,G_new,20.0,0.2231733035075215
original_A,s2,G_new,40.0,0.30409760147247183
original_A,s2,G_new,60.0,0.33470769969590686
original_A,s2,G_new,80.0,0.19951424564306067
original_A,s2,G_new,100.0,0.17895550750041433
original_A,s2,G_new,120.0,0.139257769609857
original_A,s2,G_new,140.0,0.17635334835401267
original_A,s2,G_new,160.0,0.1686149311849682
original_A,s2,G_new,180.0,0.0869795675847079
original_A,s2,G_new,200.0,0.15047515540205764
original_A,s2,G_new,220.0,0.22991493544060285
original_A,s2,G_new,240.0,0.1143679910783027
original_A,s2,G_new,260.0,0.08607896658624853
original_A,s2,G_new,280.0,0.2775620371809761
original_A,s2,G_new,300.0,0.28190839034539406
original_A,s2,G_new,320.0,0.1899082141214308
original_A,s2,G_new,340.0,0.29082753871516487
original_A,s2,G_new,360.0,0.2624960305962933
original_A,s2,G_new,380.0,0.13978996297892912
original_A,s2,G_new,400.0,0.12202966618899128
original_A,s2,G_new,420.0,0.2621067032476888
original_A,s2,G_new,440.0,0.3103445831852778
original_A,s2,G_new,460.0,0.34745973525412216
original_A,s2,G_new,480.0,0.4039372464893892
original_A,s2,G_new,500.0,0.31161782699646035
original_A,s2,G_new,520.0,0.38175653142150967
original_A,s2,G_new,540.0,0.3456056395970841
original_A,s2,G_new,560.0,0.23650871972572712
original_A,s2,G_new,580.0,0.3219836588187627
original_A,s2,G_new,600.0,0.18168519924271248
original_A,s2,G_new,620.0,0.18838111523575585
original_A,s2,G_new,640.0,0.11056729450614451
original_A,s2,G_new,660.0,0.11027588965662169
original_A,s2,G_new,680.0,0.08454197059043875
original_A,s2,G_new,700.0,0.27194731199697686
original_A,s2,G_new,720.0,0.3405419580697438
original_A,s2,G_new,740.0,0.28388912197473365
original_A,s2,G_new,760.0,0.2325473032961775
original_A,s2,G_new,780.0,0.19951302180338723
original_A,s2,G_new,800.0,0.3295866404100194
original_A,s2,G_new,820.0,0.4398964040675951
original_A,s2,G_new,840.0,0.496087311988582
original_A,s2,G_new,860.0,0.4525805056670955
original_A,s2,G_new,880.0,0.5050613603126668
original_A,s2,G_new,900.0,0.5130160821476623
original_A,s2,G_new,920.0,0.43479264722780236
original_A,s2,G_new,940.0,0.3407315703419674
original_A,s2,G_new,960.0,0.4080752628529914
original_A,s2,G_new,980.0,0.34357485986865166
original_A,s2,A,0.0,-0.10987174188092992
original_A,s2,A,20.0,-0.13082304365004666
original_A,s2,A,40.0,-0.19733596953126176
original_A,s2,A,60.0,-0.26602891514084004
original_A,s2,A,80.0,-0.11229322747967763
original_A,s2,A,100.0,-0.11100020802826258
original_A,s2,A,120.0,-0.3495604441466108
original_A,s2,A,140.0,-0.2632937812610807
original_A,s2,A,160.0,-0.0520435584241756
original_A,s2,A,180.0,0.0063328562103611985
original_A,s2,A,200.0,-0.13358226502978698
original_A,s2,A,220.0,-0.038536518778058526
original_A,s2,A,240.0,0.1360667003974182
original_A,s2,A,260.0,0.19706274635034593
original_A,s2,A,280.0,0.3525582635801519
original_A,s2,A,300.0,0.17031839177590774
original_A,s2,A,320.0,0.23987846360046033
original_A,s2,A,340.0,0.45434280376864866
original_A,s2,A,360.0,0.3925455443266455
original_A,s2,A,380.0,0.4316499508968169
original_A,s2,A,400.0,0.4211801100274922
original_A,s2,A,420.0,0.35326114793627306
original_A,s2,A,440.0,0.3303862718820673
original_A,s2,A,460.0,0.2358944040374112
original_A,s2,A,480.0,0.3027621376954047
original_A,s2,A,500.0,0.24819095501186922
original_A,s2,A,520.0,0.07367015608479252
original_A,s2,A,540.0,0.3018439552817449
original_A,s2,A,560.0,0.2417114225558169
original_A,s2,A,580.0,0.06796078005261516
original_A,s2,A,600.0,0.16339316549057178
original_A,s2,A,620.0,0.4678289073543036
original_A,s2,A,640.0,0.31150762018454986
original_A,s2,A,660.0,0.10260712167288726
original_A,s2,A,680.0,0.13168377499845813
original_A,s2,A,700.0,0.09446715089538724
original_A,s2,A,720.0,0.0004329299466043837
original_A,s2,A,740.0,0.07387239142965749
original_A,s2,A,760.0,0.17873137232470918
original_A,s2,A,780.0,0.06425332413968339
original_A,s2,A,800.0,-0.02721557428081922
original_A,s2,A,820.0,0.030204626203323072
original_A,s2,A,840.0,0.20201803256808684
original_A,s2,A,860.0,0.42509340476905755
original_A,s2,A,880.0,0.3019456013913714
original_A,s2,A,900.0,0.31498184414678904
original_A,s2,A,920.0,0.3683482477282948
original_A,s2,A,940.0,0.4701638821351044
original_A,s2,A,960.0,0.2726446427407278
original_A,s2,A,980.0,0.36091490693996475
original_A,s2,I,0.0,-0.11957794304174177
original_A,s2,I,20.0,0.22987850647306954
original_A,s2,I,40.0,0.12133776868490555
original_A,s2,I,60.0,0.22639195295142203
original_A,s2,I,80.0,0.11733775207946665
original_A,s2,I,100.0,0.10034529281230181
original_A,s2,I,120.0,0.37957606972401187
original_A,s2,I,140.0,0.17051964697849678
original_A,s2,I,160.0,0.00314095266888198
original_A,s2,I,180.0,0.12261116823261234
original_A,s2,I,200.0,0.3010008910164207
original_A,s2,I,220.0,0.15811246583400682
original_A,s2,I,240.0,0.1936510878302162
original_A,s2,I,260.0,0.32940796418714713
original_A,s2,I,280.0,-0.229598551502544
original_A,s2,I,300.0,-0.21602739143547128
original_A,s2,I,320.0,0.07968960203792053
original_A,s2,I,340.0,-0.3835557186257733
original_A,s2,I,360.0,-0.35409422061246243
original_A,s2,I,380.0,-0.16745661115915023
original_A,s2,I,400.0,-0.22290513641127052
original_A,s2,I,420.0,-0.23574003041713532
original_A,s2,I,440.0,-0.22843551451550814
original_A,s2,I,460.0,-0.27782749809306845
original_A,s2,I,480.0,-0.48916475648211993
original_A,s2,I,500.0,-0.2782593494573875
original_A,s2,I,520.0,-0.07533168483027577
original_A,s2,I,540.0,-0.32725032021283507
original_A,s2,I,560.0,-0.18609027128351097
original_A,s2,I,580.0,-0.2492146565783664
original_A,s2,I,600.0,-0.3329019617669284
original_A,s2,I,620.0,-0.3931641496908065
original_A,s2,I,640.0,-0.33666268649139364
original_A,s2,I,660.0,-0.21025358281200032
original_A,s2,I,680.0,-0.11594045948794485
original_A,s2,I,700.0,-0.054512036168363684
original_A,s2,I,720.0,-0.016929709483629984
original_A,s2,I,740.0,-0.11657118891461293
original_A,s2,I,760.0,-0.21197129910833676
original_A,s2,I,780.0,-0.09257289371226693
original_A,s2,I,800.0,-0.22062633070748008
original_A,s2,I,820.0,-0.4797827777114352
original_A,s2,I,840.0,-0.6149647901920695
original_A,s2,I,860.0,-0.7381548021174141
original_A,s2,I,880.0,-0.6405325483824312
original_A,s2,I,900.0,-0.6743406652360001
original_A,s2,I,920.0,-0.5258150703409409
original_A,s2,I,940.0,-0.5889805779280919
original_A,s2,I,960.0,-0.5070459090115403
original_A,s2,I,980.0,-0.4346068026164095
A2,s2,G_new,0.0,0.11778347542319784
A2,s2,G_new,20.0,0.18648217305742304
A2,s2,G_new,40.0,0.2495331083065254
A2,s2,G_new,60.0,0.2699470381103089
A2,s2,G_new,80.0,0.17107735816525632
A2,s2,G_new,100.0,0.14943542637084742
A2,s2,G_new,120.0,0.05874639604945005
A2,s2,G_new,140.0,0.13728880991228007
A2,s2,G_new,160.0,0.17256034500601197
A2,s2,G_new,180.0,0.09776539815298528
A2,s2,G_new,200.0,0.12931349718948645
A2,s2,G_new,220.0,0.21889251464867515
A2,s2,G_new,240.0,0.14964484125748165
A2,s2,G_new,260.0,0.1385496836670731
A2,s2,G_new,280.0,0.3611801228851352
A2,s2,G_new,300.0,0.3275365074956453
A2,s2,G_new,320.0,0.2528503306123929
A2,s2,G_new,340.0,0.39982526713063865
A2,s2,G_new,360.0,0.35912292093735443
A2,s2,G_new,380.0,0.23866142286174097
A2,s2,G_new,400.0,0.22698821040334044
A2,s2,G_new,420.0,0.3439088111920363
A2,s2,G_new,440.0,0.3846454751550186
A2,s2,G_new,460.0,0.401591396101655
A2,s2,G_new,480.0,0.47308129509748786
A2,s2,G_new,500.0,0.3680752342411937
A2,s2,G_new,520.0,0.40240727411266963
A2,s2,G_new,540.0,0.41023444297698364
A2,s2,G_new,560.0,0.28609914762653954
A2,s2,G_new,580.0,0.3292972301712754
A2,s2,G_new,600.0,0.2087207476063662
A2,s2,G_new,620.0,0.2854105620970045
A2,s2,G_new,640.0,0.176267674329718
A2,s2,G_new,660.0,0.132720552577226
A2,s2,G_new,680.0,0.1217132396772863
A2,s2,G_new,700.0,0.29361271825908974
A2,s2,G_new,720.0,0.34248637664687376
A2,s2,G_new,740.0,0.3065241590448399
A2,s2,G_new,760.0,0.28253097415056405
A2,s2,G_new,780.0,0.2202542760691591
A2,s2,G_new,800.0,0.3405156187612637
A2,s2,G_new,820.0,0.4554624255258975
A2,s2,G_new,840.0,0.539053715210424
A2,s2,G_new,860.0,0.5336972291951307
A2,s2,G_new,880.0,0.5523327937870841
A2,s2,G_new,900.0,0.5627953644457592
A2,s2,G_new,920.0,0.5004311715783166
A2,s2,G_new,940.0,0.4163478461846847
A2,s2,G_new,960.0,0.4387551453954285
A2,s2,G_new,980.0,0.4005785612219741
A2,s2,A2,0.0,-0.07375163845641755
A2,s2,A2,20.0,-0.15688321513224976
A2,s2,A2,40.0,-0.23027425938732346
A2,s2,A2,60.0,-0.2386706266243384
A2,s2,A2,80.0,-0.10972428954906188
A2,s2,A2,100.0,-0.11996718957304986
A2,s2,A2,120.0,-0.27622278087492136
A2,s2,A2,140.0,-0.0320483844118456
A2,s2,A2,160.0,0.08883155104713761
A2,s2,A2,180.0,0.0810850949921734
A2,s2,A2,200.0,-0.027208220056608723
A2,s2,A2,220.0,-0.04796124739713212
A2,s2,A2,240.0,0.13963942334333962
A2,s2,A2,260.0,0.21349304425746973
A2,s2,A2,280.0,0.2983006416531039
A2,s2,A2,300.0,0.18679020292166676
A2,s2,A2,320.0,0.252301786154181
A2,s2,A2,340.0,0.3945261462154862
A2,s2,A2,360.0,0.3608853710562864
A2,s2,A2,380.0,0.3366288524273619
A2,s2,A2,400.0,0.39767670844031644
A2,s2,A2,420.0,0.28272289311954396
A2,s2,A2,440.0,0.24643589277489297
A2,s2,A2,460.0,0.18477286452837963
A2,s2,A2,480.0,0.2344411556296735
A2,s2,A2,500.0,0.19035883750660068
A2,s2,A2,520.0,0.08825507418604542
A2,s2,A2,540.0,0.19861041668809162
A2,s2,A2,560.0,0.14139888311643103
A2,s2,A2,580.0,-0.014319584047723488
A2,s2,A2,600.0,0.04267150611613199
A2,s2,A2,620.0,0.2822230425166941
A2,s2,A2,640.0,0.19683220869409515
A2,s2,A2,660.0,0.07138993346602882
A2,s2,A2,680.0,0.15986272835037107
A2,s2,A2,700.0,0.07389400956859496
A2,s2,A2,720.0,0.015389087492336612
A2,s2,A2,740.0,0.1042205336486225
A2,s2,A2,760.0,0.21316027607439075
A2,s2,A2,780.0,0.09924358279310211
A2,s2,A2,800.0,0.1187701882835786
A2,s2,A2,820.0,0.09409198172772759
A2,s2,A2,840.0,0.1305739492492649
A2,s2,A2,860.0,0.19894292124754775
A2,s2,A2,880.0,0.05691830363575694
A2,s2,A2,900.0,0.06318450456216537
A2,s2,A2,920.0,0.13445665393512352
A2,s2,A2,940.0,0.10501738845012377
A2,s2,A2,960.0,-0.04652241059175055
A2,s2,A2,980.0,0.07211488330046514
A2,s2,I,0.0,-0.16446372563658795
A2,s2,I,20.0,0.21038626935201699
A2,s2,I,40.0,0.0888032396591715
A2,s2,I,60.0,0.14725478519952384
A2,s2,I,80.0,0.08834729231182561
A2,s2,I,100.0,0.07734498882566965
A2,s2,I,120.0,0.2572104166131045
A2,s2,I,140.0,-0.008169940440110254
A2,s2,I,160.0,-0.07896176786672034
A2,s2,I,180.0,0.0874278295539737
A2,s2,I,200.0,0.21572470833980628
A2,s2,I,220.0,0.15323002422570142
A2,s2,I,240.0,0.2254925820407612
A2,s2,I,260.0,0.3699901048099214
A2,s2,I,280.0,-0.11587212879766952
A2,s2,I,300.0,-0.18206941352324255
A2,s2,I,320.0,0.13281363042671204
A2,s2,I,340.0,-0.2419637704248801
A2,s2,I,360.0,-0.24160263964241613
A2,s2,I,380.0,-0.0141620511043664
A2,s2,I,400.0,-0.10735281044687178
A2,s2,I,420.0,-0.11383674043884402
A2,s2,I,440.0,-0.10558732754341182
A2,s2,I,460.0,-0.1944495376173016
A2,s2,I,480.0,-0.3808207338793208
A2,s2,I,500.0,-0.18854628902669363
A2,s2,I,520.0,-0.06431066392885848
A2,s2,I,540.0,-0.2019705379424997
A2,s2,I,560.0,-0.07709442108778014
A2,s2,I,580.0,-0.19198591254163241
A2,s2,I,600.0,-0.23321175990501364
A2,s2,I,620.0,-0.18640614321354476
A2,s2,I,640.0,-0.20337208819070626
A2,s2,I,660.0,-0.1695717890485655
A2,s2,I,680.0,-0.09727725006359639
A2,s2,I,700.0,-0.021072626573823555
A2,s2,I,720.0,-0.02417502800144833
A2,s2,I,740.0,-0.11324919156053914
A2,s2,I,760.0,-0.1847634076210115
A2,s2,I,780.0,-0.09390804404063194
A2,s2,I,800.0,-0.2991108076828169
A2,s2,I,820.0,-0.5037306533948404
A2,s2,I,840.0,-0.5299613816750921
A2,s2,I,860.0,-0.5220179946999746
A2,s2,I,880.0,-0.4455240249657922
A2,s2,I,900.0,-0.4727851645696046
A2,s2,I,920.0,-0.319884449340862
A2,s2,I,940.0,-0.2933865898935478
A2,s2,I,960.0,-0.28282645198529593
A2,s2,I,980.0,-0.20351948907073558
robust_A_AR,s2,G_new,0.0,0.1273831099385371
robust_A_AR,s2,G_new,20.0,0.2066164222916613
robust_A_AR,s2,G_new,40.0,0.27910106152449654
robust_A_AR,s2,G_new,60.0,0.30076400457996305
robust_A_AR,s2,G_new,80.0,0.1852170612582139
robust_A_AR,s2,G_new,100.0,0.1648623654445174
robust_A_AR,s2,G_new,120.0,0.09452787589748686
robust_A_AR,s2,G_new,140.0,0.14205926101886124
robust_A_AR,s2,G_new,160.0,0.1615102510433469
robust_A_AR,s2,G_new,180.0,0.08752930733338034
robust_A_AR,s2,G_new,200.0,0.13311353261521525
robust_A_AR,s2,G_new,220.0,0.22504376655084313
robust_A_AR,s2,G_new,240.0,0.13166911501357909
robust_A_AR,s2,G_new,260.0,0.11109728927824437
robust_A_AR,s2,G_new,280.0,0.3226080199325651
robust_A_AR,s2,G_new,300.0,0.30352357290071214
robust_A_AR,s2,G_new,320.0,0.22038820862629535
robust_A_AR,s2,G_new,340.0,0.34884380488590694
robust_A_AR,s2,G_new,360.0,0.31255265654110553
robust_A_AR,s2,G_new,380.0,0.1950393441295124
robust_A_AR,s2,G_new,400.0,0.17570186277468713
robust_A_AR,s2,G_new,420.0,0.30729789153602033
robust_A_AR,s2,G_new,440.0,0.3526710759181266
robust_A_AR,s2,G_new,460.0,0.3776504640840125
robust_A_AR,s2,G_new,480.0,0.4426952581027931
robust_A_AR,s2,G_new,500.0,0.3433961773285013
robust_A_AR,s2,G_new,520.0,0.391080488857804
robust_A_AR,s2,G_new,540.0,0.3843664130707671
robust_A_AR,s2,G_new,560.0,0.2676081198462293
robust_A_AR,s2,G_new,580.0,0.33091295744318316
robust_A_AR,s2,G_new,600.0,0.20288916032491844
robust_A_AR,s2,G_new,620.0,0.24854426754054987
robust_A_AR,s2,G_new,640.0,0.1505968835572738
robust_A_AR,s2,G_new,660.0,0.12343873178022714
robust_A_AR,s2,G_new,680.0,0.10120111486350875
robust_A_AR,s2,G_new,700.0,0.2840379489724124
robust_A_AR,s2,G_new,720.0,0.34054581250029375
robust_A_AR,s2,G_new,740.0,0.29318481525452356
robust_A_AR,s2,G_new,760.0,0.25517145601851166
robust_A_AR,s2,G_new,780.0,0.20756886675205702
robust_A_AR,s2,G_new,800.0,0.3256236093687001
robust_A_AR,s2,G_new,820.0,0.4435208467814317
robust_A_AR,s2,G_new,840.0,0.5220371676034837
robust_A_AR,s2,G_new,860.0,0.5074448043178857
robust_A_AR,s2,G_new,880.0,0.5443207820013342
robust_A_AR,s2,G_new,900.0,0.5539574486934461
robust_A_AR,s2,G_new,920.0,0.4824631111272081
robust_A_AR,s2,G_new,940.0,0.4018068453843521
robust_A_AR,s2,G_new,960.0,0.4438603456513728
robust_A_AR,s2,G_new,980.0,0.39048758148151724
robust_A_AR,s2,AR,0.0,-0.09253420450910958
robust_A_AR,s2,AR,20.0,-0.14941725143574036
robust_A_AR,s2,AR,40.0,-0.22176422385253303
robust_A_AR,s2,AR,60.0,-0.25819212017487364
robust_A_AR,s2,AR,80.0,-0.11408639337965187
robust_A_AR,s2,AR,100.0,-0.11930952796919866
robust_A_AR,s2,AR,120.0,-0.318022068067931
robust_A_AR,s2,AR,140.0,-0.1395486004509271
robust_A_AR,s2,AR,160.0,0.026480760591864924
robust_A_AR,s2,AR,180.0,0.048983363742241104
robust_A_AR,s2,AR,200.0,-0.0770199337164594
robust_A_AR,s2,AR,220.0,-0.04500696479534286
robust_A_AR,s2,AR,240.0,0.14203757317879145
robust_A_AR,s2,AR,260.0,0.21210482394585303
robust_A_AR,s2,AR,280.0,0.3319461751472248
robust_A_AR,s2,AR,300.0,0.18460939882798436
robust_A_AR,s2,AR,320.0,0.2538843248086577
robust_A_AR,s2,AR,340.0,0.4335208078297873
robust_A_AR,s2,AR,360.0,0.3859294036008737
robust_A_AR,s2,AR,380.0,0.3901708553419283
robust_A_AR,s2,AR,400.0,0.4200272717979398
robust_A_AR,s2,AR,420.0,0.3234203195651976
robust_A_AR,s2,AR,440.0,0.29226338241083394
robust_A_AR,s2,AR,460.0,0.21368475094162365
robust_A_AR,s2,AR,480.0,0.2727182400195642
robust_A_AR,s2,AR,500.0,0.22252516458013188
robust_A_AR,s2,AR,520.0,0.08408977970239576
robust_A_AR,s2,AR,540.0,0.2519394855157383
robust_A_AR,s2,AR,560.0,0.19172463706782372
robust_A_AR,s2,AR,580.0,0.023185438191997337
robust_A_AR,s2,AR,600.0,0.09954336875858327
robust_A_AR,s2,AR,620.0,0.375936137043437
robust_A_AR,s2,AR,640.0,0.2553828817017475
robust_A_AR,s2,AR,660.0,0.0878445311269485
robust_A_AR,s2,AR,680.0,0.15150660329332977
robust_A_AR,s2,AR,700.0,0.08551571463764972
robust_A_AR,s2,AR,720.0,0.008942128659416182
robust_A_AR,s2,AR,740.0,0.09325302972134611
robust_A_AR,s2,AR,760.0,0.20346756589324774
robust_A_AR,s2,AR,780.0,0.08599255139586372
robust_A_AR,s2,AR,800.0,0.05493127564580827
robust_A_AR,s2,AR,820.0,0.06737419534564908
robust_A_AR,s2,AR,840.0,0.1672818186454056
robust_A_AR,s2,AR,860.0,0.3089292179125557
robust_A_AR,s2,AR,880.0,0.1714904181006876
robust_A_AR,s2,AR,900.0,0.18105816714310433
robust_A_AR,s2,AR,920.0,0.24614266979266858
robust_A_AR,s2,AR,940.0,0.27634092445823355
robust_A_AR,s2,AR,960.0,0.0992216316532006
robust_A_AR,s2,AR,980.0,0.20730030082892803
robust_A_AR,s2,I,0.0,-0.13746084850411694
robust_A_AR,s2,I,20.0,0.23540921400470424
robust_A_AR,s2,I,40.0,0.12720596741864884
robust_A_AR,s2,I,60.0,0.20643275542622927
robust_A_AR,s2,I,80.0,0.11240003028856096
robust_A_AR,s2,I,100.0,0.09993310304978414
robust_A_AR,s2,I,120.0,0.33882915580026485
robust_A_AR,s2,I,140.0,0.07147350887572618
robust_A_AR,s2,I,160.0,-0.05339626292432054
robust_A_AR,s2,I,180.0,0.09380210911239577
robust_A_AR,s2,I,200.0,0.2550017819981055
robust_A_AR,s2,I,220.0,0.16042058317641453
robust_A_AR,s2,I,240.0,0.1970377345757201
robust_A_AR,s2,I,260.0,0.3299413287578464
robust_A_AR,s2,I,280.0,-0.1961565006124047
robust_A_AR,s2,I,300.0,-0.2164485283980298
robust_A_AR,s2,I,320.0,0.08328141641533719
robust_A_AR,s2,I,340.0,-0.3443834106970812
robust_A_AR,s2,I,360.0,-0.32802522642244025
robust_A_AR,s2,I,380.0,-0.11540830436239657
robust_A_AR,s2,I,400.0,-0.19899925748965738
robust_A_AR,s2,I,420.0,-0.19595046616280348
robust_A_AR,s2,I,440.0,-0.18423974223244716
robust_A_AR,s2,I,460.0,-0.24969678124306316
robust_A_AR,s2,I,480.0,-0.4520081653312705
robust_A_AR,s2,I,500.0,-0.24709102030174163
robust_A_AR,s2,I,520.0,-0.07841111258256953
robust_A_AR,s2,I,540.0,-0.2765670804161385
robust_A_AR,s2,I,560.0,-0.13865131970987687
robust_A_AR,s2,I,580.0,-0.21487518544952902
robust_A_AR,s2,I,600.0,-0.28028474589380015
robust_A_AR,s2,I,620.0,-0.3046663495734409
robust_A_AR,s2,I,640.0,-0.28119673835824377
robust_A_AR,s2,I,660.0,-0.19452969875894258
robust_A_AR,s2,I,680.0,-0.12226383028721989
robust_A_AR,s2,I,700.0,-0.04320754975383451
robust_A_AR,s2,I,720.0,-0.022722988770818242
robust_A_AR,s2,I,740.0,-0.12576542789840545
robust_A_AR,s2,I,760.0,-0.21907118175060344
robust_A_AR,s2,I,780.0,-0.10390747909938156
robust_A_AR,s2,I,800.0,-0.27827721289875057
robust_A_AR,s2,I,820.0,-0.5035346921093058
robust_A_AR,s2,I,840.0,-0.5801300998366168
robust_A_AR,s2,I,860.0,-0.6354102938236504
robust_A_AR,s2,I,880.0,-0.5347778062010516
robust_A_AR,s2,I,900.0,-0.5654992634266178
robust_A_AR,s2,I,920.0,-0.4220551920521277
robust_A_AR,s2,I,940.0,-0.43067329762868045
robust_A_AR,s2,I,960.0,-0.3735258574492958
robust_A_AR,s2,I,980.0,-0.3097831471282872
original_A,s3,G_new,0.0,-0.21674063075178263
original_A,s3,G_new,20.0,-0.32274006291613766
original_A,s3,G_new,40.0,-0.2626714406158599
original_A,s3,G_new,60.0,-0.32501533317693654
original_A,s3,G_new,80.0,-0.26778281106298585
original_A,s3,G_new,100.0,-0.21025586587943684
original_A,s3,G_new,120.0,-0.2467129421322184
original_A,s3,G_new,140.0,-0.39116191090039637
original_A,s3,G_new,160.0,-0.3764129489085112
original_A,s3,G_new,180.0,-0.30146690159221373
original_A,s3,G_new,200.0,-0.17824414985786063
original_A,s3,G_new,220.0,-0.21749213683835356
original_A,s3,G_new,240.0,-0.25592023714476747
original_A,s3,G_new,260.0,-0.2539542683988357
original_A,s3,G_new,280.0,-0.2929022790036313
original_A,s3,G_new,300.0,-0.09835816296087083
original_A,s3,G_new,320.0,-0.008144040356321686
original_A,s3,G_new,340.0,-0.018498769944879326
original_A,s3,G_new,360.0,-0.09636238484023474
original_A,s3,G_new,380.0,0.07070062664415075
original_A,s3,G_new,400.0,0.1286495019452078
original_A,s3,G_new,420.0,0.01489629670451631
original_A,s3,G_new,440.0,-0.05049909649972159
original_A,s3,G_new,460.0,0.0068501871922348745
original_A,s3,G_new,480.0,-0.0307310375821232
original_A,s3,G_new,500.0,-0.028279588585927218
original_A,s3,G_new,520.0,-0.22015994819400037
original_A,s3,G_new,540.0,-0.15964535477485503
original_A,s3,G_new,560.0,-0.19993783887779848
original_A,s3,G_new,580.0,-0.2918136778348078
original_A,s3,G_new,600.0,-0.3921190899786495
original_A,s3,G_new,620.0,-0.5415076717558029
original_A,s3,G_new,640.0,-0.47291838968842764
original_A,s3,G_new,660.0,-0.42411510267212466
original_A,s3,G_new,680.0,-0.45655655711294196
original_A,s3,G_new,700.0,-0.4797211982894268
original_A,s3,G_new,720.0,-0.47806682660586414
original_A,s3,G_new,740.0,-0.49379763876351845
original_A,s3,G_new,760.0,-0.5968460807116339
original_A,s3,G_new,780.0,-0.4749597983782233
original_A,s3,G_new,800.0,-0.5157853650653839
original_A,s3,G_new,820.0,-0.4393147004872835
original_A,s3,G_new,840.0,-0.36098203744934354
original_A,s3,G_new,860.0,-0.3023911820934889
original_A,s3,G_new,880.0,-0.2140343109408089
original_A,s3,G_new,900.0,-0.20662607672310496
original_A,s3,G_new,920.0,-0.08735255765465985
original_A,s3,G_new,940.0,-0.012046296760821668
original_A,s3,G_new,960.0,-0.2911246609923829
original_A,s3,G_new,980.0,-0.12757574145491385
original_A,s3,A,0.0,0.21918206237034027
original_A,s3,A,20.0,0.28355199912202644
original_A,s3,A,40.0,0.12930429949661443
original_A,s3,A,60.0,0.09537847608136665
original_A,s3,A,80.0,0.08357136968564417
original_A,s3,A,100.0,-0.11245121649783649
original_A,s3,A,120.0,0.017086583376994913
original_A,s3,A,140.0,0.0951522011131223
original_A,s3,A,160.0,0.16203897429255754
original_A,s3,A,180.0,-0.1277589587375618
original_A,s3,A,200.0,-0.21481974932416614
original_A,s3,A,220.0,-0.13553892883574492
original_A,s3,A,240.0,-0.1265136704276675
original_A,s3,A,260.0,-0.178763184172931
original_A,s3,A,280.0,-0.23635464414908408
original_A,s3,A,300.0,-0.2677624604929064
original_A,s3,A,320.0,-0.4659418658895442
original_A,s3,A,340.0,-0.518231813193624
original_A,s3,A,360.0,-0.4817203588190631
original_A,s3,A,380.0,-0.2230354695531047
original_A,s3,A,400.0,-0.18886869994077532
original_A,s3,A,420.0,-0.43993429778403215
original_A,s3,A,440.0,-0.32545643712620503
original_A,s3,A,460.0,-0.3371901801198266
original_A,s3,A,480.0,-0.3248601608795084
original_A,s3,A,500.0,-0.5295392384541835
original_A,s3,A,520.0,-0.5776942078178289
original_A,s3,A,540.0,-0.610359252882386
original_A,s3,A,560.0,-0.48464924744711657
original_A,s3,A,580.0,-0.4833104918304926
original_A,s3,A,600.0,-0.44232798138851365
original_A,s3,A,620.0,-0.2184343884445549
original_A,s3,A,640.0,-0.2963378994087491
original_A,s3,A,660.0,-0.32670362952200704
original_A,s3,A,680.0,-0.41770087108942855
original_A,s3,A,700.0,-0.4561804391741687
original_A,s3,A,720.0,-0.3228370775954098
original_A,s3,A,740.0,-0.14946775656830888
original_A,s3,A,760.0,-0.06517919360539015
original_A,s3,A,780.0,-0.29709206888894574
original_A,s3,A,800.0,-0.3708954709600642
original_A,s3,A,820.0,-0.4559048774055389
original_A,s3,A,840.0,-0.42926239179599135
original_A,s3,A,860.0,-0.31195480956648347
original_A,s3,A,880.0,-0.23281648050859655
original_A,s3,A,900.0,-0.3341986379582027
original_A,s3,A,920.0,-0.35248603404374446
original_A,s3,A,940.0,-0.3395566067908101
original_A,s3,A,960.0,-0.2691693336883777
original_A,s3,A,980.0,-0.30364576099515406
original_A,s3,I,0.0,-0.05155815632502361
original_A,s3,I,20.0,-0.029255291258898204
original_A,s3,I,40.0,0.14138689786029476
original_A,s3,I,60.0,0.31402527628642873
original_A,s3,I,80.0,0.39912150620534853
original_A,s3,I,100.0,0.40401734158919983
original_A,s3,I,120.0,0.12949138533332086
original_A,s3,I,140.0,0.13628702894822525
original_A,s3,I,160.0,-0.05251907393838618
original_A,s3,I,180.0,0.26667115046195994
original_A,s3,I,200.0,0.27862715742440813
original_A,s3,I,220.0,0.17523847415885052
original_A,s3,I,240.0,0.17524318794934451
original_A,s3,I,260.0,0.10628717141492042
original_A,s3,I,280.0,0.08751228047253753
original_A,s3,I,300.0,0.1527430077839748
original_A,s3,I,320.0,0.2249873723774643
original_A,s3,I,340.0,0.45959639853649653
original_A,s3,I,360.0,0.4280386720662113
original_A,s3,I,380.0,0.15183070596693657
original_A,s3,I,400.0,0.1010201260988515
original_A,s3,I,420.0,0.1871638824830263
original_A,s3,I,440.0,0.14015283579316692
original_A,s3,I,460.0,0.06841519610525978
original_A,s3,I,480.0,0.06305688325909375
original_A,s3,I,500.0,0.14873715787591169
original_A,s3,I,520.0,-0.07171404312459456
original_A,s3,I,540.0,-0.1561825755241481
original_A,s3,I,560.0,-0.13666453016163582
original_A,s3,I,580.0,-0.09841541887382407
original_A,s3,I,600.0,-0.015510549933282568
original_A,s3,I,620.0,-0.04145460447641548
original_A,s3,I,640.0,0.07978468138198988
original_A,s3,I,660.0,0.08950609714307721
original_A,s3,I,680.0,0.24700339779428376
original_A,s3,I,700.0,0.2954647822582471
original_A,s3,I,720.0,-0.05613455315825294
original_A,s3,I,740.0,-0.21071950162749786
original_A,s3,I,760.0,-0.25089051947964597
original_A,s3,I,780.0,-0.18741263776381537
original_A,s3,I,800.0,0.06857734604680613
original_A,s3,I,820.0,0.2238901639564385
original_A,s3,I,840.0,0.2598305589742965
original_A,s3,I,860.0,0.1422062222239055
original_A,s3,I,880.0,0.001546311181526594
original_A,s3,I,900.0,0.12580867193381204
original_A,s3,I,920.0,-0.023570198756480976
original_A,s3,I,940.0,0.039284746342311105
original_A,s3,I,960.0,0.29925586310987756
original_A,s3,I,980.0,0.3252512095836773
A2,s3,G_new,0.0,-0.15766071129535422
A2,s3,G_new,20.0,-0.2544765108986832
A2,s3,G_new,40.0,-0.23122341863716694
A2,s3,G_new,60.0,-0.29075644084825586
A2,s3,G_new,80.0,-0.2298686970868798
A2,s3,G_new,100.0,-0.20425524478192134
A2,s3,G_new,120.0,-0.2110716577959584
A2,s3,G_new,140.0,-0.350082481901102
A2,s3,G_new,160.0,-0.3185430933140314
A2,s3,G_new,180.0,-0.2997682730368371
A2,s3,G_new,200.0,-0.18962392760922406
A2,s3,G_new,220.0,-0.19587078218045978
A2,s3,G_new,240.0,-0.23862335377787164
A2,s3,G_new,260.0,-0.24186773616884805
A2,s3,G_new,280.0,-0.29081846198970956
A2,s3,G_new,300.0,-0.10699451502732603
A2,s3,G_new,320.0,-0.05201145517553515
A2,s3,G_new,340.0,-0.07146393938818546
A2,s3,G_new,360.0,-0.15293168087314044
A2,s3,G_new,380.0,0.06479424277076412
A2,s3,G_new,400.0,0.13779192173785448
A2,s3,G_new,420.0,-0.025158651694004858
A2,s3,G_new,440.0,-0.06969196606794645
A2,s3,G_new,460.0,-0.016489401399386677
A2,s3,G_new,480.0,-0.05400331600398056
A2,s3,G_new,500.0,-0.08435706953557884
A2,s3,G_new,520.0,-0.298032552958938
A2,s3,G_new,540.0,-0.24563160467589157
A2,s3,G_new,560.0,-0.23956596489666937
A2,s3,G_new,580.0,-0.34067957388425274
A2,s3,G_new,600.0,-0.4414035630693137
A2,s3,G_new,620.0,-0.5540281581835642
A2,s3,G_new,640.0,-0.5107839813640245
A2,s3,G_new,660.0,-0.4593822794856453
A2,s3,G_new,680.0,-0.5122307443709619
A2,s3,G_new,700.0,-0.5442291180096306
A2,s3,G_new,720.0,-0.5169004079471455
A2,s3,G_new,740.0,-0.5081925414513832
A2,s3,G_new,760.0,-0.5917098078090859
A2,s3,G_new,780.0,-0.505202233668805
A2,s3,G_new,800.0,-0.5609673566716741
A2,s3,G_new,820.0,-0.4859685589596714
A2,s3,G_new,840.0,-0.41823223058152814
A2,s3,G_new,860.0,-0.33917196399788974
A2,s3,G_new,880.0,-0.2318348596493528
A2,s3,G_new,900.0,-0.2428494413303808
A2,s3,G_new,920.0,-0.12875404285026223
A2,s3,G_new,940.0,-0.05353923606236713
A2,s3,G_new,960.0,-0.31223214962113294
A2,s3,G_new,980.0,-0.16181774225769624
A2,s3,A2,0.0,0.2892474685531198
A2,s3,A2,20.0,0.3081160439875872
A2,s3,A2,40.0,0.1430847417857317
A2,s3,A2,60.0,0.19504323572632035
A2,s3,A2,80.0,0.2347849438902101
A2,s3,A2,100.0,0.14539080542146066
A2,s3,A2,120.0,0.2736514996049659
A2,s3,A2,140.0,0.2504216338745341
A2,s3,A2,160.0,0.3286677312136453
A2,s3,A2,180.0,0.12376704656463901
A2,s3,A2,200.0,0.09292764189468158
A2,s3,A2,220.0,0.2916576271668821
A2,s3,A2,240.0,0.24889683948962843
A2,s3,A2,260.0,0.25173735410624215
A2,s3,A2,280.0,0.22040424582525364
A2,s3,A2,300.0,0.16071746895449324
A2,s3,A2,320.0,0.046338982573884746
A2,s3,A2,340.0,0.017762150226008598
A2,s3,A2,360.0,-0.042841114372271186
A2,s3,A2,380.0,0.14428696141989006
A2,s3,A2,400.0,0.23661985167837546
A2,s3,A2,420.0,0.05478758369322341
A2,s3,A2,440.0,0.12499194790519905
A2,s3,A2,460.0,0.10154660843593058
A2,s3,A2,480.0,0.09147280228685664
A2,s3,A2,500.0,0.002318847950994126
A2,s3,A2,520.0,-0.13255071111991412
A2,s3,A2,540.0,-0.1700659449684024
A2,s3,A2,560.0,0.09674865302280403
A2,s3,A2,580.0,0.020854876863551475
A2,s3,A2,600.0,-0.017825169261415752
A2,s3,A2,620.0,0.08681127133827615
A2,s3,A2,640.0,-0.051161516307332205
A2,s3,A2,660.0,-0.003987845816639718
A2,s3,A2,680.0,-0.09073144876656015
A2,s3,A2,700.0,-0.12906539205303413
A2,s3,A2,720.0,-0.036172685525577064
A2,s3,A2,740.0,0.012252895083853854
A2,s3,A2,760.0,0.09768769923344664
A2,s3,A2,780.0,0.011165323486613227
A2,s3,A2,800.0,-0.04614928917396448
A2,s3,A2,820.0,0.015150770084094003
A2,s3,A2,840.0,-0.09352600126430174
A2,s3,A2,860.0,-0.028935535525510397
A2,s3,A2,880.0,0.05647700115010326
A2,s3,A2,900.0,-0.005269589819069553
A2,s3,A2,920.0,-0.03141589105416018
A2,s3,A2,940.0,-0.043290425495326496
A2,s3,A2,960.0,0.061027689106559285
A2,s3,A2,980.0,-0.015550397683758266
A2,s3,I,0.0,-0.030916153117872644
A2,s3,I,20.0,0.0311540613268693
A2,s3,I,40.0,0.16761912860502223
A2,s3,I,60.0,0.2877229056581743
A2,s3,I,80.0,0.34348800690217846
A2,s3,I,100.0,0.24357145658368445
A2,s3,I,120.0,0.0030183290836191257
A2,s3,I,140.0,0.08156369540305068
A2,s3,I,160.0,-0.0958310671989816
A2,s3,I,180.0,0.10550927344280933
A2,s3,I,200.0,0.06639303745354307
A2,s3,I,220.0,-0.0775304686058768
A2,s3,I,240.0,-0.04878920266491504
A2,s3,I,260.0,-0.15928576960355073
A2,s3,I,280.0,-0.20626891292739988
A2,s3,I,300.0,-0.1346928197832097
A2,s3,I,320.0,-0.15617181069548808
A2,s3,I,340.0,0.05289095836047457
A2,s3,I,360.0,0.08026133130284097
A2,s3,I,380.0,-0.09290472567704602
A2,s3,I,400.0,-0.16459578017109952
A2,s3,I,420.0,-0.17834883984954647
A2,s3,I,440.0,-0.1733294303408548
A2,s3,I,460.0,-0.24211154110775696
A2,s3,I,480.0,-0.23287045202028103
A2,s3,I,500.0,-0.25876730324555924
A2,s3,I,520.0,-0.4473742919884251
A2,s3,I,540.0,-0.5377713759922674
A2,s3,I,560.0,-0.5578910039202043
A2,s3,I,580.0,-0.479902853611895
A2,s3,I,600.0,-0.34582175756169986
A2,s3,I,620.0,-0.2533424492869174
A2,s3,I,640.0,-0.12150246523461308
A2,s3,I,660.0,-0.15914331315076186
A2,s3,I,680.0,-0.02722320153090843
A2,s3,I,700.0,0.011265685861368432
A2,s3,I,720.0,-0.2854003127048802
A2,s3,I,740.0,-0.331657804062904
A2,s3,I,760.0,-0.3507316902860651
A2,s3,I,780.0,-0.42107005879462844
A2,s3,I,800.0,-0.1924753295040905
A2,s3,I,820.0,-0.13365907833644203
A2,s3,I,840.0,-0.021841889130598216
A2,s3,I,860.0,-0.08240096129628965
A2,s3,I,880.0,-0.20590421740551595
A2,s3,I,900.0,-0.1279379559368107
A2,s3,I,920.0,-0.27801228958606017
A2,s3,I,940.0,-0.19917949667181015
A2,s3,I,960.0,0.0615901552142917
A2,s3,I,980.0,0.10019218319037992
robust_A_AR,s3,G_new,0.0,-0.19085866473578267
robust_A_AR,s3,G_new,20.0,-0.289621396231025
robust_A_AR,s3,G_new,40.0,-0.2475545720856242
robust_A_AR,s3,G_new,60.0,-0.31337117224755756
robust_A_AR,s3,G_new,80.0,-0.2572278123888513
robust_A_AR,s3,G_new,100.0,-0.2219145329267523
robust_A_AR,s3,G_new,120.0,-0.24331061228728543
robust_A_AR,s3,G_new,140.0,-0.3792374463454603
robust_A_AR,s3,G_new,160.0,-0.35664547094802007
robust_A_AR,s3,G_new,180.0,-0.3149410179393896
robust_A_AR,s3,G_new,200.0,-0.20153528835829218
robust_A_AR,s3,G_new,220.0,-0.23090252049711948
robust_A_AR,s3,G_new,240.0,-0.268566355633966
robust_A_AR,s3,G_new,260.0,-0.2723743456330542
robust_A_AR,s3,G_new,280.0,-0.31787668681198256
robust_A_AR,s3,G_new,300.0,-0.12714191746724096
robust_A_AR,s3,G_new,320.0,-0.0595182244170389
robust_A_AR,s3,G_new,340.0,-0.07582463969700007
robust_A_AR,s3,G_new,360.0,-0.14997671085494793
robust_A_AR,s3,G_new,380.0,0.04678234104913237
robust_A_AR,s3,G_new,400.0,0.10902629741699102
robust_A_AR,s3,G_new,420.0,-0.03354947288736837
robust_A_AR,s3,G_new,440.0,-0.0858727625170882
robust_A_AR,s3,G_new,460.0,-0.029952948126743262
robust_A_AR,s3,G_new,480.0,-0.06622346859263277
robust_A_AR,s3,G_new,500.0,-0.08694356243697775
robust_A_AR,s3,G_new,520.0,-0.2849035589530957
robust_A_AR,s3,G_new,540.0,-0.2282153603183474
robust_A_AR,s3,G_new,560.0,-0.25310695836702685
robust_A_AR,s3,G_new,580.0,-0.34525295929894295
robust_A_AR,s3,G_new,600.0,-0.4412305099394136
robust_A_AR,s3,G_new,620.0,-0.5652330661796344
robust_A_AR,s3,G_new,640.0,-0.5060368859730404
robust_A_AR,s3,G_new,660.0,-0.46033820783109375
robust_A_AR,s3,G_new,680.0,-0.5033411475136937
robust_A_AR,s3,G_new,700.0,-0.5309809891554483
robust_A_AR,s3,G_new,720.0,-0.5140389688179904
robust_A_AR,s3,G_new,740.0,-0.5102921756081196
robust_A_AR,s3,G_new,760.0,-0.6035297194028969
robust_A_AR,s3,G_new,780.0,-0.5078181693296059
robust_A_AR,s3,G_new,800.0,-0.5571377379311366
robust_A_AR,s3,G_new,820.0,-0.48974869703442725
robust_A_AR,s3,G_new,840.0,-0.40906313777200887
robust_A_AR,s3,G_new,860.0,-0.3371175823818532
robust_A_AR,s3,G_new,880.0,-0.23952061887010537
robust_A_AR,s3,G_new,900.0,-0.24368675078826618
robust_A_AR,s3,G_new,920.0,-0.12658378705697854
robust_A_AR,s3,G_new,940.0,-0.04991033299779916
robust_A_AR,s3,G_new,960.0,-0.3206140326901701
robust_A_AR,s3,G_new,980.0,-0.16130762883600064
robust_A_AR,s3,AR,0.0,0.2676672945901077
robust_A_AR,s3,AR,20.0,0.30806225042408725
robust_A_AR,s3,AR,40.0,0.1419727584842057
robust_A_AR,s3,AR,60.0,0.15648243150162647
robust_A_AR,s3,AR,80.0,0.17405781557536013
robust_A_AR,s3,AR,100.0,0.03257672513910575
robust_A_AR,s3,AR,120.0,0.16608343016102498
robust_A_AR,s3,AR,140.0,0.1884050738768882
robust_A_AR,s3,AR,160.0,0.264291843295367
robust_A_AR,s3,AR,180.0,0.013060029625886954
robust_A_AR,s3,AR,200.0,-0.04465080369670336
robust_A_AR,s3,AR,220.0,0.10659063654278522
robust_A_AR,s3,AR,240.0,0.0859951154645267
robust_A_AR,s3,AR,260.0,0.06370633703227242
robust_A_AR,s3,AR,280.0,0.019207627734610773
robust_A_AR,s3,AR,300.0,-0.029695776533104016
robust_A_AR,s3,AR,320.0,-0.18661361929170237
robust_A_AR,s3,AR,340.0,-0.2270901101798584
robust_A_AR,s3,AR,360.0,-0.2454149236464745
robust_A_AR,s3,AR,380.0,-0.01871181614994625
robust_A_AR,s3,AR,400.0,0.05033506284880561
robust_A_AR,s3,AR,420.0,-0.169815574437651
robust_A_AR,s3,AR,440.0,-0.07678164882004457
robust_A_AR,s3,AR,460.0,-0.09571482069658645
robust_A_AR,s3,AR,480.0,-0.09589323968911367
robust_A_AR,s3,AR,500.0,-0.24120030263119308
robust_A_AR,s3,AR,520.0,-0.34125379195248084
robust_A_AR,s3,AR,540.0,-0.37791085106712
robust_A_AR,s3,AR,560.0,-0.16602925596166537
robust_A_AR,s3,AR,580.0,-0.20930675273106916
robust_A_AR,s3,AR,600.0,-0.2129051432594938
robust_A_AR,s3,AR,620.0,-0.04984359524388876
robust_A_AR,s3,AR,640.0,-0.165317261584701
robust_A_AR,s3,AR,660.0,-0.15194412855508255
robust_A_AR,s3,AR,680.0,-0.2437883091824741
robust_A_AR,s3,AR,700.0,-0.2835820293408624
robust_A_AR,s3,AR,720.0,-0.16878620473205053
robust_A_AR,s3,AR,740.0,-0.06137366126776833
robust_A_AR,s3,AR,760.0,0.026640887065335517
robust_A_AR,s3,AR,780.0,-0.1296180037216612
robust_A_AR,s3,AR,800.0,-0.19656771247511962
robust_A_AR,s3,AR,820.0,-0.20005312479907517
robust_A_AR,s3,AR,840.0,-0.25069989339698934
robust_A_AR,s3,AR,860.0,-0.15961650343641384
robust_A_AR,s3,AR,880.0,-0.07397376011846821
robust_A_AR,s3,AR,900.0,-0.15611827201206274
robust_A_AR,s3,AR,920.0,-0.17961518270356697
robust_A_AR,s3,AR,940.0,-0.18056045102473248
robust_A_AR,s3,AR,960.0,-0.08799247423127793
robust_A_AR,s3,AR,980.0,-0.1480699094459363
robust_A_AR,s3,I,0.0,-0.07339543006213477
robust_A_AR,s3,I,20.0,-0.03037732222517671
robust_A_AR,s3,I,40.0,0.13981649053494943
robust_A_AR,s3,I,60.0,0.2761227034723493
robust_A_AR,s3,I,80.0,0.3396823564638804
robust_A_AR,s3,I,100.0,0.294605838157319
robust_A_AR,s3,I,120.0,0.024698732333538115
robust_A_AR,s3,I,140.0,0.07554880247347354
robust_A_AR,s3,I,160.0,-0.11580666077744318
robust_A_AR,s3,I,180.0,0.15936882858539567
robust_A_AR,s3,I,200.0,0.14549125543303948
robust_A_AR,s3,I,220.0,-0.00443131678707033
robust_A_AR,s3,I,240.0,0.017119438464451034
robust_A_AR,s3,I,260.0,-0.07610533653736004
robust_A_AR,s3,I,280.0,-0.10748099214208912
robust_A_AR,s3,I,300.0,-0.03163309958379682
robust_A_AR,s3,I,320.0,-5.7420081547035484e-05
robust_A_AR,s3,I,340.0,0.22316336295057748
robust_A_AR,s3,I,360.0,0.2326301726210806
robust_A_AR,s3,I,380.0,-0.006023420701158161
robust_A_AR,s3,I,400.0,-0.07963413371859615
robust_A_AR,s3,I,420.0,-0.02985000712321971
robust_A_AR,s3,I,440.0,-0.05506605959870044
robust_A_AR,s3,I,460.0,-0.1223663923121973
robust_A_AR,s3,I,480.0,-0.11813707637085374
robust_A_AR,s3,I,500.0,-0.08635530735356828
robust_A_AR,s3,I,520.0,-0.2727279500093332
robust_A_AR,s3,I,540.0,-0.35623774008771336
robust_A_AR,s3,I,560.0,-0.39067664975573796
robust_A_AR,s3,I,580.0,-0.32067740215287593
robust_A_AR,s3,I,600.0,-0.20377165851167078
robust_A_AR,s3,I,620.0,-0.17367767491038216
robust_A_AR,s3,I,640.0,-0.030239381078655363
robust_A_AR,s3,I,660.0,-0.0533115945256627
robust_A_AR,s3,I,680.0,0.09956306081292954
robust_A_AR,s3,I,700.0,0.14674836597247237
robust_A_AR,s3,I,720.0,-0.18402912708180716
robust_A_AR,s3,I,740.0,-0.2818384200741816
robust_A_AR,s3,I,760.0,-0.31981576683385415
robust_A_AR,s3,I,780.0,-0.32335845018839626
robust_A_AR,s3,I,800.0,-0.07647077680899918
robust_A_AR,s3,I,820.0,0.01608763703533684
robust_A_AR,s3,I,840.0,0.10842549693322426
robust_A_AR,s3,I,860.0,0.01615212714464119
robust_A_AR,s3,I,880.0,-0.1245821924067902
robust_A_AR,s3,I,900.0,-0.019796783999872503
robust_A_AR,s3,I,920.0,-0.1665272234567342
robust_A_AR,s3,I,940.0,-0.09308032691929699
robust_A_AR,s3,I,960.0,0.15518533849830798
robust_A_AR,s3,I,980.0,0.19737576486428715
original_A,s4,G_new,0.0,0.08630384501844313
original_A,s4,G_new,20.0,0.06059715692224151
original_A,s4,G_new,40.0,-0.012391328110089375
original_A,s4,G_new,60.0,-0.048341239076559545
original_A,s4,G_new,80.0,-0.010537691880519057
original_A,s4,G_new,100.0,0.017362810193038626
original_A,s4,G_new,120.0,0.08366930546165074
original_A,s4,G_new,140.0,0.09407597213770043
original_A,s4,G_new,160.0,0.06027310236473625
original_A,s4,G_new,180.0,0.06655173915076627
original_A,s4,G_new,200.0,0.0966826279727396
original_A,s4,G_new,220.0,0.08193234254510033
original_A,s4,G_new,240.0,0.03131038081689266
original_A,s4,G_new,260.0,0.08923953356390349
original_A,s4,G_new,280.0,0.10323521760703004
original_A,s4,G_new,300.0,0.0999405143706724
original_A,s4,G_new,320.0,0.1480210452756523
original_A,s4,G_new,340.0,0.12621421402236038
original_A,s4,G_new,360.0,0.09045797834293799
original_A,s4,G_new,380.0,0.08958648271180625
original_A,s4,G_new,400.0,0.12820989050055928
original_A,s4,G_new,420.0,0.10531784655537314
original_A,s4,G_new,440.0,0.08231120629030453
original_A,s4,G_new,460.0,0.1552584973903849
original_A,s4,G_new,480.0,0.2528680467638632
original_A,s4,G_new,500.0,0.16232332212718648
original_A,s4,G_new,520.0,0.11138745893042352
original_A,s4,G_new,540.0,0.1596192075072664
original_A,s4,G_new,560.0,0.16998415566390657
original_A,s4,G_new,580.0,0.08772665165829303
original_A,s4,G_new,600.0,0.0009049484704453355
original_A,s4,G_new,620.0,-0.05140270095600707
original_A,s4,G_new,640.0,0.03173730933174389
original_A,s4,G_new,660.0,0.06803171506884766
original_A,s4,G_new,680.0,0.03042493837102976
original_A,s4,G_new,700.0,0.0032503745253048234
original_A,s4,G_new,720.0,-0.016683775543020012
original_A,s4,G_new,740.0,-0.003606674793839318
original_A,s4,G_new,760.0,0.04348678093622562
original_A,s4,G_new,780.0,0.04446376113052874
original_A,s4,G_new,800.0,0.044489674999629227
original_A,s4,G_new,820.0,0.04574289183369445
original_A,s4,G_new,840.0,0.05204885348079079
original_A,s4,G_new,860.0,0.05056063960430828
original_A,s4,G_new,880.0,0.08912913477191473
original_A,s4,G_new,900.0,0.12964328313962234
original_A,s4,G_new,920.0,0.16187620975564285
original_A,s4,G_new,940.0,0.19592916218289866
original_A,s4,G_new,960.0,0.19548394539137667
original_A,s4,G_new,980.0,0.17479049328939406
original_A,s4,A,0.0,-0.00761154381642698
original_A,s4,A,20.0,-0.002459319837177072
original_A,s4,A,40.0,0.006369736927821609
original_A,s4,A,60.0,0.04872049952821089
original_A,s4,A,80.0,0.07366200024101509
original_A,s4,A,100.0,0.011592403297743883
original_A,s4,A,120.0,0.02133290482758834
original_A,s4,A,140.0,0.010415676781923802
original_A,s4,A,160.0,-0.05217290368072249
original_A,s4,A,180.0,-0.11567335966879083
original_A,s4,A,200.0,-0.12888984751696891
original_A,s4,A,220.0,-0.013335585255374642
original_A,s4,A,240.0,0.04080940252554953
original_A,s4,A,260.0,0.05113427076704587
original_A,s4,A,280.0,0.0259078589126131
original_A,s4,A,300.0,0.005636473468205859
original_A,s4,A,320.0,0.024666951585220802
original_A,s4,A,340.0,0.044762349550447764
original_A,s4,A,360.0,0.11446805102693738
original_A,s4,A,380.0,0.17937200713416035
original_A,s4,A,400.0,0.13247312459007374
original_A,s4,A,420.0,0.14959827624291855
original_A,s4,A,440.0,0.08193614503286112
original_A,s4,A,460.0,0.026467923701876228
original_A,s4,A,480.0,0.04600557488273199
original_A,s4,A,500.0,0.12450841807225944
original_A,s4,A,520.0,0.14567780783992584
original_A,s4,A,540.0,0.09298309006757577
original_A,s4,A,560.0,0.03814412870150273
original_A,s4,A,580.0,0.05013977551588214
original_A,s4,A,600.0,0.0970884216286362
original_A,s4,A,620.0,0.11844741679538076
original_A,s4,A,640.0,0.09677558320427786
original_A,s4,A,660.0,0.040045576071528116
original_A,s4,A,680.0,0.06281821582880415
original_A,s4,A,700.0,0.1262535623550412
original_A,s4,A,720.0,0.128894195834717
original_A,s4,A,740.0,0.07283686599569025
original_A,s4,A,760.0,0.08309779294875008
original_A,s4,A,780.0,0.05994747792338022
original_A,s4,A,800.0,0.038017697530091155
original_A,s4,A,820.0,0.026765079572724892
original_A,s4,A,840.0,0.02650645217276476
original_A,s4,A,860.0,-0.02245618313000907
original_A,s4,A,880.0,-0.056806964852621544
original_A,s4,A,900.0,-0.06498998022073055
original_A,s4,A,920.0,-0.07306806688629247
original_A,s4,A,940.0,-0.09551880718613129
original_A,s4,A,960.0,-0.11757082143140371
original_A,s4,A,980.0,-0.09988190497332045
original_A,s4,I,0.0,-0.0115031790058987
original_A,s4,I,20.0,-0.032306370951925845
original_A,s4,I,40.0,-0.0953330887116538
original_A,s4,I,60.0,-0.1352618319896547
original_A,s4,I,80.0,-0.17347972079837062
original_A,s4,I,100.0,-0.11405089594969141
original_A,s4,I,120.0,-0.1725206468418863
original_A,s4,I,140.0,-0.16560448535192954
original_A,s4,I,160.0,-0.025827641394817417
original_A,s4,I,180.0,0.050242484299089195
original_A,s4,I,200.0,0.07540964657302882
original_A,s4,I,220.0,-0.011409293180870722
original_A,s4,I,240.0,-0.09365586708180217
original_A,s4,I,260.0,-0.16139979484856856
original_A,s4,I,280.0,-0.11361519535870376
original_A,s4,I,300.0,-0.08778489754168714
original_A,s4,I,320.0,-0.12470091275677016
original_A,s4,I,340.0,-0.09594856759303666
original_A,s4,I,360.0,-0.17381114084687876
original_A,s4,I,380.0,-0.21769678291300726
original_A,s4,I,400.0,-0.1577441789777487
original_A,s4,I,420.0,-0.10526468454752277
original_A,s4,I,440.0,-0.04673321386931592
original_A,s4,I,460.0,0.012275000108866136
original_A,s4,I,480.0,-0.055500441967313886
original_A,s4,I,500.0,-0.05751084507738476
original_A,s4,I,520.0,-0.11488437650023099
original_A,s4,I,540.0,-0.07892179394127478
original_A,s4,I,560.0,-0.0006234339324022314
original_A,s4,I,580.0,0.1271351027943231
original_A,s4,I,600.0,0.10402955549985338
original_A,s4,I,620.0,0.023876227404147132
original_A,s4,I,640.0,0.015752113536040335
original_A,s4,I,660.0,0.11538125417610143
original_A,s4,I,680.0,0.15671907302506083
original_A,s4,I,700.0,0.015776287316795545
original_A,s4,I,720.0,-0.03256593447491679
original_A,s4,I,740.0,-0.032112923202277696
original_A,s4,I,760.0,-0.03510402610500467
original_A,s4,I,780.0,-0.015020379262819725
original_A,s4,I,800.0,-0.017811225200064854
original_A,s4,I,820.0,0.03229861327765133
original_A,s4,I,840.0,0.04624055084460278
original_A,s4,I,860.0,0.07953877416212549
original_A,s4,I,880.0,0.09190288138550354
original_A,s4,I,900.0,0.05911347081946438
original_A,s4,I,920.0,0.07535695302482344
original_A,s4,I,940.0,0.06514646135870268
original_A,s4,I,960.0,0.17992173722378813
original_A,s4,I,980.0,0.1788460424773732
A2,s4,G_new,0.0,0.08432128466727833
A2,s4,G_new,20.0,0.0616722964257367
A2,s4,G_new,40.0,-0.014391888134573419
A2,s4,G_new,60.0,-0.043649283796816485
A2,s4,G_new,80.0,-0.004635740029618103
A2,s4,G_new,100.0,0.009974073077037784
A2,s4,G_new,120.0,0.08104767223558312
A2,s4,G_new,140.0,0.09266115814765619
A2,s4,G_new,160.0,0.04468353132002833
A2,s4,G_new,180.0,0.035047216511922705
A2,s4,G_new,200.0,0.06594009819742778
A2,s4,G_new,220.0,0.07456551773107213
A2,s4,G_new,240.0,0.028573060319081196
A2,s4,G_new,260.0,0.09642347951220101
A2,s4,G_new,280.0,0.10645068867345875
A2,s4,G_new,300.0,0.0994830034024802
A2,s4,G_new,320.0,0.15240619952750117
A2,s4,G_new,340.0,0.1341200341788221
A2,s4,G_new,360.0,0.10970674373832462
A2,s4,G_new,380.0,0.12348228874419104
A2,s4,G_new,400.0,0.15609112951042556
A2,s4,G_new,420.0,0.13378081131035788
A2,s4,G_new,440.0,0.09596330758065011
A2,s4,G_new,460.0,0.15945295464007647
A2,s4,G_new,480.0,0.26366665935726663
A2,s4,G_new,500.0,0.18599889781549633
A2,s4,G_new,520.0,0.1335668237641595
A2,s4,G_new,540.0,0.16513247580966894
A2,s4,G_new,560.0,0.1702009311134086
A2,s4,G_new,580.0,0.09524335294498057
A2,s4,G_new,600.0,0.01151367566042286
A2,s4,G_new,620.0,-0.03544037860229788
A2,s4,G_new,640.0,0.044608225796048645
A2,s4,G_new,660.0,0.06507113257741587
A2,s4,G_new,680.0,0.02800157524344865
A2,s4,G_new,700.0,0.012601177382175165
A2,s4,G_new,720.0,-0.0063087890326796355
A2,s4,G_new,740.0,-0.004608322168426365
A2,s4,G_new,760.0,0.04469042399014284
A2,s4,G_new,780.0,0.04118300368560303
A2,s4,G_new,800.0,0.03995871057450252
A2,s4,G_new,820.0,0.04112403924499583
A2,s4,G_new,840.0,0.04591564079215592
A2,s4,G_new,860.0,0.034769499789160246
A2,s4,G_new,880.0,0.06751518373706404
A2,s4,G_new,900.0,0.10672088683497494
A2,s4,G_new,920.0,0.13530138043526949
A2,s4,G_new,940.0,0.16428112575922885
A2,s4,G_new,960.0,0.15975785632748707
A2,s4,G_new,980.0,0.14472922327164905
A2,s4,A2,0.0,-0.008839058709839517
A2,s4,A2,20.0,0.012016190889017786
A2,s4,A2,40.0,-0.024325735523095488
A2,s4,A2,60.0,-0.01275187934021146
A2,s4,A2,80.0,-0.029612069827329928
A2,s4,A2,100.0,-0.07675820798850691
A2,s4,A2,120.0,-0.046116621091120635
A2,s4,A2,140.0,-0.02368480108321712
A2,s4,A2,160.0,-0.0779251389412185
A2,s4,A2,180.0,-0.14624993368141792
A2,s4,A2,200.0,-0.1251527863548208
A2,s4,A2,220.0,-0.049234411393397404
A2,s4,A2,240.0,-0.06847564803648912
A2,s4,A2,260.0,0.006202442809915805
A2,s4,A2,280.0,-0.0005359770192450118
A2,s4,A2,300.0,-0.010146257671859614
A2,s4,A2,320.0,0.010963731819419328
A2,s4,A2,340.0,0.019446679556204716
A2,s4,A2,360.0,0.041336315792436226
A2,s4,A2,380.0,0.09713165946646637
A2,s4,A2,400.0,0.09642146037895527
A2,s4,A2,420.0,0.0826860240610203
A2,s4,A2,440.0,0.028495006786909978
A2,s4,A2,460.0,0.007335944797375642
A2,s4,A2,480.0,0.04315874677604966
A2,s4,A2,500.0,0.06869936617842584
A2,s4,A2,520.0,0.03251741837581711
A2,s4,A2,540.0,-0.05416707414581822
A2,s4,A2,560.0,-0.039946471186956295
A2,s4,A2,580.0,0.010177306591554018
A2,s4,A2,600.0,-0.014500207602035076
A2,s4,A2,620.0,0.008485372059031354
A2,s4,A2,640.0,0.0054519141736163595
A2,s4,A2,660.0,-0.06957338038997468
A2,s4,A2,680.0,-0.08988714910463669
A2,s4,A2,700.0,-0.05738408477972749
A2,s4,A2,720.0,-0.051401752659669064
A2,s4,A2,740.0,-0.08854902166259075
A2,s4,A2,760.0,-0.08068437824039015
A2,s4,A2,780.0,-0.09417140684294044
A2,s4,A2,800.0,-0.08096215753547598
A2,s4,A2,820.0,-0.06938535025649656
A2,s4,A2,840.0,-0.08222852578674025
A2,s4,A2,860.0,-0.11225713781200677
A2,s4,A2,880.0,-0.1250643130026305
A2,s4,A2,900.0,-0.12743338708186008
A2,s4,A2,920.0,-0.15023565212077733
A2,s4,A2,940.0,-0.16959366187565125
A2,s4,A2,960.0,-0.1807626900887927
A2,s4,A2,980.0,-0.15105507413826846
A2,s4,I,0.0,-0.012949375115324721
A2,s4,I,20.0,-0.04013971516315315
A2,s4,I,40.0,-0.07841076738846968
A2,s4,I,60.0,-0.09166642281105888
A2,s4,I,80.0,-0.10244906596030472
A2,s4,I,100.0,-0.06716286338891159
A2,s4,I,120.0,-0.1333560612469037
A2,s4,I,140.0,-0.14590378171410062
A2,s4,I,160.0,-0.027152957267899916
A2,s4,I,180.0,0.034169353847119326
A2,s4,I,200.0,0.038774363926240854
A2,s4,I,220.0,0.0027722141705026626
A2,s4,I,240.0,-0.028514154142734238
A2,s4,I,260.0,-0.12534539891212748
A2,s4,I,280.0,-0.09352580379393925
A2,s4,I,300.0,-0.07844665602402366
A2,s4,I,320.0,-0.11125676188886431
A2,s4,I,340.0,-0.0713295660050004
A2,s4,I,360.0,-0.10669720583028611
A2,s4,I,380.0,-0.12855535643260882
A2,s4,I,400.0,-0.10413662955581593
A2,s4,I,420.0,-0.031750399562261084
A2,s4,I,440.0,0.001848492828278099
A2,s4,I,460.0,0.028894022084450924
A2,s4,I,480.0,-0.04167460257165082
A2,s4,I,500.0,0.003732930185426288
A2,s4,I,520.0,-0.019521715220299406
A2,s4,I,540.0,0.01905472886010151
A2,s4,I,560.0,0.04834856431917654
A2,s4,I,580.0,0.1604598148187003
A2,s4,I,600.0,0.18550060075251407
A2,s4,I,620.0,0.11030592591078328
A2,s4,I,640.0,0.08710162064973964
A2,s4,I,660.0,0.18048220985802482
A2,s4,I,680.0,0.24930626237156772
A2,s4,I,700.0,0.1408037546195399
A2,s4,I,720.0,0.0915190548876004
A2,s4,I,740.0,0.06747747387655624
A2,s4,I,760.0,0.06844241841278417
A2,s4,I,780.0,0.07749217312145087
A2,s4,I,800.0,0.051378849369069356
A2,s4,I,820.0,0.08714459665236349
A2,s4,I,840.0,0.10724978621240386
A2,s4,I,860.0,0.11795624003017569
A2,s4,I,880.0,0.1103794628901921
A2,s4,I,900.0,0.07250203945241665
A2,s4,I,920.0,0.09385823118480668
A2,s4,I,940.0,0.07605700215146186
A2,s4,I,960.0,0.1794906817084759
A2,s4,I,980.0,0.17723602149552242
robust_A_AR,s4,G_new,0.0,0.08539395364526929
robust_A_AR,s4,G_new,20.0,0.0602498958789216
robust_A_AR,s4,G_new,40.0,-0.011516253617391184
robust_A_AR,s4,G_new,60.0,-0.042268806495571895
robust_A_AR,s4,G_new,80.0,-0.0013195876077343924
robust_A_AR,s4,G_new,100.0,0.019071743416125428
robust_A_AR,s4,G_new,120.0,0.08647338736886254
robust_A_AR,s4,G_new,140.0,0.09544923606384703
robust_A_AR,s4,G_new,160.0,0.05409840789228767
robust_A_AR,s4,G_new,180.0,0.05276673686026047
robust_A_AR,s4,G_new,200.0,0.08118716861373791
robust_A_AR,s4,G_new,220.0,0.08045907879085229
robust_A_AR,s4,G_new,240.0,0.036603806871818995
robust_A_AR,s4,G_new,260.0,0.09554265726055747
robust_A_AR,s4,G_new,280.0,0.10644195551118164
robust_A_AR,s4,G_new,300.0,0.10067409321810866
robust_A_AR,s4,G_new,320.0,0.15103309053647376
robust_A_AR,s4,G_new,340.0,0.1316816866566482
robust_A_AR,s4,G_new,360.0,0.10446968094968798
robust_A_AR,s4,G_new,380.0,0.11142698711682134
robust_A_AR,s4,G_new,400.0,0.1442515182635456
robust_A_AR,s4,G_new,420.0,0.123527066049266
robust_A_AR,s4,G_new,440.0,0.09234468937915222
robust_A_AR,s4,G_new,460.0,0.15850631864218478
robust_A_AR,s4,G_new,480.0,0.25840437115287396
robust_A_AR,s4,G_new,500.0,0.17747901059527693
robust_A_AR,s4,G_new,520.0,0.12929141666206584
robust_A_AR,s4,G_new,540.0,0.17131529781010513
robust_A_AR,s4,G_new,560.0,0.17484569497289196
robust_A_AR,s4,G_new,580.0,0.09389251782767928
robust_A_AR,s4,G_new,600.0,0.012966785166549186
robust_A_AR,s4,G_new,620.0,-0.036781077171428866
robust_A_AR,s4,G_new,640.0,0.04368897976345404
robust_A_AR,s4,G_new,660.0,0.07323458737012734
robust_A_AR,s4,G_new,680.0,0.03851756355630481
robust_A_AR,s4,G_new,700.0,0.019073565915450345
robust_A_AR,s4,G_new,720.0,-0.000555364722163703
robust_A_AR,s4,G_new,740.0,0.005720470430021668
robust_A_AR,s4,G_new,760.0,0.05405503818252134
robust_A_AR,s4,G_new,780.0,0.05221662036999498
robust_A_AR,s4,G_new,800.0,0.049482491771657755
robust_A_AR,s4,G_new,820.0,0.0493022850480381
robust_A_AR,s4,G_new,840.0,0.05562225823358643
robust_A_AR,s4,G_new,860.0,0.04818489799246121
robust_A_AR,s4,G_new,880.0,0.08255005533177041
robust_A_AR,s4,G_new,900.0,0.12206044563506588
robust_A_AR,s4,G_new,920.0,0.15337578506764632
robust_A_AR,s4,G_new,940.0,0.18472090700632265
robust_A_AR,s4,G_new,960.0,0.1815878496740222
robust_A_AR,s4,G_new,980.0,0.1629761155199106
robust_A_AR,s4,AR,0.0,-0.008558373691336538
robust_A_AR,s4,AR,20.0,0.00584395880517493
robust_A_AR,s4,AR,40.0,-0.011201612788511155
robust_A_AR,s4,AR,60.0,0.014647423050319106
robust_A_AR,s4,AR,80.0,0.016164808371121695
robust_A_AR,s4,AR,100.0,-0.0391923590842378
robust_A_AR,s4,AR,120.0,-0.01705027777958227
robust_A_AR,s4,AR,140.0,-0.0090011925152483
robust_A_AR,s4,AR,160.0,-0.0686997245662642
robust_A_AR,s4,AR,180.0,-0.13696380237556843
robust_A_AR,s4,AR,200.0,-0.13072695840491738
robust_A_AR,s4,AR,220.0,-0.03453066712298643
robust_A_AR,s4,AR,240.0,-0.021187101451587823
robust_A_AR,s4,AR,260.0,0.026711136050995548
robust_A_AR,s4,AR,280.0,0.011404120096058151
robust_A_AR,s4,AR,300.0,-0.003324920175037567
robust_A_AR,s4,AR,320.0,0.01750000905882617
robust_A_AR,s4,AR,340.0,0.0314968830519467
robust_A_AR,s4,AR,360.0,0.07568622937052209
robust_A_AR,s4,AR,380.0,0.13733183643132887
robust_A_AR,s4,AR,400.0,0.11571511555650638
robust_A_AR,s4,AR,420.0,0.11550715705655565
robust_A_AR,s4,AR,440.0,0.05354314063781834
robust_A_AR,s4,AR,460.0,0.01621426901817853
robust_A_AR,s4,AR,480.0,0.04578549909876589
robust_A_AR,s4,AR,500.0,0.096066011419673
robust_A_AR,s4,AR,520.0,0.08469280109128718
robust_A_AR,s4,AR,540.0,0.010686504763847152
robust_A_AR,s4,AR,560.0,-0.005877198606727668
robust_A_AR,s4,AR,580.0,0.028562445671066944
robust_A_AR,s4,AR,600.0,0.03550518183192122
robust_A_AR,s4,AR,620.0,0.05846870849077235
robust_A_AR,s4,AR,640.0,0.04691365064846574
robust_A_AR,s4,AR,660.0,-0.022167927276367502
robust_A_AR,s4,AR,680.0,-0.023630418553446775
robust_A_AR,s4,AR,700.0,0.02386767124135579
robust_A_AR,s4,AR,720.0,0.02852471214844768
robust_A_AR,s4,AR,740.0,-0.01832581060116753
robust_A_AR,s4,AR,760.0,-0.009133574375934456
robust_A_AR,s4,AR,780.0,-0.02740851811656593
robust_A_AR,s4,AR,800.0,-0.029677600233880344
robust_A_AR,s4,AR,820.0,-0.028063932941375908
robust_A_AR,s4,AR,840.0,-0.03561555359717859
robust_A_AR,s4,AR,860.0,-0.07513730831173548
robust_A_AR,s4,AR,880.0,-0.09808305272370621
robust_A_AR,s4,AR,900.0,-0.10315446410463389
robust_A_AR,s4,AR,920.0,-0.12000683408229783
robust_A_AR,s4,AR,940.0,-0.1413640653243479
robust_A_AR,s4,AR,960.0,-0.15780055777147817
robust_A_AR,s4,AR,980.0,-0.1326052137312434
robust_A_AR,s4,I,0.0,-0.011332183591775152
robust_A_AR,s4,I,20.0,-0.038281850611745355
robust_A_AR,s4,I,40.0,-0.08261244832141725
robust_A_AR,s4,I,60.0,-0.10824283989729762
robust_A_AR,s4,I,80.0,-0.1284391571851469
robust_A_AR,s4,I,100.0,-0.07772656628956784
robust_A_AR,s4,I,120.0,-0.1442536563368702
robust_A_AR,s4,I,140.0,-0.15132940159817285
robust_A_AR,s4,I,160.0,-0.017624785484559674
robust_A_AR,s4,I,180.0,0.05767551932007064
robust_A_AR,s4,I,200.0,0.06836092069184407
robust_A_AR,s4,I,220.0,0.002575373220592439
robust_A_AR,s4,I,240.0,-0.04758820162624207
robust_A_AR,s4,I,260.0,-0.14098446255378638
robust_A_AR,s4,I,280.0,-0.10177983243584646
robust_A_AR,s4,I,300.0,-0.08114293547481831
robust_A_AR,s4,I,320.0,-0.11808521292257337
robust_A_AR,s4,I,340.0,-0.08376124634194837
robust_A_AR,s4,I,360.0,-0.13924162929238318
robust_A_AR,s4,I,380.0,-0.1766473087385638
robust_A_AR,s4,I,400.0,-0.13743787089732562
robust_A_AR,s4,I,420.0,-0.0717090437076365
robust_A_AR,s4,I,440.0,-0.021544964358510277
robust_A_AR,s4,I,460.0,0.021169408641697966
robust_A_AR,s4,I,480.0,-0.05237098751018065
robust_A_AR,s4,I,500.0,-0.02953473749749441
robust_A_AR,s4,I,520.0,-0.06274316928540738
robust_A_AR,s4,I,540.0,-0.015259764955651886
robust_A_AR,s4,I,560.0,0.0326802877797058
robust_A_AR,s4,I,580.0,0.14549263825549058
robust_A_AR,s4,I,600.0,0.15344743057053048
robust_A_AR,s4,I,620.0,0.07355146937688423
robust_A_AR,s4,I,640.0,0.05693900513677319
robust_A_AR,s4,I,660.0,0.1615515287368988
robust_A_AR,s4,I,680.0,0.22133876839992456
robust_A_AR,s4,I,700.0,0.09566251535760087
robust_A_AR,s4,I,720.0,0.04607858049359561
robust_A_AR,s4,I,740.0,0.03645687932686591
robust_A_AR,s4,I,760.0,0.034877991035849876
robust_A_AR,s4,I,780.0,0.050049263509141205
robust_A_AR,s4,I,800.0,0.03206788718744044
robust_A_AR,s4,I,820.0,0.07243718546237145
robust_A_AR,s4,I,840.0,0.09147112364459126
robust_A_AR,s4,I,860.0,0.11498949758092372
robust_A_AR,s4,I,880.0,0.1171428516266177
robust_A_AR,s4,I,900.0,0.08164455350989333
robust_A_AR,s4,I,920.0,0.10351197359993472
robust_A_AR,s4,I,940.0,0.09108353741414466
robust_A_AR,s4,I,960.0,0.2004989947767471
robust_A_AR,s4,I,980.0,0.1953090480728462
original_A,s6,G_new,0.0,-0.23053535434316355
original_A,s6,G_new,20.0,-0.3292613977085321
original_A,s6,G_new,40.0,-0.20565301126633395
original_A,s6,G_new,60.0,-0.12214137445014712
original_A,s6,G_new,80.0,-0.10449887432944582
original_A,s6,G_new,100.0,-0.2074665346165261
original_A,s6,G_new,120.0,-0.037520929896093284
original_A,s6,G_new,140.0,0.008414135707763733
original_A,s6,G_new,160.0,-0.12636564608001963
original_A,s6,G_new,180.0,-0.1586252481889715
original_A,s6,G_new,200.0,-0.08614142507853817
original_A,s6,G_new,220.0,0.03226564263775118
original_A,s6,G_new,240.0,0.13597908662283015
original_A,s6,G_new,260.0,0.08234439261604962
original_A,s6,G_new,280.0,-0.0021998439806426642
original_A,s6,G_new,300.0,-0.014450995218671062
original_A,s6,G_new,320.0,-0.14720699906287601
original_A,s6,G_new,340.0,0.05296130187309311
original_A,s6,G_new,360.0,0.2556957304305622
original_A,s6,G_new,380.0,0.21369989747312026
original_A,s6,G_new,400.0,0.26315493344369
original_A,s6,G_new,420.0,0.38002467691110886
original_A,s6,G_new,440.0,0.3528923738502039
original_A,s6,G_new,460.0,0.29068264535797295
original_A,s6,G_new,480.0,0.36711921567682626
original_A,s6,G_new,500.0,0.27397928620239387
original_A,s6,G_new,520.0,0.28321641696656413
original_A,s6,G_new,540.0,0.15937355700416295
original_A,s6,G_new,560.0,0.15530392147348732
original_A,s6,G_new,580.0,0.04787210155469328
original_A,s6,G_new,600.0,-0.19165717046009192
original_A,s6,G_new,620.0,-0.2673100323754129
original_A,s6,G_new,640.0,-0.1457708880906866
original_A,s6,G_new,660.0,-0.009139537126013453
original_A,s6,G_new,680.0,0.010935366735323415
original_A,s6,G_new,700.0,0.19961975404279486
original_A,s6,G_new,720.0,0.2864347388864108
original_A,s6,G_new,740.0,0.17744741523068192
original_A,s6,G_new,760.0,-0.11483171489631441
original_A,s6,G_new,780.0,0.006852801836061406
original_A,s6,G_new,800.0,0.31821098287791366
original_A,s6,G_new,820.0,0.2063869074602783
original_A,s6,G_new,840.0,0.02830844478947879
original_A,s6,G_new,860.0,0.0017550022864346315
original_A,s6,G_new,880.0,0.18425932871700554
original_A,s6,G_new,900.0,0.2296496245746132
original_A,s6,G_new,920.0,-0.008676964537881832
original_A,s6,G_new,940.0,-0.11018421104413123
original_A,s6,G_new,960.0,0.016466282792507836
original_A,s6,G_new,980.0,0.1470438099196023
original_A,s6,A,0.0,-0.22892234022268698
original_A,s6,A,20.0,-0.10528810465007679
original_A,s6,A,40.0,-0.10144275712721601
original_A,s6,A,60.0,0.0361674099868495
original_A,s6,A,80.0,0.1782532933433617
original_A,s6,A,100.0,-0.026784156661665996
original_A,s6,A,120.0,-0.11565098636818852
original_A,s6,A,140.0,-0.05670787540674718
original_A,s6,A,160.0,-0.07581510853331089
original_A,s6,A,180.0,-0.11784227792957574
original_A,s6,A,200.0,-0.02922285376880346
original_A,s6,A,220.0,0.13086390517317648
original_A,s6,A,240.0,0.1645658623086812
original_A,s6,A,260.0,0.10830029044288428
original_A,s6,A,280.0,0.1404493161938048
original_A,s6,A,300.0,0.24005903708413345
original_A,s6,A,320.0,0.21799607505188065
original_A,s6,A,340.0,0.008279543534097725
original_A,s6,A,360.0,0.16199111146438663
original_A,s6,A,380.0,0.2412622308173433
original_A,s6,A,400.0,0.1693549045448828
original_A,s6,A,420.0,-0.07628158411324817
original_A,s6,A,440.0,-0.18234945516122225
original_A,s6,A,460.0,0.008195426188851662
original_A,s6,A,480.0,-0.04859683150351282
original_A,s6,A,500.0,-0.1880594280918761
original_A,s6,A,520.0,-0.2668735243945193
original_A,s6,A,540.0,-0.15388746108472254
original_A,s6,A,560.0,-0.19632881329237623
original_A,s6,A,580.0,-0.06784772680339388
original_A,s6,A,600.0,-0.06113195496874243
original_A,s6,A,620.0,0.05779162311255835
original_A,s6,A,640.0,0.05647771217870979
original_A,s6,A,660.0,-0.18018605033583265
original_A,s6,A,680.0,-0.04462177333674944
original_A,s6,A,700.0,0.02714433174415065
original_A,s6,A,720.0,0.03894258319673913
original_A,s6,A,740.0,-0.10132808360860007
original_A,s6,A,760.0,-0.0421988193325923
original_A,s6,A,780.0,0.17382647697528758
original_A,s6,A,800.0,0.26290926776588464
original_A,s6,A,820.0,0.3814196739118909
original_A,s6,A,840.0,0.2687773535941543
original_A,s6,A,860.0,0.2931926301543493
original_A,s6,A,880.0,0.31559275290292726
original_A,s6,A,900.0,0.20999675682154656
original_A,s6,A,920.0,0.3883932909639265
original_A,s6,A,940.0,0.34187499032671664
original_A,s6,A,960.0,0.2930714500556774
original_A,s6,A,980.0,0.20385089624872405
original_A,s6,I,0.0,0.29628326719130527
original_A,s6,I,20.0,0.33424045858191903
original_A,s6,I,40.0,0.3279973987186336
original_A,s6,I,60.0,-0.08644404457766353
original_A,s6,I,80.0,-0.26758865284732886
original_A,s6,I,100.0,-0.07736923711813483
original_A,s6,I,120.0,-0.02547605176109112
original_A,s6,I,140.0,0.049647060662772184
original_A,s6,I,160.0,-0.011763673942790466
original_A,s6,I,180.0,-0.005279100922572583
original_A,s6,I,200.0,0.2178414431873501
original_A,s6,I,220.0,0.05219713770582529
original_A,s6,I,240.0,-0.22975226043451377
original_A,s6,I,260.0,-0.11651477905893151
original_A,s6,I,280.0,-0.1187253933926046
original_A,s6,I,300.0,-0.06863418024095982
original_A,s6,I,320.0,-0.1839246272777078
original_A,s6,I,340.0,-0.05522451126524485
original_A,s6,I,360.0,-0.0842890822313978
original_A,s6,I,380.0,-0.09296039573423769
original_A,s6,I,400.0,-0.10649572633743673
original_A,s6,I,420.0,-0.11387875439997333
original_A,s6,I,440.0,0.07299923969528802
original_A,s6,I,460.0,0.23301988514864844
original_A,s6,I,480.0,0.04382091447298242
original_A,s6,I,500.0,-0.07001468588024094
original_A,s6,I,520.0,0.10461560353585939
original_A,s6,I,540.0,0.13557856577379856
original_A,s6,I,560.0,-0.00786669065483403
original_A,s6,I,580.0,0.03517751113940612
original_A,s6,I,600.0,0.15420061566825882
original_A,s6,I,620.0,0.12085705810507906
original_A,s6,I,640.0,-0.031551650571038065
original_A,s6,I,660.0,0.15680470116955228
original_A,s6,I,680.0,0.09165928060323997
original_A,s6,I,700.0,-0.11659436955351177
original_A,s6,I,720.0,-0.25797782034734784
original_A,s6,I,740.0,-0.3555166118651532
original_A,s6,I,760.0,-0.0239639856200774
original_A,s6,I,780.0,-0.2658992779964015
original_A,s6,I,800.0,-0.6310052580117307
original_A,s6,I,820.0,-0.7063719517063085
original_A,s6,I,840.0,-0.6784365813150062
original_A,s6,I,860.0,-0.5490272237504852
original_A,s6,I,880.0,-0.42030510087458317
original_A,s6,I,900.0,-0.3231282098873871
original_A,s6,I,920.0,-0.414059594167415
original_A,s6,I,940.0,-0.13869938552085323
original_A,s6,I,960.0,0.17910737953189249
original_A,s6,I,980.0,0.36918086684517587
A2,s6,G_new,0.0,-0.2896899307576994
A2,s6,G_new,20.0,-0.358317464881497
A2,s6,G_new,40.0,-0.21867129029132426
A2,s6,G_new,60.0,-0.10980490860138603
A2,s6,G_new,80.0,-0.06625950588918805
A2,s6,G_new,100.0,-0.2084117902010345
A2,s6,G_new,120.0,-0.050306081569960755
A2,s6,G_new,140.0,0.02127979111258863
A2,s6,G_new,160.0,-0.12541024519242375
A2,s6,G_new,180.0,-0.1677455138108687
A2,s6,G_new,200.0,-0.07816322528384709
A2,s6,G_new,220.0,0.06884152457907358
A2,s6,G_new,240.0,0.17579893850436587
A2,s6,G_new,260.0,0.11133478084075829
A2,s6,G_new,280.0,0.0424602684306916
A2,s6,G_new,300.0,0.0394532543735281
A2,s6,G_new,320.0,-0.09624063929048896
A2,s6,G_new,340.0,0.06844055795110998
A2,s6,G_new,360.0,0.30487763564718195
A2,s6,G_new,380.0,0.28005400551606724
A2,s6,G_new,400.0,0.29905057252207123
A2,s6,G_new,420.0,0.37312290697198913
A2,s6,G_new,440.0,0.3273097527495824
A2,s6,G_new,460.0,0.2930306783300298
A2,s6,G_new,480.0,0.35064105477737956
A2,s6,G_new,500.0,0.2425609383070392
A2,s6,G_new,520.0,0.21963600133531258
A2,s6,G_new,540.0,0.12826989724999818
A2,s6,G_new,560.0,0.12442336350508693
A2,s6,G_new,580.0,0.04648529908730206
A2,s6,G_new,600.0,-0.20041767890169432
A2,s6,G_new,620.0,-0.2319365519730561
A2,s6,G_new,640.0,-0.0925127789636879
A2,s6,G_new,660.0,-0.00937782807739849
A2,s6,G_new,680.0,0.02694656960163702
A2,s6,G_new,700.0,0.22811401043554141
A2,s6,G_new,720.0,0.3200244275064873
A2,s6,G_new,740.0,0.18519368919640344
A2,s6,G_new,760.0,-0.10436026228507603
A2,s6,G_new,780.0,0.05222218653188612
A2,s6,G_new,800.0,0.3784432893743908
A2,s6,G_new,820.0,0.30456142378666384
A2,s6,G_new,840.0,0.12009488119729023
A2,s6,G_new,860.0,0.10354721078105752
A2,s6,G_new,880.0,0.304935831530504
A2,s6,G_new,900.0,0.30380441341505676
A2,s6,G_new,920.0,0.08939976424514542
A2,s6,G_new,940.0,-0.026640758192201783
A2,s6,G_new,960.0,0.09973580240628133
A2,s6,G_new,980.0,0.21580468291882257
A2,s6,A2,0.0,-0.22727230471622772
A2,s6,A2,20.0,-0.11813380811950319
A2,s6,A2,40.0,-0.0036326388855133394
A2,s6,A2,60.0,0.05790964185387196
A2,s6,A2,80.0,0.11941931397886164
A2,s6,A2,100.0,0.01737507177767624
A2,s6,A2,120.0,0.010988674232139017
A2,s6,A2,140.0,0.1461668817177352
A2,s6,A2,160.0,0.07589626553345961
A2,s6,A2,180.0,0.03994265323795415
A2,s6,A2,200.0,0.08524242459519638
A2,s6,A2,220.0,0.15022707017969428
A2,s6,A2,240.0,0.14348040058165562
A2,s6,A2,260.0,0.11491445313356273
A2,s6,A2,280.0,0.20099785522405555
A2,s6,A2,300.0,0.17852821603302138
A2,s6,A2,320.0,0.17695444017325096
A2,s6,A2,340.0,0.10636407556316395
A2,s6,A2,360.0,0.2146982161762901
A2,s6,A2,380.0,0.2690320847295534
A2,s6,A2,400.0,0.11025880488291581
A2,s6,A2,420.0,0.01851277337978861
A2,s6,A2,440.0,-0.022579607384561308
A2,s6,A2,460.0,0.009830712420047752
A2,s6,A2,480.0,-0.07709080898321456
A2,s6,A2,500.0,-0.06032785384558072
A2,s6,A2,520.0,-0.22536113766536034
A2,s6,A2,540.0,-0.0890529363703195
A2,s6,A2,560.0,-0.048859646917430985
A2,s6,A2,580.0,0.0514268536289883
A2,s6,A2,600.0,-0.0089237039391507
A2,s6,A2,620.0,0.2077563666984315
A2,s6,A2,640.0,0.34053166034776144
A2,s6,A2,660.0,0.16191997837905275
A2,s6,A2,680.0,0.15833099229673545
A2,s6,A2,700.0,0.18498281591976115
A2,s6,A2,720.0,0.2117541990827346
A2,s6,A2,740.0,0.14903333143737635
A2,s6,A2,760.0,0.11537272508808522
A2,s6,A2,780.0,0.175897796600838
A2,s6,A2,800.0,0.20432919896138355
A2,s6,A2,820.0,0.37583007286018594
A2,s6,A2,840.0,0.43115070150652396
A2,s6,A2,860.0,0.4825879576126998
A2,s6,A2,880.0,0.6011772536153666
A2,s6,A2,900.0,0.35482388368186457
A2,s6,A2,920.0,0.3687760954121619
A2,s6,A2,940.0,0.30410625653632883
A2,s6,A2,960.0,0.3464218660444466
A2,s6,A2,980.0,0.32072209488089054
A2,s6,I,0.0,0.2379738495285882
A2,s6,I,20.0,0.3141147529436322
A2,s6,I,40.0,0.2544026407221593
A2,s6,I,60.0,-0.08805563592382878
A2,s6,I,80.0,-0.19387514719742868
A2,s6,I,100.0,-0.10581976342259021
A2,s6,I,120.0,-0.11682155259948906
A2,s6,I,140.0,-0.06439618337764394
A2,s6,I,160.0,-0.10543723902197288
A2,s6,I,180.0,-0.11249626282393349
A2,s6,I,200.0,0.1541927683975699
A2,s6,I,220.0,0.07554050569420039
A2,s6,I,240.0,-0.17804619847761752
A2,s6,I,260.0,-0.0925670325375244
A2,s6,I,280.0,-0.1132347927808677
A2,s6,I,300.0,0.021929539257108208
A2,s6,I,320.0,-0.10898163131307656
A2,s6,I,340.0,-0.1013956505574032
A2,s6,I,360.0,-0.06953046170278683
A2,s6,I,380.0,-0.04602412095156083
A2,s6,I,400.0,-0.034888256748005636
A2,s6,I,420.0,-0.17967031633243635
A2,s6,I,440.0,-0.051396429717444916
A2,s6,I,460.0,0.23427385926718625
A2,s6,I,480.0,0.045632030109418936
A2,s6,I,500.0,-0.18008393579127696
A2,s6,I,520.0,0.017164632979021245
A2,s6,I,540.0,0.06503310487036536
A2,s6,I,560.0,-0.12972244268594696
A2,s6,I,580.0,-0.04053829171737061
A2,s6,I,600.0,0.11316350644301382
A2,s6,I,620.0,0.0616003019457015
A2,s6,I,640.0,-0.15710086923022065
A2,s6,I,660.0,-0.05674416087554986
A2,s6,I,680.0,-0.01938670924905536
A2,s6,I,700.0,-0.18742203734054624
A2,s6,I,720.0,-0.3332078848027937
A2,s6,I,740.0,-0.504127069246004
A2,s6,I,760.0,-0.11207704266830128
A2,s6,I,780.0,-0.2232587627571892
A2,s6,I,800.0,-0.5361538791641479
A2,s6,I,820.0,-0.6078222613074638
A2,s6,I,840.0,-0.6908048639777722
A2,s6,I,860.0,-0.5685561090455467
A2,s6,I,880.0,-0.4815261201207418
A2,s6,I,900.0,-0.3416287274133989
A2,s6,I,920.0,-0.30685777269533043
A2,s6,I,940.0,-0.03425214245505599
A2,s6,I,960.0,0.2264725795064409
A2,s6,I,980.0,0.36288906169345414
robust_A_AR,s6,G_new,0.0,-0.26042446089159166
robust_A_AR,s6,G_new,20.0,-0.34306161073052005
robust_A_AR,s6,G_new,40.0,-0.21851723514777455
robust_A_AR,s6,G_new,60.0,-0.11733293825822247
robust_A_AR,s6,G_new,80.0,-0.08145095684756203
robust_A_AR,s6,G_new,100.0,-0.21079122683638768
robust_A_AR,s6,G_new,120.0,-0.05212762078471649
robust_A_AR,s6,G_new,140.0,0.0018038539777069842
robust_A_AR,s6,G_new,160.0,-0.1356717729367883
robust_A_AR,s6,G_new,180.0,-0.1733960037535695
robust_A_AR,s6,G_new,200.0,-0.08950896542626423
robust_A_AR,s6,G_new,220.0,0.049431418310650635
robust_A_AR,s6,G_new,240.0,0.1573875154610327
robust_A_AR,s6,G_new,260.0,0.09651354483839204
robust_A_AR,s6,G_new,280.0,0.016379179044936257
robust_A_AR,s6,G_new,300.0,0.01665772550614425
robust_A_AR,s6,G_new,320.0,-0.11889921325258399
robust_A_AR,s6,G_new,340.0,0.05442707995103219
robust_A_AR,s6,G_new,360.0,0.27705721205975553
robust_A_AR,s6,G_new,380.0,0.24531584076639454
robust_A_AR,s6,G_new,400.0,0.28503975912402657
robust_A_AR,s6,G_new,420.0,0.37043449433633746
robust_A_AR,s6,G_new,440.0,0.329705236650232
robust_A_AR,s6,G_new,460.0,0.2917593187674249
robust_A_AR,s6,G_new,480.0,0.3606611188360145
robust_A_AR,s6,G_new,500.0,0.24992086567168476
robust_A_AR,s6,G_new,520.0,0.24852744099414023
robust_A_AR,s6,G_new,540.0,0.13953116269168508
robust_A_AR,s6,G_new,560.0,0.13024295924851872
robust_A_AR,s6,G_new,580.0,0.039479291016826
robust_A_AR,s6,G_new,600.0,-0.1994358773434561
robust_A_AR,s6,G_new,620.0,-0.2591749494069062
robust_A_AR,s6,G_new,640.0,-0.13728170900294673
robust_A_AR,s6,G_new,660.0,-0.03132931890726895
robust_A_AR,s6,G_new,680.0,0.005903746942722374
robust_A_AR,s6,G_new,700.0,0.203783394184556
robust_A_AR,s6,G_new,720.0,0.29219784462176734
robust_A_AR,s6,G_new,740.0,0.16519622887419655
robust_A_AR,s6,G_new,760.0,-0.1197248272121205
robust_A_AR,s6,G_new,780.0,0.02956138272680306
robust_A_AR,s6,G_new,800.0,0.35231534393699865
robust_A_AR,s6,G_new,820.0,0.25617560045784943
robust_A_AR,s6,G_new,840.0,0.06404536036795684
robust_A_AR,s6,G_new,860.0,0.04078631051388479
robust_A_AR,s6,G_new,880.0,0.2265930283362772
robust_A_AR,s6,G_new,900.0,0.2576414379830682
robust_A_AR,s6,G_new,920.0,0.04196743782703687
robust_A_AR,s6,G_new,940.0,-0.0656859181712638
robust_A_AR,s6,G_new,960.0,0.05494841540594142
robust_A_AR,s6,G_new,980.0,0.1741234206983731
robust_A_AR,s6,AR,0.0,-0.23480484144985148
robust_A_AR,s6,AR,20.0,-0.11569829875664135
robust_A_AR,s6,AR,40.0,-0.04907102267672396
robust_A_AR,s6,AR,60.0,0.049557641702183124
robust_A_AR,s6,AR,80.0,0.1502421146562062
robust_A_AR,s6,AR,100.0,-0.0025731689110986278
robust_A_AR,s6,AR,120.0,-0.047375392767705506
robust_A_AR,s6,AR,140.0,0.05649697632484698
robust_A_AR,s6,AR,160.0,0.007845534754087148
robust_A_AR,s6,AR,180.0,-0.031993518673384035
robust_A_AR,s6,AR,200.0,0.03473175325356853
robust_A_AR,s6,AR,220.0,0.14572672480305712
robust_A_AR,s6,AR,240.0,0.15752511112235285
robust_A_AR,s6,AR,260.0,0.11527109082395592
robust_A_AR,s6,AR,280.0,0.1789219792261916
robust_A_AR,s6,AR,300.0,0.21236104483753346
robust_A_AR,s6,AR,320.0,0.20124466793698634
robust_A_AR,s6,AR,340.0,0.06407405039159987
robust_A_AR,s6,AR,360.0,0.19666443778517137
robust_A_AR,s6,AR,380.0,0.2641734837951485
robust_A_AR,s6,AR,400.0,0.14093029938365084
robust_A_AR,s6,AR,420.0,-0.02486849577609089
robust_A_AR,s6,AR,440.0,-0.09729750960733631
robust_A_AR,s6,AR,460.0,0.00936558094306153
robust_A_AR,s6,AR,480.0,-0.0661808909170993
robust_A_AR,s6,AR,500.0,-0.12132166792976322
robust_A_AR,s6,AR,520.0,-0.25131101423298113
robust_A_AR,s6,AR,540.0,-0.12175243168356499
robust_A_AR,s6,AR,560.0,-0.11865936439103124
robust_A_AR,s6,AR,580.0,-0.0023196707870031252
robust_A_AR,s6,AR,600.0,-0.03338541101356854
robust_A_AR,s6,AR,620.0,0.1444417084077455
robust_A_AR,s6,AR,640.0,0.21902705707933365
robust_A_AR,s6,AR,660.0,0.008192287015856836
robust_A_AR,s6,AR,680.0,0.06898716261086563
robust_A_AR,s6,AR,700.0,0.11734090175722577
robust_A_AR,s6,AR,720.0,0.1379701815412311
robust_A_AR,s6,AR,740.0,0.03744103957178557
robust_A_AR,s6,AR,760.0,0.04578164110145876
robust_A_AR,s6,AR,780.0,0.18017581186701115
robust_A_AR,s6,AR,800.0,0.23756281261618958
robust_A_AR,s6,AR,820.0,0.38961223160371383
robust_A_AR,s6,AR,840.0,0.36873760742317857
robust_A_AR,s6,AR,860.0,0.4091832205079113
robust_A_AR,s6,AR,880.0,0.4867249460923003
robust_A_AR,s6,AR,900.0,0.29826970813945436
robust_A_AR,s6,AR,920.0,0.38884930180879
robust_A_AR,s6,AR,940.0,0.3306660436290797
robust_A_AR,s6,AR,960.0,0.33201247563324415
robust_A_AR,s6,AR,980.0,0.276108625956784
robust_A_AR,s6,I,0.0,0.2873327164353988
robust_A_AR,s6,I,20.0,0.33541201373780183
robust_A_AR,s6,I,40.0,0.28629606584379996
robust_A_AR,s6,I,60.0,-0.09358259179894869
robust_A_AR,s6,I,80.0,-0.23824955168993883
robust_A_AR,s6,I,100.0,-0.09550632860672238
robust_A_AR,s6,I,120.0,-0.0788992844110017
robust_A_AR,s6,I,140.0,-0.03126967618304792
robust_A_AR,s6,I,160.0,-0.0734864856395526
robust_A_AR,s6,I,180.0,-0.07088819057547611
robust_A_AR,s6,I,200.0,0.17228752705182981
robust_A_AR,s6,I,220.0,0.04942053574646463
robust_A_AR,s6,I,240.0,-0.2155830052535848
robust_A_AR,s6,I,260.0,-0.11515477061817835
robust_A_AR,s6,I,280.0,-0.13716303203363242
robust_A_AR,s6,I,300.0,-0.03600344586545426
robust_A_AR,s6,I,320.0,-0.16005895773555054
robust_A_AR,s6,I,340.0,-0.09304992953383745
robust_A_AR,s6,I,360.0,-0.09889681614874533
robust_A_AR,s6,I,380.0,-0.09499760081367803
robust_A_AR,s6,I,400.0,-0.07737772175828653
robust_A_AR,s6,I,420.0,-0.15349457337518285
robust_A_AR,s6,I,440.0,0.004277191912861217
robust_A_AR,s6,I,460.0,0.23268171000182367
robust_A_AR,s6,I,480.0,0.05313274882087282
robust_A_AR,s6,I,500.0,-0.12649055350981617
robust_A_AR,s6,I,520.0,0.07879284999881628
robust_A_AR,s6,I,540.0,0.10479142756729126
robust_A_AR,s6,I,560.0,-0.07231481058313184
robust_A_AR,s6,I,580.0,-0.013647767953039791
robust_A_AR,s6,I,600.0,0.13168811051941492
robust_A_AR,s6,I,620.0,0.0646626819327974
robust_A_AR,s6,I,640.0,-0.13991485112207896
robust_A_AR,s6,I,660.0,0.01728620777028415
robust_A_AR,s6,I,680.0,0.01115090963887086
robust_A_AR,s6,I,700.0,-0.17696170943869405
robust_A_AR,s6,I,720.0,-0.32373705010396003
robust_A_AR,s6,I,740.0,-0.45651122198603544
robust_A_AR,s6,I,760.0,-0.08674450690096205
robust_A_AR,s6,I,780.0,-0.26039504593899027
robust_A_AR,s6,I,800.0,-0.598692102758436
robust_A_AR,s6,I,820.0,-0.6903548902748791
robust_A_AR,s6,I,840.0,-0.7317961127252479
robust_A_AR,s6,I,860.0,-0.6120041324209232
robust_A_AR,s6,I,880.0,-0.5198581591248442
robust_A_AR,s6,I,900.0,-0.371800992953288
robust_A_AR,s6,I,920.0,-0.3923368169870243
robust_A_AR,s6,I,940.0,-0.11160948675485921
robust_A_AR,s6,I,960.0,0.16900739875635234
robust_A_AR,s6,I,980.0,0.3311516148551419
original_A,s7,G_new,0.0,-0.4798031656867778
original_A,s7,G_new,20.0,-0.4696975191854635
original_A,s7,G_new,40.0,-0.4880549556337161
original_A,s7,G_new,60.0,-0.4148440280872108
original_A,s7,G_new,80.0,-0.42565371194696344
original_A,s7,G_new,100.0,-0.5268324630766674
original_A,s7,G_new,120.0,-0.30500306292961243
original_A,s7,G_new,140.0,-0.3572653356941184
original_A,s7,G_new,160.0,-0.6528012098240684
original_A,s7,G_new,180.0,-0.6140625574437606
original_A,s7,G_new,200.0,-0.38195020646044087
original_A,s7,G_new,220.0,-0.14015796772180328
original_A,s7,G_new,240.0,0.07396690565376879
original_A,s7,G_new,260.0,0.11512610850056865
original_A,s7,G_new,280.0,-0.09914261133805247
original_A,s7,G_new,300.0,-0.2893562287274496
original_A,s7,G_new,320.0,-0.32607864310454093
original_A,s7,G_new,340.0,-0.1570998777248167
original_A,s7,G_new,360.0,-0.05034097383750755
original_A,s7,G_new,380.0,-0.08635197912702078
original_A,s7,G_new,400.0,-0.04370744507762011
original_A,s7,G_new,420.0,-0.06750167678578595
original_A,s7,G_new,440.0,-0.019264004366498805
original_A,s7,G_new,460.0,-0.19334943907943453
original_A,s7,G_new,480.0,-0.17220569496816726
original_A,s7,G_new,500.0,-0.0894560006837182
original_A,s7,G_new,520.0,-0.18067035813457566
original_A,s7,G_new,540.0,-0.021913016820315878
original_A,s7,G_new,560.0,0.14449589192095252
original_A,s7,G_new,580.0,0.13483740930386007
original_A,s7,G_new,600.0,0.02305456934750369
original_A,s7,G_new,620.0,-0.03731156488791172
original_A,s7,G_new,640.0,0.0578240741830429
original_A,s7,G_new,660.0,0.12941118854723882
original_A,s7,G_new,680.0,0.04564113366432533
original_A,s7,G_new,700.0,-0.026173382105535964
original_A,s7,G_new,720.0,0.011035116791896026
original_A,s7,G_new,740.0,0.015349371157316691
original_A,s7,G_new,760.0,-0.051654400519479726
original_A,s7,G_new,780.0,0.12213048372804781
original_A,s7,G_new,800.0,0.1577522189078199
original_A,s7,G_new,820.0,0.04997425703966904
original_A,s7,G_new,840.0,-0.07549158056442071
original_A,s7,G_new,860.0,-0.16925494301446173
original_A,s7,G_new,880.0,-0.13071599927354643
original_A,s7,G_new,900.0,-0.24621658010495026
original_A,s7,G_new,920.0,-0.41157424629644446
original_A,s7,G_new,940.0,-0.48722558544438804
original_A,s7,G_new,960.0,-0.44845595951137773
original_A,s7,G_new,980.0,-0.2645376483988616
original_A,s7,A,0.0,-0.1143987492882185
original_A,s7,A,20.0,0.033730883536646966
original_A,s7,A,40.0,0.3454886690323401
original_A,s7,A,60.0,0.4812121875153784
original_A,s7,A,80.0,0.3420379106523068
original_A,s7,A,100.0,0.241961537805409
original_A,s7,A,120.0,-0.09013368309423847
original_A,s7,A,140.0,-0.666544022847835
original_A,s7,A,160.0,-1.059794273116354
original_A,s7,A,180.0,-1.6319269968841288
original_A,s7,A,200.0,-1.8545972926543781
original_A,s7,A,220.0,-1.7237061975239083
original_A,s7,A,240.0,-1.395888713619624
original_A,s7,A,260.0,-1.1911585508891638
original_A,s7,A,280.0,-1.250763778501132
original_A,s7,A,300.0,-1.098888156199062
original_A,s7,A,320.0,-1.0598934509100333
original_A,s7,A,340.0,-1.0497721866690344
original_A,s7,A,360.0,-0.769304126181666
original_A,s7,A,380.0,-0.8568661381712055
original_A,s7,A,400.0,-0.6825893018587946
original_A,s7,A,420.0,-0.43027413623380595
original_A,s7,A,440.0,-0.4734111098129261
original_A,s7,A,460.0,-0.4559882936396008
original_A,s7,A,480.0,-0.1513955823874129
original_A,s7,A,500.0,-0.04351547873307862
original_A,s7,A,520.0,-0.24940970599917137
original_A,s7,A,540.0,-0.5495454103856304
original_A,s7,A,560.0,-0.3048532830776278
original_A,s7,A,580.0,-0.2837631892809945
original_A,s7,A,600.0,-0.2171244806979529
original_A,s7,A,620.0,-0.2640418075821143
original_A,s7,A,640.0,-0.23872594586419288
original_A,s7,A,660.0,-0.04297801278912458
original_A,s7,A,680.0,-0.10958396776056224
original_A,s7,A,700.0,-0.2968420107385322
original_A,s7,A,720.0,-0.26249059940455544
original_A,s7,A,740.0,-0.1689372184566924
original_A,s7,A,760.0,-0.23366100299944195
original_A,s7,A,780.0,-0.4136759226234192
original_A,s7,A,800.0,-0.4641021083186494
original_A,s7,A,820.0,-0.3978542917140021
original_A,s7,A,840.0,-0.12726250918405133
original_A,s7,A,860.0,-0.0347954340828516
original_A,s7,A,880.0,-0.11733906202496924
original_A,s7,A,900.0,-0.11893214900393625
original_A,s7,A,920.0,-0.13801058272726766
original_A,s7,A,940.0,-0.02835895638605372
original_A,s7,A,960.0,-0.052584810216081565
original_A,s7,A,980.0,-0.1216109253538799
original_A,s7,I,0.0,0.3094927198541223
original_A,s7,I,20.0,0.22483289721186667
original_A,s7,I,40.0,0.037481891204942906
original_A,s7,I,60.0,0.2545883971177919
original_A,s7,I,80.0,0.33839615511564963
original_A,s7,I,100.0,0.27873707071942344
original_A,s7,I,120.0,0.7409415262772363
original_A,s7,I,140.0,1.8128353932514965
original_A,s7,I,160.0,2.3589248962351146
original_A,s7,I,180.0,2.752884487642355
original_A,s7,I,200.0,2.930591448331343
original_A,s7,I,220.0,2.8436297017217735
original_A,s7,I,240.0,2.4907879073769705
original_A,s7,I,260.0,2.3455765953513636
original_A,s7,I,280.0,2.4049818238848246
original_A,s7,I,300.0,2.114977659043575
original_A,s7,I,320.0,1.5810238504721117
original_A,s7,I,340.0,1.2631185509677714
original_A,s7,I,360.0,1.0116481829509412
original_A,s7,I,380.0,0.6793492486412505
original_A,s7,I,400.0,0.27112741828832926
original_A,s7,I,420.0,0.25117906378079635
original_A,s7,I,440.0,0.4724958723169553
original_A,s7,I,460.0,0.6697232769035111
original_A,s7,I,480.0,0.2550265194599863
original_A,s7,I,500.0,0.03783473381826696
original_A,s7,I,520.0,0.5687265204039103
original_A,s7,I,540.0,1.0142105924555966
original_A,s7,I,560.0,0.594102140554867
original_A,s7,I,580.0,0.19570303355064905
original_A,s7,I,600.0,0.3429019878442666
original_A,s7,I,620.0,0.5048159481811388
original_A,s7,I,640.0,0.37399477250581636
original_A,s7,I,660.0,0.11277830300696386
original_A,s7,I,680.0,0.14716715403849254
original_A,s7,I,700.0,0.36174500264567216
original_A,s7,I,720.0,0.17457952057436227
original_A,s7,I,740.0,0.012363891698852492
original_A,s7,I,760.0,-0.05856739429238189
original_A,s7,I,780.0,-0.005357708592304
original_A,s7,I,800.0,0.08722898858954442
original_A,s7,I,820.0,0.22517938552772293
original_A,s7,I,840.0,0.11539212690767442
original_A,s7,I,860.0,0.23392900738432956
original_A,s7,I,880.0,0.4227334515908959
original_A,s7,I,900.0,0.671824350449953
original_A,s7,I,920.0,0.6105463206970037
original_A,s7,I,940.0,0.1372215766615291
original_A,s7,I,960.0,0.02347368531866431
original_A,s7,I,980.0,-0.008419422996142956
A2,s7,G_new,0.0,-0.5297668608965349
A2,s7,G_new,20.0,-0.4880656528331361
A2,s7,G_new,40.0,-0.44369867567585874
A2,s7,G_new,60.0,-0.35612761013015193
A2,s7,G_new,80.0,-0.4003653238976828
A2,s7,G_new,100.0,-0.507963138178078
A2,s7,G_new,120.0,-0.3260553447295389
A2,s7,G_new,140.0,-0.4905983294558933
A2,s7,G_new,160.0,-0.8521515281394675
A2,s7,G_new,180.0,-0.919889316893296
A2,s7,G_new,200.0,-0.7319498496995628
A2,s7,G_new,220.0,-0.4356391498816256
A2,s7,G_new,240.0,-0.14177781096160963
A2,s7,G_new,260.0,-0.0647160944727535
A2,s7,G_new,280.0,-0.31023553547588456
A2,s7,G_new,300.0,-0.49057451500822963
A2,s7,G_new,320.0,-0.5241589525011559
A2,s7,G_new,340.0,-0.3378009461124187
A2,s7,G_new,360.0,-0.18834930628261473
A2,s7,G_new,380.0,-0.28533705814891075
A2,s7,G_new,400.0,-0.19784793496097597
A2,s7,G_new,420.0,-0.15912952396888894
A2,s7,G_new,440.0,-0.09109021203060017
A2,s7,G_new,460.0,-0.2501481478461383
A2,s7,G_new,480.0,-0.18136744467138838
A2,s7,G_new,500.0,-0.06935808053501019
A2,s7,G_new,520.0,-0.2117373483727671
A2,s7,G_new,540.0,-0.14793391664146682
A2,s7,G_new,560.0,0.0692435239948554
A2,s7,G_new,580.0,0.05848245412873977
A2,s7,G_new,600.0,-0.040298831898046075
A2,s7,G_new,620.0,-0.10633290099015373
A2,s7,G_new,640.0,-0.0173869358895562
A2,s7,G_new,660.0,0.08664880546486231
A2,s7,G_new,680.0,-0.016840531932818217
A2,s7,G_new,700.0,-0.1223852840147796
A2,s7,G_new,720.0,-0.08230462983406425
A2,s7,G_new,740.0,-0.07198378597677217
A2,s7,G_new,760.0,-0.15133567278640758
A2,s7,G_new,780.0,-0.015067089876051043
A2,s7,G_new,800.0,0.010176592038696086
A2,s7,G_new,820.0,-0.08906243186536757
A2,s7,G_new,840.0,-0.16462482696901287
A2,s7,G_new,860.0,-0.24033096827908335
A2,s7,G_new,880.0,-0.20251784282093463
A2,s7,G_new,900.0,-0.30951811750477976
A2,s7,G_new,920.0,-0.47701866901764045
A2,s7,G_new,940.0,-0.5458910559606431
A2,s7,G_new,960.0,-0.5305051806879889
A2,s7,G_new,980.0,-0.3545350175869175
A2,s7,A2,0.0,-0.2512089229932924
A2,s7,A2,20.0,-0.14236196085764777
A2,s7,A2,40.0,0.06205319997323031
A2,s7,A2,60.0,0.06638931541521995
A2,s7,A2,80.0,-0.06034903166268556
A2,s7,A2,100.0,-0.03628347454607947
A2,s7,A2,120.0,-0.07817766222163776
A2,s7,A2,140.0,-0.4319891471891189
A2,s7,A2,160.0,-0.604160825998349
A2,s7,A2,180.0,-0.9228425944886642
A2,s7,A2,200.0,-1.064741413127272
A2,s7,A2,220.0,-0.7946331133811652
A2,s7,A2,240.0,-0.48957857610812117
A2,s7,A2,260.0,-0.38991901203438634
A2,s7,A2,280.0,-0.5549262196492325
A2,s7,A2,300.0,-0.5905778338405364
A2,s7,A2,320.0,-0.5957911686247148
A2,s7,A2,340.0,-0.48883222642631663
A2,s7,A2,360.0,-0.39475096485632477
A2,s7,A2,380.0,-0.7356798669379132
A2,s7,A2,400.0,-0.5574553247381309
A2,s7,A2,420.0,-0.3152001637390227
A2,s7,A2,440.0,-0.15725808725383061
A2,s7,A2,460.0,-0.07049460327970024
A2,s7,A2,480.0,0.039996212414368015
A2,s7,A2,500.0,0.16012913397088846
A2,s7,A2,520.0,-0.0385585876770944
A2,s7,A2,540.0,-0.4613820056250772
A2,s7,A2,560.0,-0.2908878555473475
A2,s7,A2,580.0,-0.3120141759288797
A2,s7,A2,600.0,-0.2709740906089564
A2,s7,A2,620.0,-0.2770754610922196
A2,s7,A2,640.0,-0.3342532150501274
A2,s7,A2,660.0,-0.2512504433831366
A2,s7,A2,680.0,-0.3362373808491989
A2,s7,A2,700.0,-0.43322248399415786
A2,s7,A2,720.0,-0.43710995327231716
A2,s7,A2,740.0,-0.4595681933282325
A2,s7,A2,760.0,-0.4975992465460482
A2,s7,A2,780.0,-0.6241198653374416
A2,s7,A2,800.0,-0.6587038972360201
A2,s7,A2,820.0,-0.6465855969327439
A2,s7,A2,840.0,-0.4988385491083666
A2,s7,A2,860.0,-0.4417844494304402
A2,s7,A2,880.0,-0.3920618718494146
A2,s7,A2,900.0,-0.33542964743663994
A2,s7,A2,920.0,-0.33685195605569695
A2,s7,A2,940.0,-0.3648827769621692
A2,s7,A2,960.0,-0.5017961624009212
A2,s7,A2,980.0,-0.5082181319217625
A2,s7,I,0.0,0.35532984970234793
A2,s7,I,20.0,0.32652248167162373
A2,s7,I,40.0,0.26985026912951693
A2,s7,I,60.0,0.5889092951120669
A2,s7,I,80.0,0.6332673901975789
A2,s7,I,100.0,0.48392137246504785
A2,s7,I,120.0,0.713315607045639
A2,s7,I,140.0,1.5307512971266022
A2,s7,I,160.0,1.8663978886728785
A2,s7,I,180.0,1.9904860469314063
A2,s7,I,200.0,2.072672852980773
A2,s7,I,220.0,1.9424831496052941
A2,s7,I,240.0,1.6790874579766752
A2,s7,I,260.0,1.6380985806819466
A2,s7,I,280.0,1.739547985847918
A2,s7,I,300.0,1.5851892548958095
A2,s7,I,320.0,1.0839655582484709
A2,s7,I,340.0,0.7169019080795634
A2,s7,I,360.0,0.6308038783225447
A2,s7,I,380.0,0.4127148053391053
A2,s7,I,400.0,0.043502186096197076
A2,s7,I,420.0,0.08842785970386065
A2,s7,I,440.0,0.19253631462257875
A2,s7,I,460.0,0.3569641736459943
A2,s7,I,480.0,0.11743725149811815
A2,s7,I,500.0,-0.08082853351592967
A2,s7,I,520.0,0.39765845437885233
A2,s7,I,540.0,0.8376484961656323
A2,s7,I,560.0,0.514755958146004
A2,s7,I,580.0,0.14380327972267895
A2,s7,I,600.0,0.32034771462908734
A2,s7,I,620.0,0.44946825609406293
A2,s7,I,640.0,0.36852954858307735
A2,s7,I,660.0,0.21350178104557144
A2,s7,I,680.0,0.2419628502930173
A2,s7,I,700.0,0.3643164692105966
A2,s7,I,720.0,0.2056084492226823
A2,s7,I,740.0,0.12721333619446723
A2,s7,I,760.0,0.026805900707280617
A2,s7,I,780.0,0.009076911576778368
A2,s7,I,800.0,0.08133582165002062
A2,s7,I,820.0,0.26372624411518286
A2,s7,I,840.0,0.28315868325153126
A2,s7,I,860.0,0.44235785056162596
A2,s7,I,880.0,0.5412867154948877
A2,s7,I,900.0,0.7590089763670169
A2,s7,I,920.0,0.6838322872334193
A2,s7,I,940.0,0.3096607068168037
A2,s7,I,960.0,0.250180747017275
A2,s7,I,980.0,0.16868126072535852
robust_A_AR,s7,G_new,0.0,-0.49700848877306253
robust_A_AR,s7,G_new,20.0,-0.46819520556981886
robust_A_AR,s7,G_new,40.0,-0.4475869893002433
robust_A_AR,s7,G_new,60.0,-0.3588090645006136
robust_A_AR,s7,G_new,80.0,-0.38759913419433134
robust_A_AR,s7,G_new,100.0,-0.49980649610938904
robust_A_AR,s7,G_new,120.0,-0.3165833540478923
robust_A_AR,s7,G_new,140.0,-0.44049124856258953
robust_A_AR,s7,G_new,160.0,-0.7837647532838813
robust_A_AR,s7,G_new,180.0,-0.8156037727366388
robust_A_AR,s7,G_new,200.0,-0.611254610288515
robust_A_AR,s7,G_new,220.0,-0.35006232296700146
robust_A_AR,s7,G_new,240.0,-0.09347790262451
robust_A_AR,s7,G_new,260.0,-0.027300595831794172
robust_A_AR,s7,G_new,280.0,-0.251096726604082
robust_A_AR,s7,G_new,300.0,-0.4245589983762601
robust_A_AR,s7,G_new,320.0,-0.45691542524566636
robust_A_AR,s7,G_new,340.0,-0.28501649095629256
robust_A_AR,s7,G_new,360.0,-0.14468457236498664
robust_A_AR,s7,G_new,380.0,-0.19631718842369178
robust_A_AR,s7,G_new,400.0,-0.13083520375947735
robust_A_AR,s7,G_new,420.0,-0.12182601272467494
robust_A_AR,s7,G_new,440.0,-0.07590749659359647
robust_A_AR,s7,G_new,460.0,-0.24657233826579356
robust_A_AR,s7,G_new,480.0,-0.18883055666374718
robust_A_AR,s7,G_new,500.0,-0.09178228810333676
robust_A_AR,s7,G_new,520.0,-0.2097814374266356
robust_A_AR,s7,G_new,540.0,-0.09226620959573026
robust_A_AR,s7,G_new,560.0,0.10489187660033895
robust_A_AR,s7,G_new,580.0,0.09729268872666498
robust_A_AR,s7,G_new,600.0,-0.006204968505916585
robust_A_AR,s7,G_new,620.0,-0.0720282828121162
robust_A_AR,s7,G_new,640.0,0.025054319790024687
robust_A_AR,s7,G_new,660.0,0.12035923594273377
robust_A_AR,s7,G_new,680.0,0.02758269332918946
robust_A_AR,s7,G_new,700.0,-0.06721102288215909
robust_A_AR,s7,G_new,720.0,-0.02614478368812998
robust_A_AR,s7,G_new,740.0,-0.011520126099690952
robust_A_AR,s7,G_new,760.0,-0.08654081131477642
robust_A_AR,s7,G_new,780.0,0.06460453162920088
robust_A_AR,s7,G_new,800.0,0.0938985698102101
robust_A_AR,s7,G_new,820.0,-0.006115994925404128
robust_A_AR,s7,G_new,840.0,-0.0982509960720811
robust_A_AR,s7,G_new,860.0,-0.18051616667528847
robust_A_AR,s7,G_new,880.0,-0.15058083755486393
robust_A_AR,s7,G_new,900.0,-0.26532896959250635
robust_A_AR,s7,G_new,920.0,-0.4328882727564124
robust_A_AR,s7,G_new,940.0,-0.4964832208907815
robust_A_AR,s7,G_new,960.0,-0.4627382697295672
robust_A_AR,s7,G_new,980.0,-0.2868065728780804
robust_A_AR,s7,AR,0.0,-0.1958048445571098
robust_A_AR,s7,AR,20.0,-0.06578557138887314
robust_A_AR,s7,AR,40.0,0.19377887080815673
robust_A_AR,s7,AR,60.0,0.25846628640581315
robust_A_AR,s7,AR,80.0,0.12234120333161326
robust_A_AR,s7,AR,100.0,0.0902027348054241
robust_A_AR,s7,AR,120.0,-0.08593195916977364
robust_A_AR,s7,AR,140.0,-0.5520691305813512
robust_A_AR,s7,AR,160.0,-0.8305863690936559
robust_A_AR,s7,AR,180.0,-1.2747139680379937
robust_A_AR,s7,AR,200.0,-1.457764041918817
robust_A_AR,s7,AR,220.0,-1.24361343592565
robust_A_AR,s7,AR,240.0,-0.9192518897335539
robust_A_AR,s7,AR,260.0,-0.7685314633198662
robust_A_AR,s7,AR,280.0,-0.8900241334260209
robust_A_AR,s7,AR,300.0,-0.840754249522047
robust_A_AR,s7,AR,320.0,-0.8258552009698015
robust_A_AR,s7,AR,340.0,-0.7601735225543784
robust_A_AR,s7,AR,360.0,-0.5779200432905763
robust_A_AR,s7,AR,380.0,-0.8126273966876862
robust_A_AR,s7,AR,400.0,-0.6310284751371724
robust_A_AR,s7,AR,420.0,-0.3771156747510401
robust_A_AR,s7,AR,440.0,-0.3067499598515955
robust_A_AR,s7,AR,460.0,-0.24924711246055425
robust_A_AR,s7,AR,480.0,-0.0465703475854596
robust_A_AR,s7,AR,500.0,0.0714403870852412
robust_A_AR,s7,AR,520.0,-0.13632976782628742
robust_A_AR,s7,AR,540.0,-0.5152142016821474
robust_A_AR,s7,AR,560.0,-0.3057502109022987
robust_A_AR,s7,AR,580.0,-0.3081399193262692
robust_A_AR,s7,AR,600.0,-0.2541722607950159
robust_A_AR,s7,AR,620.0,-0.2791602608183916
robust_A_AR,s7,AR,640.0,-0.3001878034183962
robust_A_AR,s7,AR,660.0,-0.16309080119477573
robust_A_AR,s7,AR,680.0,-0.24212425935866716
robust_A_AR,s7,AR,700.0,-0.3833095036235984
robust_A_AR,s7,AR,720.0,-0.36978215995189734
robust_A_AR,s7,AR,740.0,-0.339716383065638
robust_A_AR,s7,AR,760.0,-0.39108900311804035
robust_A_AR,s7,AR,780.0,-0.5458103048425398
robust_A_AR,s7,AR,800.0,-0.5886619690166885
robust_A_AR,s7,AR,820.0,-0.5513793765532554
robust_A_AR,s7,AR,840.0,-0.34302548694449064
robust_A_AR,s7,AR,860.0,-0.2680793335550934
robust_A_AR,s7,AR,880.0,-0.2775385036825536
robust_A_AR,s7,AR,900.0,-0.2459482860797137
robust_A_AR,s7,AR,920.0,-0.2555051550827264
robust_A_AR,s7,AR,940.0,-0.22124060211847224
robust_A_AR,s7,AR,960.0,-0.31048275867664904
robust_A_AR,s7,AR,980.0,-0.34578792316339874
robust_A_AR,s7,I,0.0,0.3631282649206483
robust_A_AR,s7,I,20.0,0.2982898765487313
robust_A_AR,s7,I,40.0,0.16283010089469083
robust_A_AR,s7,I,60.0,0.43744541526809166
robust_A_AR,s7,I,80.0,0.5127239735821677
robust_A_AR,s7,I,100.0,0.39941540976948814
robust_A_AR,s7,I,120.0,0.7338082394586839
robust_A_AR,s7,I,140.0,1.6998062093538207
robust_A_AR,s7,I,160.0,2.1451011257360832
robust_A_AR,s7,I,180.0,2.4205437505282905
robust_A_AR,s7,I,200.0,2.559495511287121
robust_A_AR,s7,I,220.0,2.418308267222879
robust_A_AR,s7,I,240.0,2.082863437396088
robust_A_AR,s7,I,260.0,1.9859917398477716
robust_A_AR,s7,I,280.0,2.087416076027226
robust_A_AR,s7,I,300.0,1.8784712759492102
robust_A_AR,s7,I,320.0,1.3637045175389442
robust_A_AR,s7,I,340.0,1.0061038317990185
robust_A_AR,s7,I,360.0,0.8383636917205001
robust_A_AR,s7,I,380.0,0.6084320098114253
robust_A_AR,s7,I,400.0,0.2028391085578059
robust_A_AR,s7,I,420.0,0.19320376460745242
robust_A_AR,s7,I,440.0,0.33052776348525914
robust_A_AR,s7,I,460.0,0.49957983375864035
robust_A_AR,s7,I,480.0,0.1723848670894173
robust_A_AR,s7,I,500.0,-0.04722553937599849
robust_A_AR,s7,I,520.0,0.4756641910118018
robust_A_AR,s7,I,540.0,0.9644215311204882
robust_A_AR,s7,I,560.0,0.5808948580716163
robust_A_AR,s7,I,580.0,0.20042394115932413
robust_A_AR,s7,I,600.0,0.35980940947413553
robust_A_AR,s7,I,620.0,0.5037419181090566
robust_A_AR,s7,I,640.0,0.4075652935460489
robust_A_AR,s7,I,660.0,0.19763454663008942
robust_A_AR,s7,I,680.0,0.23797794796836083
robust_A_AR,s7,I,700.0,0.4107465805540406
robust_A_AR,s7,I,720.0,0.24019262344870104
robust_A_AR,s7,I,740.0,0.1281136223363334
robust_A_AR,s7,I,760.0,0.04459131347867962
robust_A_AR,s7,I,780.0,0.0713388004394977
robust_A_AR,s7,I,800.0,0.15615927364894538
robust_A_AR,s7,I,820.0,0.3180547708980909
robust_A_AR,s7,I,840.0,0.2655472924604437
robust_A_AR,s7,I,860.0,0.4009497479505984
robust_A_AR,s7,I,880.0,0.5331819838364759
robust_A_AR,s7,I,900.0,0.7582177775209408
robust_A_AR,s7,I,920.0,0.6891910788914604
robust_A_AR,s7,I,940.0,0.2753347748143897
robust_A_AR,s7,I,960.0,0.20747531021106197
robust_A_AR,s7,I,980.0,0.14807370360945762
original_A,s8,G_new,0.0,0.08548773479947122
original_A,s8,G_new,20.0,0.06438136639865392
original_A,s8,G_new,40.0,0.020202805683185974
original_A,s8,G_new,60.0,-0.013570126115445377
original_A,s8,G_new,80.0,-0.03506597957759065
original_A,s8,G_new,100.0,0.02619336201212341
original_A,s8,G_new,120.0,-0.03742656052064244
original_A,s8,G_new,140.0,-0.1476424620063469
original_A,s8,G_new,160.0,-0.2516027993319341
original_A,s8,G_new,180.0,-0.2066855136580707
original_A,s8,G_new,200.0,-0.28072639931979926
original_A,s8,G_new,220.0,-0.1900477311454625
original_A,s8,G_new,240.0,-0.09649185505447314
original_A,s8,G_new,260.0,-0.11554751278884369
original_A,s8,G_new,280.0,-0.16943099862215552
original_A,s8,G_new,300.0,-0.11976888279456574
original_A,s8,G_new,320.0,0.022062655616309813
original_A,s8,G_new,340.0,-0.03909860656347377
original_A,s8,G_new,360.0,-0.010613719826067843
original_A,s8,G_new,380.0,0.058981036364993654
original_A,s8,G_new,400.0,0.011884780574913531
original_A,s8,G_new,420.0,0.05269603488382436
original_A,s8,G_new,440.0,-0.1695783300838149
original_A,s8,G_new,460.0,-0.19089012097107833
original_A,s8,G_new,480.0,-0.12593609478764872
original_A,s8,G_new,500.0,-0.06220896080550067
original_A,s8,G_new,520.0,-0.08604374482539508
original_A,s8,G_new,540.0,-0.15481928031049697
original_A,s8,G_new,560.0,-0.1708211466316702
original_A,s8,G_new,580.0,-0.26568037476326206
original_A,s8,G_new,600.0,-0.18095285622850846
original_A,s8,G_new,620.0,-0.16510599534897874
original_A,s8,G_new,640.0,-0.14924054277174076
original_A,s8,G_new,660.0,-0.0721323602199481
original_A,s8,G_new,680.0,0.0014524825831066946
original_A,s8,G_new,700.0,-0.043862284903606955
original_A,s8,G_new,720.0,-0.16851185060784435
original_A,s8,G_new,740.0,-0.27680738972056274
original_A,s8,G_new,760.0,-0.2364405148731781
original_A,s8,G_new,780.0,-0.19252165321563292
original_A,s8,G_new,800.0,-0.22301233424619682
original_A,s8,G_new,820.0,-0.21765601902934206
original_A,s8,G_new,840.0,-0.18291292444466645
original_A,s8,G_new,860.0,-0.18483818768550112
original_A,s8,G_new,880.0,-0.11478365472569232
original_A,s8,G_new,900.0,-0.032114258931527605
original_A,s8,G_new,920.0,0.059472444454334264
original_A,s8,G_new,940.0,0.05498881031609164
original_A,s8,G_new,960.0,0.04443241399812387
original_A,s8,G_new,980.0,-0.023836755239415315
original_A,s8,A,0.0,-0.057171949185907685
original_A,s8,A,20.0,-0.06708574944464916
original_A,s8,A,40.0,-0.03159913284892591
original_A,s8,A,60.0,0.023227477297177612
original_A,s8,A,80.0,-0.05108254335622427
original_A,s8,A,100.0,-0.1456170129145516
original_A,s8,A,120.0,-0.1501699415437823
original_A,s8,A,140.0,-0.13789098639663028
original_A,s8,A,160.0,-0.24864316197807088
original_A,s8,A,180.0,-0.18281223701869181
original_A,s8,A,200.0,-0.09993178591894827
original_A,s8,A,220.0,-0.009810947549796306
original_A,s8,A,240.0,-0.11766958893144011
original_A,s8,A,260.0,-0.14415311259462188
original_A,s8,A,280.0,0.02474129322796248
original_A,s8,A,300.0,-0.051411203044661
original_A,s8,A,320.0,-0.24098232022967364
original_A,s8,A,340.0,-0.015356501992994879
original_A,s8,A,360.0,0.054042083915094984
original_A,s8,A,380.0,-0.0015553657630838352
original_A,s8,A,400.0,0.10327709902128429
original_A,s8,A,420.0,0.07727570636262693
original_A,s8,A,440.0,0.2901627075017237
original_A,s8,A,460.0,0.2901145881444686
original_A,s8,A,480.0,0.14602564696791115
original_A,s8,A,500.0,0.13449716449578142
original_A,s8,A,520.0,0.03277518852824049
original_A,s8,A,540.0,-0.0064306062686418225
original_A,s8,A,560.0,-0.11229060304990304
original_A,s8,A,580.0,0.007160844495573804
original_A,s8,A,600.0,0.07397036744308895
original_A,s8,A,620.0,0.13216529180387415
original_A,s8,A,640.0,-0.08690390841515201
original_A,s8,A,660.0,-0.23121798711862454
original_A,s8,A,680.0,-0.10158827751863446
original_A,s8,A,700.0,0.01522352256316866
original_A,s8,A,720.0,0.040298702704277725
original_A,s8,A,740.0,0.032545712977732025
original_A,s8,A,760.0,-0.023288121933457737
original_A,s8,A,780.0,-0.15924006487520134
original_A,s8,A,800.0,-0.1322509346159983
original_A,s8,A,820.0,-0.1206658901137618
original_A,s8,A,840.0,-0.002107807125567393
original_A,s8,A,860.0,-0.073135455675393
original_A,s8,A,880.0,-0.05938689085767523
original_A,s8,A,900.0,0.006146011070593434
original_A,s8,A,920.0,-0.030806801121688543
original_A,s8,A,940.0,-0.08873065069098524
original_A,s8,A,960.0,-0.1501309392386153
original_A,s8,A,980.0,-0.08541976936641718
original_A,s8,I,0.0,0.03386359339706299
original_A,s8,I,20.0,0.018182231715569257
original_A,s8,I,40.0,0.044436437872028056
original_A,s8,I,60.0,0.018258454666393628
original_A,s8,I,80.0,0.08744944070653693
original_A,s8,I,100.0,0.16918514387630434
original_A,s8,I,120.0,0.21107814489522575
original_A,s8,I,140.0,0.2409518595779583
original_A,s8,I,160.0,0.3751241912915506
original_A,s8,I,180.0,0.2515559153687091
original_A,s8,I,200.0,0.11425409071864223
original_A,s8,I,220.0,0.054491288272884575
original_A,s8,I,240.0,0.09697501063380726
original_A,s8,I,260.0,-0.023493183883170295
original_A,s8,I,280.0,-0.13461711021038794
original_A,s8,I,300.0,-0.03944458143537087
original_A,s8,I,320.0,0.0008679344032371007
original_A,s8,I,340.0,-0.25847860537098727
original_A,s8,I,360.0,-0.04425768951095789
original_A,s8,I,380.0,-0.007391944611505233
original_A,s8,I,400.0,-0.2657142277698842
original_A,s8,I,420.0,-0.060887295755302606
original_A,s8,I,440.0,-0.04055685117386239
original_A,s8,I,460.0,-0.14312333460060933
original_A,s8,I,480.0,0.02082792349100321
original_A,s8,I,500.0,0.1643321011802035
original_A,s8,I,520.0,0.19467469611994018
original_A,s8,I,540.0,0.34281108081668155
original_A,s8,I,560.0,0.4443506827496568
original_A,s8,I,580.0,0.26762958123931746
original_A,s8,I,600.0,0.16030249134212438
original_A,s8,I,620.0,0.38019442048994023
original_A,s8,I,640.0,0.4797693311485328
original_A,s8,I,660.0,0.32206757010855064
original_A,s8,I,680.0,0.05445604776585466
original_A,s8,I,700.0,-0.05707992031978546
original_A,s8,I,720.0,0.09260449759916325
original_A,s8,I,740.0,0.17935429331081357
original_A,s8,I,760.0,0.22979840232273724
original_A,s8,I,780.0,0.36322779977781744
original_A,s8,I,800.0,0.3841719935630401
original_A,s8,I,820.0,0.28355514541765736
original_A,s8,I,840.0,0.14398331380544685
original_A,s8,I,860.0,0.22921853836040434
original_A,s8,I,880.0,0.23009383415483592
original_A,s8,I,900.0,0.1684398977242578
original_A,s8,I,920.0,0.07125786800565354
original_A,s8,I,940.0,0.1585485373510241
original_A,s8,I,960.0,0.2281023597752973
original_A,s8,I,980.0,0.10858501925922122
A2,s8,G_new,0.0,0.07309558140198584
A2,s8,G_new,20.0,0.05199427911852497
A2,s8,G_new,40.0,0.016400746870959302
A2,s8,G_new,60.0,-0.0019779354146849115
A2,s8,G_new,80.0,-0.03618376601702902
A2,s8,G_new,100.0,-0.0034533753187982828
A2,s8,G_new,120.0,-0.07029536480694049
A2,s8,G_new,140.0,-0.1723504545811892
A2,s8,G_new,160.0,-0.2976338723359389
A2,s8,G_new,180.0,-0.2422822696567789
A2,s8,G_new,200.0,-0.2913480019611824
A2,s8,G_new,220.0,-0.176283951756817
A2,s8,G_new,240.0,-0.112045530280065
A2,s8,G_new,260.0,-0.13793570763188884
A2,s8,G_new,280.0,-0.1559600868107751
A2,s8,G_new,300.0,-0.12594928443467834
A2,s8,G_new,320.0,-0.021838239545718893
A2,s8,G_new,340.0,-0.03537792341033974
A2,s8,G_new,360.0,0.012711276958789855
A2,s8,G_new,380.0,0.07593907628827821
A2,s8,G_new,400.0,0.05187793233597256
A2,s8,G_new,420.0,0.07669880159440917
A2,s8,G_new,440.0,-0.0982869062251073
A2,s8,G_new,460.0,-0.09970992878047472
A2,s8,G_new,480.0,-0.0808881279953321
A2,s8,G_new,500.0,-0.027090706322274078
A2,s8,G_new,520.0,-0.07884304389091568
A2,s8,G_new,540.0,-0.1530615109205712
A2,s8,G_new,560.0,-0.1838503026724776
A2,s8,G_new,580.0,-0.24725742355425376
A2,s8,G_new,600.0,-0.14751235239440663
A2,s8,G_new,620.0,-0.13782842861296823
A2,s8,G_new,640.0,-0.17226678463818243
A2,s8,G_new,660.0,-0.11304801337828582
A2,s8,G_new,680.0,-0.010710009765543316
A2,s8,G_new,700.0,-0.030544090918721116
A2,s8,G_new,720.0,-0.14901694082754677
A2,s8,G_new,740.0,-0.2609463741017837
A2,s8,G_new,760.0,-0.23055360734661567
A2,s8,G_new,780.0,-0.21357793248509951
A2,s8,G_new,800.0,-0.23768324747389105
A2,s8,G_new,820.0,-0.23160177813802751
A2,s8,G_new,840.0,-0.17640104703046372
A2,s8,G_new,860.0,-0.19224730291459605
A2,s8,G_new,880.0,-0.11272500367772209
A2,s8,G_new,900.0,-0.01942932943115982
A2,s8,G_new,920.0,0.05690156076781643
A2,s8,G_new,940.0,0.038177873850702954
A2,s8,G_new,960.0,0.01398779210674269
A2,s8,G_new,980.0,-0.047190107105434614
A2,s8,A2,0.0,-0.03972794444515251
A2,s8,A2,20.0,-0.029558031046617084
A2,s8,A2,40.0,0.0021753832978854276
A2,s8,A2,60.0,0.06807627587258398
A2,s8,A2,80.0,0.04334263147143082
A2,s8,A2,100.0,-0.08601173922372572
A2,s8,A2,120.0,-0.10687829123840391
A2,s8,A2,140.0,-0.05479137963231736
A2,s8,A2,160.0,-0.1105044337019486
A2,s8,A2,180.0,-0.09513012196512421
A2,s8,A2,200.0,0.017986200028947054
A2,s8,A2,220.0,0.11903341880383525
A2,s8,A2,240.0,-0.0029514154389436668
A2,s8,A2,260.0,-0.030020093079967614
A2,s8,A2,280.0,0.08140889397791848
A2,s8,A2,300.0,0.0035826901257374304
A2,s8,A2,320.0,-0.10146123540812006
A2,s8,A2,340.0,0.04515877015472049
A2,s8,A2,360.0,0.12951379306125355
A2,s8,A2,380.0,0.13589642280170366
A2,s8,A2,400.0,0.2112173967374678
A2,s8,A2,420.0,0.11114190273643959
A2,s8,A2,440.0,0.26814153729949
A2,s8,A2,460.0,0.42570915729846465
A2,s8,A2,480.0,0.2075714805580974
A2,s8,A2,500.0,0.14070810590495653
A2,s8,A2,520.0,0.023540082863473727
A2,s8,A2,540.0,0.020492189546028945
A2,s8,A2,560.0,0.011546524659583467
A2,s8,A2,580.0,0.1385923682260482
A2,s8,A2,600.0,0.18926585096597306
A2,s8,A2,620.0,0.08099276934428978
A2,s8,A2,640.0,-0.09356988564965335
A2,s8,A2,660.0,-0.0877952740798434
A2,s8,A2,680.0,0.0074749806771812755
A2,s8,A2,700.0,0.08992450544707446
A2,s8,A2,720.0,0.11322242319970054
A2,s8,A2,740.0,0.09236399206752254
A2,s8,A2,760.0,0.07041962689815721
A2,s8,A2,780.0,-0.004055713271606195
A2,s8,A2,800.0,0.018939059311562763
A2,s8,A2,820.0,0.012844813166242756
A2,s8,A2,840.0,0.0537276044174086
A2,s8,A2,860.0,0.01604886895893066
A2,s8,A2,880.0,0.07698519405067285
A2,s8,A2,900.0,0.09418435071489961
A2,s8,A2,920.0,0.011116659517671573
A2,s8,A2,940.0,-0.042478311078870006
A2,s8,A2,960.0,-0.08771869097817832
A2,s8,A2,980.0,-0.09767706073284918
A2,s8,I,0.0,0.01066209612013648
A2,s8,I,20.0,-0.017294928471964108
A2,s8,I,40.0,0.019938163477334847
A2,s8,I,60.0,0.002559980751317484
A2,s8,I,80.0,0.028579686747316008
A2,s8,I,100.0,0.1027496214661329
A2,s8,I,120.0,0.15135890898266824
A2,s8,I,140.0,0.1651456349151956
A2,s8,I,160.0,0.2440940515123856
A2,s8,I,180.0,0.16193344035963228
A2,s8,I,200.0,0.031405709949167915
A2,s8,I,220.0,-0.01037219486844504
A2,s8,I,240.0,0.011094389532432802
A2,s8,I,260.0,-0.11592920858966242
A2,s8,I,280.0,-0.155642191137211
A2,s8,I,300.0,-0.07932380601467603
A2,s8,I,320.0,-0.1288527835351956
A2,s8,I,340.0,-0.2917189545904192
A2,s8,I,360.0,-0.06681355821233605
A2,s8,I,380.0,-0.07428765366163449
A2,s8,I,400.0,-0.2912639108824207
A2,s8,I,420.0,-0.057316655483830914
A2,s8,I,440.0,0.04502093806463486
A2,s8,I,460.0,-0.13380663182531333
A2,s8,I,480.0,0.02876054006967771
A2,s8,I,500.0,0.19605684768387713
A2,s8,I,520.0,0.20760538877296444
A2,s8,I,540.0,0.3281263407974042
A2,s8,I,560.0,0.3554475913239408
A2,s8,I,580.0,0.2058969217080663
A2,s8,I,600.0,0.1236271636029799
A2,s8,I,620.0,0.43907703531006154
A2,s8,I,640.0,0.4605540721330805
A2,s8,I,660.0,0.19298069952737862
A2,s8,I,680.0,-0.024536476689312373
A2,s8,I,700.0,-0.08928652832448035
A2,s8,I,720.0,0.06773248544614163
A2,s8,I,740.0,0.15882025977798944
A2,s8,I,760.0,0.17845268721656815
A2,s8,I,780.0,0.2470369618307097
A2,s8,I,800.0,0.27688251337074266
A2,s8,I,820.0,0.18780969990095187
A2,s8,I,840.0,0.1164279378871719
A2,s8,I,860.0,0.16718969070976342
A2,s8,I,880.0,0.1487873990786242
A2,s8,I,900.0,0.12743720804192218
A2,s8,I,920.0,0.043022028887647515
A2,s8,I,940.0,0.11326166041442041
A2,s8,I,960.0,0.15914335726950196
A2,s8,I,980.0,0.09245786008646503
robust_A_AR,s8,G_new,0.0,0.07818648323161236
robust_A_AR,s8,G_new,20.0,0.055799074782592856
robust_A_AR,s8,G_new,40.0,0.016146187374448666
robust_A_AR,s8,G_new,60.0,-0.010649422509633355
robust_A_AR,s8,G_new,80.0,-0.04165880121371883
robust_A_AR,s8,G_new,100.0,0.007583741229772801
robust_A_AR,s8,G_new,120.0,-0.05660207671247057
robust_A_AR,s8,G_new,140.0,-0.16528811650110786
robust_A_AR,s8,G_new,160.0,-0.28341092634956283
robust_A_AR,s8,G_new,180.0,-0.2300599096496637
robust_A_AR,s8,G_new,200.0,-0.2935651469207063
robust_A_AR,s8,G_new,220.0,-0.19141116713491757
robust_A_AR,s8,G_new,240.0,-0.11158828009186708
robust_A_AR,s8,G_new,260.0,-0.13401845677518356
robust_A_AR,s8,G_new,280.0,-0.16632775404619485
robust_A_AR,s8,G_new,300.0,-0.12636896363460964
robust_A_AR,s8,G_new,320.0,-0.008770395533440528
robust_A_AR,s8,G_new,340.0,-0.04110876206817698
robust_A_AR,s8,G_new,360.0,-0.0037929248883764085
robust_A_AR,s8,G_new,380.0,0.0586621249231454
robust_A_AR,s8,G_new,400.0,0.024951523888145456
robust_A_AR,s8,G_new,420.0,0.06251423261007384
robust_A_AR,s8,G_new,440.0,-0.1325809587922298
robust_A_AR,s8,G_new,460.0,-0.154037285289867
robust_A_AR,s8,G_new,480.0,-0.10738078162204764
robust_A_AR,s8,G_new,500.0,-0.04507423558224283
robust_A_AR,s8,G_new,520.0,-0.0818587994052146
robust_A_AR,s8,G_new,540.0,-0.15566243116999018
robust_A_AR,s8,G_new,560.0,-0.18524008669817305
robust_A_AR,s8,G_new,580.0,-0.26488321498295164
robust_A_AR,s8,G_new,600.0,-0.17162739101169244
robust_A_AR,s8,G_new,620.0,-0.14821805279699998
robust_A_AR,s8,G_new,640.0,-0.16030963325342792
robust_A_AR,s8,G_new,660.0,-0.10172448093277721
robust_A_AR,s8,G_new,680.0,-0.01158959119874391
robust_A_AR,s8,G_new,700.0,-0.04198781036686723
robust_A_AR,s8,G_new,720.0,-0.16344026050727598
robust_A_AR,s8,G_new,740.0,-0.27271232461921824
robust_A_AR,s8,G_new,760.0,-0.23949061430675955
robust_A_AR,s8,G_new,780.0,-0.21295131016809338
robust_A_AR,s8,G_new,800.0,-0.23999901697298756
robust_A_AR,s8,G_new,820.0,-0.23315079141394923
robust_A_AR,s8,G_new,840.0,-0.18323057060862344
robust_A_AR,s8,G_new,860.0,-0.19423680756325318
robust_A_AR,s8,G_new,880.0,-0.12247160762498485
robust_A_AR,s8,G_new,900.0,-0.031408324653770664
robust_A_AR,s8,G_new,920.0,0.05550964444158094
robust_A_AR,s8,G_new,940.0,0.043640453801672974
robust_A_AR,s8,G_new,960.0,0.025245078307446114
robust_A_AR,s8,G_new,980.0,-0.034711798814090644
robust_A_AR,s8,AR,0.0,-0.04888097112536552
robust_A_AR,s8,AR,20.0,-0.047558769744445825
robust_A_AR,s8,AR,40.0,-0.013155012444922516
robust_A_AR,s8,AR,60.0,0.04969012263471019
robust_A_AR,s8,AR,80.0,0.001609201906209029
robust_A_AR,s8,AR,100.0,-0.115783408906691
robust_A_AR,s8,AR,120.0,-0.1298442566760426
robust_A_AR,s8,AR,140.0,-0.09432905070457184
robust_A_AR,s8,AR,160.0,-0.17681622511027123
robust_A_AR,s8,AR,180.0,-0.13797635312431034
robust_A_AR,s8,AR,200.0,-0.03522310064759949
robust_A_AR,s8,AR,220.0,0.0638984089571408
robust_A_AR,s8,AR,240.0,-0.05533511206766568
robust_A_AR,s8,AR,260.0,-0.08295545068872708
robust_A_AR,s8,AR,280.0,0.05803822418784861
robust_A_AR,s8,AR,300.0,-0.021378043462063873
robust_A_AR,s8,AR,320.0,-0.16812976087063214
robust_A_AR,s8,AR,340.0,0.018938133642982295
robust_A_AR,s8,AR,360.0,0.09902566166196797
robust_A_AR,s8,AR,380.0,0.07734754806912203
robust_A_AR,s8,AR,400.0,0.1683986642274868
robust_A_AR,s8,AR,420.0,0.09906424823818769
robust_A_AR,s8,AR,440.0,0.2862870127273168
robust_A_AR,s8,AR,460.0,0.37676920379453943
robust_A_AR,s8,AR,480.0,0.18579150658366747
robust_A_AR,s8,AR,500.0,0.14213105897330272
robust_A_AR,s8,AR,520.0,0.028461640040162633
robust_A_AR,s8,AR,540.0,0.008838958506622661
robust_A_AR,s8,AR,560.0,-0.04455572574787696
robust_A_AR,s8,AR,580.0,0.08286935103049292
robust_A_AR,s8,AR,600.0,0.14243055416113845
robust_A_AR,s8,AR,620.0,0.10676861054075217
robust_A_AR,s8,AR,640.0,-0.09336021562410333
robust_A_AR,s8,AR,660.0,-0.15582918129062495
robust_A_AR,s8,AR,680.0,-0.042015678295079906
robust_A_AR,s8,AR,700.0,0.05859075376320823
robust_A_AR,s8,AR,720.0,0.08340323722510014
robust_A_AR,s8,AR,740.0,0.06788830099301772
robust_A_AR,s8,AR,760.0,0.029831892955659967
robust_A_AR,s8,AR,780.0,-0.07491936951326558
robust_A_AR,s8,AR,800.0,-0.04940853019859231
robust_A_AR,s8,AR,820.0,-0.047627899169548626
robust_A_AR,s8,AR,840.0,0.029899363116642423
robust_A_AR,s8,AR,860.0,-0.02412072033591868
robust_A_AR,s8,AR,880.0,0.017147360197516535
robust_A_AR,s8,AR,900.0,0.056899537397051336
robust_A_AR,s8,AR,920.0,-0.007658111742322192
robust_A_AR,s8,AR,940.0,-0.06484681877758694
robust_A_AR,s8,AR,960.0,-0.11882153310504602
robust_A_AR,s8,AR,980.0,-0.09504275907980222
robust_A_AR,s8,I,0.0,0.024740972717646567
robust_A_AR,s8,I,20.0,0.0008030904073433043
robust_A_AR,s8,I,40.0,0.029951746246369412
robust_A_AR,s8,I,60.0,0.001643782573682473
robust_A_AR,s8,I,80.0,0.04845105713417029
robust_A_AR,s8,I,100.0,0.14001214514904767
robust_A_AR,s8,I,120.0,0.1881052362123462
robust_A_AR,s8,I,140.0,0.2028966743289841
robust_A_AR,s8,I,160.0,0.3110835556930354
robust_A_AR,s8,I,180.0,0.2099026925304688
robust_A_AR,s8,I,200.0,0.0641007931761457
robust_A_AR,s8,I,220.0,0.003684082275463102
robust_A_AR,s8,I,240.0,0.04736095956377996
robust_A_AR,s8,I,260.0,-0.07394244974860247
robust_A_AR,s8,I,280.0,-0.15579530055463747
robust_A_AR,s8,I,300.0,-0.06302788007944103
robust_A_AR,s8,I,320.0,-0.06340574627980099
robust_A_AR,s8,I,340.0,-0.28277349601480084
robust_A_AR,s8,I,360.0,-0.07161599746646716
robust_A_AR,s8,I,380.0,-0.061235251630222295
robust_A_AR,s8,I,400.0,-0.30379815676330646
robust_A_AR,s8,I,420.0,-0.07103302055315291
robust_A_AR,s8,I,440.0,-0.020281222973329682
robust_A_AR,s8,I,460.0,-0.1845200048365019
robust_A_AR,s8,I,480.0,0.0026145063854302875
robust_A_AR,s8,I,500.0,0.16730634585321164
robust_A_AR,s8,I,520.0,0.19960510070393092
robust_A_AR,s8,I,540.0,0.33201859279909157
robust_A_AR,s8,I,560.0,0.3913847951895417
robust_A_AR,s8,I,580.0,0.21649206247177016
robust_A_AR,s8,I,600.0,0.11816308514453251
robust_A_AR,s8,I,620.0,0.40552741298561035
robust_A_AR,s8,I,640.0,0.47888553373975407
robust_A_AR,s8,I,660.0,0.25665965110754463
robust_A_AR,s8,I,680.0,0.00770078101693259
robust_A_AR,s8,I,700.0,-0.08569648399854496
robust_A_AR,s8,I,720.0,0.06569090174034559
robust_A_AR,s8,I,740.0,0.1572569352920433
robust_A_AR,s8,I,760.0,0.19219756931549425
robust_A_AR,s8,I,780.0,0.2961101369524567
robust_A_AR,s8,I,800.0,0.31970168906553537
robust_A_AR,s8,I,820.0,0.22646773651925478
robust_A_AR,s8,I,840.0,0.12205187652279265
robust_A_AR,s8,I,860.0,0.19138460789970732
robust_A_AR,s8,I,880.0,0.17434918099297572
robust_A_AR,s8,I,900.0,0.1342400667987982
robust_A_AR,s8,I,920.0,0.05361657373819466
robust_A_AR,s8,I,940.0,0.13688596913579204
robust_A_AR,s8,I,960.0,0.1976496953138961
robust_A_AR,s8,I,980.0,0.1099485733474668
original_A,s9,G_new,0.0,0.051550726671122434
original_A,s9,G_new,20.0,-0.04481841608784347
original_A,s9,G_new,40.0,-0.06580598206482834
original_A,s9,G_new,60.0,-0.07146014191010963
original_A,s9,G_new,80.0,0.027369141409697123
original_A,s9,G_new,100.0,-0.025205217739815974
original_A,s9,G_new,120.0,-0.06162168013306023
original_A,s9,G_new,140.0,0.016244941938025597
original_A,s9,G_new,160.0,0.1897150694355731
original_A,s9,G_new,180.0,0.10646644630231154
original_A,s9,G_new,200.0,0.012777300372070748
original_A,s9,G_new,220.0,0.11573146311352167
original_A,s9,G_new,240.0,0.1434986647408308
original_A,s9,G_new,260.0,0.10663099096489755
original_A,s9,G_new,280.0,0.15466502508458407
original_A,s9,G_new,300.0,0.3254463342867132
original_A,s9,G_new,320.0,0.1394677147758572
original_A,s9,G_new,340.0,0.14942087147069824
original_A,s9,G_new,360.0,0.29160678898009795
original_A,s9,G_new,380.0,0.23879449695218447
original_A,s9,G_new,400.0,0.3001041472048333
original_A,s9,G_new,420.0,0.18436726136827103
original_A,s9,G_new,440.0,0.18144195828667675
original_A,s9,G_new,460.0,0.21879995539382507
original_A,s9,G_new,480.0,0.19598409376604303
original_A,s9,G_new,500.0,0.20917681655333076
original_A,s9,G_new,520.0,0.02934874137518393
original_A,s9,G_new,540.0,-0.055999183869304595
original_A,s9,G_new,560.0,-0.044904160137488436
original_A,s9,G_new,580.0,-0.030990497276248467
original_A,s9,G_new,600.0,0.05041772977442505
original_A,s9,G_new,620.0,0.009631109623680786
original_A,s9,G_new,640.0,0.09771217348640954
original_A,s9,G_new,660.0,0.2701308677277495
original_A,s9,G_new,680.0,0.12187808839398445
original_A,s9,G_new,700.0,0.11978688333955174
original_A,s9,G_new,720.0,0.1901007078869562
original_A,s9,G_new,740.0,0.2020684636464517
original_A,s9,G_new,760.0,0.2350171593485512
original_A,s9,G_new,780.0,0.086764949449984
original_A,s9,G_new,800.0,0.1437278450478066
original_A,s9,G_new,820.0,0.15493233336343548
original_A,s9,G_new,840.0,0.14210710835842483
original_A,s9,G_new,860.0,0.21858656016952877
original_A,s9,G_new,880.0,0.269827021338852
original_A,s9,G_new,900.0,0.28205625588790545
original_A,s9,G_new,920.0,0.23987933368095743
original_A,s9,G_new,940.0,0.3323138249930329
original_A,s9,G_new,960.0,0.38716237475051457
original_A,s9,G_new,980.0,0.42294006080841096
original_A,s9,A,0.0,0.18636115166447043
original_A,s9,A,20.0,0.17621987498547775
original_A,s9,A,40.0,0.22286024995894368
original_A,s9,A,60.0,0.1930287569216258
original_A,s9,A,80.0,0.08686069701824933
original_A,s9,A,100.0,0.008020995535468443
original_A,s9,A,120.0,-0.04244549329383352
original_A,s9,A,140.0,-0.0017455446846267736
original_A,s9,A,160.0,0.025000303521058014
original_A,s9,A,180.0,0.05465848009204795
original_A,s9,A,200.0,0.14663323116711774
original_A,s9,A,220.0,0.016412604106763803
original_A,s9,A,240.0,-0.047584464497664174
original_A,s9,A,260.0,0.10838330588837936
original_A,s9,A,280.0,0.11807079004748043
original_A,s9,A,300.0,-0.0808941758813809
original_A,s9,A,320.0,-0.1496088812155642
original_A,s9,A,340.0,-0.09766494131031524
original_A,s9,A,360.0,-0.15574704156517172
original_A,s9,A,380.0,-0.2494180252392091
original_A,s9,A,400.0,-0.06683263719086839
original_A,s9,A,420.0,0.16953853714310074
original_A,s9,A,440.0,-0.2105165353100868
original_A,s9,A,460.0,-0.36675763592610494
original_A,s9,A,480.0,-0.04733733215083838
original_A,s9,A,500.0,-0.10703891650810587
original_A,s9,A,520.0,-0.2468597814776316
original_A,s9,A,540.0,-0.1234802596170405
original_A,s9,A,560.0,-0.06761391169978906
original_A,s9,A,580.0,-0.11103522245955402
original_A,s9,A,600.0,-0.15345550791445783
original_A,s9,A,620.0,-0.056116032208366126
original_A,s9,A,640.0,-0.09815836633431882
original_A,s9,A,660.0,-0.2223805345437323
original_A,s9,A,680.0,-0.033937651755857126
original_A,s9,A,700.0,-0.04540551333203949
original_A,s9,A,720.0,-0.044079709798502356
original_A,s9,A,740.0,0.2134904530446453
original_A,s9,A,760.0,0.08133716199554583
original_A,s9,A,780.0,-0.027349048895893922
original_A,s9,A,800.0,-0.06707833882466555
original_A,s9,A,820.0,-0.29297374129011367
original_A,s9,A,840.0,-0.20343478542921306
original_A,s9,A,860.0,-0.09263721558299119
original_A,s9,A,880.0,-0.15156564840603842
original_A,s9,A,900.0,-0.2364391507699829
original_A,s9,A,920.0,-0.17963577390211932
original_A,s9,A,940.0,-0.24414626101782702
original_A,s9,A,960.0,-0.24974322106180824
original_A,s9,A,980.0,-0.2564227272574256
original_A,s9,I,0.0,-0.2088872021008476
original_A,s9,I,20.0,-0.2151769568805447
original_A,s9,I,40.0,-0.07803912311271584
original_A,s9,I,60.0,-0.22348320946504813
original_A,s9,I,80.0,-0.3042412922510011
original_A,s9,I,100.0,-0.11841224952177538
original_A,s9,I,120.0,0.12668983289500343
original_A,s9,I,140.0,-0.004546133862170704
original_A,s9,I,160.0,-0.2464247614572381
original_A,s9,I,180.0,-0.26317650026580575
original_A,s9,I,200.0,-0.32721250216388026
original_A,s9,I,220.0,-0.15878079743308277
original_A,s9,I,240.0,-0.11550239263442136
original_A,s9,I,260.0,-0.2766128563142896
original_A,s9,I,280.0,-0.23977884554415263
original_A,s9,I,300.0,-0.19674338254814105
original_A,s9,I,320.0,-0.03990812011946987
original_A,s9,I,340.0,-0.12466090897213744
original_A,s9,I,360.0,-0.18073661378066502
original_A,s9,I,380.0,-0.13302444819205708
original_A,s9,I,400.0,-0.26667953321324217
original_A,s9,I,420.0,-0.30128539874180643
original_A,s9,I,440.0,-0.03709777020148486
original_A,s9,I,460.0,-0.03272164689664386
original_A,s9,I,480.0,-0.1943491700055992
original_A,s9,I,500.0,-0.022309077232300148
original_A,s9,I,520.0,0.312244125883148
original_A,s9,I,540.0,0.1069542407665067
original_A,s9,I,560.0,0.05033248564648224
original_A,s9,I,580.0,-0.07028309805718694
original_A,s9,I,600.0,0.258693643170018
original_A,s9,I,620.0,0.1917344859955952
original_A,s9,I,640.0,0.14607707273168943
original_A,s9,I,660.0,0.13728546179103635
original_A,s9,I,680.0,-0.08722613879336927
original_A,s9,I,700.0,-0.13923474226184723
original_A,s9,I,720.0,-0.1558407663212848
original_A,s9,I,740.0,-0.38543144227781695
original_A,s9,I,760.0,-0.29241376735413105
original_A,s9,I,780.0,0.09021998978050749
original_A,s9,I,800.0,-0.11514973472379122
original_A,s9,I,820.0,-0.06005620815506759
original_A,s9,I,840.0,-0.03641255272683841
original_A,s9,I,860.0,-0.05939318560245695
original_A,s9,I,880.0,-0.09851678067751045
original_A,s9,I,900.0,-0.052968649283595765
original_A,s9,I,920.0,0.0930837722275152
original_A,s9,I,940.0,0.08520844046189469
original_A,s9,I,960.0,0.03333048369514413
original_A,s9,I,980.0,-0.05785064168803229
A2,s9,G_new,0.0,0.1025053304410111
A2,s9,G_new,20.0,0.016572546136826946
A2,s9,G_new,40.0,0.01895743264754978
A2,s9,G_new,60.0,0.00030222754822056136
A2,s9,G_new,80.0,0.06238426923234405
A2,s9,G_new,100.0,-0.009458451037997723
A2,s9,G_new,120.0,-0.06184950903199052
A2,s9,G_new,140.0,0.02363146526955801
A2,s9,G_new,160.0,0.20578212455920625
A2,s9,G_new,180.0,0.13510019682664867
A2,s9,G_new,200.0,0.052417167569583166
A2,s9,G_new,220.0,0.1260398233683662
A2,s9,G_new,240.0,0.1377263516508387
A2,s9,G_new,260.0,0.15136782990838812
A2,s9,G_new,280.0,0.20113620170905816
A2,s9,G_new,300.0,0.32429610457675573
A2,s9,G_new,320.0,0.1212345443093561
A2,s9,G_new,340.0,0.14223308359694337
A2,s9,G_new,360.0,0.26830647635451665
A2,s9,G_new,380.0,0.19014785884841337
A2,s9,G_new,400.0,0.2915978037127336
A2,s9,G_new,420.0,0.22019484677098977
A2,s9,G_new,440.0,0.13210634989475742
A2,s9,G_new,460.0,0.13593192998848133
A2,s9,G_new,480.0,0.1706441902945892
A2,s9,G_new,500.0,0.16813969574896526
A2,s9,G_new,520.0,-0.019374812982788855
A2,s9,G_new,540.0,-0.08675128438869609
A2,s9,G_new,560.0,-0.08477423016357578
A2,s9,G_new,580.0,-0.071050488489568
A2,s9,G_new,600.0,0.015827936023072982
A2,s9,G_new,620.0,0.009773023881725205
A2,s9,G_new,640.0,0.08024430741911143
A2,s9,G_new,660.0,0.23932436381392094
A2,s9,G_new,680.0,0.1161168243911209
A2,s9,G_new,700.0,0.10487788560670612
A2,s9,G_new,720.0,0.19738521283707908
A2,s9,G_new,740.0,0.26691795108325866
A2,s9,G_new,760.0,0.278654189227933
A2,s9,G_new,780.0,0.10101340742916488
A2,s9,G_new,800.0,0.12606701757692912
A2,s9,G_new,820.0,0.08370396288235285
A2,s9,G_new,840.0,0.08895196521068474
A2,s9,G_new,860.0,0.19055887901507265
A2,s9,G_new,880.0,0.23017368012686062
A2,s9,G_new,900.0,0.2208744357909708
A2,s9,G_new,920.0,0.18850791027605165
A2,s9,G_new,940.0,0.2617551743313702
A2,s9,G_new,960.0,0.30554744816376683
A2,s9,G_new,980.0,0.34339851767264085
A2,s9,A2,0.0,0.16442548674746443
A2,s9,A2,20.0,0.24497082223126387
A2,s9,A2,40.0,0.35807324521788375
A2,s9,A2,60.0,0.2989308851630812
A2,s9,A2,80.0,0.15296320505949304
A2,s9,A2,100.0,0.09890385928924883
A2,s9,A2,120.0,0.03963419711966234
A2,s9,A2,140.0,0.051737547576113305
A2,s9,A2,160.0,0.08460165441327895
A2,s9,A2,180.0,0.14096940812910266
A2,s9,A2,200.0,0.12630881469986166
A2,s9,A2,220.0,0.05391735786642891
A2,s9,A2,240.0,0.007055467502506976
A2,s9,A2,260.0,0.1979485983260373
A2,s9,A2,280.0,0.20030069698765476
A2,s9,A2,300.0,0.07068519206201929
A2,s9,A2,320.0,0.02160961256018722
A2,s9,A2,340.0,0.04605023809294925
A2,s9,A2,360.0,-0.006765750358683584
A2,s9,A2,380.0,-0.08761536015740327
A2,s9,A2,400.0,0.007205525230117975
A2,s9,A2,420.0,0.07825919597558931
A2,s9,A2,440.0,-0.13002277391776937
A2,s9,A2,460.0,-0.2056323416253443
A2,s9,A2,480.0,-0.1257558804490273
A2,s9,A2,500.0,-0.17418702213858323
A2,s9,A2,520.0,-0.09061830774425782
A2,s9,A2,540.0,-0.08855511276734157
A2,s9,A2,560.0,-0.20452766079409512
A2,s9,A2,580.0,-0.16368996444165967
A2,s9,A2,600.0,-0.08547575238671395
A2,s9,A2,620.0,0.055401462935953286
A2,s9,A2,640.0,-0.023119219752981784
A2,s9,A2,660.0,0.007022669688670102
A2,s9,A2,680.0,-0.006108890521699578
A2,s9,A2,700.0,-0.056959989486813856
A2,s9,A2,720.0,0.09211611540439966
A2,s9,A2,740.0,0.23224513947219122
A2,s9,A2,760.0,0.21673566861746368
A2,s9,A2,780.0,0.1230663567755241
A2,s9,A2,800.0,-0.0545782888994905
A2,s9,A2,820.0,-0.19835313483779274
A2,s9,A2,840.0,-0.16277058621452534
A2,s9,A2,860.0,-0.10001884710431833
A2,s9,A2,880.0,-0.12161500380033183
A2,s9,A2,900.0,-0.1851331965964048
A2,s9,A2,920.0,-0.17377397212891776
A2,s9,A2,940.0,-0.24118486734102854
A2,s9,A2,960.0,-0.31066200623705936
A2,s9,A2,980.0,-0.2901347032792115
A2,s9,I,0.0,-0.15317618448818698
A2,s9,I,20.0,-0.20938015760324796
A2,s9,I,40.0,-0.09599294572540928
A2,s9,I,60.0,-0.23316036647512217
A2,s9,I,80.0,-0.31826012128440523
A2,s9,I,100.0,-0.16411975074337876
A2,s9,I,120.0,0.07361939932140281
A2,s9,I,140.0,-0.032978449576438446
A2,s9,I,160.0,-0.27171601299684367
A2,s9,I,180.0,-0.295422806635065
A2,s9,I,200.0,-0.2817721721000478
A2,s9,I,220.0,-0.17453400797226165
A2,s9,I,240.0,-0.15541735755222036
A2,s9,I,260.0,-0.29781624610020624
A2,s9,I,280.0,-0.25484081687969823
A2,s9,I,300.0,-0.29534561126076375
A2,s9,I,320.0,-0.16510324025383358
A2,s9,I,340.0,-0.22312268482722503
A2,s9,I,360.0,-0.2957388097085227
A2,s9,I,380.0,-0.27696952935069863
A2,s9,I,400.0,-0.321323818561458
A2,s9,I,420.0,-0.21323903274868725
A2,s9,I,440.0,-0.12921712692042503
A2,s9,I,460.0,-0.20415410935638106
A2,s9,I,480.0,-0.16450028153211596
A2,s9,I,500.0,-0.012530361381904498
A2,s9,I,520.0,0.1718193982444019
A2,s9,I,540.0,0.05935875635028033
A2,s9,I,560.0,0.10601398878405137
A2,s9,I,580.0,-0.06904524604035515
A2,s9,I,600.0,0.18666937436596992
A2,s9,I,620.0,0.11999876596994204
A2,s9,I,640.0,0.08347546261606995
A2,s9,I,660.0,-0.035658015825120674
A2,s9,I,680.0,-0.10985745911259095
A2,s9,I,700.0,-0.14395548872880892
A2,s9,I,720.0,-0.2376487311224427
A2,s9,I,740.0,-0.34459962298178554
A2,s9,I,760.0,-0.34404524171762035
A2,s9,I,780.0,0.004932663292904885
A2,s9,I,800.0,-0.1376144099935526
A2,s9,I,820.0,-0.17914155114556152
A2,s9,I,840.0,-0.10598608513019156
A2,s9,I,860.0,-0.0775070508997208
A2,s9,I,880.0,-0.1501703527493984
A2,s9,I,900.0,-0.13594831273955882
A2,s9,I,920.0,0.04738914479922694
A2,s9,I,940.0,0.025726257918354214
A2,s9,I,960.0,0.005985105536442565
A2,s9,I,980.0,-0.10103373104810941
robust_A_AR,s9,G_new,0.0,0.07867524230599837
robust_A_AR,s9,G_new,20.0,-0.019046898412732004
robust_A_AR,s9,G_new,40.0,-0.0331471171972449
robust_A_AR,s9,G_new,60.0,-0.043188322782314374
robust_A_AR,s9,G_new,80.0,0.04011649567373689
robust_A_AR,s9,G_new,100.0,-0.02391152195858566
robust_A_AR,s9,G_new,120.0,-0.06769355796650495
robust_A_AR,s9,G_new,140.0,0.016064133785304816
robust_A_AR,s9,G_new,160.0,0.19343980981444328
robust_A_AR,s9,G_new,180.0,0.11454940191494992
robust_A_AR,s9,G_new,200.0,0.034115277745597875
robust_A_AR,s9,G_new,220.0,0.1181745090756039
robust_A_AR,s9,G_new,240.0,0.13664026010030317
robust_A_AR,s9,G_new,260.0,0.12254666315242536
robust_A_AR,s9,G_new,280.0,0.17198217459198198
robust_A_AR,s9,G_new,300.0,0.31386765719897924
robust_A_AR,s9,G_new,320.0,0.11790362317171453
robust_A_AR,s9,G_new,340.0,0.13538771421993126
robust_A_AR,s9,G_new,360.0,0.2691177318703578
robust_A_AR,s9,G_new,380.0,0.20267427319445092
robust_A_AR,s9,G_new,400.0,0.2904677631984186
robust_A_AR,s9,G_new,420.0,0.20894521240085412
robust_A_AR,s9,G_new,440.0,0.1508782755549034
robust_A_AR,s9,G_new,460.0,0.1655812506315619
robust_A_AR,s9,G_new,480.0,0.18897875371572748
robust_A_AR,s9,G_new,500.0,0.19348785717207675
robust_A_AR,s9,G_new,520.0,-0.00640636699831338
robust_A_AR,s9,G_new,540.0,-0.07394346787720246
robust_A_AR,s9,G_new,560.0,-0.05494442607773025
robust_A_AR,s9,G_new,580.0,-0.04724183098048047
robust_A_AR,s9,G_new,600.0,0.0281512011286436
robust_A_AR,s9,G_new,620.0,0.0016077728377563438
robust_A_AR,s9,G_new,640.0,0.08351269509684281
robust_A_AR,s9,G_new,660.0,0.2380432210664709
robust_A_AR,s9,G_new,680.0,0.1169712969835707
robust_A_AR,s9,G_new,700.0,0.11315496142167857
robust_A_AR,s9,G_new,720.0,0.18386511390934954
robust_A_AR,s9,G_new,740.0,0.2332019346951169
robust_A_AR,s9,G_new,760.0,0.24705495616407552
robust_A_AR,s9,G_new,780.0,0.08298673017580464
robust_A_AR,s9,G_new,800.0,0.1339710497520743
robust_A_AR,s9,G_new,820.0,0.11237323797482054
robust_A_AR,s9,G_new,840.0,0.1125205445522114
robust_A_AR,s9,G_new,860.0,0.20507824626614934
robust_A_AR,s9,G_new,880.0,0.24778357697406211
robust_A_AR,s9,G_new,900.0,0.24767525899920637
robust_A_AR,s9,G_new,920.0,0.21371267224253399
robust_A_AR,s9,G_new,940.0,0.2967433553909026
robust_A_AR,s9,G_new,960.0,0.3506885420652381
robust_A_AR,s9,G_new,980.0,0.38553036480492126
robust_A_AR,s9,AR,0.0,0.17924309093141588
robust_A_AR,s9,AR,20.0,0.21971236778035275
robust_A_AR,s9,AR,40.0,0.3049505167458937
robust_A_AR,s9,AR,60.0,0.25783870845670787
robust_A_AR,s9,AR,80.0,0.12637727023075984
robust_A_AR,s9,AR,100.0,0.05924770120682871
robust_A_AR,s9,AR,120.0,0.0024348546902953315
robust_A_AR,s9,AR,140.0,0.02822039947510107
robust_A_AR,s9,AR,160.0,0.05914496091950005
robust_A_AR,s9,AR,180.0,0.10461878668231467
robust_A_AR,s9,AR,200.0,0.13931254557801395
robust_A_AR,s9,AR,220.0,0.03791744635546555
robust_A_AR,s9,AR,240.0,-0.018246415819198367
robust_A_AR,s9,AR,260.0,0.16166677260148804
robust_A_AR,s9,AR,280.0,0.1675075584085802
robust_A_AR,s9,AR,300.0,0.00191800310182208
robust_A_AR,s9,AR,320.0,-0.057689724072475954
robust_A_AR,s9,AR,340.0,-0.019733372795823687
robust_A_AR,s9,AR,360.0,-0.07647836076088863
robust_A_AR,s9,AR,380.0,-0.16556377447605136
robust_A_AR,s9,AR,400.0,-0.02714462086655763
robust_A_AR,s9,AR,420.0,0.12303628791080777
robust_A_AR,s9,AR,440.0,-0.1712088078925661
robust_A_AR,s9,AR,460.0,-0.2865527046069306
robust_A_AR,s9,AR,480.0,-0.09266448176799671
robust_A_AR,s9,AR,500.0,-0.14770445869042848
robust_A_AR,s9,AR,520.0,-0.16605518244349765
robust_A_AR,s9,AR,540.0,-0.10732061961122906
robust_A_AR,s9,AR,560.0,-0.14633334313085708
robust_A_AR,s9,AR,580.0,-0.14367846596960387
robust_A_AR,s9,AR,600.0,-0.11958084060938788
robust_A_AR,s9,AR,620.0,0.004903864796183911
robust_A_AR,s9,AR,640.0,-0.05878136149797403
robust_A_AR,s9,AR,660.0,-0.09983574434750525
robust_A_AR,s9,AR,680.0,-0.01926575277152448
robust_A_AR,s9,AR,700.0,-0.05315489216850877
robust_A_AR,s9,AR,720.0,0.031124945913237584
robust_A_AR,s9,AR,740.0,0.22996356013021496
robust_A_AR,s9,AR,760.0,0.1595885845172618
robust_A_AR,s9,AR,780.0,0.0563017298624741
robust_A_AR,s9,AR,800.0,-0.06193220150818671
robust_A_AR,s9,AR,820.0,-0.2480353914580994
robust_A_AR,s9,AR,840.0,-0.18628200433448533
robust_A_AR,s9,AR,860.0,-0.09936071965481719
robust_A_AR,s9,AR,880.0,-0.13898016917063197
robust_A_AR,s9,AR,900.0,-0.2142337731244811
robust_A_AR,s9,AR,920.0,-0.18135094992676704
robust_A_AR,s9,AR,940.0,-0.24928645541490607
robust_A_AR,s9,AR,960.0,-0.2908887467793638
robust_A_AR,s9,AR,980.0,-0.28248595696986945
robust_A_AR,s9,I,0.0,-0.19504398388966934
robust_A_AR,s9,I,20.0,-0.23795360670705257
robust_A_AR,s9,I,40.0,-0.12618777636910122
robust_A_AR,s9,I,60.0,-0.26069347394212977
robust_A_AR,s9,I,80.0,-0.32837889392112607
robust_A_AR,s9,I,100.0,-0.1546184209151577
robust_A_AR,s9,I,120.0,0.09264369217374482
robust_A_AR,s9,I,140.0,-0.026028155329599234
robust_A_AR,s9,I,160.0,-0.26963379377963925
robust_A_AR,s9,I,180.0,-0.2962860869508516
robust_A_AR,s9,I,200.0,-0.3150919913603893
robust_A_AR,s9,I,220.0,-0.1733668577585143
robust_A_AR,s9,I,240.0,-0.13869066489686452
robust_A_AR,s9,I,260.0,-0.3095703199009932
robust_A_AR,s9,I,280.0,-0.26953385595124524
robust_A_AR,s9,I,300.0,-0.2596855585023883
robust_A_AR,s9,I,320.0,-0.11258391577099706
robust_A_AR,s9,I,340.0,-0.18490594033282817
robust_A_AR,s9,I,360.0,-0.24466668325868912
robust_A_AR,s9,I,380.0,-0.20463227455518665
robust_A_AR,s9,I,400.0,-0.2981639236064396
robust_A_AR,s9,I,420.0,-0.26010698104438584
robust_A_AR,s9,I,440.0,-0.07506444025106881
robust_A_AR,s9,I,460.0,-0.10723888432883712
robust_A_AR,s9,I,480.0,-0.1642041898945075
robust_A_AR,s9,I,500.0,0.0017005756680765483
robust_A_AR,s9,I,520.0,0.24293443747463592
robust_A_AR,s9,I,540.0,0.08960975690698479
robust_A_AR,s9,I,560.0,0.10337123285354297
robust_A_AR,s9,I,580.0,-0.05219036069827469
robust_A_AR,s9,I,600.0,0.22728910857871823
robust_A_AR,s9,I,620.0,0.14551981419885723
robust_A_AR,s9,I,640.0,0.11334232342565516
robust_A_AR,s9,I,660.0,0.0393179507975035
robust_A_AR,s9,I,680.0,-0.09929921318628912
robust_A_AR,s9,I,700.0,-0.13583486261333735
robust_A_AR,s9,I,720.0,-0.21161961839794216
robust_A_AR,s9,I,740.0,-0.38716048113503276
robust_A_AR,s9,I,760.0,-0.3444732279712625
robust_A_AR,s9,I,780.0,0.0291958218039972
robust_A_AR,s9,I,800.0,-0.12197782988275307
robust_A_AR,s9,I,820.0,-0.10591984856570402
robust_A_AR,s9,I,840.0,-0.05822454321405428
robust_A_AR,s9,I,860.0,-0.05894605307956635
robust_A_AR,s9,I,880.0,-0.11462895574705265
robust_A_AR,s9,I,900.0,-0.0799402866169645
robust_A_AR,s9,I,920.0,0.08586487538949925
robust_A_AR,s9,I,940.0,0.07740318197687034
robust_A_AR,s9,I,960.0,0.05097509895664527
robust_A_AR,s9,I,980.0,-0.05129091412894693
original_A,s10,G_new,0.0,0.2515159634539784
original_A,s10,G_new,20.0,0.07232763389105719
original_A,s10,G_new,40.0,-0.1855422062807796
original_A,s10,G_new,60.0,-0.166375660390909
original_A,s10,G_new,80.0,-0.006289518682926654
original_A,s10,G_new,100.0,-0.19022495867562195
original_A,s10,G_new,120.0,-0.19368604052772737
original_A,s10,G_new,140.0,-0.25984577690779387
original_A,s10,G_new,160.0,-0.2826994452911669
original_A,s10,G_new,180.0,-0.2695689553369931
original_A,s10,G_new,200.0,-0.24347104701623384
original_A,s10,G_new,220.0,-0.22300064334955186
original_A,s10,G_new,240.0,-0.24256792052546114
original_A,s10,G_new,260.0,-0.28947767815300873
original_A,s10,G_new,280.0,-0.14390340707966787
original_A,s10,G_new,300.0,0.060471403054691855
original_A,s10,G_new,320.0,0.09343338800045467
original_A,s10,G_new,340.0,-0.04327684818480956
original_A,s10,G_new,360.0,0.25533644649840403
original_A,s10,G_new,380.0,0.2507770877511974
original_A,s10,G_new,400.0,-0.31735220319617535
original_A,s10,G_new,420.0,-0.28543025947696976
original_A,s10,G_new,440.0,0.23879912644702303
original_A,s10,G_new,460.0,0.29025054238847625
original_A,s10,G_new,480.0,-0.17320423720460199
original_A,s10,G_new,500.0,-0.16830119641685273
original_A,s10,G_new,520.0,0.2744694879748645
original_A,s10,G_new,540.0,0.17377276352550874
original_A,s10,G_new,560.0,-0.218214161594109
original_A,s10,G_new,580.0,-0.038574074377147716
original_A,s10,G_new,600.0,0.19486045083633025
original_A,s10,G_new,620.0,-0.01833040185430604
original_A,s10,G_new,640.0,-0.27533708729127454
original_A,s10,G_new,660.0,-0.10087800288271348
original_A,s10,G_new,680.0,-0.026311385303631266
original_A,s10,G_new,700.0,-0.10200534463216626
original_A,s10,G_new,720.0,-0.050855405429154316
original_A,s10,G_new,740.0,-0.04586913494457357
original_A,s10,G_new,760.0,-0.1744530488422062
original_A,s10,G_new,780.0,-0.19719310427321102
original_A,s10,G_new,800.0,-0.10041560383121026
original_A,s10,G_new,820.0,-0.09416784695701773
original_A,s10,G_new,840.0,-0.21438429642142098
original_A,s10,G_new,860.0,-0.4788525170023563
original_A,s10,G_new,880.0,-0.30537526676524396
original_A,s10,G_new,900.0,-0.10877365493775551
original_A,s10,G_new,920.0,-0.23791441145330722
original_A,s10,G_new,940.0,-0.4277410622683466
original_A,s10,G_new,960.0,-0.353527773673081
original_A,s10,G_new,980.0,-0.24758445282446184
original_A,s10,A,0.0,-0.20601003330219986
original_A,s10,A,20.0,-0.19107883505270357
original_A,s10,A,40.0,-0.13519674884830635
original_A,s10,A,60.0,-0.060655071790195816
original_A,s10,A,80.0,0.004621730589338985
original_A,s10,A,100.0,0.028811051878146865
original_A,s10,A,120.0,-0.1316707160689119
original_A,s10,A,140.0,-0.198888161947668
original_A,s10,A,160.0,-0.15279678108444283
original_A,s10,A,180.0,-0.10012184904784932
original_A,s10,A,200.0,-0.14118618417189926
original_A,s10,A,220.0,-0.029100337541539664
original_A,s10,A,240.0,0.029572354774376988
original_A,s10,A,260.0,0.033613431311021805
original_A,s10,A,280.0,-0.04841517638501908
original_A,s10,A,300.0,-0.16521923661564253
original_A,s10,A,320.0,-0.18736283772452686
original_A,s10,A,340.0,-0.45378853978589107
original_A,s10,A,360.0,-0.388386333738789
original_A,s10,A,380.0,-0.38271996393060415
original_A,s10,A,400.0,-0.490455628405711
original_A,s10,A,420.0,-0.5953033384283545
original_A,s10,A,440.0,-0.5305828315515622
original_A,s10,A,460.0,-0.4777441360023643
original_A,s10,A,480.0,-0.5419270311488639
original_A,s10,A,500.0,-0.4216543397005724
original_A,s10,A,520.0,-0.215698572270287
original_A,s10,A,540.0,-0.39775925616507113
original_A,s10,A,560.0,-0.4719340043435719
original_A,s10,A,580.0,-0.21513859619899986
original_A,s10,A,600.0,0.0492995437115909
original_A,s10,A,620.0,0.21145902129055758
original_A,s10,A,640.0,-0.22707203403829795
original_A,s10,A,660.0,-0.4043649604052275
original_A,s10,A,680.0,-0.05322367703804891
original_A,s10,A,700.0,0.09610135472879175
original_A,s10,A,720.0,0.009267264563532562
original_A,s10,A,740.0,-0.1814568471931049
original_A,s10,A,760.0,-0.1587256516011249
original_A,s10,A,780.0,-0.030932969845040056
original_A,s10,A,800.0,-0.15688802983381825
original_A,s10,A,820.0,-0.3849275141707034
original_A,s10,A,840.0,-0.4076869396970797
original_A,s10,A,860.0,-0.3701853457056572
original_A,s10,A,880.0,-0.3153183086013335
original_A,s10,A,900.0,-0.40193818838659645
original_A,s10,A,920.0,-0.4182539892607687
original_A,s10,A,940.0,-0.17208704548731438
original_A,s10,A,960.0,-0.16410825210765018
original_A,s10,A,980.0,-0.23897266685908244
original_A,s10,I,0.0,-0.06176061352810766
original_A,s10,I,20.0,-0.021762038343754037
original_A,s10,I,40.0,0.27058886495636625
original_A,s10,I,60.0,0.2791877305431044
original_A,s10,I,80.0,0.03907877933993539
original_A,s10,I,100.0,-0.07207432735724059
original_A,s10,I,120.0,0.04117720263536745
original_A,s10,I,140.0,0.3375113442839961
original_A,s10,I,160.0,0.39818851666913
original_A,s10,I,180.0,0.1311869444167168
original_A,s10,I,200.0,0.08919821722038342
original_A,s10,I,220.0,0.304503507142533
original_A,s10,I,240.0,0.41036809732776103
original_A,s10,I,260.0,0.3954738388804865
original_A,s10,I,280.0,0.40403465956419093
original_A,s10,I,300.0,0.31604455288875777
original_A,s10,I,320.0,0.0280383566702882
original_A,s10,I,340.0,0.4624155197400749
original_A,s10,I,360.0,0.5315105085783302
original_A,s10,I,380.0,0.32215864148472195
original_A,s10,I,400.0,0.4394130816835066
original_A,s10,I,420.0,1.1915752398071708
original_A,s10,I,440.0,0.8142295913525337
original_A,s10,I,460.0,0.011482694001049454
original_A,s10,I,480.0,0.4468490014572024
original_A,s10,I,500.0,1.1084340021748305
original_A,s10,I,520.0,0.6747799497826603
original_A,s10,I,540.0,0.3438102044469455
original_A,s10,I,560.0,0.7276718888983398
original_A,s10,I,580.0,0.46361370728698836
original_A,s10,I,600.0,0.25678276499402225
original_A,s10,I,620.0,0.5423924737130941
original_A,s10,I,640.0,0.5945194976724361
original_A,s10,I,660.0,0.42321787162401087
original_A,s10,I,680.0,0.30953408839105134
original_A,s10,I,700.0,0.4477844920984554
original_A,s10,I,720.0,0.3626595270581191
original_A,s10,I,740.0,0.2367100852523584
original_A,s10,I,760.0,0.2613967215110308
original_A,s10,I,780.0,0.24057480139195203
original_A,s10,I,800.0,0.2929377558950136
original_A,s10,I,820.0,0.6598504882872163
original_A,s10,I,840.0,0.8778815111535097
original_A,s10,I,860.0,0.9475723194055724
original_A,s10,I,880.0,0.418059286510854
original_A,s10,I,900.0,0.258343701206306
original_A,s10,I,920.0,0.5928299825767254
original_A,s10,I,940.0,0.5733590365585294
original_A,s10,I,960.0,0.5106719987839335
original_A,s10,I,980.0,0.4154853933508563
A2,s10,G_new,0.0,0.18514846810811403
A2,s10,G_new,20.0,0.010521594980536765
A2,s10,G_new,40.0,-0.22620744891253666
A2,s10,G_new,60.0,-0.1926258362970204
A2,s10,G_new,80.0,-0.011158379385766939
A2,s10,G_new,100.0,-0.17833537755157997
A2,s10,G_new,120.0,-0.2267863649319697
A2,s10,G_new,140.0,-0.3183719861732565
A2,s10,G_new,160.0,-0.33921772264192107
A2,s10,G_new,180.0,-0.3119756317860356
A2,s10,G_new,200.0,-0.28755672925838816
A2,s10,G_new,220.0,-0.26055014632668166
A2,s10,G_new,240.0,-0.2657952363683042
A2,s10,G_new,260.0,-0.30253996864467175
A2,s10,G_new,280.0,-0.17326653736118675
A2,s10,G_new,300.0,0.011142132871033134
A2,s10,G_new,320.0,0.041071473367451955
A2,s10,G_new,340.0,-0.14630162486067266
A2,s10,G_new,360.0,0.1572962866736568
A2,s10,G_new,380.0,0.15497418494515924
A2,s10,G_new,400.0,-0.4415334544988609
A2,s10,G_new,420.0,-0.44697293644698693
A2,s10,G_new,440.0,0.09868045178230614
A2,s10,G_new,460.0,0.16906198297178723
A2,s10,G_new,480.0,-0.317819800211828
A2,s10,G_new,500.0,-0.30451992102270387
A2,s10,G_new,520.0,0.18076470484964677
A2,s10,G_new,540.0,0.05616181290751225
A2,s10,G_new,560.0,-0.35240334591981615
A2,s10,G_new,580.0,-0.14019249428478964
A2,s10,G_new,600.0,0.16089784964569753
A2,s10,G_new,620.0,0.00393467575105394
A2,s10,G_new,640.0,-0.34784263215184674
A2,s10,G_new,660.0,-0.22707169613971606
A2,s10,G_new,680.0,-0.058455958224617376
A2,s10,G_new,700.0,-0.08637041382613807
A2,s10,G_new,720.0,-0.06007965309055272
A2,s10,G_new,740.0,-0.09815713395767474
A2,s10,G_new,760.0,-0.21358069283446407
A2,s10,G_new,780.0,-0.195131195129903
A2,s10,G_new,800.0,-0.1264031349792744
A2,s10,G_new,820.0,-0.17169433664947067
A2,s10,G_new,840.0,-0.29432506920936236
A2,s10,G_new,860.0,-0.5514009961831391
A2,s10,G_new,880.0,-0.36940720697030816
A2,s10,G_new,900.0,-0.19236691484616691
A2,s10,G_new,920.0,-0.33119347202867455
A2,s10,G_new,940.0,-0.4752597430823974
A2,s10,G_new,960.0,-0.3918423975403667
A2,s10,G_new,980.0,-0.3114665863533639
A2,s10,A2,0.0,-0.34125027637409805
A2,s10,A2,20.0,-0.3186785255216776
A2,s10,A2,40.0,-0.19884264616474243
A2,s10,A2,60.0,-0.1587797779093399
A2,s10,A2,80.0,-0.04759197919758475
A2,s10,A2,100.0,0.07038693804755601
A2,s10,A2,120.0,-0.13713538132937453
A2,s10,A2,140.0,-0.28125146933421846
A2,s10,A2,160.0,-0.3164853122165687
A2,s10,A2,180.0,-0.2540658588728498
A2,s10,A2,200.0,-0.2217196201394131
A2,s10,A2,220.0,-0.29303548590969136
A2,s10,A2,240.0,-0.2356415093143281
A2,s10,A2,260.0,-0.15192856673042726
A2,s10,A2,280.0,-0.19982085322597132
A2,s10,A2,300.0,-0.23981554922834042
A2,s10,A2,320.0,-0.2408584934146228
A2,s10,A2,340.0,-0.3765839184963028
A2,s10,A2,360.0,-0.4080232371424722
A2,s10,A2,380.0,-0.395058602232193
A2,s10,A2,400.0,-0.5185187360934791
A2,s10,A2,420.0,-0.7233408031459525
A2,s10,A2,440.0,-0.611146218257621
A2,s10,A2,460.0,-0.5070420931575633
A2,s10,A2,480.0,-0.6372568172449496
A2,s10,A2,500.0,-0.7017614996568896
A2,s10,A2,520.0,-0.5677314489994514
A2,s10,A2,540.0,-0.567375970723522
A2,s10,A2,560.0,-0.6266556935325869
A2,s10,A2,580.0,-0.6371393015043798
A2,s10,A2,600.0,-0.35147695977989224
A2,s10,A2,620.0,-0.048218426425016704
A2,s10,A2,640.0,-0.3705147891799673
A2,s10,A2,660.0,-0.6344078535385849
A2,s10,A2,680.0,-0.2184948865243969
A2,s10,A2,700.0,0.0260205641264524
A2,s10,A2,720.0,-0.0907491892333983
A2,s10,A2,740.0,-0.24696671578052126
A2,s10,A2,760.0,-0.15858776460341126
A2,s10,A2,780.0,0.053273858209952465
A2,s10,A2,800.0,-0.04650340814797499
A2,s10,A2,820.0,-0.23371727937483028
A2,s10,A2,840.0,-0.2286829105721365
A2,s10,A2,860.0,-0.2073097026160034
A2,s10,A2,880.0,-0.1960157046498911
A2,s10,A2,900.0,-0.2669930470343331
A2,s10,A2,920.0,-0.33251164933712757
A2,s10,A2,940.0,-0.21623202782986067
A2,s10,A2,960.0,-0.14537049498072738
A2,s10,A2,980.0,-0.2819768047077492
A2,s10,I,0.0,-0.04810860525537705
A2,s10,I,20.0,-0.008050496410523703
A2,s10,I,40.0,0.26736268050300943
A2,s10,I,60.0,0.3115054487907457
A2,s10,I,80.0,0.0655863024285511
A2,s10,I,100.0,-0.08498239825024032
A2,s10,I,120.0,0.010603262455830154
A2,s10,I,140.0,0.3272973536000551
A2,s10,I,160.0,0.4390755180652545
A2,s10,I,180.0,0.1806367012435663
A2,s10,I,200.0,0.09265679547477909
A2,s10,I,220.0,0.4252578318026663
A2,s10,I,240.0,0.5465486570853132
A2,s10,I,260.0,0.49400640331128304
A2,s10,I,280.0,0.4653002708944608
A2,s10,I,300.0,0.31055705772652475
A2,s10,I,320.0,0.006722148324763699
A2,s10,I,340.0,0.3104350009757788
A2,s10,I,360.0,0.443034568227035
A2,s10,I,380.0,0.2315704477149284
A2,s10,I,400.0,0.3292702497381707
A2,s10,I,420.0,1.1034961403463792
A2,s10,I,440.0,0.719441297709081
A2,s10,I,460.0,-0.09485316685406861
A2,s10,I,480.0,0.35636476666686395
A2,s10,I,500.0,1.1379790643316448
A2,s10,I,520.0,0.7912046860124387
A2,s10,I,540.0,0.3257598780199187
A2,s10,I,560.0,0.6836749929645698
A2,s10,I,580.0,0.6141377492251074
A2,s10,I,600.0,0.4637349480590466
A2,s10,I,620.0,0.7217837795439679
A2,s10,I,640.0,0.606837648838905
A2,s10,I,660.0,0.4328277246308723
A2,s10,I,680.0,0.376315770335761
A2,s10,I,700.0,0.5060477936017013
A2,s10,I,720.0,0.4135397734480237
A2,s10,I,740.0,0.2227151567388101
A2,s10,I,760.0,0.22127653757111107
A2,s10,I,780.0,0.1919003737670456
A2,s10,I,800.0,0.19977442543944957
A2,s10,I,820.0,0.4893288602197542
A2,s10,I,840.0,0.6881273415890191
A2,s10,I,860.0,0.7751091119532239
A2,s10,I,880.0,0.2805889992142846
A2,s10,I,900.0,0.09142361057498535
A2,s10,I,920.0,0.44567267519645687
A2,s10,I,940.0,0.5513593322030159
A2,s10,I,960.0,0.4601663433083495
A2,s10,I,980.0,0.3760538951173813
robust_A_AR,s10,G_new,0.0,0.22706554658575082
robust_A_AR,s10,G_new,20.0,0.049660622719263206
robust_A_AR,s10,G_new,40.0,-0.20171923302115743
robust_A_AR,s10,G_new,60.0,-0.17327003341012767
robust_A_AR,s10,G_new,80.0,-0.0054524507028006625
robust_A_AR,s10,G_new,100.0,-0.1869238575653724
robust_A_AR,s10,G_new,120.0,-0.20973634470735655
robust_A_AR,s10,G_new,140.0,-0.28370266676100864
robust_A_AR,s10,G_new,160.0,-0.30050320349142723
robust_A_AR,s10,G_new,180.0,-0.28099125595020114
robust_A_AR,s10,G_new,200.0,-0.2602912715774228
robust_A_AR,s10,G_new,220.0,-0.22517578345810327
robust_A_AR,s10,G_new,240.0,-0.2375716226483382
robust_A_AR,s10,G_new,260.0,-0.2844039999819552
robust_A_AR,s10,G_new,280.0,-0.1490248533507879
robust_A_AR,s10,G_new,300.0,0.04068539819723344
robust_A_AR,s10,G_new,320.0,0.07083313877478026
robust_A_AR,s10,G_new,340.0,-0.09909400900649963
robust_A_AR,s10,G_new,360.0,0.20801157527966063
robust_A_AR,s10,G_new,380.0,0.2041060441700563
robust_A_AR,s10,G_new,400.0,-0.3770971624373561
robust_A_AR,s10,G_new,420.0,-0.35745647362961586
robust_A_AR,s10,G_new,440.0,0.1744282584958257
robust_A_AR,s10,G_new,460.0,0.23206428399351817
robust_A_AR,s10,G_new,480.0,-0.23888327270189402
robust_A_AR,s10,G_new,500.0,-0.21832823423466488
robust_A_AR,s10,G_new,520.0,0.24996817915714295
robust_A_AR,s10,G_new,540.0,0.1260866069178115
robust_A_AR,s10,G_new,560.0,-0.2750358870704754
robust_A_AR,s10,G_new,580.0,-0.06264159035892133
robust_A_AR,s10,G_new,600.0,0.20297370094891704
robust_A_AR,s10,G_new,620.0,0.008847898321324654
robust_A_AR,s10,G_new,640.0,-0.3023166320753347
robust_A_AR,s10,G_new,660.0,-0.14905522880053773
robust_A_AR,s10,G_new,680.0,-0.031947603324131955
robust_A_AR,s10,G_new,700.0,-0.0899040176095638
robust_A_AR,s10,G_new,720.0,-0.04920139931946582
robust_A_AR,s10,G_new,740.0,-0.06768543470577838
robust_A_AR,s10,G_new,760.0,-0.19383640036522262
robust_A_AR,s10,G_new,780.0,-0.20141023041813866
robust_A_AR,s10,G_new,800.0,-0.12015032723181748
robust_A_AR,s10,G_new,820.0,-0.14196260888995202
robust_A_AR,s10,G_new,840.0,-0.2651034589129378
robust_A_AR,s10,G_new,860.0,-0.5249079765216746
robust_A_AR,s10,G_new,880.0,-0.34450312718072396
robust_A_AR,s10,G_new,900.0,-0.15856071351982254
robust_A_AR,s10,G_new,920.0,-0.28943689339945256
robust_A_AR,s10,G_new,940.0,-0.4485247572573304
robust_A_AR,s10,G_new,960.0,-0.37366555544423985
robust_A_AR,s10,G_new,980.0,-0.27654177974715005
robust_A_AR,s10,AR,0.0,-0.28941755908267686
robust_A_AR,s10,AR,20.0,-0.2696754514371553
robust_A_AR,s10,AR,40.0,-0.17559605316819574
robust_A_AR,s10,AR,60.0,-0.11850940419849294
robust_A_AR,s10,AR,80.0,-0.0250573107997809
robust_A_AR,s10,AR,100.0,0.053417469928038544
robust_A_AR,s10,AR,120.0,-0.13873884899974387
robust_A_AR,s10,AR,140.0,-0.25188583051013724
robust_A_AR,s10,AR,160.0,-0.25085491283900674
robust_A_AR,s10,AR,180.0,-0.1910360193635244
robust_A_AR,s10,AR,200.0,-0.19140898882116159
robust_A_AR,s10,AR,220.0,-0.1806977734353791
robust_A_AR,s10,AR,240.0,-0.12099633141628696
robust_A_AR,s10,AR,260.0,-0.07133602099812415
robust_A_AR,s10,AR,280.0,-0.13632963963154324
robust_A_AR,s10,AR,300.0,-0.21277203909889636
robust_A_AR,s10,AR,320.0,-0.22352957839294016
robust_A_AR,s10,AR,340.0,-0.4233038200012305
robust_A_AR,s10,AR,360.0,-0.41124401529079047
robust_A_AR,s10,AR,380.0,-0.40123996150518854
robust_A_AR,s10,AR,400.0,-0.5211852454382958
robust_A_AR,s10,AR,420.0,-0.6862684426335596
robust_A_AR,s10,AR,440.0,-0.5924966957208609
robust_A_AR,s10,AR,460.0,-0.508797851074954
robust_A_AR,s10,AR,480.0,-0.6126136137605802
robust_A_AR,s10,AR,500.0,-0.5942557119973368
robust_A_AR,s10,AR,520.0,-0.42319997616431704
robust_A_AR,s10,AR,540.0,-0.5065466630024785
robust_A_AR,s10,AR,560.0,-0.5744390623262445
robust_A_AR,s10,AR,580.0,-0.4625796272343353
robust_A_AR,s10,AR,600.0,-0.17809326705950657
robust_A_AR,s10,AR,620.0,0.0695048969141975
robust_A_AR,s10,AR,640.0,-0.31579518550522
robust_A_AR,s10,AR,660.0,-0.5478578839364309
robust_A_AR,s10,AR,680.0,-0.1492004645704324
robust_A_AR,s10,AR,700.0,0.05896151082922624
robust_A_AR,s10,AR,720.0,-0.04757114148787441
robust_A_AR,s10,AR,740.0,-0.2243074658088665
robust_A_AR,s10,AR,760.0,-0.163405440187641
robust_A_AR,s10,AR,780.0,0.016227529565623046
robust_A_AR,s10,AR,800.0,-0.09855430231633609
robust_A_AR,s10,AR,820.0,-0.3101161020790457
robust_A_AR,s10,AR,840.0,-0.31768568877808706
robust_A_AR,s10,AR,860.0,-0.28827022340836395
robust_A_AR,s10,AR,880.0,-0.2566414796696255
robust_A_AR,s10,AR,900.0,-0.33692523017357745
robust_A_AR,s10,AR,920.0,-0.38182833666888755
robust_A_AR,s10,AR,940.0,-0.20245595007486933
robust_A_AR,s10,AR,960.0,-0.15832761107132745
robust_A_AR,s10,AR,980.0,-0.2706952753740165
robust_A_AR,s10,I,0.0,-0.017016750427457678
robust_A_AR,s10,I,20.0,0.020577817759505374
robust_A_AR,s10,I,40.0,0.29020727640638316
robust_A_AR,s10,I,60.0,0.3149929966795103
robust_A_AR,s10,I,80.0,0.05951926656566106
robust_A_AR,s10,I,100.0,-0.08712814954204715
robust_A_AR,s10,I,120.0,0.03834533512966498
robust_A_AR,s10,I,140.0,0.3619990413584241
robust_A_AR,s10,I,160.0,0.45597620487916046
robust_A_AR,s10,I,180.0,0.1871737544791954
robust_A_AR,s10,I,200.0,0.11514618868138979
robust_A_AR,s10,I,220.0,0.4058546984038094
robust_A_AR,s10,I,240.0,0.5144226688192001
robust_A_AR,s10,I,260.0,0.46875596387702645
robust_A_AR,s10,I,280.0,0.46098123504525745
robust_A_AR,s10,I,300.0,0.33878400867759345
robust_A_AR,s10,I,320.0,0.041754679271519796
robust_A_AR,s10,I,340.0,0.41537887271847024
robust_A_AR,s10,I,360.0,0.5245228720339613
robust_A_AR,s10,I,380.0,0.3125513475083308
robust_A_AR,s10,I,400.0,0.43185658832977725
robust_A_AR,s10,I,420.0,1.2188795869340519
robust_A_AR,s10,I,440.0,0.8255415271280406
robust_A_AR,s10,I,460.0,0.004883664017919037
robust_A_AR,s10,I,480.0,0.4634657553597148
robust_A_AR,s10,I,500.0,1.201295894608736
robust_A_AR,s10,I,520.0,0.8033069423962786
robust_A_AR,s10,I,540.0,0.394684321929196
robust_A_AR,s10,I,560.0,0.7699743559957233
robust_A_AR,s10,I,580.0,0.619319620501212
robust_A_AR,s10,I,600.0,0.4141977360114972
robust_A_AR,s10,I,620.0,0.6511400009188699
robust_A_AR,s10,I,640.0,0.64165487297841
robust_A_AR,s10,I,660.0,0.49729779319400613
robust_A_AR,s10,I,680.0,0.37168166139485564
robust_A_AR,s10,I,700.0,0.4786011717924107
robust_A_AR,s10,I,720.0,0.401829290391411
robust_A_AR,s10,I,740.0,0.255311859263195
robust_A_AR,s10,I,760.0,0.2553725292970028
robust_A_AR,s10,I,780.0,0.2067265253125033
robust_A_AR,s10,I,800.0,0.24419066440400128
robust_A_AR,s10,I,820.0,0.5866790246700042
robust_A_AR,s10,I,840.0,0.7930658229791478
robust_A_AR,s10,I,860.0,0.8704274994439629
robust_A_AR,s10,I,880.0,0.3598911392729535
robust_A_AR,s10,I,900.0,0.1908456186577186
robust_A_AR,s10,I,920.0,0.5438161174412085
robust_A_AR,s10,I,940.0,0.5840205349660118
robust_A_AR,s10,I,960.0,0.49722583501234896
robust_A_AR,s10,I,980.0,0.4231880859358995
original_A,s11,G_new,0.0,-0.13646470563670082
original_A,s11,G_new,20.0,-0.14858459569125895
original_A,s11,G_new,40.0,-0.3461310149176005
original_A,s11,G_new,60.0,-0.13548316385553644
original_A,s11,G_new,80.0,-0.16738609056863243
original_A,s11,G_new,100.0,-0.12254062990210626
original_A,s11,G_new,120.0,-0.3331538589360963
original_A,s11,G_new,140.0,-0.35161305384939895
original_A,s11,G_new,160.0,-0.2866168222565924
original_A,s11,G_new,180.0,-0.36244719628855304
original_A,s11,G_new,200.0,-0.42795157210525664
original_A,s11,G_new,220.0,-0.1734061796082601
original_A,s11,G_new,240.0,-0.28988098143775276
original_A,s11,G_new,260.0,-0.29808396866527714
original_A,s11,G_new,280.0,-0.40972968867869697
original_A,s11,G_new,300.0,-0.5484542334396703
original_A,s11,G_new,320.0,-0.4212671607419409
original_A,s11,G_new,340.0,-0.3035420944357249
original_A,s11,G_new,360.0,0.0068017859573056465
original_A,s11,G_new,380.0,-0.1571729561067594
original_A,s11,G_new,400.0,-0.32154112970876303
original_A,s11,G_new,420.0,0.01274142004515519
original_A,s11,G_new,440.0,0.009902649818622579
original_A,s11,G_new,460.0,-0.16328883687588694
original_A,s11,G_new,480.0,-0.08651930544029279
original_A,s11,G_new,500.0,0.10845316133092603
original_A,s11,G_new,520.0,0.09642094874580814
original_A,s11,G_new,540.0,-0.12418417027061918
original_A,s11,G_new,560.0,0.048701772377981414
original_A,s11,G_new,580.0,0.1976221136557181
original_A,s11,G_new,600.0,-0.07013191152976953
original_A,s11,G_new,620.0,-0.19937545809905202
original_A,s11,G_new,640.0,-0.26558027025358955
original_A,s11,G_new,660.0,-0.25604023522675645
original_A,s11,G_new,680.0,-0.33806795638655857
original_A,s11,G_new,700.0,-0.5037777100444347
original_A,s11,G_new,720.0,-0.4627386143343043
original_A,s11,G_new,740.0,-0.38441016610729056
original_A,s11,G_new,760.0,-0.25642156196336297
original_A,s11,G_new,780.0,-0.4218046610484921
original_A,s11,G_new,800.0,-0.46271813587149857
original_A,s11,G_new,820.0,-0.477522775058343
original_A,s11,G_new,840.0,-0.3345498590599554
original_A,s11,G_new,860.0,-0.3197046835285522
original_A,s11,G_new,880.0,-0.44839060929367197
original_A,s11,G_new,900.0,-0.27760276458260263
original_A,s11,G_new,920.0,0.03781891234131104
original_A,s11,G_new,940.0,-0.1867114026558021
original_A,s11,G_new,960.0,-0.2582333492601707
original_A,s11,G_new,980.0,-0.17280211924821
original_A,s11,A,0.0,0.001415101239598704
original_A,s11,A,20.0,0.03238358517291995
original_A,s11,A,40.0,0.2635251656631221
original_A,s11,A,60.0,0.2657076485858827
original_A,s11,A,80.0,0.3614376100207445
original_A,s11,A,100.0,0.4472445903103218
original_A,s11,A,120.0,0.597544617678173
original_A,s11,A,140.0,0.5286968217856285
original_A,s11,A,160.0,0.5176694056869792
original_A,s11,A,180.0,0.1293569552485765
original_A,s11,A,200.0,0.018901951583239138
original_A,s11,A,220.0,0.12644299084850125
original_A,s11,A,240.0,0.11149572018766697
original_A,s11,A,260.0,0.1669029278695961
original_A,s11,A,280.0,0.20850083107274225
original_A,s11,A,300.0,0.2073044794757738
original_A,s11,A,320.0,0.015951878189066782
original_A,s11,A,340.0,0.16214698309558703
original_A,s11,A,360.0,0.004857216538466297
original_A,s11,A,380.0,-0.09981972804246786
original_A,s11,A,400.0,0.004279236423134311
original_A,s11,A,420.0,-0.05727593757970442
original_A,s11,A,440.0,-0.14970676887863613
original_A,s11,A,460.0,-0.1627887911819222
original_A,s11,A,480.0,-0.167297610548503
original_A,s11,A,500.0,-0.14780862649819465
original_A,s11,A,520.0,-0.07227812536899256
original_A,s11,A,540.0,-0.07592110009054989
original_A,s11,A,560.0,-0.2533224624398264
original_A,s11,A,580.0,-0.20140958691671312
original_A,s11,A,600.0,-0.17134134534273768
original_A,s11,A,620.0,0.20699786483667992
original_A,s11,A,640.0,0.03926035805757973
original_A,s11,A,660.0,-0.3059457941683945
original_A,s11,A,680.0,-0.08914901061650951
original_A,s11,A,700.0,0.08243291139183934
original_A,s11,A,720.0,-0.09681830120002805
original_A,s11,A,740.0,-0.252477436830542
original_A,s11,A,760.0,-0.22939700188275766
original_A,s11,A,780.0,-0.13364006661746658
original_A,s11,A,800.0,-0.11948174871321238
original_A,s11,A,820.0,-0.0933579945292265
original_A,s11,A,840.0,-0.06620797721630353
original_A,s11,A,860.0,-0.003853927162173254
original_A,s11,A,880.0,0.024336824625651704
original_A,s11,A,900.0,0.08959892357758442
original_A,s11,A,920.0,0.24805807419603018
original_A,s11,A,940.0,0.22135631108211956
original_A,s11,A,960.0,0.18520487631716764
original_A,s11,A,980.0,-0.07052379675830187
original_A,s11,I,0.0,-0.1387099454342126
original_A,s11,I,20.0,-0.13389474226516104
original_A,s11,I,40.0,-0.18455741540509069
original_A,s11,I,60.0,-0.5429715660179595
original_A,s11,I,80.0,-0.5301407748745941
original_A,s11,I,100.0,-0.5835675221261226
original_A,s11,I,120.0,-0.5578423227223523
original_A,s11,I,140.0,-0.36759848058525135
original_A,s11,I,160.0,-0.3716887956553294
original_A,s11,I,180.0,0.022585136640049602
original_A,s11,I,200.0,0.09000246613872451
original_A,s11,I,220.0,-0.45080177256660947
original_A,s11,I,240.0,-0.5623087082584387
original_A,s11,I,260.0,-0.4540419845517603
original_A,s11,I,280.0,-0.3467301079039011
original_A,s11,I,300.0,-0.16491602738695874
original_A,s11,I,320.0,-0.006729206394817222
original_A,s11,I,340.0,-0.04117087626171767
original_A,s11,I,360.0,-0.35361601121519703
original_A,s11,I,380.0,-0.11286707069256213
original_A,s11,I,400.0,0.10089789789892872
original_A,s11,I,420.0,-0.23629453105741366
original_A,s11,I,440.0,-0.1799371457394885
original_A,s11,I,460.0,-0.10613516800603637
original_A,s11,I,480.0,0.17859402863099444
original_A,s11,I,500.0,-0.20861171564088105
original_A,s11,I,520.0,-0.42379629041304673
original_A,s11,I,540.0,0.14626038236409616
original_A,s11,I,560.0,0.03512191306390755
original_A,s11,I,580.0,-0.09010622320549055
original_A,s11,I,600.0,-0.2058669322658756
original_A,s11,I,620.0,-0.3962270770729061
original_A,s11,I,640.0,0.04869118955652668
original_A,s11,I,660.0,0.31434659428877687
original_A,s11,I,680.0,0.1668795220552245
original_A,s11,I,700.0,-0.03468771941799509
original_A,s11,I,720.0,0.3678738449720083
original_A,s11,I,740.0,0.33164456274880544
original_A,s11,I,760.0,0.05416730428152805
original_A,s11,I,780.0,0.11641140608993938
original_A,s11,I,800.0,0.21994733908080388
original_A,s11,I,820.0,-0.02731311962427685
original_A,s11,I,840.0,-0.3947097822754422
original_A,s11,I,860.0,-0.15389310932854194
original_A,s11,I,880.0,0.08775038418272885
original_A,s11,I,900.0,-0.23120406098697938
original_A,s11,I,920.0,-0.7024951755785085
original_A,s11,I,940.0,-0.23153267232241387
original_A,s11,I,960.0,0.03759041852174999
original_A,s11,I,980.0,0.08023574176016257
A2,s11,G_new,0.0,-0.13471568436191006
A2,s11,G_new,20.0,-0.13649155396116866
A2,s11,G_new,40.0,-0.2886863022986505
A2,s11,G_new,60.0,-0.09307125036021509
A2,s11,G_new,80.0,-0.11101843897670621
A2,s11,G_new,100.0,-0.05028479923362863
A2,s11,G_new,120.0,-0.2336471048799848
A2,s11,G_new,140.0,-0.26311407391326075
A2,s11,G_new,160.0,-0.19737389264964073
A2,s11,G_new,180.0,-0.3564276529199802
A2,s11,G_new,200.0,-0.44356224231073926
A2,s11,G_new,220.0,-0.1594697947620579
A2,s11,G_new,240.0,-0.2826630494944772
A2,s11,G_new,260.0,-0.27929210010238614
A2,s11,G_new,280.0,-0.38365515548897716
A2,s11,G_new,300.0,-0.526378832581737
A2,s11,G_new,320.0,-0.43583533558408216
A2,s11,G_new,340.0,-0.29683039904226893
A2,s11,G_new,360.0,-0.007433529283288262
A2,s11,G_new,380.0,-0.19209598153022608
A2,s11,G_new,400.0,-0.33700752483520313
A2,s11,G_new,420.0,-0.0032104023846189073
A2,s11,G_new,440.0,-0.02747663456193384
A2,s11,G_new,460.0,-0.20702297721832083
A2,s11,G_new,480.0,-0.12357078821714015
A2,s11,G_new,500.0,0.08094594864967732
A2,s11,G_new,520.0,0.08529893567438245
A2,s11,G_new,540.0,-0.12964777954820125
A2,s11,G_new,560.0,0.005954308415303945
A2,s11,G_new,580.0,0.148336655117217
A2,s11,G_new,600.0,-0.11084588247218963
A2,s11,G_new,620.0,-0.16706737568555813
A2,s11,G_new,640.0,-0.26490831306093676
A2,s11,G_new,660.0,-0.3243477858281145
A2,s11,G_new,680.0,-0.36564271373743457
A2,s11,G_new,700.0,-0.4911076406843497
A2,s11,G_new,720.0,-0.4831783940288773
A2,s11,G_new,740.0,-0.4415898241861387
A2,s11,G_new,760.0,-0.3082238666779731
A2,s11,G_new,780.0,-0.46525365129241636
A2,s11,G_new,800.0,-0.5038519493207094
A2,s11,G_new,820.0,-0.49974725527290104
A2,s11,G_new,840.0,-0.3584179649572038
A2,s11,G_new,860.0,-0.33437291662220114
A2,s11,G_new,880.0,-0.4461240386789503
A2,s11,G_new,900.0,-0.2730009386654047
A2,s11,G_new,920.0,0.06734281171433987
A2,s11,G_new,940.0,-0.16504087196331088
A2,s11,G_new,960.0,-0.2430974482545057
A2,s11,G_new,980.0,-0.20995665417085946
A2,s11,A2,0.0,0.015940977255595457
A2,s11,A2,20.0,0.08127861748852025
A2,s11,A2,40.0,0.2456184913599381
A2,s11,A2,60.0,0.09023599259108614
A2,s11,A2,80.0,0.1093018350472699
A2,s11,A2,100.0,0.1606896781172874
A2,s11,A2,120.0,0.24482484162438756
A2,s11,A2,140.0,0.2212571597419823
A2,s11,A2,160.0,0.24292990838703005
A2,s11,A2,180.0,-0.10455090440055198
A2,s11,A2,200.0,-0.18265859261125048
A2,s11,A2,220.0,-0.020460910974816636
A2,s11,A2,240.0,-0.06951424512367095
A2,s11,A2,260.0,-0.022988164787941058
A2,s11,A2,280.0,-0.0023360144813010693
A2,s11,A2,300.0,-0.04139645604810949
A2,s11,A2,320.0,-0.16829914706800114
A2,s11,A2,340.0,-0.139515404686975
A2,s11,A2,360.0,-0.15071297978020115
A2,s11,A2,380.0,-0.22665319351247853
A2,s11,A2,400.0,-0.16246868373934562
A2,s11,A2,420.0,-0.08856995926975995
A2,s11,A2,440.0,-0.18770094372518753
A2,s11,A2,460.0,-0.23545224272609055
A2,s11,A2,480.0,-0.16184727645002983
A2,s11,A2,500.0,-0.08992700450186518
A2,s11,A2,520.0,-0.020334452100395695
A2,s11,A2,540.0,0.04176523603675508
A2,s11,A2,560.0,-0.10950208533886632
A2,s11,A2,580.0,-0.24234308584937575
A2,s11,A2,600.0,-0.19384438787080724
A2,s11,A2,620.0,0.06286114218078546
A2,s11,A2,640.0,-0.043455221892051615
A2,s11,A2,660.0,-0.30155697324316133
A2,s11,A2,680.0,-0.16573059255305217
A2,s11,A2,700.0,0.023043756668269105
A2,s11,A2,720.0,-0.08348721646944542
A2,s11,A2,740.0,-0.2570755399739091
A2,s11,A2,760.0,-0.23204991048923929
A2,s11,A2,780.0,-0.2698849824528351
A2,s11,A2,800.0,-0.26451598150149663
A2,s11,A2,820.0,-0.10603367073812188
A2,s11,A2,840.0,-0.15748460205746392
A2,s11,A2,860.0,-0.14395196744587563
A2,s11,A2,880.0,-0.008158699840801871
A2,s11,A2,900.0,-0.06802807712670678
A2,s11,A2,920.0,-0.017979839679629992
A2,s11,A2,940.0,-0.06350042877336046
A2,s11,A2,960.0,-0.08353439449860786
A2,s11,A2,980.0,-0.2868193335570411
A2,s11,I,0.0,-0.14468557136005375
A2,s11,I,20.0,-0.14601211579083376
A2,s11,I,40.0,-0.10038679299842798
A2,s11,I,60.0,-0.3889059854310486
A2,s11,I,80.0,-0.31465792058487996
A2,s11,I,100.0,-0.3281106425435466
A2,s11,I,120.0,-0.2297836603599735
A2,s11,I,140.0,-0.07937791884786705
A2,s11,I,160.0,-0.1010355026349471
A2,s11,I,180.0,0.16286036791269015
A2,s11,I,200.0,0.1840780050436116
A2,s11,I,220.0,-0.3496157841766268
A2,s11,I,240.0,-0.45045795972152436
A2,s11,I,260.0,-0.3222450394129641
A2,s11,I,280.0,-0.19368179298730662
A2,s11,I,300.0,0.004430356020095616
A2,s11,I,320.0,0.07888320098290363
A2,s11,I,340.0,0.13838195009386522
A2,s11,I,360.0,-0.283823506286996
A2,s11,I,380.0,-0.08601416598171635
A2,s11,I,400.0,0.17543660822471863
A2,s11,I,420.0,-0.2391214298412513
A2,s11,I,440.0,-0.20658050519712481
A2,s11,I,460.0,-0.12132613749765483
A2,s11,I,480.0,0.12776003190611349
A2,s11,I,500.0,-0.2768509752944756
A2,s11,I,520.0,-0.4675567779350246
A2,s11,I,540.0,0.07254570656171722
A2,s11,I,560.0,-0.10144435360355192
A2,s11,I,580.0,-0.1304271552847403
A2,s11,I,600.0,-0.2455838626843152
A2,s11,I,620.0,-0.2729342323535368
A2,s11,I,640.0,0.09641879660032943
A2,s11,I,660.0,0.22383604908645988
A2,s11,I,680.0,0.1747320194112189
A2,s11,I,700.0,0.015285825119755125
A2,s11,I,720.0,0.3339816552532284
A2,s11,I,740.0,0.2605653602710307
A2,s11,I,760.0,-0.011084435802237058
A2,s11,I,780.0,0.1376093431306198
A2,s11,I,800.0,0.2491082149350406
A2,s11,I,820.0,-0.04877127947524873
A2,s11,I,840.0,-0.37375540028630216
A2,s11,I,860.0,-0.09342407825654764
A2,s11,I,880.0,0.10908120429988138
A2,s11,I,900.0,-0.13597192856711515
A2,s11,I,920.0,-0.5137282370994081
A2,s11,I,940.0,-0.042224309069242294
A2,s11,I,960.0,0.20934677904668805
A2,s11,I,980.0,0.15489687709271976
robust_A_AR,s11,G_new,0.0,-0.13643817647904657
robust_A_AR,s11,G_new,20.0,-0.14544759448285516
robust_A_AR,s11,G_new,40.0,-0.3168930762116038
robust_A_AR,s11,G_new,60.0,-0.10459841915934395
robust_A_AR,s11,G_new,80.0,-0.1252541265317266
robust_A_AR,s11,G_new,100.0,-0.07063333844482567
robust_A_AR,s11,G_new,120.0,-0.26407161106940436
robust_A_AR,s11,G_new,140.0,-0.29053172104673297
robust_A_AR,s11,G_new,160.0,-0.22704407768633791
robust_A_AR,s11,G_new,180.0,-0.3460863562133148
robust_A_AR,s11,G_new,200.0,-0.4240673086768417
robust_A_AR,s11,G_new,220.0,-0.1581432290391248
robust_A_AR,s11,G_new,240.0,-0.2759630220288461
robust_A_AR,s11,G_new,260.0,-0.2779729643813123
robust_A_AR,s11,G_new,280.0,-0.3848417443163459
robust_A_AR,s11,G_new,300.0,-0.523360429126952
robust_A_AR,s11,G_new,320.0,-0.41786287357256513
robust_A_AR,s11,G_new,340.0,-0.28295851735393346
robust_A_AR,s11,G_new,360.0,0.008725930168269492
robust_A_AR,s11,G_new,380.0,-0.16705560226749344
robust_A_AR,s11,G_new,400.0,-0.31958102045174935
robust_A_AR,s11,G_new,420.0,0.006700664939676731
robust_A_AR,s11,G_new,440.0,-0.006277412437865511
robust_A_AR,s11,G_new,460.0,-0.1806030475523624
robust_A_AR,s11,G_new,480.0,-0.10502805787255552
robust_A_AR,s11,G_new,500.0,0.09162702658230913
robust_A_AR,s11,G_new,520.0,0.08798206059090782
robust_A_AR,s11,G_new,540.0,-0.13361167025818718
robust_A_AR,s11,G_new,560.0,0.01946607689502641
robust_A_AR,s11,G_new,580.0,0.17576323622777698
robust_A_AR,s11,G_new,600.0,-0.0888374280839245
robust_A_AR,s11,G_new,620.0,-0.17524853425200712
robust_A_AR,s11,G_new,640.0,-0.26051007718605573
robust_A_AR,s11,G_new,660.0,-0.28983837022560976
robust_A_AR,s11,G_new,680.0,-0.3472215714719957
robust_A_AR,s11,G_new,700.0,-0.49415187492978974
robust_A_AR,s11,G_new,720.0,-0.4735407908183267
robust_A_AR,s11,G_new,740.0,-0.4122282507229529
robust_A_AR,s11,G_new,760.0,-0.28171023982099014
robust_A_AR,s11,G_new,780.0,-0.43533516409314643
robust_A_AR,s11,G_new,800.0,-0.4746079389749056
robust_A_AR,s11,G_new,820.0,-0.4877110673644155
robust_A_AR,s11,G_new,840.0,-0.3410409651549506
robust_A_AR,s11,G_new,860.0,-0.31887981411808364
robust_A_AR,s11,G_new,880.0,-0.44541524722154313
robust_A_AR,s11,G_new,900.0,-0.2663096140464145
robust_A_AR,s11,G_new,920.0,0.06756429138523057
robust_A_AR,s11,G_new,940.0,-0.1597444516976061
robust_A_AR,s11,G_new,960.0,-0.23539927502993582
robust_A_AR,s11,G_new,980.0,-0.17865387663947072
robust_A_AR,s11,AR,0.0,0.009894714846162
robust_A_AR,s11,AR,20.0,0.061746638062423004
robust_A_AR,s11,AR,40.0,0.2609486307136074
robust_A_AR,s11,AR,60.0,0.17167169599992516
robust_A_AR,s11,AR,80.0,0.22571254735858567
robust_A_AR,s11,AR,100.0,0.2940744699098062
robust_A_AR,s11,AR,120.0,0.4104044018860861
robust_A_AR,s11,AR,140.0,0.36581401054225565
robust_A_AR,s11,AR,160.0,0.3734535881808686
robust_A_AR,s11,AR,180.0,-0.0026712924684421727
robust_A_AR,s11,AR,200.0,-0.09761656403061086
robust_A_AR,s11,AR,220.0,0.04486590472708287
robust_A_AR,s11,AR,240.0,0.00966373446425757
robust_A_AR,s11,AR,260.0,0.06155739882213881
robust_A_AR,s11,AR,280.0,0.0922237820107243
robust_A_AR,s11,AR,300.0,0.06899792509017486
robust_A_AR,s11,AR,320.0,-0.09059971397788022
robust_A_AR,s11,AR,340.0,-0.008263967105735348
robust_A_AR,s11,AR,360.0,-0.08536407620282346
robust_A_AR,s11,AR,380.0,-0.17645698847979066
robust_A_AR,s11,AR,400.0,-0.09245198379738345
robust_A_AR,s11,AR,420.0,-0.07715428133796771
robust_A_AR,s11,AR,440.0,-0.17622155588061172
robust_A_AR,s11,AR,460.0,-0.20983024466288464
robust_A_AR,s11,AR,480.0,-0.16909926181207932
robust_A_AR,s11,AR,500.0,-0.11857601179255317
robust_A_AR,s11,AR,520.0,-0.0442519391347031
robust_A_AR,s11,AR,540.0,-0.009815373116000448
robust_A_AR,s11,AR,560.0,-0.1773039246557133
robust_A_AR,s11,AR,580.0,-0.231166940606886
robust_A_AR,s11,AR,600.0,-0.1895002477377135
robust_A_AR,s11,AR,620.0,0.1294200562637495
robust_A_AR,s11,AR,640.0,-0.007620594973381065
robust_A_AR,s11,AR,660.0,-0.31248092332264726
robust_A_AR,s11,AR,680.0,-0.13627978889213438
robust_A_AR,s11,AR,700.0,0.05038342033330133
robust_A_AR,s11,AR,720.0,-0.09194954620416856
robust_A_AR,s11,AR,740.0,-0.26264513336455936
robust_A_AR,s11,AR,760.0,-0.23774947270070967
robust_A_AR,s11,AR,780.0,-0.2167483507400285
robust_A_AR,s11,AR,800.0,-0.20727504983530168
robust_A_AR,s11,AR,820.0,-0.10349294929226632
robust_A_AR,s11,AR,840.0,-0.1211934257889549
robust_A_AR,s11,AR,860.0,-0.08534662250306185
robust_A_AR,s11,AR,880.0,0.00618389583266965
robust_A_AR,s11,AR,900.0,0.0006991374919549029
robust_A_AR,s11,AR,920.0,0.10089114604467987
robust_A_AR,s11,AR,940.0,0.06246530159598891
robust_A_AR,s11,AR,960.0,0.0346025204030862
robust_A_AR,s11,AR,980.0,-0.19825669489331804
robust_A_AR,s11,I,0.0,-0.14410479647402435
robust_A_AR,s11,I,20.0,-0.15038781868765302
robust_A_AR,s11,I,40.0,-0.16190315236697186
robust_A_AR,s11,I,60.0,-0.46074057956340464
robust_A_AR,s11,I,80.0,-0.4132110488803606
robust_A_AR,s11,I,100.0,-0.44847561486143656
robust_A_AR,s11,I,120.0,-0.38872053532883405
robust_A_AR,s11,I,140.0,-0.21971327775655497
robust_A_AR,s11,I,160.0,-0.2368057778078173
robust_A_AR,s11,I,180.0,0.11863646089656912
robust_A_AR,s11,I,200.0,0.16718622928779897
robust_A_AR,s11,I,220.0,-0.38775051506033476
robust_A_AR,s11,I,240.0,-0.4872919185608384
robust_A_AR,s11,I,260.0,-0.3723318492675082
robust_A_AR,s11,I,280.0,-0.254608086035337
robust_A_AR,s11,I,300.0,-0.05858107329590481
robust_A_AR,s11,I,320.0,0.06374615936913153
robust_A_AR,s11,I,340.0,0.08242065177625735
robust_A_AR,s11,I,360.0,-0.29463049947394093
robust_A_AR,s11,I,380.0,-0.0710383509817617
robust_A_AR,s11,I,400.0,0.16406559618405678
robust_A_AR,s11,I,420.0,-0.22794360843278277
robust_A_AR,s11,I,440.0,-0.17463481480637338
robust_A_AR,s11,I,460.0,-0.08854228859749974
robust_A_AR,s11,I,480.0,0.16644464740125395
robust_A_AR,s11,I,500.0,-0.23936624317213895
robust_A_AR,s11,I,520.0,-0.44775381049585516
robust_A_AR,s11,I,540.0,0.09728013207860836
robust_A_AR,s11,I,560.0,-0.034420690306753654
robust_A_AR,s11,I,580.0,-0.08681421071006923
robust_A_AR,s11,I,600.0,-0.20771421185590377
robust_A_AR,s11,I,620.0,-0.32935990210731336
robust_A_AR,s11,I,640.0,0.08226615505638118
robust_A_AR,s11,I,660.0,0.29423300632416277
robust_A_AR,s11,I,680.0,0.19039331772473317
robust_A_AR,s11,I,700.0,-0.007308576967473335
robust_A_AR,s11,I,720.0,0.3570033055570831
robust_A_AR,s11,I,740.0,0.3181472632112544
robust_A_AR,s11,I,760.0,0.04132858455884236
robust_A_AR,s11,I,780.0,0.15975042296063158
robust_A_AR,s11,I,800.0,0.2674565058132367
robust_A_AR,s11,I,820.0,-0.028163242322902238
robust_A_AR,s11,I,840.0,-0.36426790038143764
robust_A_AR,s11,I,860.0,-0.10127037422033813
robust_A_AR,s11,I,880.0,0.10147832454190153
robust_A_AR,s11,I,900.0,-0.16633007889135737
robust_A_AR,s11,I,920.0,-0.5871607664117231
robust_A_AR,s11,I,940.0,-0.11070934894257423
robust_A_AR,s11,I,960.0,0.15015202478956755
robust_A_AR,s11,I,980.0,0.1575835408241948
original_A,s12,G_new,0.0,-0.07303812633818936
original_A,s12,G_new,20.0,-0.08453973702586912
original_A,s12,G_new,40.0,-0.1624642329962264
original_A,s12,G_new,60.0,-0.1288174211840307
original_A,s12,G_new,80.0,0.05096074524049794
original_A,s12,G_new,100.0,0.0848223239440577
original_A,s12,G_new,120.0,0.07653036751642561
original_A,s12,G_new,140.0,-0.04857101603454912
original_A,s12,G_new,160.0,0.11481202275725476
original_A,s12,G_new,180.0,0.3241720064438308
original_A,s12,G_new,200.0,0.12616007522469255
original_A,s12,G_new,220.0,-0.1265022903172138
original_A,s12,G_new,240.0,-0.05325923603311984
original_A,s12,G_new,260.0,0.3894788596162333
original_A,s12,G_new,280.0,0.2600107773011286
original_A,s12,G_new,300.0,0.11030021525007115
original_A,s12,G_new,320.0,0.26619094633508567
original_A,s12,G_new,340.0,0.4011965952636821
original_A,s12,G_new,360.0,0.19891490568613213
original_A,s12,G_new,380.0,0.11521018494233591
original_A,s12,G_new,400.0,-0.10287952388049493
original_A,s12,G_new,420.0,-0.13706993590267397
original_A,s12,G_new,440.0,0.20306578861147342
original_A,s12,G_new,460.0,0.4024889602465288
original_A,s12,G_new,480.0,0.38828947438299133
original_A,s12,G_new,500.0,-0.1770346940035822
original_A,s12,G_new,520.0,-0.1773522595745188
original_A,s12,G_new,540.0,0.374679019574249
original_A,s12,G_new,560.0,0.45498613119723985
original_A,s12,G_new,580.0,-0.08806707451408408
original_A,s12,G_new,600.0,-0.3922068372290365
original_A,s12,G_new,620.0,0.05305997487600926
original_A,s12,G_new,640.0,0.29841012541234996
original_A,s12,G_new,660.0,-0.16287295657724304
original_A,s12,G_new,680.0,-0.28332394805086214
original_A,s12,G_new,700.0,-0.09997352603524542
original_A,s12,G_new,720.0,0.08860709800468812
original_A,s12,G_new,740.0,0.01854801684116384
original_A,s12,G_new,760.0,-0.1310520755666813
original_A,s12,G_new,780.0,0.005002155586319806
original_A,s12,G_new,800.0,0.07573353283791762
original_A,s12,G_new,820.0,0.04817082058656434
original_A,s12,G_new,840.0,0.07006849079948212
original_A,s12,G_new,860.0,0.03319036176928951
original_A,s12,G_new,880.0,-0.08164952407900399
original_A,s12,G_new,900.0,-0.0689265757943292
original_A,s12,G_new,920.0,-0.021715590422429806
original_A,s12,G_new,940.0,-0.07489400951327649
original_A,s12,G_new,960.0,-0.12726360415267354
original_A,s12,G_new,980.0,-0.02246275534962286
original_A,s12,A,0.0,0.16398847289451723
original_A,s12,A,20.0,0.18330218757451106
original_A,s12,A,40.0,0.32740877737215945
original_A,s12,A,60.0,0.2841408125903918
original_A,s12,A,80.0,-0.015096377918027138
original_A,s12,A,100.0,-0.10095056132112189
original_A,s12,A,120.0,-0.01914957787065842
original_A,s12,A,140.0,0.024959012568432984
original_A,s12,A,160.0,0.0049198417942336314
original_A,s12,A,180.0,-0.0067927338233649895
original_A,s12,A,200.0,-0.13789452272676805
original_A,s12,A,220.0,-0.09780388116196052
original_A,s12,A,240.0,-0.05327695297180364
original_A,s12,A,260.0,0.01776578808220168
original_A,s12,A,280.0,-0.016130293248616145
original_A,s12,A,300.0,-0.22701335942614856
original_A,s12,A,320.0,-0.14220221772332556
original_A,s12,A,340.0,-0.024236194996058752
original_A,s12,A,360.0,0.01187402647063171
original_A,s12,A,380.0,-0.22939358138632143
original_A,s12,A,400.0,-0.13952194563236248
original_A,s12,A,420.0,-0.017179613134875954
original_A,s12,A,440.0,-0.23958247694024726
original_A,s12,A,460.0,-0.1963541759996305
original_A,s12,A,480.0,-0.07152890233906607
original_A,s12,A,500.0,-0.031803328876825465
original_A,s12,A,520.0,-0.2622703567162103
original_A,s12,A,540.0,0.039771896511445304
original_A,s12,A,560.0,0.16306044084955673
original_A,s12,A,580.0,-0.20981963687142358
original_A,s12,A,600.0,-0.4389720900965077
original_A,s12,A,620.0,0.17468789175361815
original_A,s12,A,640.0,0.6138855689807439
original_A,s12,A,660.0,0.3279131110025861
original_A,s12,A,680.0,-0.06786804526061112
original_A,s12,A,700.0,-0.014941096454163194
original_A,s12,A,720.0,0.31076142756420444
original_A,s12,A,740.0,0.2690761951388006
original_A,s12,A,760.0,0.1645328610711066
original_A,s12,A,780.0,-0.03477096916509652
original_A,s12,A,800.0,0.05925061226771991
original_A,s12,A,820.0,0.19332687868586612
original_A,s12,A,840.0,0.13803950554880953
original_A,s12,A,860.0,0.09354182021910704
original_A,s12,A,880.0,0.1135483800820144
original_A,s12,A,900.0,-0.0265656839241956
original_A,s12,A,920.0,-0.12841261803610063
original_A,s12,A,940.0,-0.10826582915156188
original_A,s12,A,960.0,-0.05052213703874353
original_A,s12,A,980.0,-0.057483538382339786
original_A,s12,I,0.0,-0.16770198797761826
original_A,s12,I,20.0,-0.47369446665824866
original_A,s12,I,40.0,-0.5949584599928056
original_A,s12,I,60.0,-0.4660686258162273
original_A,s12,I,80.0,-0.04383502948918418
original_A,s12,I,100.0,-0.08684053762308162
original_A,s12,I,120.0,-0.1544471094860028
original_A,s12,I,140.0,-0.1025861847024108
original_A,s12,I,160.0,-0.2643370386546313
original_A,s12,I,180.0,-0.33162856726247314
original_A,s12,I,200.0,0.0983812756917605
original_A,s12,I,220.0,0.38801341764384034
original_A,s12,I,240.0,0.15990736695826568
original_A,s12,I,260.0,-0.1789642071435705
original_A,s12,I,280.0,0.08038206287160732
original_A,s12,I,300.0,0.42043426325263533
original_A,s12,I,320.0,-0.08468144652234638
original_A,s12,I,340.0,-0.4547222125895014
original_A,s12,I,360.0,0.11471496582333063
original_A,s12,I,380.0,0.2957036797149807
original_A,s12,I,400.0,-0.01666414786193396
original_A,s12,I,420.0,0.19868902173603445
original_A,s12,I,440.0,0.675480641830037
original_A,s12,I,460.0,0.4391820362005422
original_A,s12,I,480.0,-0.432528319117092
original_A,s12,I,500.0,-0.14056297037746915
original_A,s12,I,520.0,0.6298558424983445
original_A,s12,I,540.0,0.4604097015904646
original_A,s12,I,560.0,-0.3081336955359286
original_A,s12,I,580.0,-0.17991046016634912
original_A,s12,I,600.0,1.022922400830601
original_A,s12,I,620.0,0.7399932068183478
original_A,s12,I,640.0,-0.6427813598989215
original_A,s12,I,660.0,-0.5204224224901945
original_A,s12,I,680.0,0.0586418265580564
original_A,s12,I,700.0,0.07691268247402272
original_A,s12,I,720.0,-0.5382871431042231
original_A,s12,I,740.0,-0.6769678623398216
original_A,s12,I,760.0,-0.2773727298638773
original_A,s12,I,780.0,0.15791701761175583
original_A,s12,I,800.0,0.13918912796433405
original_A,s12,I,820.0,-0.1978629958837725
original_A,s12,I,840.0,0.028753481630369088
original_A,s12,I,860.0,0.23612847053552619
original_A,s12,I,880.0,0.2162669959218798
original_A,s12,I,900.0,0.2866184310699089
original_A,s12,I,920.0,0.3801509415114876
original_A,s12,I,940.0,0.16752041888637154
original_A,s12,I,960.0,-0.04189733074963378
original_A,s12,I,980.0,-0.03295056283315001
A2,s12,G_new,0.0,-0.039955757939741224
A2,s12,G_new,20.0,-0.04899515815431897
A2,s12,G_new,40.0,-0.08571779306615925
A2,s12,G_new,60.0,-0.059619530414842456
A2,s12,G_new,80.0,0.046788461656389044
A2,s12,G_new,100.0,0.04877230544014648
A2,s12,G_new,120.0,0.06343573841678105
A2,s12,G_new,140.0,-0.050804983433728426
A2,s12,G_new,160.0,0.10212248456606951
A2,s12,G_new,180.0,0.30748198585182684
A2,s12,G_new,200.0,0.08178748908806537
A2,s12,G_new,220.0,-0.15887130945088562
A2,s12,G_new,240.0,-0.08273355509472495
A2,s12,G_new,260.0,0.3678494475476138
A2,s12,G_new,280.0,0.22651284439767144
A2,s12,G_new,300.0,0.04226030674347425
A2,s12,G_new,320.0,0.22266668390893526
A2,s12,G_new,340.0,0.38328872156693405
A2,s12,G_new,360.0,0.1886150361964661
A2,s12,G_new,380.0,0.04604791660002237
A2,s12,G_new,400.0,-0.15170671729923335
A2,s12,G_new,420.0,-0.15629410658428847
A2,s12,G_new,440.0,0.13914900159324736
A2,s12,G_new,460.0,0.3461127429755638
A2,s12,G_new,480.0,0.34941649798568586
A2,s12,G_new,500.0,-0.21368289412641114
A2,s12,G_new,520.0,-0.25303861912755343
A2,s12,G_new,540.0,0.3793198425096729
A2,s12,G_new,560.0,0.4822791388066738
A2,s12,G_new,580.0,-0.16706037972104518
A2,s12,G_new,600.0,-0.5138349717257642
A2,s12,G_new,620.0,0.09909020072777656
A2,s12,G_new,640.0,0.44844688827804924
A2,s12,G_new,660.0,-0.08067554811276641
A2,s12,G_new,680.0,-0.2981440757928926
A2,s12,G_new,700.0,-0.10323278509256352
A2,s12,G_new,720.0,0.16178359547361545
A2,s12,G_new,740.0,0.0835749644470517
A2,s12,G_new,760.0,-0.09070818515983077
A2,s12,G_new,780.0,0.005767494850962063
A2,s12,G_new,800.0,0.09369608098540327
A2,s12,G_new,820.0,0.09451770792826598
A2,s12,G_new,840.0,0.1073122539512177
A2,s12,G_new,860.0,0.058316022270036696
A2,s12,G_new,880.0,-0.04996901496544449
A2,s12,G_new,900.0,-0.06896278390897356
A2,s12,G_new,920.0,-0.03755344892801164
A2,s12,G_new,940.0,-0.08965775170077468
A2,s12,G_new,960.0,-0.13372053492742172
A2,s12,G_new,980.0,-0.030218033083001146
A2,s12,A2,0.0,0.09077408931956238
A2,s12,A2,20.0,0.08761923760647475
A2,s12,A2,40.0,0.2845059785356745
A2,s12,A2,60.0,0.2719497659915542
A2,s12,A2,80.0,-0.019235637094216537
A2,s12,A2,100.0,-0.20731451218921537
A2,s12,A2,120.0,-0.0997292989122189
A2,s12,A2,140.0,-0.056366862311094564
A2,s12,A2,160.0,-0.1293759475827313
A2,s12,A2,180.0,-0.1516705793310214
A2,s12,A2,200.0,-0.23616079816034344
A2,s12,A2,220.0,-0.17616182919495152
A2,s12,A2,240.0,-0.21029348341914492
A2,s12,A2,260.0,-0.23359976777157207
A2,s12,A2,280.0,-0.3009313795837813
A2,s12,A2,300.0,-0.3404170690779319
A2,s12,A2,320.0,-0.2219644655606136
A2,s12,A2,340.0,-0.13910906043331495
A2,s12,A2,360.0,-0.11599943101794702
A2,s12,A2,380.0,-0.3479348559802426
A2,s12,A2,400.0,-0.2769007756543809
A2,s12,A2,420.0,-0.1616561643180539
A2,s12,A2,440.0,-0.28308463655268234
A2,s12,A2,460.0,-0.27055016508703045
A2,s12,A2,480.0,-0.2755898962663342
A2,s12,A2,500.0,-0.30949553446351
A2,s12,A2,520.0,-0.36508747211163134
A2,s12,A2,540.0,-0.010643448904119654
A2,s12,A2,560.0,0.03617205733124185
A2,s12,A2,580.0,-0.4701430250794939
A2,s12,A2,600.0,-0.5622933664304701
A2,s12,A2,620.0,0.20086759598271195
A2,s12,A2,640.0,0.5927110703238296
A2,s12,A2,660.0,0.33643157900770815
A2,s12,A2,680.0,-0.04846520392426128
A2,s12,A2,700.0,-0.010636939359114674
A2,s12,A2,720.0,0.27324828303844795
A2,s12,A2,740.0,0.25268278987981585
A2,s12,A2,760.0,0.1601246213718095
A2,s12,A2,780.0,0.05586726065642881
A2,s12,A2,800.0,0.09081956155205843
A2,s12,A2,820.0,0.17793831924377165
A2,s12,A2,840.0,0.16713034005115524
A2,s12,A2,860.0,0.11216987208791306
A2,s12,A2,880.0,0.14756320500240877
A2,s12,A2,900.0,0.036688499383399874
A2,s12,A2,920.0,0.026120393410916872
A2,s12,A2,940.0,0.008402104343783898
A2,s12,A2,960.0,0.008097116184472695
A2,s12,A2,980.0,0.005267301549013335
A2,s12,I,0.0,-0.08933749347835293
A2,s12,I,20.0,-0.3793246505127001
A2,s12,I,40.0,-0.4890412824149375
A2,s12,I,60.0,-0.38640398045598373
A2,s12,I,80.0,-0.04572491702149813
A2,s12,I,100.0,-0.06097107745986888
A2,s12,I,120.0,-0.11997918628980031
A2,s12,I,140.0,-0.05631252022814069
A2,s12,I,160.0,-0.19733811605922036
A2,s12,I,180.0,-0.26248883257303
A2,s12,I,200.0,0.11070555470812558
A2,s12,I,220.0,0.40099321939624016
A2,s12,I,240.0,0.2229308812711514
A2,s12,I,260.0,-0.051340765378973724
A2,s12,I,280.0,0.2155767451651014
A2,s12,I,300.0,0.4170516029768488
A2,s12,I,320.0,-0.08253013058753564
A2,s12,I,340.0,-0.40479094212924177
A2,s12,I,360.0,0.18037459993009805
A2,s12,I,380.0,0.29421792034741845
A2,s12,I,400.0,0.014379265469262825
A2,s12,I,420.0,0.2649382903779937
A2,s12,I,440.0,0.6346288586183608
A2,s12,I,460.0,0.4245637262745655
A2,s12,I,480.0,-0.3512158385635207
A2,s12,I,500.0,-0.01291245820913392
A2,s12,I,520.0,0.6121475053324145
A2,s12,I,540.0,0.4953981644890231
A2,s12,I,560.0,-0.20374245606112273
A2,s12,I,580.0,-0.10693269400804928
A2,s12,I,600.0,0.9694168923192534
A2,s12,I,620.0,0.7724904947973397
A2,s12,I,640.0,-0.473193393419753
A2,s12,I,660.0,-0.4395394236327121
A2,s12,I,680.0,0.03154314884879129
A2,s12,I,700.0,0.07093095787563519
A2,s12,I,720.0,-0.4393254764734389
A2,s12,I,740.0,-0.5991539865238208
A2,s12,I,760.0,-0.23253998818475172
A2,s12,I,780.0,0.10454103379727586
A2,s12,I,800.0,0.13910765464013877
A2,s12,I,820.0,-0.14018821558773975
A2,s12,I,840.0,0.0503204895523629
A2,s12,I,860.0,0.25127434379436975
A2,s12,I,880.0,0.22907191913062278
A2,s12,I,900.0,0.24877212173716517
A2,s12,I,920.0,0.2712174455677401
A2,s12,I,940.0,0.0823432011156669
A2,s12,I,960.0,-0.08368901705019656
A2,s12,I,980.0,-0.07856980144216197
robust_A_AR,s12,G_new,0.0,-0.0522460654624919
robust_A_AR,s12,G_new,20.0,-0.061119168045538075
robust_A_AR,s12,G_new,40.0,-0.12229268897050107
robust_A_AR,s12,G_new,60.0,-0.09427971787644067
robust_A_AR,s12,G_new,80.0,0.04918789779158929
robust_A_AR,s12,G_new,100.0,0.07398853958215916
robust_A_AR,s12,G_new,120.0,0.07525935096341413
robust_A_AR,s12,G_new,140.0,-0.044495453256389476
robust_A_AR,s12,G_new,160.0,0.11715054045341
robust_A_AR,s12,G_new,180.0,0.32523072950074094
robust_A_AR,s12,G_new,200.0,0.1107511643441351
robust_A_AR,s12,G_new,220.0,-0.1373188795256355
robust_A_AR,s12,G_new,240.0,-0.05766727679791929
robust_A_AR,s12,G_new,260.0,0.3948913048417657
robust_A_AR,s12,G_new,280.0,0.2617559997896382
robust_A_AR,s12,G_new,300.0,0.08430491493664073
robust_A_AR,s12,G_new,320.0,0.2500206343760882
robust_A_AR,s12,G_new,340.0,0.3997552730604654
robust_A_AR,s12,G_new,360.0,0.20201147506944533
robust_A_AR,s12,G_new,380.0,0.08899357986885362
robust_A_AR,s12,G_new,400.0,-0.11797763818561685
robust_A_AR,s12,G_new,420.0,-0.13727317644729148
robust_A_AR,s12,G_new,440.0,0.17464232877479394
robust_A_AR,s12,G_new,460.0,0.37969430937532234
robust_A_AR,s12,G_new,480.0,0.3822837162726705
robust_A_AR,s12,G_new,500.0,-0.17727809930187016
robust_A_AR,s12,G_new,520.0,-0.2077508808837314
robust_A_AR,s12,G_new,540.0,0.38014562059772067
robust_A_AR,s12,G_new,560.0,0.47636262781286776
robust_A_AR,s12,G_new,580.0,-0.11007491985645416
robust_A_AR,s12,G_new,600.0,-0.44371922717587464
robust_A_AR,s12,G_new,620.0,0.0738564077531401
robust_A_AR,s12,G_new,640.0,0.3729617186337966
robust_A_AR,s12,G_new,660.0,-0.1233078715401382
robust_A_AR,s12,G_new,680.0,-0.29178746468578437
robust_A_AR,s12,G_new,700.0,-0.10183718617248112
robust_A_AR,s12,G_new,720.0,0.12669444430021087
robust_A_AR,s12,G_new,740.0,0.051317534610584824
robust_A_AR,s12,G_new,760.0,-0.11108729399617814
robust_A_AR,s12,G_new,780.0,-0.00038147954672460016
robust_A_AR,s12,G_new,800.0,0.08249274201147108
robust_A_AR,s12,G_new,820.0,0.07176204941306387
robust_A_AR,s12,G_new,840.0,0.086392884745881
robust_A_AR,s12,G_new,860.0,0.04426659715081292
robust_A_AR,s12,G_new,880.0,-0.06835233642034405
robust_A_AR,s12,G_new,900.0,-0.07296195487782384
robust_A_AR,s12,G_new,920.0,-0.03925873819262597
robust_A_AR,s12,G_new,940.0,-0.08950799538707094
robust_A_AR,s12,G_new,960.0,-0.13413741631641643
robust_A_AR,s12,G_new,980.0,-0.03023248891199893
robust_A_AR,s12,AR,0.0,0.12729641568560712
robust_A_AR,s12,AR,20.0,0.134368091475711
robust_A_AR,s12,AR,40.0,0.313230008837993
robust_A_AR,s12,AR,60.0,0.2861614151970493
robust_A_AR,s12,AR,80.0,-0.01794217786071619
robust_A_AR,s12,AR,100.0,-0.1649930457298955
robust_A_AR,s12,AR,120.0,-0.06585241137033135
robust_A_AR,s12,AR,140.0,-0.02077438431484334
robust_A_AR,s12,AR,160.0,-0.0717500122601718
robust_A_AR,s12,AR,180.0,-0.08988695456366991
robust_A_AR,s12,AR,200.0,-0.1984741128734236
robust_A_AR,s12,AR,220.0,-0.14572556958239263
robust_A_AR,s12,AR,240.0,-0.1447867462453156
robust_A_AR,s12,AR,260.0,-0.1254686515937301
robust_A_AR,s12,AR,280.0,-0.17956494878503812
robust_A_AR,s12,AR,300.0,-0.29907361815075933
robust_A_AR,s12,AR,320.0,-0.19233270888277654
robust_A_AR,s12,AR,340.0,-0.09071787269123106
robust_A_AR,s12,AR,360.0,-0.06090171309810874
robust_A_AR,s12,AR,380.0,-0.30446819604199393
robust_A_AR,s12,AR,400.0,-0.22252788133781212
robust_A_AR,s12,AR,420.0,-0.10037307116855369
robust_A_AR,s12,AR,440.0,-0.27205255802604006
robust_A_AR,s12,AR,460.0,-0.24501463086670278
robust_A_AR,s12,AR,480.0,-0.19052884849908946
robust_A_AR,s12,AR,500.0,-0.19166739895082177
robust_A_AR,s12,AR,520.0,-0.32939050204026915
robust_A_AR,s12,AR,540.0,0.012190167109851519
robust_A_AR,s12,AR,560.0,0.095634119843997
robust_A_AR,s12,AR,580.0,-0.3653828672552194
robust_A_AR,s12,AR,600.0,-0.5234154954436632
robust_A_AR,s12,AR,620.0,0.1951941683249784
robust_A_AR,s12,AR,640.0,0.6212053385603109
robust_A_AR,s12,AR,660.0,0.3431664895535288
robust_A_AR,s12,AR,680.0,-0.05891680873909745
robust_A_AR,s12,AR,700.0,-0.012951818451755946
robust_A_AR,s12,AR,720.0,0.2991388969097494
robust_A_AR,s12,AR,740.0,0.2682159063459454
robust_A_AR,s12,AR,760.0,0.16721945634830454
robust_A_AR,s12,AR,780.0,0.015979074186816038
robust_A_AR,s12,AR,800.0,0.07918563943660849
robust_A_AR,s12,AR,820.0,0.19064353553647348
robust_A_AR,s12,AR,840.0,0.1590510046295854
robust_A_AR,s12,AR,860.0,0.10715935264160173
robust_A_AR,s12,AR,880.0,0.13660142884016974
robust_A_AR,s12,AR,900.0,0.008778714493910586
robust_A_AR,s12,AR,920.0,-0.04407504295464829
robust_A_AR,s12,AR,940.0,-0.044951689492543745
robust_A_AR,s12,AR,960.0,-0.018587564214003028
robust_A_AR,s12,AR,980.0,-0.023405806685719076
robust_A_AR,s12,I,0.0,-0.1325059863941541
robust_A_AR,s12,I,20.0,-0.42890309285483824
robust_A_AR,s12,I,40.0,-0.565339958883778
robust_A_AR,s12,I,60.0,-0.4502217018093388
robust_A_AR,s12,I,80.0,-0.04279265850310515
robust_A_AR,s12,I,100.0,-0.04889720934813134
robust_A_AR,s12,I,120.0,-0.12347272116192481
robust_A_AR,s12,I,140.0,-0.06960303204961676
robust_A_AR,s12,I,160.0,-0.2112822643292097
robust_A_AR,s12,I,180.0,-0.2748637430094889
robust_A_AR,s12,I,200.0,0.1317006045644177
robust_A_AR,s12,I,220.0,0.41505496306277523
robust_A_AR,s12,I,240.0,0.21964297574171376
robust_A_AR,s12,I,260.0,-0.07932723154617027
robust_A_AR,s12,I,280.0,0.19186245802139673
robust_A_AR,s12,I,300.0,0.4562470477772049
robust_A_AR,s12,I,320.0,-0.05881343837876836
robust_A_AR,s12,I,340.0,-0.4104466341244646
robust_A_AR,s12,I,360.0,0.16551208375528295
robust_A_AR,s12,I,380.0,0.3334462389313321
robust_A_AR,s12,I,400.0,0.03198796020925065
robust_A_AR,s12,I,420.0,0.2548920147857736
robust_A_AR,s12,I,440.0,0.6832890341327722
robust_A_AR,s12,I,460.0,0.4607534083553223
robust_A_AR,s12,I,480.0,-0.3549840599717022
robust_A_AR,s12,I,500.0,-0.032490283969389744
robust_A_AR,s12,I,520.0,0.660130496268356
robust_A_AR,s12,I,540.0,0.4818013601894382
robust_A_AR,s12,I,560.0,-0.2518458309686504
robust_A_AR,s12,I,580.0,-0.08559646169994946
robust_A_AR,s12,I,600.0,1.0543975978838374
robust_A_AR,s12,I,620.0,0.7364802697327363
robust_A_AR,s12,I,640.0,-0.6105769369115142
robust_A_AR,s12,I,660.0,-0.5110255049705943
robust_A_AR,s12,I,680.0,0.04836531620030429
robust_A_AR,s12,I,700.0,0.0746374698243274
robust_A_AR,s12,I,720.0,-0.5114374873795222
robust_A_AR,s12,I,740.0,-0.6600524942760206
robust_A_AR,s12,I,760.0,-0.26924004476227614
robust_A_AR,s12,I,780.0,0.12088668579391856
robust_A_AR,s12,I,800.0,0.12906630705657474
robust_A_AR,s12,I,820.0,-0.18428849283955545
robust_A_AR,s12,I,840.0,0.022669641832241683
robust_A_AR,s12,I,860.0,0.23243296342174927
robust_A_AR,s12,I,880.0,0.20729262657705388
robust_A_AR,s12,I,900.0,0.26068645134309754
robust_A_AR,s12,I,920.0,0.3143283869890963
robust_A_AR,s12,I,940.0,0.1173862293204667
robust_A_AR,s12,I,960.0,-0.06693632811887089
robust_A_AR,s12,I,980.0,-0.05988657266223339
original_A,s13,G_new,0.0,0.18889566903182195
original_A,s13,G_new,20.0,0.3006340911454537
original_A,s13,G_new,40.0,0.18582640427932165
original_A,s13,G_new,60.0,0.019736884948652778
original_A,s13,G_new,80.0,0.1499920084630346
original_A,s13,G_new,100.0,0.5130071099569342
original_A,s13,G_new,120.0,0.11267871360871809
original_A,s13,G_new,140.0,-0.1429034189493143
original_A,s13,G_new,160.0,0.08149605652023768
original_A,s13,G_new,180.0,0.0914813455920401
original_A,s13,G_new,200.0,-0.008709034362685747
original_A,s13,G_new,220.0,-0.09537283790087085
original_A,s13,G_new,240.0,-0.08668721437615981
original_A,s13,G_new,260.0,-0.09784202935018352
original_A,s13,G_new,280.0,-0.11023308455570938
original_A,s13,G_new,300.0,-0.08636288590524166
original_A,s13,G_new,320.0,-0.0020503850013512404
original_A,s13,G_new,340.0,-0.005338622294679685
original_A,s13,G_new,360.0,-0.0595794206049414
original_A,s13,G_new,380.0,0.34438398140314475
original_A,s13,G_new,400.0,0.2197158250614138
original_A,s13,G_new,420.0,-0.16544228535727004
original_A,s13,G_new,440.0,0.1443191229111464
original_A,s13,G_new,460.0,0.29265438053345516
original_A,s13,G_new,480.0,-0.3926217741481064
original_A,s13,G_new,500.0,-0.03216763304285451
original_A,s13,G_new,520.0,0.19833499973388977
original_A,s13,G_new,540.0,-0.060207841808726764
original_A,s13,G_new,560.0,-0.4332367220823515
original_A,s13,G_new,580.0,-0.47848872571117396
original_A,s13,G_new,600.0,0.06717796640315074
original_A,s13,G_new,620.0,-0.17521911881024743
original_A,s13,G_new,640.0,-0.700588431895645
original_A,s13,G_new,660.0,-0.6635535480747026
original_A,s13,G_new,680.0,-0.4531730064025037
original_A,s13,G_new,700.0,-0.45755086667628997
original_A,s13,G_new,720.0,-0.578078285003237
original_A,s13,G_new,740.0,-0.6985195134653757
original_A,s13,G_new,760.0,-0.8207369193281955
original_A,s13,G_new,780.0,-0.5586648667114074
original_A,s13,G_new,800.0,-0.2753037632562688
original_A,s13,G_new,820.0,-0.580330330978602
original_A,s13,G_new,840.0,-0.3819607002796392
original_A,s13,G_new,860.0,0.002591338359072548
original_A,s13,G_new,880.0,0.06810542757327726
original_A,s13,G_new,900.0,-0.13758211476478277
original_A,s13,G_new,920.0,-0.24361991077226758
original_A,s13,G_new,940.0,-0.14640490780895166
original_A,s13,G_new,960.0,-0.254123084246838
original_A,s13,G_new,980.0,-0.2073539566565621
original_A,s13,A,0.0,0.1649635477973545
original_A,s13,A,20.0,0.28482016912978697
original_A,s13,A,40.0,0.3525837894810532
original_A,s13,A,60.0,0.10003340836986238
original_A,s13,A,80.0,0.1365713390992752
original_A,s13,A,100.0,0.12976326164950483
original_A,s13,A,120.0,0.2838306627971424
original_A,s13,A,140.0,0.4972440149519926
original_A,s13,A,160.0,0.21076484877258483
original_A,s13,A,180.0,0.2566374935502518
original_A,s13,A,200.0,0.23875977573857265
original_A,s13,A,220.0,0.015612121640016338
original_A,s13,A,240.0,0.1130899468832266
original_A,s13,A,260.0,0.3363548844198545
original_A,s13,A,280.0,0.10101556599012151
original_A,s13,A,300.0,-0.22016500565043967
original_A,s13,A,320.0,0.06839351372489871
original_A,s13,A,340.0,0.41892158021871084
original_A,s13,A,360.0,-0.17444479928201376
original_A,s13,A,380.0,-0.3694593556980059
original_A,s13,A,400.0,0.5114843058838484
original_A,s13,A,420.0,0.3014553680451616
original_A,s13,A,440.0,0.14221682890556256
original_A,s13,A,460.0,0.5460945314955431
original_A,s13,A,480.0,0.4700049894686462
original_A,s13,A,500.0,0.06470961172202941
original_A,s13,A,520.0,0.06231342653059466
original_A,s13,A,540.0,0.282177102640093
original_A,s13,A,560.0,0.2247185137579446
original_A,s13,A,580.0,0.1834688557768932
original_A,s13,A,600.0,0.2594237318251805
original_A,s13,A,620.0,0.11714627348232891
original_A,s13,A,640.0,0.22171568895624597
original_A,s13,A,660.0,0.2589700214427104
original_A,s13,A,680.0,0.10702160950727341
original_A,s13,A,700.0,0.05546633166514803
original_A,s13,A,720.0,0.07670194567817445
original_A,s13,A,740.0,0.34110913493014533
original_A,s13,A,760.0,0.10455448646527338
original_A,s13,A,780.0,0.2634878119311062
original_A,s13,A,800.0,0.4453329847021889
original_A,s13,A,820.0,0.3754315611102496
original_A,s13,A,840.0,0.0403445159370214
original_A,s13,A,860.0,-0.020089964587646725
original_A,s13,A,880.0,0.001668099952228136
original_A,s13,A,900.0,0.03888627255724142
original_A,s13,A,920.0,0.12302672915914681
original_A,s13,A,940.0,0.030600555431760157
original_A,s13,A,960.0,-0.10050328254530685
original_A,s13,A,980.0,0.05023958036786935
original_A,s13,I,0.0,-0.22803055859231702
original_A,s13,I,20.0,-0.43376704287725343
original_A,s13,I,40.0,-0.5470107131890234
original_A,s13,I,60.0,-0.3015492914382546
original_A,s13,I,80.0,0.07704408519070594
original_A,s13,I,100.0,0.04005408985936744
original_A,s13,I,120.0,-0.2093096354254335
original_A,s13,I,140.0,-0.3775581504477956
original_A,s13,I,160.0,-0.15286756028978
original_A,s13,I,180.0,-0.2112498839746014
original_A,s13,I,200.0,-0.4719531017412779
original_A,s13,I,220.0,-0.45946594428625803
original_A,s13,I,240.0,-0.4861942624886698
original_A,s13,I,260.0,-0.014631343708619779
original_A,s13,I,280.0,-0.1093297778737584
original_A,s13,I,300.0,0.04607654887588364
original_A,s13,I,320.0,0.14022935308616877
original_A,s13,I,340.0,-0.3015494864769741
original_A,s13,I,360.0,0.07232146598516333
original_A,s13,I,380.0,-0.05978655201885903
original_A,s13,I,400.0,-0.8203071735378775
original_A,s13,I,420.0,-0.5130323794673546
original_A,s13,I,440.0,-0.26105255401457395
original_A,s13,I,460.0,-0.8977476539421769
original_A,s13,I,480.0,-0.5286068407084518
original_A,s13,I,500.0,-0.01547922648928475
original_A,s13,I,520.0,-0.27298574495902317
original_A,s13,I,540.0,-0.43704925182465465
original_A,s13,I,560.0,-0.41081456023489216
original_A,s13,I,580.0,0.07694958942819204
original_A,s13,I,600.0,0.11905221259357486
original_A,s13,I,620.0,-0.10175923665300961
original_A,s13,I,640.0,-0.16110421982864953
original_A,s13,I,660.0,0.07716480136720233
original_A,s13,I,680.0,0.3608510157965498
original_A,s13,I,700.0,0.2201731461812623
original_A,s13,I,720.0,0.25297832457004243
original_A,s13,I,740.0,0.16105263748389517
original_A,s13,I,760.0,0.19911048530946154
original_A,s13,I,780.0,0.0009989157975194285
original_A,s13,I,800.0,-0.3080055433006347
original_A,s13,I,820.0,0.2748813131546293
original_A,s13,I,840.0,0.280024972325157
original_A,s13,I,860.0,-0.04441419645113216
original_A,s13,I,880.0,0.042187689199739295
original_A,s13,I,900.0,0.26964187261197947
original_A,s13,I,920.0,0.3713859539994293
original_A,s13,I,940.0,0.48843702842699066
original_A,s13,I,960.0,0.6126464122433474
original_A,s13,I,980.0,0.4456066090522174
A2,s13,G_new,0.0,0.19990132284755416
A2,s13,G_new,20.0,0.37400883965891274
A2,s13,G_new,40.0,0.2826013114785237
A2,s13,G_new,60.0,0.04732834048562829
A2,s13,G_new,80.0,0.19568883165075587
A2,s13,G_new,100.0,0.5670413477040408
A2,s13,G_new,120.0,0.1733241398889145
A2,s13,G_new,140.0,-0.023478306831007406
A2,s13,G_new,160.0,0.14007483249047548
A2,s13,G_new,180.0,0.15184076483384748
A2,s13,G_new,200.0,0.06284583299728569
A2,s13,G_new,220.0,-0.08093817762589253
A2,s13,G_new,240.0,-0.0764763900073797
A2,s13,G_new,260.0,-0.04395392921161562
A2,s13,G_new,280.0,-0.07930610200159612
A2,s13,G_new,300.0,-0.11445199365631771
A2,s13,G_new,320.0,0.03228727385910257
A2,s13,G_new,340.0,0.12617620066080318
A2,s13,G_new,360.0,-0.048497837133670035
A2,s13,G_new,380.0,0.26882793547504347
A2,s13,G_new,400.0,0.355514734595112
A2,s13,G_new,420.0,-0.03601221020358286
A2,s13,G_new,440.0,0.22133180944330044
A2,s13,G_new,460.0,0.44331701607508667
A2,s13,G_new,480.0,-0.23118876534846935
A2,s13,G_new,500.0,0.05675982870707421
A2,s13,G_new,520.0,0.2557847943011978
A2,s13,G_new,540.0,0.0030590449291691135
A2,s13,G_new,560.0,-0.3737766023138165
A2,s13,G_new,580.0,-0.4257576231708322
A2,s13,G_new,600.0,0.14217674890170687
A2,s13,G_new,620.0,-0.11775790682477207
A2,s13,G_new,640.0,-0.6590264795793911
A2,s13,G_new,660.0,-0.5951949458712295
A2,s13,G_new,680.0,-0.4019564492846719
A2,s13,G_new,700.0,-0.42195991304368086
A2,s13,G_new,720.0,-0.5646409187921719
A2,s13,G_new,740.0,-0.6322140804449106
A2,s13,G_new,760.0,-0.768081542197789
A2,s13,G_new,780.0,-0.4795789021920698
A2,s13,G_new,800.0,-0.16963319885418449
A2,s13,G_new,820.0,-0.484516301498317
A2,s13,G_new,840.0,-0.34540121882989566
A2,s13,G_new,860.0,0.0017198197875315097
A2,s13,G_new,880.0,0.04547581226122669
A2,s13,G_new,900.0,-0.1335302230269947
A2,s13,G_new,920.0,-0.22220862642752917
A2,s13,G_new,940.0,-0.1514961869042113
A2,s13,G_new,960.0,-0.27077983915269044
A2,s13,G_new,980.0,-0.19312592639095127
A2,s13,A2,0.0,-0.051600680307237176
A2,s13,A2,20.0,0.2882689936498069
A2,s13,A2,40.0,0.3980993757827506
A2,s13,A2,60.0,0.11388336361291408
A2,s13,A2,80.0,0.21119219790419208
A2,s13,A2,100.0,0.2743378411543167
A2,s13,A2,120.0,0.20069195105085
A2,s13,A2,140.0,0.4430666426492817
A2,s13,A2,160.0,0.24303509912129911
A2,s13,A2,180.0,0.21980410797381417
A2,s13,A2,200.0,0.3113733238574891
A2,s13,A2,220.0,0.08806794264765264
A2,s13,A2,240.0,-0.0168722042361477
A2,s13,A2,260.0,0.11304483204381541
A2,s13,A2,280.0,0.13627078565248255
A2,s13,A2,300.0,-0.024136197864413664
A2,s13,A2,320.0,0.1852507215168009
A2,s13,A2,340.0,0.5877367418111453
A2,s13,A2,360.0,0.21224749447838626
A2,s13,A2,380.0,-0.23774262326719733
A2,s13,A2,400.0,0.5456569884210225
A2,s13,A2,420.0,0.664401191334019
A2,s13,A2,440.0,0.42415232637152833
A2,s13,A2,460.0,0.6219635676029751
A2,s13,A2,480.0,0.7557447971082096
A2,s13,A2,500.0,0.566975862466307
A2,s13,A2,520.0,0.3503718852152331
A2,s13,A2,540.0,0.220168423611964
A2,s13,A2,560.0,0.23832625792271686
A2,s13,A2,580.0,0.2236276535248572
A2,s13,A2,600.0,0.319243371733267
A2,s13,A2,620.0,0.3079104762836067
A2,s13,A2,640.0,0.11643809940064162
A2,s13,A2,660.0,0.27351083545589594
A2,s13,A2,680.0,0.27242594648539376
A2,s13,A2,700.0,0.20397812564332807
A2,s13,A2,720.0,0.033751505996383414
A2,s13,A2,740.0,0.19553580981980706
A2,s13,A2,760.0,0.28432577609963894
A2,s13,A2,780.0,0.34445644018623306
A2,s13,A2,800.0,0.3878804248247075
A2,s13,A2,820.0,0.3737047868859904
A2,s13,A2,840.0,0.22243182473444345
A2,s13,A2,860.0,0.009537720392870694
A2,s13,A2,880.0,-0.15834942335086327
A2,s13,A2,900.0,-0.00204775408658088
A2,s13,A2,920.0,0.05315263339474188
A2,s13,A2,940.0,-0.05907541943364565
A2,s13,A2,960.0,-0.037629227511059044
A2,s13,A2,980.0,0.05976905807267248
A2,s13,I,0.0,-0.08002591507679442
A2,s13,I,20.0,-0.364683629172774
A2,s13,I,40.0,-0.48187115708909944
A2,s13,I,60.0,-0.2835309279941317
A2,s13,I,80.0,0.07411612462604493
A2,s13,I,100.0,0.0008695671636848729
A2,s13,I,120.0,-0.09768876330806539
A2,s13,I,140.0,-0.22720676263272133
A2,s13,I,160.0,-0.11643023906794722
A2,s13,I,180.0,-0.12926715890554885
A2,s13,I,200.0,-0.44849193755889
A2,s13,I,220.0,-0.4913866262722406
A2,s13,I,240.0,-0.3938725417577434
A2,s13,I,260.0,0.1793030243720744
A2,s13,I,280.0,-0.10164377534474131
A2,s13,I,300.0,-0.10550086833878602
A2,s13,I,320.0,0.0994876690828892
A2,s13,I,340.0,-0.2808457411425651
A2,s13,I,360.0,-0.1621008166106288
A2,s13,I,380.0,-0.21669173689872193
A2,s13,I,400.0,-0.7100708438327447
A2,s13,I,420.0,-0.617444024407779
A2,s13,I,440.0,-0.3650127371075543
A2,s13,I,460.0,-0.799511907028651
A2,s13,I,480.0,-0.5529802505744355
A2,s13,I,500.0,-0.24756924213907772
A2,s13,I,520.0,-0.39983002987080035
A2,s13,I,540.0,-0.3362798125977555
A2,s13,I,560.0,-0.36168803043355874
A2,s13,I,580.0,0.10270515296302869
A2,s13,I,600.0,0.1539706138973549
A2,s13,I,620.0,-0.16690206031173882
A2,s13,I,640.0,-0.05398208793710846
A2,s13,I,660.0,0.13434296051137337
A2,s13,I,680.0,0.30572231993969046
A2,s13,I,700.0,0.16057791035189412
A2,s13,I,720.0,0.2932634179537929
A2,s13,I,740.0,0.3177584481665362
A2,s13,I,760.0,0.1362698340825505
A2,s13,I,780.0,0.026477546158378055
A2,s13,I,800.0,-0.16893752325911865
A2,s13,I,820.0,0.3690420311320608
A2,s13,I,840.0,0.20008160202973677
A2,s13,I,860.0,-0.06404644011500141
A2,s13,I,880.0,0.12166781910229969
A2,s13,I,900.0,0.2995321644080493
A2,s13,I,920.0,0.43648745988444887
A2,s13,I,940.0,0.540351706114345
A2,s13,I,960.0,0.5566015078840362
A2,s13,I,980.0,0.4533842850735659
robust_A_AR,s13,G_new,0.0,0.20818801816006677
robust_A_AR,s13,G_new,20.0,0.33774932442070554
robust_A_AR,s13,G_new,40.0,0.2321879659688279
robust_A_AR,s13,G_new,60.0,0.03289981302959406
robust_A_AR,s13,G_new,80.0,0.16852465847643697
robust_A_AR,s13,G_new,100.0,0.5313589190709618
robust_A_AR,s13,G_new,120.0,0.14879187317439452
robust_A_AR,s13,G_new,140.0,-0.07871410946619123
robust_A_AR,s13,G_new,160.0,0.10926077140859551
robust_A_AR,s13,G_new,180.0,0.12452125135493182
robust_A_AR,s13,G_new,200.0,0.023107181315106473
robust_A_AR,s13,G_new,220.0,-0.09260958150624767
robust_A_AR,s13,G_new,240.0,-0.07327483963913893
robust_A_AR,s13,G_new,260.0,-0.0563044473959045
robust_A_AR,s13,G_new,280.0,-0.09672641442101863
robust_A_AR,s13,G_new,300.0,-0.11304896069998657
robust_A_AR,s13,G_new,320.0,0.008032223696260554
robust_A_AR,s13,G_new,340.0,0.05090288801986534
robust_A_AR,s13,G_new,360.0,-0.07839035218582002
robust_A_AR,s13,G_new,380.0,0.2976128265354221
robust_A_AR,s13,G_new,400.0,0.286650089886186
robust_A_AR,s13,G_new,420.0,-0.12253574038527959
robust_A_AR,s13,G_new,440.0,0.16567755897809533
robust_A_AR,s13,G_new,460.0,0.36451503103373933
robust_A_AR,s13,G_new,480.0,-0.32855056009481165
robust_A_AR,s13,G_new,500.0,-0.018677708328108875
robust_A_AR,s13,G_new,520.0,0.20935264340201976
robust_A_AR,s13,G_new,540.0,-0.024096857396123078
robust_A_AR,s13,G_new,560.0,-0.4038436083196602
robust_A_AR,s13,G_new,580.0,-0.454198091269015
robust_A_AR,s13,G_new,600.0,0.10155537286848666
robust_A_AR,s13,G_new,620.0,-0.15804407203370677
robust_A_AR,s13,G_new,640.0,-0.6727852328443598
robust_A_AR,s13,G_new,660.0,-0.6296918548099503
robust_A_AR,s13,G_new,680.0,-0.43757183825008994
robust_A_AR,s13,G_new,700.0,-0.4488319926102771
robust_A_AR,s13,G_new,720.0,-0.5685256987743467
robust_A_AR,s13,G_new,740.0,-0.6555789915453187
robust_A_AR,s13,G_new,760.0,-0.8053120501410527
robust_A_AR,s13,G_new,780.0,-0.5235450703949331
robust_A_AR,s13,G_new,800.0,-0.217905729429086
robust_A_AR,s13,G_new,820.0,-0.5314706885902295
robust_A_AR,s13,G_new,840.0,-0.3748719050837427
robust_A_AR,s13,G_new,860.0,0.0002746466134951747
robust_A_AR,s13,G_new,880.0,0.06670879032673295
robust_A_AR,s13,G_new,900.0,-0.13293237708479688
robust_A_AR,s13,G_new,920.0,-0.22830787750334228
robust_A_AR,s13,G_new,940.0,-0.14332545061908633
robust_A_AR,s13,G_new,960.0,-0.2665734093317745
robust_A_AR,s13,G_new,980.0,-0.20071720973832147
robust_A_AR,s13,AR,0.0,0.047446292467274005
robust_A_AR,s13,AR,20.0,0.2939263552666925
robust_A_AR,s13,AR,40.0,0.3870292732372702
robust_A_AR,s13,AR,60.0,0.11033225208530378
robust_A_AR,s13,AR,80.0,0.18193184833893625
robust_A_AR,s13,AR,100.0,0.21425352046471
robust_A_AR,s13,AR,120.0,0.24426570427074096
robust_A_AR,s13,AR,140.0,0.479321350787303
robust_A_AR,s13,AR,160.0,0.23419948167736587
robust_A_AR,s13,AR,180.0,0.24240317621496968
robust_A_AR,s13,AR,200.0,0.28556450672405015
robust_A_AR,s13,AR,220.0,0.05671188006675061
robust_A_AR,s13,AR,240.0,0.042921504373970604
robust_A_AR,s13,AR,260.0,0.219361433407389
robust_A_AR,s13,AR,280.0,0.1233649437106451
robust_A_AR,s13,AR,300.0,-0.11557422702521822
robust_A_AR,s13,AR,320.0,0.1357671140955682
robust_A_AR,s13,AR,340.0,0.5243083476671536
robust_A_AR,s13,AR,360.0,0.038414447866844864
robust_A_AR,s13,AR,380.0,-0.30475767253951225
robust_A_AR,s13,AR,400.0,0.5435565034089418
robust_A_AR,s13,AR,420.0,0.5129513113220393
robust_A_AR,s13,AR,440.0,0.30419205360410567
robust_A_AR,s13,AR,460.0,0.6024634942723439
robust_A_AR,s13,AR,480.0,0.6423675705788557
robust_A_AR,s13,AR,500.0,0.34851935585954047
robust_A_AR,s13,AR,520.0,0.2257175542968415
robust_A_AR,s13,AR,540.0,0.2544417107621703
robust_A_AR,s13,AR,560.0,0.23801945413309114
robust_A_AR,s13,AR,580.0,0.21064839127815688
robust_A_AR,s13,AR,600.0,0.2995607309246809
robust_A_AR,s13,AR,620.0,0.22726903480087657
robust_A_AR,s13,AR,640.0,0.16814940117204452
robust_A_AR,s13,AR,660.0,0.27365724453092366
robust_A_AR,s13,AR,680.0,0.20264197361594566
robust_A_AR,s13,AR,700.0,0.14029861483285586
robust_A_AR,s13,AR,720.0,0.05450220905247154
robust_A_AR,s13,AR,740.0,0.2679090589516707
robust_A_AR,s13,AR,760.0,0.20818433605158249
robust_A_AR,s13,AR,780.0,0.3156089334017703
robust_A_AR,s13,AR,800.0,0.42426373022606234
robust_A_AR,s13,AR,820.0,0.3839105945840925
robust_A_AR,s13,AR,840.0,0.14365945352679868
robust_A_AR,s13,AR,860.0,-0.003950305423836703
robust_A_AR,s13,AR,880.0,-0.08819027778392849
robust_A_AR,s13,AR,900.0,0.01686761333010331
robust_A_AR,s13,AR,920.0,0.08686679828750762
robust_A_AR,s13,AR,940.0,-0.019010638630044596
robust_A_AR,s13,AR,960.0,-0.06770919651844554
robust_A_AR,s13,AR,980.0,0.05685786086990721
robust_A_AR,s13,I,0.0,-0.13813270236834058
robust_A_AR,s13,I,20.0,-0.42426864579633217
robust_A_AR,s13,I,40.0,-0.5511795095555945
robust_A_AR,s13,I,60.0,-0.3030936628340637
robust_A_AR,s13,I,80.0,0.05342266783084518
robust_A_AR,s13,I,100.0,-0.010838482801534446
robust_A_AR,s13,I,120.0,-0.16641351702862797
robust_A_AR,s13,I,140.0,-0.3377303740759338
robust_A_AR,s13,I,160.0,-0.1573143298233468
robust_A_AR,s13,I,180.0,-0.18726834371375667
robust_A_AR,s13,I,200.0,-0.4909137422028864
robust_A_AR,s13,I,220.0,-0.48685075640370046
robust_A_AR,s13,I,240.0,-0.43170983544427965
robust_A_AR,s13,I,260.0,0.08438844831394147
robust_A_AR,s13,I,280.0,-0.11910233969359103
robust_A_AR,s13,I,300.0,-0.03799066449335234
robust_A_AR,s13,I,320.0,0.09770615199286137
robust_A_AR,s13,I,340.0,-0.3508073399600348
robust_A_AR,s13,I,360.0,-0.08363101708273285
robust_A_AR,s13,I,380.0,-0.12469681960897534
robust_A_AR,s13,I,400.0,-0.8140538518566707
robust_A_AR,s13,I,420.0,-0.6417194167259641
robust_A_AR,s13,I,440.0,-0.36451282184845585
robust_A_AR,s13,I,460.0,-0.9062791355613118
robust_A_AR,s13,I,480.0,-0.6210721442392233
robust_A_AR,s13,I,500.0,-0.2069662925848586
robust_A_AR,s13,I,520.0,-0.381848650482133
robust_A_AR,s13,I,540.0,-0.4023752663397968
robust_A_AR,s13,I,560.0,-0.4075243146710893
robust_A_AR,s13,I,580.0,0.06841878013128411
robust_A_AR,s13,I,600.0,0.10581761272909565
robust_A_AR,s13,I,620.0,-0.17096745741365502
robust_A_AR,s13,I,640.0,-0.11202117440070491
robust_A_AR,s13,I,660.0,0.08139714298097347
robust_A_AR,s13,I,680.0,0.30105039593692434
robust_A_AR,s13,I,700.0,0.1649351343637302
robust_A_AR,s13,I,720.0,0.27247997625911285
robust_A_AR,s13,I,740.0,0.23023555660020165
robust_A_AR,s13,I,760.0,0.13366832697273623
robust_A_AR,s13,I,780.0,-0.020247726208527876
robust_A_AR,s13,I,800.0,-0.2688869603131076
robust_A_AR,s13,I,820.0,0.2898236945270631
robust_A_AR,s13,I,840.0,0.2112469428983664
robust_A_AR,s13,I,860.0,-0.05661869054757343
robust_A_AR,s13,I,880.0,0.10404108920953073
robust_A_AR,s13,I,900.0,0.28692697449699284
robust_A_AR,s13,I,920.0,0.40304551824445173
robust_A_AR,s13,I,940.0,0.5242285311521391
robust_A_AR,s13,I,960.0,0.5845463216539348
robust_A_AR,s13,I,980.0,0.44383718334595873
original_A,s14,G_new,0.0,0.3332659425740877
original_A,s14,G_new,20.0,-0.01894709533672806
original_A,s14,G_new,40.0,-0.15877706890590745
original_A,s14,G_new,60.0,0.10922158383845054
original_A,s14,G_new,80.0,0.1978981512410367
original_A,s14,G_new,100.0,-0.16374230580768967
original_A,s14,G_new,120.0,-0.13244053937237288
original_A,s14,G_new,140.0,0.12111017031316187
original_A,s14,G_new,160.0,0.2397506953008505
original_A,s14,G_new,180.0,0.12658486502741798
original_A,s14,G_new,200.0,-0.04385009311453477
original_A,s14,G_new,220.0,-0.12658467294402823
original_A,s14,G_new,240.0,-0.12790567146042403
original_A,s14,G_new,260.0,-0.03766940140408703
original_A,s14,G_new,280.0,-0.023472968119923554
original_A,s14,G_new,300.0,0.0002613920394813618
original_A,s14,G_new,320.0,0.21137113436014016
original_A,s14,G_new,340.0,-0.020824260247457843
original_A,s14,G_new,360.0,-0.17834966938093796
original_A,s14,G_new,380.0,-0.21441715846646342
original_A,s14,G_new,400.0,-0.15269909251468197
original_A,s14,G_new,420.0,-0.042338947333593724
original_A,s14,G_new,440.0,0.01891480144818916
original_A,s14,G_new,460.0,-0.0765587600324574
original_A,s14,G_new,480.0,0.013407201026702703
original_A,s14,G_new,500.0,0.37782781034011975
original_A,s14,G_new,520.0,0.5297613407255111
original_A,s14,G_new,540.0,0.20563162793810716
original_A,s14,G_new,560.0,0.06906169464125181
original_A,s14,G_new,580.0,0.3721177119616941
original_A,s14,G_new,600.0,0.20093985908783657
original_A,s14,G_new,620.0,0.14907294811436178
original_A,s14,G_new,640.0,0.2620458520463107
original_A,s14,G_new,660.0,0.16880194916530433
original_A,s14,G_new,680.0,0.2747281622369363
original_A,s14,G_new,700.0,0.1770392421178777
original_A,s14,G_new,720.0,0.23317721411996428
original_A,s14,G_new,740.0,0.20304982982962197
original_A,s14,G_new,760.0,-0.08010034441594122
original_A,s14,G_new,780.0,-0.23041830874493638
original_A,s14,G_new,800.0,-0.2692484795280275
original_A,s14,G_new,820.0,-0.3053924778511467
original_A,s14,G_new,840.0,-0.12884352023470738
original_A,s14,G_new,860.0,-0.14980355285483934
original_A,s14,G_new,880.0,-0.017643014583629775
original_A,s14,G_new,900.0,0.03655220781807157
original_A,s14,G_new,920.0,-0.18151298093391927
original_A,s14,G_new,940.0,-0.050495537972119184
original_A,s14,G_new,960.0,-0.047701349907549415
original_A,s14,G_new,980.0,-0.052479075378784955
original_A,s14,A,0.0,-0.13416556636099836
original_A,s14,A,20.0,0.2087953886197825
original_A,s14,A,40.0,0.06713458006671778
original_A,s14,A,60.0,0.1242987284753808
original_A,s14,A,80.0,0.37810013973049644
original_A,s14,A,100.0,0.1525884617987006
original_A,s14,A,120.0,0.08962024414179724
original_A,s14,A,140.0,0.06409564824807543
original_A,s14,A,160.0,-0.021801814500031685
original_A,s14,A,180.0,0.01928021722169232
original_A,s14,A,200.0,0.04494066002116287
original_A,s14,A,220.0,-0.052015300300517486
original_A,s14,A,240.0,0.008886944682652803
original_A,s14,A,260.0,0.006318655838853715
original_A,s14,A,280.0,0.1672538116624191
original_A,s14,A,300.0,0.1933928645248433
original_A,s14,A,320.0,0.22327755488057022
original_A,s14,A,340.0,0.48085051244241345
original_A,s14,A,360.0,0.6658876660205847
original_A,s14,A,380.0,0.34012023402735936
original_A,s14,A,400.0,-0.11641996822179657
original_A,s14,A,420.0,0.09467664216642328
original_A,s14,A,440.0,0.31536014188389755
original_A,s14,A,460.0,0.24469355989402475
original_A,s14,A,480.0,0.12654387319920793
original_A,s14,A,500.0,0.21882409896847035
original_A,s14,A,520.0,0.31730950035009353
original_A,s14,A,540.0,0.2564207771079807
original_A,s14,A,560.0,0.04124271603903777
original_A,s14,A,580.0,0.005491284661563567
original_A,s14,A,600.0,-0.023388195867553918
original_A,s14,A,620.0,-0.23728106985809955
original_A,s14,A,640.0,-0.43809501092898684
original_A,s14,A,660.0,-0.15288291283633698
original_A,s14,A,680.0,0.2011699139844625
original_A,s14,A,700.0,0.2938242754086595
original_A,s14,A,720.0,-0.08692029859351577
original_A,s14,A,740.0,-0.25376861464478784
original_A,s14,A,760.0,-0.04176543449536793
original_A,s14,A,780.0,0.16225030056028591
original_A,s14,A,800.0,0.24508603285093594
original_A,s14,A,820.0,0.02189718515917738
original_A,s14,A,840.0,0.07124458741186382
original_A,s14,A,860.0,0.23225613349814084
original_A,s14,A,880.0,0.22171437532935487
original_A,s14,A,900.0,-0.042659351491361096
original_A,s14,A,920.0,0.03048785280377366
original_A,s14,A,940.0,-0.06142303169898422
original_A,s14,A,960.0,0.2614646544302085
original_A,s14,A,980.0,0.2626740151349078
original_A,s14,I,0.0,0.15831703410683895
original_A,s14,I,20.0,-0.008153769357181977
original_A,s14,I,40.0,-0.04265476794394331
original_A,s14,I,60.0,0.007836523382024535
original_A,s14,I,80.0,-0.07014851763137485
original_A,s14,I,100.0,0.19023730189543303
original_A,s14,I,120.0,0.16602568769723894
original_A,s14,I,140.0,0.006308782818840689
original_A,s14,I,160.0,-0.012467981841174258
original_A,s14,I,180.0,0.09278062737452693
original_A,s14,I,200.0,-0.00858418823843865
original_A,s14,I,220.0,-0.08376124663456774
original_A,s14,I,240.0,-0.04895451413037932
original_A,s14,I,260.0,0.052749402355941
original_A,s14,I,280.0,0.07163635244195227
original_A,s14,I,300.0,-0.3372570079028263
original_A,s14,I,320.0,-0.8502761300725068
original_A,s14,I,340.0,-0.18091659564867613
original_A,s14,I,360.0,0.2453899474763374
original_A,s14,I,380.0,-0.09796721501030059
original_A,s14,I,400.0,-0.1591037267192021
original_A,s14,I,420.0,-0.37502532432182334
original_A,s14,I,440.0,-0.5923971151012289
original_A,s14,I,460.0,-0.5276085781406411
original_A,s14,I,480.0,-0.28499566346272287
original_A,s14,I,500.0,-0.6095651477573287
original_A,s14,I,520.0,-0.7763358686762711
original_A,s14,I,540.0,-0.4018078263147647
original_A,s14,I,560.0,-0.6318016795973581
original_A,s14,I,580.0,-0.8249928675925114
original_A,s14,I,600.0,-0.3316657206382855
original_A,s14,I,620.0,-0.21101947884038122
original_A,s14,I,640.0,-0.32370141195264834
original_A,s14,I,660.0,-0.32414563212987835
original_A,s14,I,680.0,-0.3766171772200798
original_A,s14,I,700.0,-0.42401962015652345
original_A,s14,I,720.0,-0.6613566602302043
original_A,s14,I,740.0,-0.228849206306137
original_A,s14,I,760.0,0.32619014708545957
original_A,s14,I,780.0,0.0740437041208224
original_A,s14,I,800.0,-0.2623712388100805
original_A,s14,I,820.0,-0.3517080225439379
original_A,s14,I,840.0,-0.36522795256061547
original_A,s14,I,860.0,-0.5955387287345889
original_A,s14,I,880.0,-0.6004707761379172
original_A,s14,I,900.0,-0.20650225521125803
original_A,s14,I,920.0,0.013463599925871844
original_A,s14,I,940.0,-0.09943721824025434
original_A,s14,I,960.0,-0.46615579563741893
original_A,s14,I,980.0,-0.40113431982114656
A2,s14,G_new,0.0,0.2892016708487334
A2,s14,G_new,20.0,0.029115648259184237
A2,s14,G_new,40.0,-0.12703549083486854
A2,s14,G_new,60.0,0.16123397553462643
A2,s14,G_new,80.0,0.32240455913806554
A2,s14,G_new,100.0,-0.10014931628699363
A2,s14,G_new,120.0,-0.09119453524533015
A2,s14,G_new,140.0,0.15699130552563947
A2,s14,G_new,160.0,0.24591935101946627
A2,s14,G_new,180.0,0.13664760305252646
A2,s14,G_new,200.0,-0.030051692477557197
A2,s14,G_new,220.0,-0.1311959994980066
A2,s14,G_new,240.0,-0.12248648224345676
A2,s14,G_new,260.0,-0.03923098363459589
A2,s14,G_new,280.0,0.0020576743544199194
A2,s14,G_new,300.0,0.02254091675997387
A2,s14,G_new,320.0,0.22956849837999027
A2,s14,G_new,340.0,0.06486738081659876
A2,s14,G_new,360.0,-0.05419401191675668
A2,s14,G_new,380.0,-0.17209191864510742
A2,s14,G_new,400.0,-0.20179520903694756
A2,s14,G_new,420.0,-0.032022506528458755
A2,s14,G_new,440.0,0.0729684641567428
A2,s14,G_new,460.0,-0.04323010819476404
A2,s14,G_new,480.0,0.0315355737570964
A2,s14,G_new,500.0,0.421926244239783
A2,s14,G_new,520.0,0.6027372413644082
A2,s14,G_new,540.0,0.2584771792925521
A2,s14,G_new,560.0,0.07081894712217209
A2,s14,G_new,580.0,0.34859320865938526
A2,s14,G_new,600.0,0.18029143319176577
A2,s14,G_new,620.0,0.08826415801469069
A2,s14,G_new,640.0,0.16341719635085372
A2,s14,G_new,660.0,0.14039621636589839
A2,s14,G_new,680.0,0.3066802641417781
A2,s14,G_new,700.0,0.22497887372071956
A2,s14,G_new,720.0,0.18666887421424655
A2,s14,G_new,740.0,0.12031707160672088
A2,s14,G_new,760.0,-0.1069820555380849
A2,s14,G_new,780.0,-0.1964104986242402
A2,s14,G_new,800.0,-0.22763200653909688
A2,s14,G_new,820.0,-0.3184103858630459
A2,s14,G_new,840.0,-0.12186028840377627
A2,s14,G_new,860.0,-0.10604072350343953
A2,s14,G_new,880.0,0.02053009132051915
A2,s14,G_new,900.0,0.01510236897982517
A2,s14,G_new,920.0,-0.1981023930506647
A2,s14,G_new,940.0,-0.07481251831716135
A2,s14,G_new,960.0,-0.00360544477251111
A2,s14,G_new,980.0,-0.0020102496931159175
A2,s14,A2,0.0,-0.2157013944923657
A2,s14,A2,20.0,0.1624085505524321
A2,s14,A2,40.0,0.1898103069841736
A2,s14,A2,60.0,0.29435427548470333
A2,s14,A2,80.0,0.6106368124007633
A2,s14,A2,100.0,0.359175511165883
A2,s14,A2,120.0,0.2438647223710665
A2,s14,A2,140.0,0.22832450068927662
A2,s14,A2,160.0,0.07754534089788775
A2,s14,A2,180.0,0.06251048591770011
A2,s14,A2,200.0,0.06412957564486077
A2,s14,A2,220.0,0.02173168563868416
A2,s14,A2,240.0,0.0354100428061869
A2,s14,A2,260.0,-0.020563291741213796
A2,s14,A2,280.0,0.020535794634464588
A2,s14,A2,300.0,-0.03742399153708581
A2,s14,A2,320.0,-0.10677396400094327
A2,s14,A2,340.0,0.16287330074414125
A2,s14,A2,360.0,0.2719155252784087
A2,s14,A2,380.0,-0.03927389405822401
A2,s14,A2,400.0,-0.2789112402785418
A2,s14,A2,420.0,-0.023310499065417795
A2,s14,A2,440.0,0.08868869735399758
A2,s14,A2,460.0,-0.003938948991459322
A2,s14,A2,480.0,0.005501290106273704
A2,s14,A2,500.0,0.11721985827936313
A2,s14,A2,520.0,0.2462590877314676
A2,s14,A2,540.0,0.14724710279534936
A2,s14,A2,560.0,-0.033273089459024324
A2,s14,A2,580.0,-0.20512871442878405
A2,s14,A2,600.0,-0.14713983844620523
A2,s14,A2,620.0,-0.23684624709669333
A2,s14,A2,640.0,-0.32204044567310086
A2,s14,A2,660.0,-0.06158933976922498
A2,s14,A2,680.0,0.03521124090990124
A2,s14,A2,700.0,0.062166360573574386
A2,s14,A2,720.0,-0.291468042660213
A2,s14,A2,740.0,-0.40281207531525925
A2,s14,A2,760.0,-0.17835470275979706
A2,s14,A2,780.0,0.09798379366142718
A2,s14,A2,800.0,0.06561412326171862
A2,s14,A2,820.0,-0.1355153341686488
A2,s14,A2,840.0,-0.024129715533879936
A2,s14,A2,860.0,0.09871385765393231
A2,s14,A2,880.0,0.06379388676975792
A2,s14,A2,900.0,-0.13142630347509524
A2,s14,A2,920.0,-0.17570807272539654
A2,s14,A2,940.0,-0.13375497565868438
A2,s14,A2,960.0,0.06745025948555493
A2,s14,A2,980.0,0.11987424872294722
A2,s14,I,0.0,0.1639325155292033
A2,s14,I,20.0,0.06833166947699504
A2,s14,I,40.0,-0.08573469921194975
A2,s14,I,60.0,-0.04385271658803194
A2,s14,I,80.0,-0.08732915947450995
A2,s14,I,100.0,0.12785225830629612
A2,s14,I,120.0,0.11319890255084131
A2,s14,I,140.0,-0.057989773629748435
A2,s14,I,160.0,-0.0669349709403658
A2,s14,I,180.0,0.07647422207643471
A2,s14,I,200.0,-0.006470124300005785
A2,s14,I,220.0,-0.13340339219521818
A2,s14,I,240.0,-0.05971524736624015
A2,s14,I,260.0,0.06759520979217223
A2,s14,I,280.0,0.18679043408475238
A2,s14,I,300.0,-0.1740207818808947
A2,s14,I,320.0,-0.6305505515948493
A2,s14,I,340.0,0.09907912032999266
A2,s14,I,360.0,0.6103265132534165
A2,s14,I,380.0,0.17606125531155672
A2,s14,I,400.0,-0.10910967258356305
A2,s14,I,420.0,-0.29265808222508066
A2,s14,I,440.0,-0.3998482526517227
A2,s14,I,460.0,-0.34242313853046297
A2,s14,I,480.0,-0.1929342080153158
A2,s14,I,500.0,-0.5033437387753342
A2,s14,I,520.0,-0.6598265105408332
A2,s14,I,540.0,-0.28219929796520843
A2,s14,I,560.0,-0.5845504754946327
A2,s14,I,580.0,-0.7199900873002988
A2,s14,I,600.0,-0.2768116660645664
A2,s14,I,620.0,-0.2722261009854946
A2,s14,I,640.0,-0.4933933364162523
A2,s14,I,660.0,-0.4083457591702375
A2,s14,I,680.0,-0.2432816937308856
A2,s14,I,700.0,-0.23455397783681975
A2,s14,I,720.0,-0.5830947204374454
A2,s14,I,740.0,-0.22077459098183466
A2,s14,I,760.0,0.3826344113152277
A2,s14,I,780.0,0.14735872368569713
A2,s14,I,800.0,-0.11110083520602204
A2,s14,I,820.0,-0.26865767391991036
A2,s14,I,840.0,-0.3000057756227187
A2,s14,I,860.0,-0.4701562444875247
A2,s14,I,880.0,-0.4658078656450681
A2,s14,I,900.0,-0.1738086793694823
A2,s14,I,920.0,0.12271577773633946
A2,s14,I,940.0,-0.07965020708086273
A2,s14,I,960.0,-0.3035227208230917
A2,s14,I,980.0,-0.2633797623329542
robust_A_AR,s14,G_new,0.0,0.31676585894635134
robust_A_AR,s14,G_new,20.0,0.007821266749069945
robust_A_AR,s14,G_new,40.0,-0.15103573760437772
robust_A_AR,s14,G_new,60.0,0.12391361759776078
robust_A_AR,s14,G_new,80.0,0.24438070475128545
robust_A_AR,s14,G_new,100.0,-0.14569277737649766
robust_A_AR,s14,G_new,120.0,-0.12204648475202635
robust_A_AR,s14,G_new,140.0,0.12820473729613688
robust_A_AR,s14,G_new,160.0,0.23636110175290664
robust_A_AR,s14,G_new,180.0,0.12875775576892765
robust_A_AR,s14,G_new,200.0,-0.03827205663419492
robust_A_AR,s14,G_new,220.0,-0.13364447342044034
robust_A_AR,s14,G_new,240.0,-0.12694560772384303
robust_A_AR,s14,G_new,260.0,-0.03669904360668396
robust_A_AR,s14,G_new,280.0,-0.0013411551588996817
robust_A_AR,s14,G_new,300.0,0.026236860621038943
robust_A_AR,s14,G_new,320.0,0.24176044736634694
robust_A_AR,s14,G_new,340.0,0.042150935086296935
robust_A_AR,s14,G_new,360.0,-0.09143253956914203
robust_A_AR,s14,G_new,380.0,-0.16890106002519747
robust_A_AR,s14,G_new,400.0,-0.16643963737187972
robust_A_AR,s14,G_new,420.0,-0.029591112318804902
robust_A_AR,s14,G_new,440.0,0.06033039522226814
robust_A_AR,s14,G_new,460.0,-0.043965969004935046
robust_A_AR,s14,G_new,480.0,0.030215219346424918
robust_A_AR,s14,G_new,500.0,0.4062152452220491
robust_A_AR,s14,G_new,520.0,0.5704451196860485
robust_A_AR,s14,G_new,540.0,0.23883417272848037
robust_A_AR,s14,G_new,560.0,0.07476030153461313
robust_A_AR,s14,G_new,580.0,0.3741390425004257
robust_A_AR,s14,G_new,600.0,0.19875260793786723
robust_A_AR,s14,G_new,620.0,0.11898150801023717
robust_A_AR,s14,G_new,640.0,0.20576260533332033
robust_A_AR,s14,G_new,660.0,0.14884112779693473
robust_A_AR,s14,G_new,680.0,0.30128178854814064
robust_A_AR,s14,G_new,700.0,0.21575532473790177
robust_A_AR,s14,G_new,720.0,0.22344198503850232
robust_A_AR,s14,G_new,740.0,0.1718080289758711
robust_A_AR,s14,G_new,760.0,-0.08453718191211392
robust_A_AR,s14,G_new,780.0,-0.20943967093826601
robust_A_AR,s14,G_new,800.0,-0.23704100698822608
robust_A_AR,s14,G_new,820.0,-0.30162550390171106
robust_A_AR,s14,G_new,840.0,-0.11920927086870337
robust_A_AR,s14,G_new,860.0,-0.1195119322001871
robust_A_AR,s14,G_new,880.0,0.011465208381671359
robust_A_AR,s14,G_new,900.0,0.031701167905506825
robust_A_AR,s14,G_new,920.0,-0.17634976288832926
robust_A_AR,s14,G_new,940.0,-0.05782932034221973
robust_A_AR,s14,G_new,960.0,-0.013325480852012135
robust_A_AR,s14,G_new,980.0,-0.018272041038038297
robust_A_AR,s14,AR,0.0,-0.1850865485258097
robust_A_AR,s14,AR,20.0,0.1886376155498975
robust_A_AR,s14,AR,40.0,0.13958461294700658
robust_A_AR,s14,AR,60.0,0.2256957562393317
robust_A_AR,s14,AR,80.0,0.5231844556511648
robust_A_AR,s14,AR,100.0,0.2758167704880351
robust_A_AR,s14,AR,120.0,0.18087520652625144
robust_A_AR,s14,AR,140.0,0.16028948548493613
robust_A_AR,s14,AR,160.0,0.034516736610811616
robust_A_AR,s14,AR,180.0,0.04467592763592493
robust_A_AR,s14,AR,200.0,0.05733764648484119
robust_A_AR,s14,AR,220.0,-0.011316521877034302
robust_A_AR,s14,AR,240.0,0.02437706782419677
robust_A_AR,s14,AR,260.0,-0.008907393186388668
robust_A_AR,s14,AR,280.0,0.08825533279420003
robust_A_AR,s14,AR,300.0,0.06695735894857614
robust_A_AR,s14,AR,320.0,0.040837835962822935
robust_A_AR,s14,AR,340.0,0.31329783333628897
robust_A_AR,s14,AR,360.0,0.46045772434320664
robust_A_AR,s14,AR,380.0,0.13298527596714343
robust_A_AR,s14,AR,400.0,-0.2132341128626829
robust_A_AR,s14,AR,420.0,0.02991714019539264
robust_A_AR,s14,AR,440.0,0.19507217320272344
robust_A_AR,s14,AR,460.0,0.1096232407816782
robust_A_AR,s14,AR,480.0,0.061016428870249634
robust_A_AR,s14,AR,500.0,0.16729977644363242
robust_A_AR,s14,AR,520.0,0.28635667809930065
robust_A_AR,s14,AR,540.0,0.20171604756439332
robust_A_AR,s14,AR,560.0,-0.00023004078585184273
robust_A_AR,s14,AR,580.0,-0.11516508685510235
robust_A_AR,s14,AR,600.0,-0.09510344938386828
robust_A_AR,s14,AR,620.0,-0.24436488610840468
robust_A_AR,s14,AR,640.0,-0.3850576405594914
robust_A_AR,s14,AR,660.0,-0.10523555957715075
robust_A_AR,s14,AR,680.0,0.11218186459912047
robust_A_AR,s14,AR,700.0,0.17001015122087143
robust_A_AR,s14,AR,720.0,-0.20694922264722265
robust_A_AR,s14,AR,740.0,-0.3471129834535304
robust_A_AR,s14,AR,760.0,-0.12141318632012083
robust_A_AR,s14,AR,780.0,0.13039702936171751
robust_A_AR,s14,AR,800.0,0.14970310799991288
robust_A_AR,s14,AR,820.0,-0.0677286949933748
robust_A_AR,s14,AR,840.0,0.01873318447018346
robust_A_AR,s14,AR,860.0,0.1628250848613661
robust_A_AR,s14,AR,880.0,0.1379725143466147
robust_A_AR,s14,AR,900.0,-0.09490056853650272
robust_A_AR,s14,AR,920.0,-0.08685803828123795
robust_A_AR,s14,AR,940.0,-0.1048158991371242
robust_A_AR,s14,AR,960.0,0.15824534968633164
robust_A_AR,s14,AR,980.0,0.18887231080451433
robust_A_AR,s14,I,0.0,0.1854646596639439
robust_A_AR,s14,I,20.0,0.0181394296218949
robust_A_AR,s14,I,40.0,-0.08862617979577497
robust_A_AR,s14,I,60.0,-0.054701505506829395
robust_A_AR,s14,I,80.0,-0.14774490003482477
robust_A_AR,s14,I,100.0,0.11432520299956822
robust_A_AR,s14,I,120.0,0.10842244237838883
robust_A_AR,s14,I,140.0,-0.05621506878215694
robust_A_AR,s14,I,160.0,-0.05259540944070312
robust_A_AR,s14,I,180.0,0.0764139851434262
robust_A_AR,s14,I,200.0,-0.01446465704764996
robust_A_AR,s14,I,220.0,-0.11491181361061031
robust_A_AR,s14,I,240.0,-0.05910789308714201
robust_A_AR,s14,I,260.0,0.06362327893621922
robust_A_AR,s14,I,280.0,0.13603609834057623
robust_A_AR,s14,I,300.0,-0.23859645440255584
robust_A_AR,s14,I,320.0,-0.711225105215227
robust_A_AR,s14,I,340.0,-0.036841430397682624
robust_A_AR,s14,I,360.0,0.4265661641639468
robust_A_AR,s14,I,380.0,0.06504753312730237
robust_A_AR,s14,I,400.0,-0.09925805790614506
robust_A_AR,s14,I,420.0,-0.32475185817229085
robust_A_AR,s14,I,440.0,-0.49073565178505624
robust_A_AR,s14,I,460.0,-0.41994892426609004
robust_A_AR,s14,I,480.0,-0.23230108138233724
robust_A_AR,s14,I,500.0,-0.5610484975832353
robust_A_AR,s14,I,520.0,-0.7361579098204899
robust_A_AR,s14,I,540.0,-0.34886650227297444
robust_A_AR,s14,I,560.0,-0.6007568781831454
robust_A_AR,s14,I,580.0,-0.7414707887013493
robust_A_AR,s14,I,600.0,-0.28360423280731795
robust_A_AR,s14,I,620.0,-0.22021967196478914
robust_A_AR,s14,I,640.0,-0.38627698700455776
robust_A_AR,s14,I,660.0,-0.3660748154155993
robust_A_AR,s14,I,680.0,-0.3033161127362951
robust_A_AR,s14,I,700.0,-0.3212051095105798
robust_A_AR,s14,I,720.0,-0.5837526552564376
robust_A_AR,s14,I,740.0,-0.17954888571731603
robust_A_AR,s14,I,760.0,0.37863047745295747
robust_A_AR,s14,I,780.0,0.10563843828752129
robust_A_AR,s14,I,800.0,-0.182053916031662
robust_A_AR,s14,I,820.0,-0.28860854905555217
robust_A_AR,s14,I,840.0,-0.3247908076395385
robust_A_AR,s14,I,860.0,-0.5338775553084735
robust_A_AR,s14,I,880.0,-0.5295676208568787
robust_A_AR,s14,I,900.0,-0.173012599878892
robust_A_AR,s14,I,920.0,0.09618676851949626
robust_A_AR,s14,I,940.0,-0.07316254814075462
robust_A_AR,s14,I,960.0,-0.3794628445155124
robust_A_AR,s14,I,980.0,-0.33465388494090637
original_A,s15,G_new,0.0,0.18446706310892963
original_A,s15,G_new,20.0,0.1655530048362046
original_A,s15,G_new,40.0,0.0392063184613735
original_A,s15,G_new,60.0,0.13547344800456232
original_A,s15,G_new,80.0,0.23596936364430776
original_A,s15,G_new,100.0,0.11479580418621554
original_A,s15,G_new,120.0,0.14511513487273714
original_A,s15,G_new,140.0,0.16716583034148508
original_A,s15,G_new,160.0,0.32081479714068184
original_A,s15,G_new,180.0,0.28750471768827934
original_A,s15,G_new,200.0,0.14080928377079438
original_A,s15,G_new,220.0,-0.055481210421699255
original_A,s15,G_new,240.0,0.05601447311051022
original_A,s15,G_new,260.0,0.1647238446914882
original_A,s15,G_new,280.0,0.14859736294320977
original_A,s15,G_new,300.0,0.16052734350679496
original_A,s15,G_new,320.0,0.5167100848590195
original_A,s15,G_new,340.0,0.5415073654519743
original_A,s15,G_new,360.0,0.08937398451046748
original_A,s15,G_new,380.0,0.08118114126024988
original_A,s15,G_new,400.0,0.5047856342389418
original_A,s15,G_new,420.0,0.7169528418298823
original_A,s15,G_new,440.0,0.37599444444952107
original_A,s15,G_new,460.0,0.10419763081216092
original_A,s15,G_new,480.0,0.17492083240174766
original_A,s15,G_new,500.0,0.20733276716979415
original_A,s15,G_new,520.0,0.32988608351330817
original_A,s15,G_new,540.0,0.33117675611461544
original_A,s15,G_new,560.0,0.5297679479509034
original_A,s15,G_new,580.0,0.36117433521590186
original_A,s15,G_new,600.0,-0.002888600735878527
original_A,s15,G_new,620.0,-0.06426867664696606
original_A,s15,G_new,640.0,0.1718550640644817
original_A,s15,G_new,660.0,0.07854247938655382
original_A,s15,G_new,680.0,0.07189344244207005
original_A,s15,G_new,700.0,0.16901570865835752
original_A,s15,G_new,720.0,0.06863181252321095
original_A,s15,G_new,740.0,0.06528611077906467
original_A,s15,G_new,760.0,-0.22036454917188386
original_A,s15,G_new,780.0,-0.31387903402840756
original_A,s15,G_new,800.0,-0.15274898140595738
original_A,s15,G_new,820.0,-0.052465402916981506
original_A,s15,G_new,840.0,-0.01421331897706007
original_A,s15,G_new,860.0,0.1432012727554385
original_A,s15,G_new,880.0,0.24328554601964508
original_A,s15,G_new,900.0,0.1953848476410096
original_A,s15,G_new,920.0,-0.0753243573830162
original_A,s15,G_new,940.0,-0.09419811439231864
original_A,s15,G_new,960.0,0.28023055279695636
original_A,s15,G_new,980.0,0.3434321619669821
original_A,s15,A,0.0,-0.029206893268566073
original_A,s15,A,20.0,-0.056448418782034104
original_A,s15,A,40.0,-0.3379040480923425
original_A,s15,A,60.0,-0.24655212855679842
original_A,s15,A,80.0,-0.192621139380512
original_A,s15,A,100.0,-0.33531297674015215
original_A,s15,A,120.0,-0.29237833724983886
original_A,s15,A,140.0,-0.2747232154423341
original_A,s15,A,160.0,-0.014160792375862874
original_A,s15,A,180.0,-0.16740564510666747
original_A,s15,A,200.0,-0.22747263663998957
original_A,s15,A,220.0,-0.03156146359575041
original_A,s15,A,240.0,-0.12644215591059849
original_A,s15,A,260.0,-0.11311949230203916
original_A,s15,A,280.0,0.037123678513388866
original_A,s15,A,300.0,-0.10090752340676822
original_A,s15,A,320.0,-0.3344011553263238
original_A,s15,A,340.0,-0.39678275923186684
original_A,s15,A,360.0,-0.2653886193153713
original_A,s15,A,380.0,-0.3586233718681994
original_A,s15,A,400.0,-0.4193545910844132
original_A,s15,A,420.0,-0.1689455673323839
original_A,s15,A,440.0,0.0010530096489068386
original_A,s15,A,460.0,-0.40841268349974985
original_A,s15,A,480.0,-0.5353915504382867
original_A,s15,A,500.0,-0.08965179839740114
original_A,s15,A,520.0,0.0839159392921595
original_A,s15,A,540.0,-0.34716098970832665
original_A,s15,A,560.0,-0.7888394833842196
original_A,s15,A,580.0,-0.27704677019339324
original_A,s15,A,600.0,0.08489728192217161
original_A,s15,A,620.0,-0.11222186951434157
original_A,s15,A,640.0,-0.6216339140547729
original_A,s15,A,660.0,-0.6007452073082469
original_A,s15,A,680.0,-0.4786941579360798
original_A,s15,A,700.0,-0.19952669756293326
original_A,s15,A,720.0,-0.07978617420192159
original_A,s15,A,740.0,-0.2728868046273073
original_A,s15,A,760.0,-0.31265657036481687
original_A,s15,A,780.0,-0.1501116429765378
original_A,s15,A,800.0,-0.10618143680606577
original_A,s15,A,820.0,-0.2676140957864784
original_A,s15,A,840.0,-0.21659239070524083
original_A,s15,A,860.0,-0.3390286186801804
original_A,s15,A,880.0,-0.3507528254650874
original_A,s15,A,900.0,-0.22124992413288636
original_A,s15,A,920.0,-0.041685455459809
original_A,s15,A,940.0,0.02143390320912233
original_A,s15,A,960.0,-0.03959418701227219
original_A,s15,A,980.0,-0.07935506506614509
original_A,s15,I,0.0,0.20986958372948206
original_A,s15,I,20.0,0.17458315805362057
original_A,s15,I,40.0,0.37363051782850454
original_A,s15,I,60.0,0.2661177073739389
original_A,s15,I,80.0,0.1277385015093826
original_A,s15,I,100.0,0.4047161715896051
original_A,s15,I,120.0,0.4670677371393124
original_A,s15,I,140.0,0.3874462674082024
original_A,s15,I,160.0,-0.025649199542972595
original_A,s15,I,180.0,0.10377588156639383
original_A,s15,I,200.0,0.15522786706235503
original_A,s15,I,220.0,0.2429508791303226
original_A,s15,I,240.0,0.1999782698202222
original_A,s15,I,260.0,-0.0006661833253360783
original_A,s15,I,280.0,-0.056460227990245304
original_A,s15,I,300.0,0.32245071392669106
original_A,s15,I,320.0,0.37254676272491477
original_A,s15,I,340.0,0.1284310153420512
original_A,s15,I,360.0,0.12215192739394204
original_A,s15,I,380.0,0.6250084620390062
original_A,s15,I,400.0,0.3421426701735321
original_A,s15,I,420.0,-0.574879973731731
original_A,s15,I,440.0,-0.6243791081253254
original_A,s15,I,460.0,0.3580554382923643
original_A,s15,I,480.0,0.3903337954831841
original_A,s15,I,500.0,-0.18725446288098876
original_A,s15,I,520.0,-0.11941054135585735
original_A,s15,I,540.0,0.23236627095344356
original_A,s15,I,560.0,0.12483523094168798
original_A,s15,I,580.0,0.11592276855336206
original_A,s15,I,600.0,0.1440517663711717
original_A,s15,I,620.0,0.3801573484029601
original_A,s15,I,640.0,0.42638493049377413
original_A,s15,I,660.0,0.5957180731733756
original_A,s15,I,680.0,0.4321407373074526
original_A,s15,I,700.0,-0.009545333066490455
original_A,s15,I,720.0,-0.08548026069163242
original_A,s15,I,740.0,0.005204032212247911
original_A,s15,I,760.0,0.1605933908555469
original_A,s15,I,780.0,-0.102158460062996
original_A,s15,I,800.0,-0.1790827368076544
original_A,s15,I,820.0,0.1649215196608357
original_A,s15,I,840.0,-0.25251779446398864
original_A,s15,I,860.0,-0.3850727791517626
original_A,s15,I,880.0,-0.36743789872298704
original_A,s15,I,900.0,-0.1901547684478243
original_A,s15,I,920.0,-0.07699515579372643
original_A,s15,I,940.0,-0.14402666122661387
original_A,s15,I,960.0,-0.664792011997508
original_A,s15,I,980.0,-0.5652413391105218
A2,s15,G_new,0.0,0.18066459222174389
A2,s15,G_new,20.0,0.15426841635613392
A2,s15,G_new,40.0,-0.033855955823295925
A2,s15,G_new,60.0,0.0826904594802816
A2,s15,G_new,80.0,0.19445837245729425
A2,s15,G_new,100.0,0.04114351394333628
A2,s15,G_new,120.0,0.08190765589952312
A2,s15,G_new,140.0,0.10477766756245678
A2,s15,G_new,160.0,0.31994264709473086
A2,s15,G_new,180.0,0.2579468372654006
A2,s15,G_new,200.0,0.09294915587922373
A2,s15,G_new,220.0,-0.06165675675621149
A2,s15,G_new,240.0,0.024481937956169274
A2,s15,G_new,260.0,0.13540579704877603
A2,s15,G_new,280.0,0.15136582725980977
A2,s15,G_new,300.0,0.12520699041770986
A2,s15,G_new,320.0,0.42580870974271934
A2,s15,G_new,340.0,0.44270793918946777
A2,s15,G_new,360.0,0.03591902190806888
A2,s15,G_new,380.0,0.0004378025592868401
A2,s15,G_new,400.0,0.40354222810149093
A2,s15,G_new,420.0,0.6732928458798785
A2,s15,G_new,440.0,0.37730657418997543
A2,s15,G_new,460.0,0.004931410030149477
A2,s15,G_new,480.0,0.03621867194471467
A2,s15,G_new,500.0,0.1754762730986813
A2,s15,G_new,520.0,0.35736622527510764
A2,s15,G_new,540.0,0.26484439354956313
A2,s15,G_new,560.0,0.3422352274431033
A2,s15,G_new,580.0,0.276569250947843
A2,s15,G_new,600.0,-0.004695504685120713
A2,s15,G_new,620.0,-0.09406500367809087
A2,s15,G_new,640.0,0.03456067363863996
A2,s15,G_new,660.0,-0.059047660700286504
A2,s15,G_new,680.0,-0.03551399776267399
A2,s15,G_new,700.0,0.11505547257728255
A2,s15,G_new,720.0,0.0398057944565795
A2,s15,G_new,740.0,0.0016689274132149776
A2,s15,G_new,760.0,-0.29116882862544946
A2,s15,G_new,780.0,-0.3561978861938313
A2,s15,G_new,800.0,-0.18847437275561668
A2,s15,G_new,820.0,-0.10816955458366412
A2,s15,G_new,840.0,-0.05539956010685894
A2,s15,G_new,860.0,0.05980846715626825
A2,s15,G_new,880.0,0.15238130773068523
A2,s15,G_new,900.0,0.14402891173679047
A2,s15,G_new,920.0,-0.08135492934371316
A2,s15,G_new,940.0,-0.09698078443990239
A2,s15,G_new,960.0,0.25575732210683105
A2,s15,G_new,980.0,0.3278844347433403
A2,s15,A2,0.0,0.00785195224526905
A2,s15,A2,20.0,-0.03242094422689108
A2,s15,A2,40.0,-0.2607361004370679
A2,s15,A2,60.0,-0.18387291631502545
A2,s15,A2,80.0,-0.14696367712885994
A2,s15,A2,100.0,-0.2726481221637895
A2,s15,A2,120.0,-0.22547251156730397
A2,s15,A2,140.0,-0.24810869288523074
A2,s15,A2,160.0,0.015555836168971743
A2,s15,A2,180.0,-0.04888350043017241
A2,s15,A2,200.0,-0.15950616339406642
A2,s15,A2,220.0,-0.016507845003918546
A2,s15,A2,240.0,-0.14827630497721514
A2,s15,A2,260.0,-0.1460528195081393
A2,s15,A2,280.0,-0.03495093245891473
A2,s15,A2,300.0,-0.24115643849491758
A2,s15,A2,320.0,-0.4829407295225687
A2,s15,A2,340.0,-0.46346752714642914
A2,s15,A2,360.0,-0.15727705896307242
A2,s15,A2,380.0,-0.315437955555874
A2,s15,A2,400.0,-0.4514168020302337
A2,s15,A2,420.0,-0.21659692616726045
A2,s15,A2,440.0,0.01392790495375057
A2,s15,A2,460.0,-0.4476746351163449
A2,s15,A2,480.0,-0.6905459690143436
A2,s15,A2,500.0,-0.2200128084841254
A2,s15,A2,520.0,0.1776582166292699
A2,s15,A2,540.0,-0.1622799854470483
A2,s15,A2,560.0,-0.8139063364538908
A2,s15,A2,580.0,-0.5125186834970856
A2,s15,A2,600.0,-0.17835058075579505
A2,s15,A2,620.0,-0.15349182538748415
A2,s15,A2,640.0,-0.5145430515580269
A2,s15,A2,660.0,-0.5566256440823829
A2,s15,A2,680.0,-0.41657988482881464
A2,s15,A2,700.0,-0.2847962637952991
A2,s15,A2,720.0,-0.20154806576701984
A2,s15,A2,740.0,-0.26635776207872686
A2,s15,A2,760.0,-0.2799683687025778
A2,s15,A2,780.0,-0.23509506210902062
A2,s15,A2,800.0,-0.23633318920680474
A2,s15,A2,820.0,-0.18037653336081125
A2,s15,A2,840.0,-0.09884805807840916
A2,s15,A2,860.0,-0.38360134276974023
A2,s15,A2,880.0,-0.45283305530215323
A2,s15,A2,900.0,-0.21325554637825686
A2,s15,A2,920.0,0.003907825694957248
A2,s15,A2,940.0,-0.07316460434099648
A2,s15,A2,960.0,-0.22299412304726035
A2,s15,A2,980.0,-0.041754078781041565
A2,s15,I,0.0,0.18463119386585544
A2,s15,I,20.0,0.14881984511948707
A2,s15,I,40.0,0.2516438754850073
A2,s15,I,60.0,0.17402809792493296
A2,s15,I,80.0,0.057393786839206304
A2,s15,I,100.0,0.29039173205776225
A2,s15,I,120.0,0.3614511883141437
A2,s15,I,140.0,0.3057365010059977
A2,s15,I,160.0,-0.04356701564455506
A2,s15,I,180.0,0.004516175903607339
A2,s15,I,200.0,0.06536257357900904
A2,s15,I,220.0,0.2277630444680579
A2,s15,I,240.0,0.17885212267419776
A2,s15,I,260.0,-0.01308694916566941
A2,s15,I,280.0,-0.01230626817532196
A2,s15,I,300.0,0.3649821846239176
A2,s15,I,320.0,0.36057811526396943
A2,s15,I,340.0,0.061250068627326626
A2,s15,I,360.0,0.00337356920225243
A2,s15,I,380.0,0.5142621103989571
A2,s15,I,400.0,0.2525640136851107
A2,s15,I,420.0,-0.5941728245961024
A2,s15,I,440.0,-0.6303408634111658
A2,s15,I,460.0,0.2747000291246639
A2,s15,I,480.0,0.3311993845069079
A2,s15,I,500.0,-0.1466837911795833
A2,s15,I,520.0,-0.1437116246112186
A2,s15,I,540.0,0.05597567056718463
A2,s15,I,560.0,-0.06071186579600009
A2,s15,I,580.0,0.16036192207766078
A2,s15,I,600.0,0.2926181661965269
A2,s15,I,620.0,0.3719926630097048
A2,s15,I,640.0,0.2188318634318263
A2,s15,I,660.0,0.42384891143695846
A2,s15,I,680.0,0.2821539453258944
A2,s15,I,700.0,-0.018311052582802207
A2,s15,I,720.0,-0.046595531616072175
A2,s15,I,740.0,-0.06633328740358262
A2,s15,I,760.0,0.0664413400283705
A2,s15,I,780.0,-0.09868007664784516
A2,s15,I,800.0,-0.14275526264153082
A2,s15,I,820.0,0.05567906252778188
A2,s15,I,840.0,-0.36372664998540855
A2,s15,I,860.0,-0.4484738582455999
A2,s15,I,880.0,-0.40596924749953706
A2,s15,I,900.0,-0.24946143109942315
A2,s15,I,920.0,-0.10948723725917345
A2,s15,I,940.0,-0.09291289254325018
A2,s15,I,960.0,-0.5860310359317498
A2,s15,I,980.0,-0.6033080533404828
robust_A_AR,s15,G_new,0.0,0.1803480659425905
robust_A_AR,s15,G_new,20.0,0.15866059964218054
robust_A_AR,s15,G_new,40.0,-0.0005556936484599484
robust_A_AR,s15,G_new,60.0,0.10631797524946422
robust_A_AR,s15,G_new,80.0,0.21326570889354546
robust_A_AR,s15,G_new,100.0,0.07565096371143559
robust_A_AR,s15,G_new,120.0,0.11070722321072919
robust_A_AR,s15,G_new,140.0,0.13564936890156426
robust_A_AR,s15,G_new,160.0,0.31855399401501266
robust_A_AR,s15,G_new,180.0,0.266003347337194
robust_A_AR,s15,G_new,200.0,0.11368244879724466
robust_A_AR,s15,G_new,220.0,-0.05937124546637855
robust_A_AR,s15,G_new,240.0,0.04227401736802223
robust_A_AR,s15,G_new,260.0,0.15273195076298768
robust_A_AR,s15,G_new,280.0,0.1543933761838467
robust_A_AR,s15,G_new,300.0,0.1523188142321717
robust_A_AR,s15,G_new,320.0,0.48240885444692105
robust_A_AR,s15,G_new,340.0,0.4983479001752317
robust_A_AR,s15,G_new,360.0,0.057078699989471626
robust_A_AR,s15,G_new,380.0,0.03985006855029906
robust_A_AR,s15,G_new,400.0,0.458308610602592
robust_A_AR,s15,G_new,420.0,0.6990083205597618
robust_A_AR,s15,G_new,440.0,0.37582394882045883
robust_A_AR,s15,G_new,460.0,0.059113691919457895
robust_A_AR,s15,G_new,480.0,0.1181473967207908
robust_A_AR,s15,G_new,500.0,0.20016906853651034
robust_A_AR,s15,G_new,520.0,0.33722622835808147
robust_A_AR,s15,G_new,540.0,0.2879550341017181
robust_A_AR,s15,G_new,560.0,0.4415498018477347
robust_A_AR,s15,G_new,580.0,0.33527952300528674
robust_A_AR,s15,G_new,600.0,0.012575487168892552
robust_A_AR,s15,G_new,620.0,-0.07597241105261505
robust_A_AR,s15,G_new,640.0,0.09948866207858162
robust_A_AR,s15,G_new,660.0,0.009940561804429496
robust_A_AR,s15,G_new,680.0,0.01662396393958779
robust_A_AR,s15,G_new,700.0,0.14847383006765336
robust_A_AR,s15,G_new,720.0,0.06238542395569979
robust_A_AR,s15,G_new,740.0,0.034427196864942264
robust_A_AR,s15,G_new,760.0,-0.2562866011699702
robust_A_AR,s15,G_new,780.0,-0.32886586268746054
robust_A_AR,s15,G_new,800.0,-0.16177772417114633
robust_A_AR,s15,G_new,820.0,-0.08454258944027873
robust_A_AR,s15,G_new,840.0,-0.04123300737197164
robust_A_AR,s15,G_new,860.0,0.10604545486206059
robust_A_AR,s15,G_new,880.0,0.20610110740276655
robust_A_AR,s15,G_new,900.0,0.17030457187256168
robust_A_AR,s15,G_new,920.0,-0.0810393442409876
robust_A_AR,s15,G_new,940.0,-0.08966232197112645
robust_A_AR,s15,G_new,960.0,0.2798912300650682
robust_A_AR,s15,G_new,980.0,0.3336570124630809
robust_A_AR,s15,AR,0.0,-0.008585080174949786
robust_A_AR,s15,AR,20.0,-0.044161082996261876
robust_A_AR,s15,AR,40.0,-0.3029629747467716
robust_A_AR,s15,AR,60.0,-0.21736568755690744
robust_A_AR,s15,AR,80.0,-0.17173689140311313
robust_A_AR,s15,AR,100.0,-0.3086975126266911
robust_A_AR,s15,AR,120.0,-0.26206684826584203
robust_A_AR,s15,AR,140.0,-0.26723934656126125
robust_A_AR,s15,AR,160.0,0.0026426981107430247
robust_A_AR,s15,AR,180.0,-0.10358902849372974
robust_A_AR,s15,AR,200.0,-0.1946728777612272
robust_A_AR,s15,AR,220.0,-0.023753400703408686
robust_A_AR,s15,AR,240.0,-0.1427394125013826
robust_A_AR,s15,AR,260.0,-0.13546092018205388
robust_A_AR,s15,AR,280.0,-0.0035512416873694497
robust_A_AR,s15,AR,300.0,-0.1850552331578163
robust_A_AR,s15,AR,320.0,-0.4300922602889203
robust_A_AR,s15,AR,340.0,-0.44686333726607635
robust_A_AR,s15,AR,360.0,-0.21043089280176772
robust_A_AR,s15,AR,380.0,-0.3439637083633834
robust_A_AR,s15,AR,400.0,-0.4500329279807854
robust_A_AR,s15,AR,420.0,-0.2014236920759357
robust_A_AR,s15,AR,440.0,0.008540751531964763
robust_A_AR,s15,AR,460.0,-0.44294531281584276
robust_A_AR,s15,AR,480.0,-0.6407169747322808
robust_A_AR,s15,AR,500.0,-0.16774730966080567
robust_A_AR,s15,AR,520.0,0.14063570721676344
robust_A_AR,s15,AR,540.0,-0.2500980982835528
robust_A_AR,s15,AR,560.0,-0.8261335909146759
robust_A_AR,s15,AR,580.0,-0.4214345316348453
robust_A_AR,s15,AR,600.0,-0.0651288666744366
robust_A_AR,s15,AR,620.0,-0.13936608682970453
robust_A_AR,s15,AR,640.0,-0.5775527351880685
robust_A_AR,s15,AR,660.0,-0.5925348970469957
robust_A_AR,s15,AR,680.0,-0.456537231986248
robust_A_AR,s15,AR,700.0,-0.25467679769862733
robust_A_AR,s15,AR,720.0,-0.1526161065052054
robust_A_AR,s15,AR,740.0,-0.2769837386337499
robust_A_AR,s15,AR,760.0,-0.3027499256036308
robust_A_AR,s15,AR,780.0,-0.2036693144629501
robust_A_AR,s15,AR,800.0,-0.18463297856289407
robust_A_AR,s15,AR,820.0,-0.22481116688464364
robust_A_AR,s15,AR,840.0,-0.15464639111062817
robust_A_AR,s15,AR,860.0,-0.37463410663737273
robust_A_AR,s15,AR,880.0,-0.420006052139824
robust_A_AR,s15,AR,900.0,-0.22300727787895486
robust_A_AR,s15,AR,920.0,-0.016480639387222912
robust_A_AR,s15,AR,940.0,-0.032740196388205314
robust_A_AR,s15,AR,960.0,-0.14696543090523684
robust_A_AR,s15,AR,980.0,-0.05986708959493592
robust_A_AR,s15,I,0.0,0.19423766279601437
robust_A_AR,s15,I,20.0,0.163027394923474
robust_A_AR,s15,I,40.0,0.33058621003657673
robust_A_AR,s15,I,60.0,0.2322121714783198
robust_A_AR,s15,I,80.0,0.10254738485866136
robust_A_AR,s15,I,100.0,0.36745470786427037
robust_A_AR,s15,I,120.0,0.42976998119118726
robust_A_AR,s15,I,140.0,0.3666099555689026
robust_A_AR,s15,I,160.0,-0.037833396611809095
robust_A_AR,s15,I,180.0,0.05097927198011143
robust_A_AR,s15,I,200.0,0.11997248579097461
robust_A_AR,s15,I,220.0,0.23585507972268305
robust_A_AR,s15,I,240.0,0.20374788308538622
robust_A_AR,s15,I,260.0,0.007958483571117031
robust_A_AR,s15,I,280.0,-0.02680350350373742
robust_A_AR,s15,I,300.0,0.3736019015288323
robust_A_AR,s15,I,320.0,0.4181047210482086
robust_A_AR,s15,I,340.0,0.13954217869548913
robust_A_AR,s15,I,360.0,0.0697250932809089
robust_A_AR,s15,I,380.0,0.5944994572408573
robust_A_AR,s15,I,400.0,0.3388281375095773
robust_A_AR,s15,I,420.0,-0.5626005914925912
robust_A_AR,s15,I,440.0,-0.6293857457005309
robust_A_AR,s15,I,460.0,0.3579773494463393
robust_A_AR,s15,I,480.0,0.43087262695787193
robust_A_AR,s15,I,500.0,-0.13955271736462044
robust_A_AR,s15,I,520.0,-0.15297622880971945
robust_A_AR,s15,I,540.0,0.14675156130305939
robust_A_AR,s15,I,560.0,0.10478560660221371
robust_A_AR,s15,I,580.0,0.1977273494048032
robust_A_AR,s15,I,600.0,0.25045113066932345
robust_A_AR,s15,I,620.0,0.392083682518782
robust_A_AR,s15,I,640.0,0.36086643425508036
robust_A_AR,s15,I,660.0,0.5556732638652103
robust_A_AR,s15,I,680.0,0.38966494294143333
robust_A_AR,s15,I,700.0,0.016320925580893264
robust_A_AR,s15,I,720.0,-0.04077544315179312
robust_A_AR,s15,I,740.0,-0.007689911963667126
robust_A_AR,s15,I,760.0,0.13593979117338062
robust_A_AR,s15,I,780.0,-0.07453291169722154
robust_A_AR,s15,I,800.0,-0.13208902446539966
robust_A_AR,s15,I,820.0,0.12059229317009418
robust_A_AR,s15,I,840.0,-0.3068723314476585
robust_A_AR,s15,I,860.0,-0.380441510428434
robust_A_AR,s15,I,880.0,-0.34070968065150947
robust_A_AR,s15,I,900.0,-0.20166747907573013
robust_A_AR,s15,I,920.0,-0.09644487144367937
robust_A_AR,s15,I,940.0,-0.10613554609407458
robust_A_AR,s15,I,960.0,-0.5944050428052016
robust_A_AR,s15,I,980.0,-0.5829849748425423
original_A,s16,G_new,0.0,0.04459684482774315
original_A,s16,G_new,20.0,-0.06871978933604227
original_A,s16,G_new,40.0,-0.2501295736922879
original_A,s16,G_new,60.0,-0.17322497640925388
original_A,s16,G_new,80.0,-0.07834074108519916
original_A,s16,G_new,100.0,-0.23834360485681638
original_A,s16,G_new,120.0,-0.24337786644635145
original_A,s16,G_new,140.0,-0.221705822548939
original_A,s16,G_new,160.0,-0.15020560675478312
original_A,s16,G_new,180.0,-0.21862301577733068
original_A,s16,G_new,200.0,-0.30214942047405213
original_A,s16,G_new,220.0,-0.35178547158228224
original_A,s16,G_new,240.0,-0.20036219955837972
original_A,s16,G_new,260.0,-0.0019126270185913924
original_A,s16,G_new,280.0,-0.10800574921393594
original_A,s16,G_new,300.0,-0.22736519815634773
original_A,s16,G_new,320.0,-0.09444196140426153
original_A,s16,G_new,340.0,0.06601439670477979
original_A,s16,G_new,360.0,0.27409615568398815
original_A,s16,G_new,380.0,0.25526368030449675
original_A,s16,G_new,400.0,0.3860523475025554
original_A,s16,G_new,420.0,0.47226124808544767
original_A,s16,G_new,440.0,0.4876404172392338
original_A,s16,G_new,460.0,0.45629862293530804
original_A,s16,G_new,480.0,0.36963152240447117
original_A,s16,G_new,500.0,0.30151325610916907
original_A,s16,G_new,520.0,0.46223494151158934
original_A,s16,G_new,540.0,0.5212115113674064
original_A,s16,G_new,560.0,0.6341105689012864
original_A,s16,G_new,580.0,0.6133872288177569
original_A,s16,G_new,600.0,0.4287266770027673
original_A,s16,G_new,620.0,0.23909207198910518
original_A,s16,G_new,640.0,0.33510139638268266
original_A,s16,G_new,660.0,0.32673176181491587
original_A,s16,G_new,680.0,0.19366821542939355
original_A,s16,G_new,700.0,-0.004266731037668253
original_A,s16,G_new,720.0,-0.08023368284361708
original_A,s16,G_new,740.0,0.02583419629128232
original_A,s16,G_new,760.0,0.0037496840145985547
original_A,s16,G_new,780.0,-0.08675558242986753
original_A,s16,G_new,800.0,-0.01778727261312482
original_A,s16,G_new,820.0,-0.013405328251831383
original_A,s16,G_new,840.0,-0.17528138557531717
original_A,s16,G_new,860.0,-0.18725954892321578
original_A,s16,G_new,880.0,-0.16726953258271202
original_A,s16,G_new,900.0,-0.16192355052979174
original_A,s16,G_new,920.0,-0.06072861278743091
original_A,s16,G_new,940.0,0.0850786224075493
original_A,s16,G_new,960.0,0.16388640532695511
original_A,s16,G_new,980.0,0.24980505817962034
original_A,s16,A,0.0,0.19971556796938977
original_A,s16,A,20.0,0.27946906038628067
original_A,s16,A,40.0,0.06903596618631924
original_A,s16,A,60.0,-0.07975705624682111
original_A,s16,A,80.0,-0.06029168758883485
original_A,s16,A,100.0,-0.06784411611190534
original_A,s16,A,120.0,-0.07553358604182137
original_A,s16,A,140.0,-0.2801585071925629
original_A,s16,A,160.0,-0.2569307490290922
original_A,s16,A,180.0,-0.3460963350039053
original_A,s16,A,200.0,-0.382689868193958
original_A,s16,A,220.0,-0.27098824605213295
original_A,s16,A,240.0,-0.1508080217066777
original_A,s16,A,260.0,0.011935834598425149
original_A,s16,A,280.0,0.01146370871852423
original_A,s16,A,300.0,0.09968751396522185
original_A,s16,A,320.0,0.11437149056045198
original_A,s16,A,340.0,-0.006785551125552347
original_A,s16,A,360.0,-0.06535508643391719
original_A,s16,A,380.0,-0.06350624323484386
original_A,s16,A,400.0,-0.03932504749151264
original_A,s16,A,420.0,-0.28300657834048154
original_A,s16,A,440.0,-0.2578523080078023
original_A,s16,A,460.0,-0.10385406629342599
original_A,s16,A,480.0,-0.080263762758792
original_A,s16,A,500.0,-0.10685890747134565
original_A,s16,A,520.0,-0.12800099610414956
original_A,s16,A,540.0,-0.1576522005334243
original_A,s16,A,560.0,-0.02708777525068623
original_A,s16,A,580.0,0.030746277446173198
original_A,s16,A,600.0,0.3424086939627278
original_A,s16,A,620.0,0.6256124496584323
original_A,s16,A,640.0,0.24045557591709288
original_A,s16,A,660.0,-0.052987012068180586
original_A,s16,A,680.0,-0.06535784269181238
original_A,s16,A,700.0,-0.06758454120223051
original_A,s16,A,720.0,0.1424908233108567
original_A,s16,A,740.0,0.07533125914065027
original_A,s16,A,760.0,0.0010992703815875665
original_A,s16,A,780.0,0.1645867805986449
original_A,s16,A,800.0,0.3503683309021607
original_A,s16,A,820.0,0.3711002266980702
original_A,s16,A,840.0,0.36605379734294885
original_A,s16,A,860.0,0.311382037755942
original_A,s16,A,880.0,0.213712987352897
original_A,s16,A,900.0,0.26800642124439594
original_A,s16,A,920.0,0.27843225365111396
original_A,s16,A,940.0,0.09406462212748776
original_A,s16,A,960.0,-0.012553420490116818
original_A,s16,A,980.0,0.051780935184854056
original_A,s16,I,0.0,-0.5672236121604081
original_A,s16,I,20.0,-0.6922580807166319
original_A,s16,I,40.0,-0.60767891120751
original_A,s16,I,60.0,-0.5810402729725019
original_A,s16,I,80.0,-0.5942246897134027
original_A,s16,I,100.0,-0.5885194925787416
original_A,s16,I,120.0,-0.6420974135006949
original_A,s16,I,140.0,-0.5604844349326492
original_A,s16,I,160.0,-0.5320495850973084
original_A,s16,I,180.0,-0.44940515112730045
original_A,s16,I,200.0,-0.23296980024349562
original_A,s16,I,220.0,-0.3293794523354206
original_A,s16,I,240.0,-0.6597935353806229
original_A,s16,I,260.0,-0.8396243958538282
original_A,s16,I,280.0,-0.8220720486322995
original_A,s16,I,300.0,-0.8382887685360177
original_A,s16,I,320.0,-0.6172207518689796
original_A,s16,I,340.0,-0.5296548573617985
original_A,s16,I,360.0,-0.3959931746201288
original_A,s16,I,380.0,-0.33191124523519383
original_A,s16,I,400.0,-0.2729580790737846
original_A,s16,I,420.0,0.161605014165663
original_A,s16,I,440.0,0.0647141043492171
original_A,s16,I,460.0,-0.17230430761968352
original_A,s16,I,480.0,-0.03066631349529316
original_A,s16,I,500.0,0.2016690795238933
original_A,s16,I,520.0,0.01678591323546466
original_A,s16,I,540.0,-0.23492788971429635
original_A,s16,I,560.0,-0.5883646362184468
original_A,s16,I,580.0,-0.7069341712600017
original_A,s16,I,600.0,-0.7324645595735978
original_A,s16,I,620.0,-0.8544315380418226
original_A,s16,I,640.0,-0.7158995695848256
original_A,s16,I,660.0,-0.6812573913519329
original_A,s16,I,680.0,-0.5561902682315285
original_A,s16,I,700.0,-0.48216706354513444
original_A,s16,I,720.0,-0.6151188837977355
original_A,s16,I,740.0,-0.666857182672392
original_A,s16,I,760.0,-0.6665037528532034
original_A,s16,I,780.0,-0.905013785846694
original_A,s16,I,800.0,-0.9698383906648939
original_A,s16,I,820.0,-0.8196257087731698
original_A,s16,I,840.0,-0.7597630954401788
original_A,s16,I,860.0,-0.8189100640814264
original_A,s16,I,880.0,-0.7292105999645544
original_A,s16,I,900.0,-0.5663383563493136
original_A,s16,I,920.0,-0.5586245231939306
original_A,s16,I,940.0,-0.48853744061568677
original_A,s16,I,960.0,-0.4081790654856311
original_A,s16,I,980.0,-0.4084946380172252
A2,s16,G_new,0.0,0.08528384140208953
A2,s16,G_new,20.0,-0.0035883159775905865
A2,s16,G_new,40.0,-0.2340048159022592
A2,s16,G_new,60.0,-0.18678745752286668
A2,s16,G_new,80.0,-0.07840917658349586
A2,s16,G_new,100.0,-0.2348266527843428
A2,s16,G_new,120.0,-0.24149840983198384
A2,s16,G_new,140.0,-0.2575466612637615
A2,s16,G_new,160.0,-0.1860641926203391
A2,s16,G_new,180.0,-0.26824385314176763
A2,s16,G_new,200.0,-0.3560214677636927
A2,s16,G_new,220.0,-0.3859498592834587
A2,s16,G_new,240.0,-0.21900625978017774
A2,s16,G_new,260.0,0.007085159180991757
A2,s16,G_new,280.0,-0.08853669948846737
A2,s16,G_new,300.0,-0.19530211194962965
A2,s16,G_new,320.0,-0.05414757490222011
A2,s16,G_new,340.0,0.09220458935279816
A2,s16,G_new,360.0,0.2749218670556053
A2,s16,G_new,380.0,0.2703724151367791
A2,s16,G_new,400.0,0.4134626123558571
A2,s16,G_new,420.0,0.44074074184387707
A2,s16,G_new,440.0,0.4436707614598048
A2,s16,G_new,460.0,0.4416714238842362
A2,s16,G_new,480.0,0.3719153849185512
A2,s16,G_new,500.0,0.3017969225300916
A2,s16,G_new,520.0,0.45100875129038
A2,s16,G_new,540.0,0.4953867667979924
A2,s16,G_new,560.0,0.6310630393959166
A2,s16,G_new,580.0,0.631363108991158
A2,s16,G_new,600.0,0.516691543791541
A2,s16,G_new,620.0,0.37660118378648827
A2,s16,G_new,640.0,0.3941920505023637
A2,s16,G_new,660.0,0.3282936881976851
A2,s16,G_new,680.0,0.19160395265931773
A2,s16,G_new,700.0,-0.0039681774473443975
A2,s16,G_new,720.0,-0.035435873996951237
A2,s16,G_new,740.0,0.05739416383565822
A2,s16,G_new,760.0,0.024094357757050475
A2,s16,G_new,780.0,-0.0361183570765248
A2,s16,G_new,800.0,0.06688672901880023
A2,s16,G_new,820.0,0.07632718128363791
A2,s16,G_new,840.0,-0.08635398683397104
A2,s16,G_new,860.0,-0.12549879608228565
A2,s16,G_new,880.0,-0.13083922447331844
A2,s16,G_new,900.0,-0.1200895761469527
A2,s16,G_new,920.0,-0.01661822297629742
A2,s16,G_new,940.0,0.09428483768217458
A2,s16,G_new,960.0,0.1557280216906415
A2,s16,G_new,980.0,0.2595538032568867
A2,s16,A2,0.0,0.12745286095689243
A2,s16,A2,20.0,0.24623911572596824
A2,s16,A2,40.0,0.061122409536351945
A2,s16,A2,60.0,-0.028651737737962812
A2,s16,A2,80.0,0.06269062579470522
A2,s16,A2,100.0,0.10031074598419842
A2,s16,A2,120.0,0.09481580861208233
A2,s16,A2,140.0,-0.0029143272398363604
A2,s16,A2,160.0,-0.02743165497157997
A2,s16,A2,180.0,-0.04786666578410714
A2,s16,A2,200.0,-0.044683989557036216
A2,s16,A2,220.0,0.0013496302385235665
A2,s16,A2,240.0,0.003805755983926254
A2,s16,A2,260.0,0.062001740104317055
A2,s16,A2,280.0,0.14922595436513927
A2,s16,A2,300.0,0.16097326174523158
A2,s16,A2,320.0,0.21374321304012495
A2,s16,A2,340.0,0.22404116563954105
A2,s16,A2,360.0,0.0754089189252021
A2,s16,A2,380.0,0.19176912411389674
A2,s16,A2,400.0,0.268286606647517
A2,s16,A2,420.0,0.03585725233246967
A2,s16,A2,440.0,-0.09364518445719908
A2,s16,A2,460.0,-0.012187981088221944
A2,s16,A2,480.0,0.10312817957344589
A2,s16,A2,500.0,0.11446480100169089
A2,s16,A2,520.0,0.04131579907287197
A2,s16,A2,540.0,-0.04848784496473485
A2,s16,A2,560.0,0.0031788831281619467
A2,s16,A2,580.0,0.11662760666993337
A2,s16,A2,600.0,0.3693224122457843
A2,s16,A2,620.0,0.4825409742314775
A2,s16,A2,640.0,0.2371382352534138
A2,s16,A2,660.0,0.06853020140734718
A2,s16,A2,680.0,0.051475427642996674
A2,s16,A2,700.0,0.07338182523600772
A2,s16,A2,720.0,0.22154054914489665
A2,s16,A2,740.0,0.1823604949488467
A2,s16,A2,760.0,0.1673526294701037
A2,s16,A2,780.0,0.24672300296453337
A2,s16,A2,800.0,0.333714452434293
A2,s16,A2,820.0,0.35386014412262895
A2,s16,A2,840.0,0.3524864301233317
A2,s16,A2,860.0,0.18483813943808358
A2,s16,A2,880.0,0.07751062993339133
A2,s16,A2,900.0,0.0653026800155178
A2,s16,A2,920.0,0.07321854547657805
A2,s16,A2,940.0,-0.022440651483411567
A2,s16,A2,960.0,-0.05440137327483091
A2,s16,A2,980.0,0.026416513300763816
A2,s16,I,0.0,-0.4816003184110419
A2,s16,I,20.0,-0.6054763847845557
A2,s16,I,40.0,-0.5863852082152035
A2,s16,I,60.0,-0.6260592030653267
A2,s16,I,80.0,-0.6692994650568911
A2,s16,I,100.0,-0.6874826956795705
A2,s16,I,120.0,-0.7440713126231693
A2,s16,I,140.0,-0.7661734277382107
A2,s16,I,160.0,-0.7086377612149122
A2,s16,I,180.0,-0.6819656256951714
A2,s16,I,200.0,-0.49413066329296124
A2,s16,I,220.0,-0.5303641013894363
A2,s16,I,240.0,-0.7731301143542815
A2,s16,I,260.0,-0.8609698071749582
A2,s16,I,280.0,-0.8862082692811437
A2,s16,I,300.0,-0.8429216158520338
A2,s16,I,320.0,-0.6366754193511571
A2,s16,I,340.0,-0.6436856201248213
A2,s16,I,360.0,-0.4809995662891863
A2,s16,I,380.0,-0.47216973891837
A2,s16,I,400.0,-0.43257271481792003
A2,s16,I,420.0,-0.06505499243824153
A2,s16,I,440.0,-0.08033697831811759
A2,s16,I,460.0,-0.24314792040891692
A2,s16,I,480.0,-0.14018164928760413
A2,s16,I,500.0,0.06697709118699104
A2,s16,I,520.0,-0.09794231870205544
A2,s16,I,540.0,-0.3278788652702786
A2,s16,I,560.0,-0.6099360516445115
A2,s16,I,580.0,-0.7409539705700681
A2,s16,I,600.0,-0.6590449652724149
A2,s16,I,620.0,-0.6267438806245921
A2,s16,I,640.0,-0.6535302443256389
A2,s16,I,660.0,-0.753773624765476
A2,s16,I,680.0,-0.6295530755333598
A2,s16,I,700.0,-0.5678352300306164
A2,s16,I,720.0,-0.6175803954104295
A2,s16,I,740.0,-0.699902037607727
A2,s16,I,760.0,-0.7471220058587448
A2,s16,I,780.0,-0.9033942161454629
A2,s16,I,800.0,-0.8732084223183402
A2,s16,I,820.0,-0.7174722398418398
A2,s16,I,840.0,-0.6606717717862183
A2,s16,I,860.0,-0.6786600630157645
A2,s16,I,880.0,-0.6089386962761328
A2,s16,I,900.0,-0.39998987861745805
A2,s16,I,920.0,-0.3884204763133199
A2,s16,I,940.0,-0.40808097788230996
A2,s16,I,960.0,-0.39098841099862636
A2,s16,I,980.0,-0.38306942172450453
robust_A_AR,s16,G_new,0.0,0.06935274927586951
robust_A_AR,s16,G_new,20.0,-0.03420636425659116
robust_A_AR,s16,G_new,40.0,-0.24160443789313862
robust_A_AR,s16,G_new,60.0,-0.183153398432486
robust_A_AR,s16,G_new,80.0,-0.08600556515359283
robust_A_AR,s16,G_new,100.0,-0.2470248552507509
robust_A_AR,s16,G_new,120.0,-0.2530111598166197
robust_A_AR,s16,G_new,140.0,-0.2567656973970931
robust_A_AR,s16,G_new,160.0,-0.1823118681734134
robust_A_AR,s16,G_new,180.0,-0.26185083473087023
robust_A_AR,s16,G_new,200.0,-0.349963402497391
robust_A_AR,s16,G_new,220.0,-0.3857056357429054
robust_A_AR,s16,G_new,240.0,-0.21924493104346854
robust_A_AR,s16,G_new,260.0,-0.0005359589475272403
robust_A_AR,s16,G_new,280.0,-0.10685312527455398
robust_A_AR,s16,G_new,300.0,-0.21519246296681635
robust_A_AR,s16,G_new,320.0,-0.08053113492420835
robust_A_AR,s16,G_new,340.0,0.06474140993166255
robust_A_AR,s16,G_new,360.0,0.2657735312684488
robust_A_AR,s16,G_new,380.0,0.24695241073708782
robust_A_AR,s16,G_new,400.0,0.380622957042249
robust_A_AR,s16,G_new,420.0,0.4367715792818599
robust_A_AR,s16,G_new,440.0,0.4555440288770389
robust_A_AR,s16,G_new,460.0,0.4433230198801363
robust_A_AR,s16,G_new,480.0,0.3593904677922649
robust_A_AR,s16,G_new,500.0,0.28792204330169807
robust_A_AR,s16,G_new,520.0,0.4461358621445241
robust_A_AR,s16,G_new,540.0,0.5015710377598689
robust_A_AR,s16,G_new,560.0,0.6307141790288103
robust_A_AR,s16,G_new,580.0,0.617014957943028
robust_A_AR,s16,G_new,600.0,0.47088502905482615
robust_A_AR,s16,G_new,620.0,0.3164828515938018
robust_A_AR,s16,G_new,640.0,0.3647490005336361
robust_A_AR,s16,G_new,660.0,0.31997016707517395
robust_A_AR,s16,G_new,680.0,0.18539050717595673
robust_A_AR,s16,G_new,700.0,-0.012864566479282483
robust_A_AR,s16,G_new,720.0,-0.06281811136777621
robust_A_AR,s16,G_new,740.0,0.034917991787889735
robust_A_AR,s16,G_new,760.0,0.003570787453329158
robust_A_AR,s16,G_new,780.0,-0.06662204507280522
robust_A_AR,s16,G_new,800.0,0.0254346678162736
robust_A_AR,s16,G_new,820.0,0.03237337361302145
robust_A_AR,s16,G_new,840.0,-0.1301317104116879
robust_A_AR,s16,G_new,860.0,-0.14863569374205207
robust_A_AR,s16,G_new,880.0,-0.14066722694820938
robust_A_AR,s16,G_new,900.0,-0.1285026471419527
robust_A_AR,s16,G_new,920.0,-0.026017754264755583
robust_A_AR,s16,G_new,940.0,0.09689443946920992
robust_A_AR,s16,G_new,960.0,0.1624180653400318
robust_A_AR,s16,G_new,980.0,0.2562361413344616
robust_A_AR,s16,AR,0.0,0.16451397351457045
robust_A_AR,s16,AR,20.0,0.26910881527279956
robust_A_AR,s16,AR,40.0,0.06664579588365148
robust_A_AR,s16,AR,60.0,-0.05295241546027499
robust_A_AR,s16,AR,80.0,0.008300594499474342
robust_A_AR,s16,AR,100.0,0.026395969294224362
robust_A_AR,s16,AR,120.0,0.019725083080392947
robust_A_AR,s16,AR,140.0,-0.13000769143479995
robust_A_AR,s16,AR,160.0,-0.13341488946484445
robust_A_AR,s16,AR,180.0,-0.18596935134806042
robust_A_AR,s16,AR,200.0,-0.20090892511676556
robust_A_AR,s16,AR,220.0,-0.12336377945335569
robust_A_AR,s16,AR,240.0,-0.06690311311210698
robust_A_AR,s16,AR,260.0,0.040992609501648986
robust_A_AR,s16,AR,280.0,0.09075288609924123
robust_A_AR,s16,AR,300.0,0.13789816437831495
robust_A_AR,s16,AR,320.0,0.17486016519081338
robust_A_AR,s16,AR,340.0,0.1252596879977507
robust_A_AR,s16,AR,360.0,0.013268256790824912
robust_A_AR,s16,AR,380.0,0.08078569346405862
robust_A_AR,s16,AR,400.0,0.13570481761909384
robust_A_AR,s16,AR,420.0,-0.10909754875779246
robust_A_AR,s16,AR,440.0,-0.17177518096069655
robust_A_AR,s16,AR,460.0,-0.054557839683838275
robust_A_AR,s16,AR,480.0,0.022320945369005585
robust_A_AR,s16,AR,500.0,0.01663347329247114
robust_A_AR,s16,AR,520.0,-0.03496343899164486
robust_A_AR,s16,AR,540.0,-0.10000084624298303
robust_A_AR,s16,AR,560.0,-0.010587252091933785
robust_A_AR,s16,AR,580.0,0.08090828153501549
robust_A_AR,s16,AR,600.0,0.3684634532712451
robust_A_AR,s16,AR,620.0,0.5630667747841165
robust_A_AR,s16,AR,640.0,0.2460226189231609
robust_A_AR,s16,AR,660.0,0.014992676314433032
robust_A_AR,s16,AR,680.0,-0.00044609458364530674
robust_A_AR,s16,AR,700.0,0.01108550852842502
robust_A_AR,s16,AR,720.0,0.1922089696412792
robust_A_AR,s16,AR,740.0,0.13899496978500112
robust_A_AR,s16,AR,760.0,0.09639101560095155
robust_A_AR,s16,AR,780.0,0.21675961461141877
robust_A_AR,s16,AR,800.0,0.35170751717170684
robust_A_AR,s16,AR,820.0,0.3727474029017529
robust_A_AR,s16,AR,840.0,0.36964859073198547
robust_A_AR,s16,AR,860.0,0.2485471363859371
robust_A_AR,s16,AR,880.0,0.14231082943924397
robust_A_AR,s16,AR,900.0,0.16018737559084822
robust_A_AR,s16,AR,920.0,0.1694988734621395
robust_A_AR,s16,AR,940.0,0.030232344351840135
robust_A_AR,s16,AR,960.0,-0.03692076398532536
robust_A_AR,s16,AR,980.0,0.03885611854845489
robust_A_AR,s16,I,0.0,-0.5316593312368527
robust_A_AR,s16,I,20.0,-0.6689914417930938
robust_A_AR,s16,I,40.0,-0.602046641329248
robust_A_AR,s16,I,60.0,-0.6039267377889364
robust_A_AR,s16,I,80.0,-0.6444500845431845
robust_A_AR,s16,I,100.0,-0.6566555152670928
robust_A_AR,s16,I,120.0,-0.7113733232814727
robust_A_AR,s16,I,140.0,-0.6790235744945226
robust_A_AR,s16,I,160.0,-0.6310964563625526
robust_A_AR,s16,I,180.0,-0.5785648451043144
robust_A_AR,s16,I,200.0,-0.37900364293760436
robust_A_AR,s16,I,220.0,-0.4456656543180813
robust_A_AR,s16,I,240.0,-0.7257004638321478
robust_A_AR,s16,I,260.0,-0.8587271056115877
robust_A_AR,s16,I,280.0,-0.8754230324864556
robust_A_AR,s16,I,300.0,-0.8585381270764451
robust_A_AR,s16,I,320.0,-0.6517953998164615
robust_A_AR,s16,I,340.0,-0.6200044037007145
robust_A_AR,s16,I,360.0,-0.45334591143783
robust_A_AR,s16,I,380.0,-0.43389356991713096
robust_A_AR,s16,I,400.0,-0.39447819244959337
robust_A_AR,s16,I,420.0,0.026715376478136647
robust_A_AR,s16,I,440.0,-0.008881028899366289
robust_A_AR,s16,I,460.0,-0.21191077916637616
robust_A_AR,s16,I,480.0,-0.10520743901499037
robust_A_AR,s16,I,500.0,0.1113421028955642
robust_A_AR,s16,I,520.0,-0.05401987739454081
robust_A_AR,s16,I,540.0,-0.2833464992338577
robust_A_AR,s16,I,560.0,-0.6011766825224258
robust_A_AR,s16,I,580.0,-0.7393238745375059
robust_A_AR,s16,I,600.0,-0.7303553045969086
robust_A_AR,s16,I,620.0,-0.7755378046035906
robust_A_AR,s16,I,640.0,-0.7057461297312404
robust_A_AR,s16,I,660.0,-0.7306417977197729
robust_A_AR,s16,I,680.0,-0.604202122323299
robust_A_AR,s16,I,700.0,-0.5396809236406889
robust_A_AR,s16,I,720.0,-0.6407252236338337
robust_A_AR,s16,I,740.0,-0.7058590920957526
robust_A_AR,s16,I,760.0,-0.7313576265085451
robust_A_AR,s16,I,780.0,-0.9310108587719166
robust_A_AR,s16,I,800.0,-0.9504299735955349
robust_A_AR,s16,I,820.0,-0.7992246972079611
robust_A_AR,s16,I,840.0,-0.7409815846172148
robust_A_AR,s16,I,860.0,-0.7580440992441889
robust_A_AR,s16,I,880.0,-0.6681728111695799
robust_A_AR,s16,I,900.0,-0.4773425913640785
robust_A_AR,s16,I,920.0,-0.468264936589276
robust_A_AR,s16,I,940.0,-0.4395960350300573
robust_A_AR,s16,I,960.0,-0.3923068560535452
robust_A_AR,s16,I,980.0,-0.3966863872620362
original_A,s17,G_new,0.0,0.13969060774682862
original_A,s17,G_new,20.0,-0.06025943913121391
original_A,s17,G_new,40.0,0.067148373822397
original_A,s17,G_new,60.0,0.20439251503710146
original_A,s17,G_new,80.0,0.12680151585160762
original_A,s17,G_new,100.0,0.03250459766815375
original_A,s17,G_new,120.0,0.1408210187249541
original_A,s17,G_new,140.0,0.10720387068830813
original_A,s17,G_new,160.0,0.07665849319284801
original_A,s17,G_new,180.0,0.1269650207268237
original_A,s17,G_new,200.0,0.02974926521228735
original_A,s17,G_new,220.0,-0.06725692152580226
original_A,s17,G_new,240.0,-0.22841940365061328
original_A,s17,G_new,260.0,-0.35615170348450675
original_A,s17,G_new,280.0,-0.26815657244044133
original_A,s17,G_new,300.0,-0.2227023648015411
original_A,s17,G_new,320.0,-0.13551972421927672
original_A,s17,G_new,340.0,0.038439247392465
original_A,s17,G_new,360.0,-0.002104357883392225
original_A,s17,G_new,380.0,0.17084089750510795
original_A,s17,G_new,400.0,0.20977324712183407
original_A,s17,G_new,420.0,0.11894696431421423
original_A,s17,G_new,440.0,0.045877745653590256
original_A,s17,G_new,460.0,-0.025416318838401616
original_A,s17,G_new,480.0,-0.014155320726576444
original_A,s17,G_new,500.0,-0.19049577781900068
original_A,s17,G_new,520.0,-0.23674202563289026
original_A,s17,G_new,540.0,-0.151942142223305
original_A,s17,G_new,560.0,-0.08121920007319765
original_A,s17,G_new,580.0,0.018157949168798704
original_A,s17,G_new,600.0,-0.009368570447173596
original_A,s17,G_new,620.0,0.009457124449021241
original_A,s17,G_new,640.0,0.0009579345253035736
original_A,s17,G_new,660.0,-0.13775742371275218
original_A,s17,G_new,680.0,-0.09221601439777224
original_A,s17,G_new,700.0,0.09563374069122593
original_A,s17,G_new,720.0,0.21457480157929612
original_A,s17,G_new,740.0,0.2660702082019234
original_A,s17,G_new,760.0,0.146442289547649
original_A,s17,G_new,780.0,0.024081626204805917
original_A,s17,G_new,800.0,-0.04615220540251287
original_A,s17,G_new,820.0,0.01842573423922159
original_A,s17,G_new,840.0,-0.07390617699362662
original_A,s17,G_new,860.0,-0.09247696806368466
original_A,s17,G_new,880.0,-0.06354261953250338
original_A,s17,G_new,900.0,0.01356075218437635
original_A,s17,G_new,920.0,0.00484580795192751
original_A,s17,G_new,940.0,-0.01236412811454611
original_A,s17,G_new,960.0,-0.011050227679733179
original_A,s17,G_new,980.0,0.10284045817201153
original_A,s17,A,0.0,0.1133234039061312
original_A,s17,A,20.0,0.22772586552086038
original_A,s17,A,40.0,0.26265870815761583
original_A,s17,A,60.0,0.13991077889062034
original_A,s17,A,80.0,0.08013054342990655
original_A,s17,A,100.0,0.13675378198433083
original_A,s17,A,120.0,0.2767514411766973
original_A,s17,A,140.0,0.14845166819505584
original_A,s17,A,160.0,0.09018561547795872
original_A,s17,A,180.0,0.34036655535949256
original_A,s17,A,200.0,0.38884782866385453
original_A,s17,A,220.0,0.48769598468004244
original_A,s17,A,240.0,0.4973270925302925
original_A,s17,A,260.0,0.630590308876336
original_A,s17,A,280.0,0.6638186239445505
original_A,s17,A,300.0,0.47508993257811055
original_A,s17,A,320.0,0.3285753631085552
original_A,s17,A,340.0,0.2966860328658914
original_A,s17,A,360.0,0.23628806059279428
original_A,s17,A,380.0,0.1508292068845259
original_A,s17,A,400.0,0.11676384610095038
original_A,s17,A,420.0,0.22809485340676297
original_A,s17,A,440.0,0.08845126486797024
original_A,s17,A,460.0,-0.1698217455084822
original_A,s17,A,480.0,-0.23420406563470259
original_A,s17,A,500.0,-0.11771638390573168
original_A,s17,A,520.0,0.011536437754860587
original_A,s17,A,540.0,-0.13999316432374576
original_A,s17,A,560.0,-0.21504572180179404
original_A,s17,A,580.0,-0.2572043140998037
original_A,s17,A,600.0,-0.2115106636476997
original_A,s17,A,620.0,-0.056580844679750664
original_A,s17,A,640.0,0.04344477409825986
original_A,s17,A,660.0,0.13030276177691502
original_A,s17,A,680.0,0.0361421326513187
original_A,s17,A,700.0,0.06414249092517621
original_A,s17,A,720.0,0.08418882132225954
original_A,s17,A,740.0,0.04806508629177134
original_A,s17,A,760.0,0.11803639827775583
original_A,s17,A,780.0,-0.0024824879679212486
original_A,s17,A,800.0,-0.04719744509869449
original_A,s17,A,820.0,-0.10163480967859906
original_A,s17,A,840.0,-0.06003493223958853
original_A,s17,A,860.0,-0.08959716763240293
original_A,s17,A,880.0,-0.036948804624281635
original_A,s17,A,900.0,0.10172992472084955
original_A,s17,A,920.0,-0.003233012456370997
original_A,s17,A,940.0,0.11607362472659398
original_A,s17,A,960.0,0.16564103121421225
original_A,s17,A,980.0,0.09426574603334334
original_A,s17,I,0.0,-0.21725962303629404
original_A,s17,I,20.0,-0.226640237765535
original_A,s17,I,40.0,-0.5320862275480917
original_A,s17,I,60.0,-0.5266532775244313
original_A,s17,I,80.0,-0.368336043704124
original_A,s17,I,100.0,-0.21708366758483955
original_A,s17,I,120.0,-0.23240159902286994
original_A,s17,I,140.0,0.09264710545444804
original_A,s17,I,160.0,0.12357105508934169
original_A,s17,I,180.0,-0.37786094369053064
original_A,s17,I,200.0,-0.4287025437882189
original_A,s17,I,220.0,-0.45189963382041826
original_A,s17,I,240.0,-0.22485067758998428
original_A,s17,I,260.0,-0.1490121100926805
original_A,s17,I,280.0,-0.22166384401619915
original_A,s17,I,300.0,-0.1775931057671355
original_A,s17,I,320.0,-0.06329244328213313
original_A,s17,I,340.0,-0.20890484568637657
original_A,s17,I,360.0,-0.10862828140888917
original_A,s17,I,380.0,-0.16759379934692245
original_A,s17,I,400.0,-0.23090578306995685
original_A,s17,I,420.0,-0.05465424406447761
original_A,s17,I,440.0,0.27225189207012224
original_A,s17,I,460.0,0.5449966856417457
original_A,s17,I,480.0,0.4451487833201228
original_A,s17,I,500.0,0.20725965678762576
original_A,s17,I,520.0,0.3352536478246135
original_A,s17,I,540.0,0.18808992734238283
original_A,s17,I,560.0,0.37000521223867244
original_A,s17,I,580.0,0.43076751294637466
original_A,s17,I,600.0,0.29612467003691423
original_A,s17,I,620.0,0.11773559778586534
original_A,s17,I,640.0,0.0824370734695714
original_A,s17,I,660.0,0.34084962836441146
original_A,s17,I,680.0,0.5678819978439903
original_A,s17,I,700.0,0.31547628938745687
original_A,s17,I,720.0,0.3641806303020404
original_A,s17,I,740.0,0.5013222068544713
original_A,s17,I,760.0,0.5245617531130061
original_A,s17,I,780.0,0.5219010094124225
original_A,s17,I,800.0,0.4088218751488572
original_A,s17,I,820.0,0.369717225474252
original_A,s17,I,840.0,0.5970691652752571
original_A,s17,I,860.0,0.6500782931204618
original_A,s17,I,880.0,0.21353248751190365
original_A,s17,I,900.0,0.06879074716254288
original_A,s17,I,920.0,0.22660185897386065
original_A,s17,I,940.0,0.11902398516664264
original_A,s17,I,960.0,0.1907051578421064
original_A,s17,I,980.0,0.12803556953035056
A2,s17,G_new,0.0,0.16814910329427968
A2,s17,G_new,20.0,-0.014141586589268292
A2,s17,G_new,40.0,0.13903211874697513
A2,s17,G_new,60.0,0.25472984755462746
A2,s17,G_new,80.0,0.16317237111515015
A2,s17,G_new,100.0,0.07366727707958888
A2,s17,G_new,120.0,0.20389700362727445
A2,s17,G_new,140.0,0.14724012224239263
A2,s17,G_new,160.0,0.09827231496705671
A2,s17,G_new,180.0,0.21974676322618578
A2,s17,G_new,200.0,0.13709844347309696
A2,s17,G_new,220.0,0.0646758054751678
A2,s17,G_new,240.0,-0.09605051417634139
A2,s17,G_new,260.0,-0.20385016727185135
A2,s17,G_new,280.0,-0.1180662929530524
A2,s17,G_new,300.0,-0.11491213960308429
A2,s17,G_new,320.0,-0.061542478201713754
A2,s17,G_new,340.0,0.11027985861620557
A2,s17,G_new,360.0,0.048763777266779954
A2,s17,G_new,380.0,0.18956054984628673
A2,s17,G_new,400.0,0.2358223318522845
A2,s17,G_new,420.0,0.16687035699611127
A2,s17,G_new,440.0,0.06334336574160984
A2,s17,G_new,460.0,-0.04935277903545857
A2,s17,G_new,480.0,-0.05241010728864678
A2,s17,G_new,500.0,-0.20245812309261532
A2,s17,G_new,520.0,-0.21707358480404731
A2,s17,G_new,540.0,-0.15869087070609939
A2,s17,G_new,560.0,-0.09334101006514985
A2,s17,G_new,580.0,-0.01787170753954441
A2,s17,G_new,600.0,-0.0488282575859455
A2,s17,G_new,620.0,0.007138690371240965
A2,s17,G_new,640.0,0.01174227989509398
A2,s17,G_new,660.0,-0.10794361641780714
A2,s17,G_new,680.0,-0.08586699091106892
A2,s17,G_new,700.0,0.09866158811745973
A2,s17,G_new,720.0,0.21919381132578425
A2,s17,G_new,740.0,0.28062918097159684
A2,s17,G_new,760.0,0.18393721596256662
A2,s17,G_new,780.0,0.03913728430500783
A2,s17,G_new,800.0,-0.034288056151804296
A2,s17,G_new,820.0,0.014135241867976257
A2,s17,G_new,840.0,-0.06965674638494984
A2,s17,G_new,860.0,-0.1082772795285918
A2,s17,G_new,880.0,-0.07709577220342867
A2,s17,G_new,900.0,0.033536806292339176
A2,s17,G_new,920.0,-0.0012913231732335287
A2,s17,G_new,940.0,-0.0038127119570264337
A2,s17,G_new,960.0,0.011615457488613496
A2,s17,G_new,980.0,0.10284858383938453
A2,s17,A2,0.0,0.11194073619275399
A2,s17,A2,20.0,0.1393740947235756
A2,s17,A2,40.0,0.30524111855585595
A2,s17,A2,60.0,0.25571725391973477
A2,s17,A2,80.0,0.2047514551061293
A2,s17,A2,100.0,0.18780614154589081
A2,s17,A2,120.0,0.22371961074196575
A2,s17,A2,140.0,0.16794553594360356
A2,s17,A2,160.0,0.08109104220607902
A2,s17,A2,180.0,0.3926955171600457
A2,s17,A2,200.0,0.4590796352381661
A2,s17,A2,220.0,0.5548678218733578
A2,s17,A2,240.0,0.5490567583351413
A2,s17,A2,260.0,0.5760803739323793
A2,s17,A2,280.0,0.5273060234790036
A2,s17,A2,300.0,0.38026261619656165
A2,s17,A2,320.0,0.25857678045645666
A2,s17,A2,340.0,0.2724647998876513
A2,s17,A2,360.0,0.16793080905820376
A2,s17,A2,380.0,0.0008989765152549734
A2,s17,A2,400.0,0.0900354746956962
A2,s17,A2,420.0,0.1529793181214561
A2,s17,A2,440.0,0.05067856612160774
A2,s17,A2,460.0,-0.023117314580713665
A2,s17,A2,480.0,-0.07241515181681121
A2,s17,A2,500.0,0.01976480181609723
A2,s17,A2,520.0,0.14104001661888127
A2,s17,A2,540.0,0.08130614393043069
A2,s17,A2,560.0,0.11132945587317283
A2,s17,A2,580.0,-0.03328537159998429
A2,s17,A2,600.0,-0.10336588550735318
A2,s17,A2,620.0,0.03602447921915242
A2,s17,A2,640.0,0.041942382373203
A2,s17,A2,660.0,0.10622871158958197
A2,s17,A2,680.0,0.01461944584976374
A2,s17,A2,700.0,-0.03775018248732176
A2,s17,A2,720.0,-0.04456321870837392
A2,s17,A2,740.0,0.06671550604339789
A2,s17,A2,760.0,0.1772998303633639
A2,s17,A2,780.0,0.11874883761056965
A2,s17,A2,800.0,0.13671098069634857
A2,s17,A2,820.0,0.0637363357335021
A2,s17,A2,840.0,0.09008807034421162
A2,s17,A2,860.0,-0.03671299633824516
A2,s17,A2,880.0,-0.06953907037505891
A2,s17,A2,900.0,0.05742414780952756
A2,s17,A2,920.0,-0.04435824726108592
A2,s17,A2,940.0,-0.04456540399212165
A2,s17,A2,960.0,0.017280124829791927
A2,s17,A2,980.0,-0.08981358204673143
A2,s17,I,0.0,-0.18779459306379348
A2,s17,I,20.0,-0.1258770810312376
A2,s17,I,40.0,-0.4860260152222075
A2,s17,I,60.0,-0.5473373457414803
A2,s17,I,80.0,-0.40848939901069736
A2,s17,I,100.0,-0.20712667659783413
A2,s17,I,120.0,-0.13633244047854892
A2,s17,I,140.0,0.1209004618127082
A2,s17,I,160.0,0.15090188370643415
A2,s17,I,180.0,-0.3167891444891992
A2,s17,I,200.0,-0.36400567546998386
A2,s17,I,220.0,-0.3606011994290926
A2,s17,I,240.0,-0.12360674999061239
A2,s17,I,260.0,0.03767949345506122
A2,s17,I,280.0,0.01328925917110202
A2,s17,I,300.0,-0.010834372023354605
A2,s17,I,320.0,0.05418302079213683
A2,s17,I,340.0,-0.12176043545244164
A2,s17,I,360.0,-0.015398516970908632
A2,s17,I,380.0,-0.05646766376138853
A2,s17,I,400.0,-0.1882592659533458
A2,s17,I,420.0,0.03977543621985935
A2,s17,I,440.0,0.3130675291187014
A2,s17,I,460.0,0.4306112330463459
A2,s17,I,480.0,0.3070801295417867
A2,s17,I,500.0,0.11059193909963422
A2,s17,I,520.0,0.27530072654645865
A2,s17,I,540.0,0.045061770358192726
A2,s17,I,560.0,0.15688484510286502
A2,s17,I,580.0,0.2566858686576726
A2,s17,I,600.0,0.18987047557587394
A2,s17,I,620.0,0.05839217759122983
A2,s17,I,640.0,0.09420521394790748
A2,s17,I,660.0,0.3856472829664225
A2,s17,I,680.0,0.5875160789163762
A2,s17,I,700.0,0.3812507375486872
A2,s17,I,720.0,0.44809085413927824
A2,s17,I,740.0,0.5044785233371567
A2,s17,I,760.0,0.5257758413082578
A2,s17,I,780.0,0.46240293444886693
A2,s17,I,800.0,0.3075278087561849
A2,s17,I,820.0,0.2635928121466973
A2,s17,I,840.0,0.5089187742018126
A2,s17,I,860.0,0.6016336958817912
A2,s17,I,880.0,0.21996952599911887
A2,s17,I,900.0,0.11615259776189357
A2,s17,I,920.0,0.24574992940805704
A2,s17,I,940.0,0.2265192531576378
A2,s17,I,960.0,0.30483270756603636
A2,s17,I,980.0,0.24137191318472068
robust_A_AR,s17,G_new,0.0,0.1540567359247252
robust_A_AR,s17,G_new,20.0,-0.03155294099415224
robust_A_AR,s17,G_new,40.0,0.10053287237596233
robust_A_AR,s17,G_new,60.0,0.22235237690328669
robust_A_AR,s17,G_new,80.0,0.13719833186563227
robust_A_AR,s17,G_new,100.0,0.0499411662281812
robust_A_AR,s17,G_new,120.0,0.17581076969117007
robust_A_AR,s17,G_new,140.0,0.12606371658570995
robust_A_AR,s17,G_new,160.0,0.08807623389695769
robust_A_AR,s17,G_new,180.0,0.17022094070057336
robust_A_AR,s17,G_new,200.0,0.07918633880553749
robust_A_AR,s17,G_new,220.0,-0.005292283913802315
robust_A_AR,s17,G_new,240.0,-0.1652629303803183
robust_A_AR,s17,G_new,260.0,-0.2763000306873478
robust_A_AR,s17,G_new,280.0,-0.18424750969150744
robust_A_AR,s17,G_new,300.0,-0.16264382897543503
robust_A_AR,s17,G_new,320.0,-0.09399122791922969
robust_A_AR,s17,G_new,340.0,0.07601131716173151
robust_A_AR,s17,G_new,360.0,0.02772575802996926
robust_A_AR,s17,G_new,380.0,0.18968037046912692
robust_A_AR,s17,G_new,400.0,0.22452745787602657
robust_A_AR,s17,G_new,420.0,0.147725391004774
robust_A_AR,s17,G_new,440.0,0.05702110489074129
robust_A_AR,s17,G_new,460.0,-0.04667006386118989
robust_A_AR,s17,G_new,480.0,-0.043543719094220834
robust_A_AR,s17,G_new,500.0,-0.20516038332776437
robust_A_AR,s17,G_new,520.0,-0.2350332720576912
robust_A_AR,s17,G_new,540.0,-0.16927209762531514
robust_A_AR,s17,G_new,560.0,-0.1078657894485768
robust_A_AR,s17,G_new,580.0,-0.014028728494516848
robust_A_AR,s17,G_new,600.0,-0.0359814764265982
robust_A_AR,s17,G_new,620.0,0.002458908681004353
robust_A_AR,s17,G_new,640.0,0.006463627666584369
robust_A_AR,s17,G_new,660.0,-0.12128151442224754
robust_A_AR,s17,G_new,680.0,-0.08767428385347412
robust_A_AR,s17,G_new,700.0,0.10357308776023946
robust_A_AR,s17,G_new,720.0,0.22500488687162934
robust_A_AR,s17,G_new,740.0,0.2722000117694101
robust_A_AR,s17,G_new,760.0,0.16152119912471952
robust_A_AR,s17,G_new,780.0,0.02399714713989655
robust_A_AR,s17,G_new,800.0,-0.051787224505243916
robust_A_AR,s17,G_new,820.0,0.005853158314562748
robust_A_AR,s17,G_new,840.0,-0.08123309291380364
robust_A_AR,s17,G_new,860.0,-0.10373691602873042
robust_A_AR,s17,G_new,880.0,-0.06828942220302539
robust_A_AR,s17,G_new,900.0,0.02637535900814393
robust_A_AR,s17,G_new,920.0,0.00435776077460872
robust_A_AR,s17,G_new,940.0,0.0020481952974537795
robust_A_AR,s17,G_new,960.0,0.009670280286591663
robust_A_AR,s17,G_new,980.0,0.11444314198313989
robust_A_AR,s17,AR,0.0,0.11612930665322659
robust_A_AR,s17,AR,20.0,0.18480714080098753
robust_A_AR,s17,AR,40.0,0.2951433822245553
robust_A_AR,s17,AR,60.0,0.2100562546050273
robust_A_AR,s17,AR,80.0,0.15338359275757324
robust_A_AR,s17,AR,100.0,0.17005549711941226
robust_A_AR,s17,AR,120.0,0.25542777777416115
robust_A_AR,s17,AR,140.0,0.16421662747570193
robust_A_AR,s17,AR,160.0,0.08788242996200417
robust_A_AR,s17,AR,180.0,0.38084381422907565
robust_A_AR,s17,AR,200.0,0.44101983800413946
robust_A_AR,s17,AR,220.0,0.5412635116952447
robust_A_AR,s17,AR,240.0,0.5424373414466914
robust_A_AR,s17,AR,260.0,0.61963875388296
robust_A_AR,s17,AR,280.0,0.6073886937318799
robust_A_AR,s17,AR,300.0,0.43633410539905015
robust_A_AR,s17,AR,320.0,0.2992661353901417
robust_A_AR,s17,AR,340.0,0.2923421005919244
robust_A_AR,s17,AR,360.0,0.20498620101352752
robust_A_AR,s17,AR,380.0,0.07053237219868969
robust_A_AR,s17,AR,400.0,0.10529672061565896
robust_A_AR,s17,AR,420.0,0.192698519628518
robust_A_AR,s17,AR,440.0,0.0698201638701578
robust_A_AR,s17,AR,460.0,-0.09195709071666038
robust_A_AR,s17,AR,480.0,-0.1498198049614486
robust_A_AR,s17,AR,500.0,-0.0434344414007784
robust_A_AR,s17,AR,520.0,0.08538678421136288
robust_A_AR,s17,AR,540.0,-0.018855710777614873
robust_A_AR,s17,AR,560.0,-0.03666249141859747
robust_A_AR,s17,AR,580.0,-0.1382940426966103
robust_A_AR,s17,AR,600.0,-0.15684694499215834
robust_A_AR,s17,AR,620.0,-0.005826041258362433
robust_A_AR,s17,AR,640.0,0.043968745163369356
robust_A_AR,s17,AR,660.0,0.1207707499832074
robust_A_AR,s17,AR,680.0,0.02507451948814575
robust_A_AR,s17,AR,700.0,0.008357301599027658
robust_A_AR,s17,AR,720.0,0.01379783064182212
robust_A_AR,s17,AR,740.0,0.060170850550593125
robust_A_AR,s17,AR,760.0,0.15540433008459012
robust_A_AR,s17,AR,780.0,0.06622972648318076
robust_A_AR,s17,AR,800.0,0.05566321058829105
robust_A_AR,s17,AR,820.0,-0.011017614804223714
robust_A_AR,s17,AR,840.0,0.023247964017873015
robust_A_AR,s17,AR,860.0,-0.06242759797712086
robust_A_AR,s17,AR,880.0,-0.056612319902632983
robust_A_AR,s17,AR,900.0,0.07981244184053517
robust_A_AR,s17,AR,920.0,-0.026671333222774044
robust_A_AR,s17,AR,940.0,0.02859906883980512
robust_A_AR,s17,AR,960.0,0.08670397521295894
robust_A_AR,s17,AR,980.0,-0.0072005993630262985
robust_A_AR,s17,I,0.0,-0.21251365057902552
robust_A_AR,s17,I,20.0,-0.18403937730243408
robust_A_AR,s17,I,40.0,-0.5387772989411348
robust_A_AR,s17,I,60.0,-0.5661986058193915
robust_A_AR,s17,I,80.0,-0.4135088578832576
robust_A_AR,s17,I,100.0,-0.2317266895262708
robust_A_AR,s17,I,120.0,-0.20162555844233115
robust_A_AR,s17,I,140.0,0.09063238543962387
robust_A_AR,s17,I,160.0,0.1304368157771496
robust_A_AR,s17,I,180.0,-0.38542981601441434
robust_A_AR,s17,I,200.0,-0.44138686326523857
robust_A_AR,s17,I,220.0,-0.4597278885639621
robust_A_AR,s17,I,240.0,-0.22635445329651116
robust_A_AR,s17,I,260.0,-0.10451430754420288
robust_A_AR,s17,I,280.0,-0.14424697155870347
robust_A_AR,s17,I,300.0,-0.12329678214280046
robust_A_AR,s17,I,320.0,-0.024034733896713456
robust_A_AR,s17,I,340.0,-0.18851973626930907
robust_A_AR,s17,I,360.0,-0.07343466613473346
robust_A_AR,s17,I,380.0,-0.10405822248388091
robust_A_AR,s17,I,400.0,-0.21623889361350787
robust_A_AR,s17,I,420.0,-0.017153874966511162
robust_A_AR,s17,I,440.0,0.2901338233924844
robust_A_AR,s17,I,460.0,0.48200162019504567
robust_A_AR,s17,I,480.0,0.3739325775431756
robust_A_AR,s17,I,500.0,0.14976479060348727
robust_A_AR,s17,I,520.0,0.28564492812998166
robust_A_AR,s17,I,540.0,0.09738155752275218
robust_A_AR,s17,I,560.0,0.23590834291052676
robust_A_AR,s17,I,580.0,0.3346907420067768
robust_A_AR,s17,I,600.0,0.2464788533929499
robust_A_AR,s17,I,620.0,0.07985196999690389
robust_A_AR,s17,I,640.0,0.08463221974492413
robust_A_AR,s17,I,660.0,0.3549941261897355
robust_A_AR,s17,I,680.0,0.5775411606799213
robust_A_AR,s17,I,700.0,0.3572293886520955
robust_A_AR,s17,I,720.0,0.4170566630269219
robust_A_AR,s17,I,740.0,0.4959024444756717
robust_A_AR,s17,I,760.0,0.5060505003643593
robust_A_AR,s17,I,780.0,0.4749674931148995
robust_A_AR,s17,I,800.0,0.33600937530153385
robust_A_AR,s17,I,820.0,0.3020439434201314
robust_A_AR,s17,I,840.0,0.5368335339317459
robust_A_AR,s17,I,860.0,0.6263150160924026
robust_A_AR,s17,I,880.0,0.22475145922199838
robust_A_AR,s17,I,900.0,0.0896904335728833
robust_A_AR,s17,I,920.0,0.24237163402057785
robust_A_AR,s17,I,940.0,0.18540550414985676
robust_A_AR,s17,I,960.0,0.25418487183489374
robust_A_AR,s17,I,980.0,0.20266342668157722
original_A,s18,G_new,0.0,0.13866084670639703
original_A,s18,G_new,20.0,0.19622354374968257
original_A,s18,G_new,40.0,0.2322529229558962
original_A,s18,G_new,60.0,0.17073945238361432
original_A,s18,G_new,80.0,0.12669468840588222
original_A,s18,G_new,100.0,0.16298485120477138
original_A,s18,G_new,120.0,0.21368878933189567
original_A,s18,G_new,140.0,0.15070123239029712
original_A,s18,G_new,160.0,0.10764889898093828
original_A,s18,G_new,180.0,0.16525430139576003
original_A,s18,G_new,200.0,0.21544868575612128
original_A,s18,G_new,220.0,0.23332542485285981
original_A,s18,G_new,240.0,0.25950165307330825
original_A,s18,G_new,260.0,0.30002656174277337
original_A,s18,G_new,280.0,0.28818362953492993
original_A,s18,G_new,300.0,0.35927784341955415
original_A,s18,G_new,320.0,0.4519075321215124
original_A,s18,G_new,340.0,0.44705408012074466
original_A,s18,G_new,360.0,0.4875156256281756
original_A,s18,G_new,380.0,0.5417616874013528
original_A,s18,G_new,400.0,0.519174889408784
original_A,s18,G_new,420.0,0.49762246485179007
original_A,s18,G_new,440.0,0.4464709292286478
original_A,s18,G_new,460.0,0.44827371157493
original_A,s18,G_new,480.0,0.5800738360811368
original_A,s18,G_new,500.0,0.6616763606058182
original_A,s18,G_new,520.0,0.6572252027920265
original_A,s18,G_new,540.0,0.7065815225389525
original_A,s18,G_new,560.0,0.769528854201023
original_A,s18,G_new,580.0,0.7462262730733819
original_A,s18,G_new,600.0,0.6840558864430925
original_A,s18,G_new,620.0,0.762947402481701
original_A,s18,G_new,640.0,0.8436349910010115
original_A,s18,G_new,660.0,0.8421967831166329
original_A,s18,G_new,680.0,0.8713880933729901
original_A,s18,G_new,700.0,0.8461072615429784
original_A,s18,G_new,720.0,0.7901875660059999
original_A,s18,G_new,740.0,0.7728805003855358
original_A,s18,G_new,760.0,0.8490960276863914
original_A,s18,G_new,780.0,0.8972232123627775
original_A,s18,G_new,800.0,0.8393403798594948
original_A,s18,G_new,820.0,0.7328964980307766
original_A,s18,G_new,840.0,0.7453331868870011
original_A,s18,G_new,860.0,0.8199271637293234
original_A,s18,G_new,880.0,0.8710145123366569
original_A,s18,G_new,900.0,0.8995787407160835
original_A,s18,G_new,920.0,0.8967056828961671
original_A,s18,G_new,940.0,0.8752875485564054
original_A,s18,G_new,960.0,0.7651126317231011
original_A,s18,G_new,980.0,0.7535141727332816
original_A,s18,A,0.0,0.11617648134742699
original_A,s18,A,20.0,0.07606064369595814
original_A,s18,A,40.0,0.05982760455308488
original_A,s18,A,60.0,0.09862136127713383
original_A,s18,A,80.0,0.1497846685122541
original_A,s18,A,100.0,0.08074622466275773
original_A,s18,A,120.0,0.07993024266100808
original_A,s18,A,140.0,0.03736443683294643
original_A,s18,A,160.0,-0.021092725945251738
original_A,s18,A,180.0,-0.08040759536504918
original_A,s18,A,200.0,-0.15722022152921572
original_A,s18,A,220.0,-0.14013402935608663
original_A,s18,A,240.0,-0.16964235557846163
original_A,s18,A,260.0,-0.22841746861158124
original_A,s18,A,280.0,-0.1639386726465097
original_A,s18,A,300.0,-0.18719571313022781
original_A,s18,A,320.0,-0.19149002723331618
original_A,s18,A,340.0,-0.24212174861063945
original_A,s18,A,360.0,-0.3039549659361625
original_A,s18,A,380.0,-0.1174729911379152
original_A,s18,A,400.0,-0.09881655275754538
original_A,s18,A,420.0,-0.23719349702166154
original_A,s18,A,440.0,-0.25879613892936076
original_A,s18,A,460.0,-0.17151751750458277
original_A,s18,A,480.0,-0.03377219824318996
original_A,s18,A,500.0,-0.09653406001785736
original_A,s18,A,520.0,-0.1711265458923423
original_A,s18,A,540.0,-0.027765577556872104
original_A,s18,A,560.0,0.08198557772531571
original_A,s18,A,580.0,0.0781044704707552
original_A,s18,A,600.0,0.05783996246438848
original_A,s18,A,620.0,0.10284980963476059
original_A,s18,A,640.0,0.12022492188189733
original_A,s18,A,660.0,0.1392031632103951
original_A,s18,A,680.0,0.17064134481634075
original_A,s18,A,700.0,0.1550643181535318
original_A,s18,A,720.0,0.21510402363153203
original_A,s18,A,740.0,0.2698406575115753
original_A,s18,A,760.0,0.26817170236993826
original_A,s18,A,780.0,0.1349881218332021
original_A,s18,A,800.0,-0.061360172912171336
original_A,s18,A,820.0,-0.12452628803200322
original_A,s18,A,840.0,-0.11664327307223173
original_A,s18,A,860.0,-0.10763842497624529
original_A,s18,A,880.0,-0.13005499762445585
original_A,s18,A,900.0,-0.18568274744413338
original_A,s18,A,920.0,-0.22822599157781284
original_A,s18,A,940.0,-0.2767419861894145
original_A,s18,A,960.0,-0.3003740005064288
original_A,s18,A,980.0,-0.27920748491919817
original_A,s18,I,0.0,-0.2458467745794395
original_A,s18,I,20.0,-0.2629430634628574
original_A,s18,I,40.0,-0.3157288846383088
original_A,s18,I,60.0,-0.2808043710077949
original_A,s18,I,80.0,-0.2232897512509355
original_A,s18,I,100.0,-0.1177206743213749
original_A,s18,I,120.0,-0.17230017314056642
original_A,s18,I,140.0,-0.18373301739722808
original_A,s18,I,160.0,-0.1608801784261116
original_A,s18,I,180.0,-0.2318700205551195
original_A,s18,I,200.0,-0.27288069270910503
original_A,s18,I,220.0,-0.29311535082982115
original_A,s18,I,240.0,-0.2964507741834223
original_A,s18,I,260.0,-0.38501737220337656
original_A,s18,I,280.0,-0.5675338699548635
original_A,s18,I,300.0,-0.5335867482733565
original_A,s18,I,320.0,-0.4978556283382729
original_A,s18,I,340.0,-0.6032697812852161
original_A,s18,I,360.0,-0.544984831668644
original_A,s18,I,380.0,-0.6720397175876522
original_A,s18,I,400.0,-0.6868555471043414
original_A,s18,I,420.0,-0.5968279854750422
original_A,s18,I,440.0,-0.43989412675431866
original_A,s18,I,460.0,-0.39504148586974014
original_A,s18,I,480.0,-0.558186055627845
original_A,s18,I,500.0,-0.7278956200839634
original_A,s18,I,520.0,-0.6714109854510206
original_A,s18,I,540.0,-0.5511478991451458
original_A,s18,I,560.0,-0.6063907934680256
original_A,s18,I,580.0,-0.7330736249171151
original_A,s18,I,600.0,-0.8998513881591633
original_A,s18,I,620.0,-0.9872566945306535
original_A,s18,I,640.0,-0.9285754783593724
original_A,s18,I,660.0,-0.8150011187394948
original_A,s18,I,680.0,-0.8441088373560175
original_A,s18,I,700.0,-0.7685889446655476
original_A,s18,I,720.0,-0.8048720930450891
original_A,s18,I,740.0,-0.8795516506292366
original_A,s18,I,760.0,-0.9699472259151245
original_A,s18,I,780.0,-0.9288815282857187
original_A,s18,I,800.0,-0.7061059179010628
original_A,s18,I,820.0,-0.5505987747966986
original_A,s18,I,840.0,-0.6150088847199788
original_A,s18,I,860.0,-0.7555295870110501
original_A,s18,I,880.0,-0.7710193675813011
original_A,s18,I,900.0,-0.7771704952990894
original_A,s18,I,920.0,-0.7952129034463702
original_A,s18,I,940.0,-0.7630048106776539
original_A,s18,I,960.0,-0.6639098595518724
original_A,s18,I,980.0,-0.5648023630848117
A2,s18,G_new,0.0,0.15181549047614687
A2,s18,G_new,20.0,0.20068258455193622
A2,s18,G_new,40.0,0.2417377202867265
A2,s18,G_new,60.0,0.19673504830540242
A2,s18,G_new,80.0,0.16460214463429887
A2,s18,G_new,100.0,0.18745221194041206
A2,s18,G_new,120.0,0.23568329654641237
A2,s18,G_new,140.0,0.16838892439132136
A2,s18,G_new,160.0,0.11900925810812331
A2,s18,G_new,180.0,0.16301950900543144
A2,s18,G_new,200.0,0.19907981593576515
A2,s18,G_new,220.0,0.22629133874220442
A2,s18,G_new,240.0,0.25235252097247457
A2,s18,G_new,260.0,0.2881064304219218
A2,s18,G_new,280.0,0.2868479676042271
A2,s18,G_new,300.0,0.3527710523139153
A2,s18,G_new,320.0,0.4408976135359803
A2,s18,G_new,340.0,0.42578461927854805
A2,s18,G_new,360.0,0.44810545601222584
A2,s18,G_new,380.0,0.5267510170416426
A2,s18,G_new,400.0,0.5093264401530807
A2,s18,G_new,420.0,0.47003072659964446
A2,s18,G_new,440.0,0.4133399595280622
A2,s18,G_new,460.0,0.4275710354636021
A2,s18,G_new,480.0,0.5773039731257088
A2,s18,G_new,500.0,0.6438806037179068
A2,s18,G_new,520.0,0.625774081548584
A2,s18,G_new,540.0,0.6989004479153782
A2,s18,G_new,560.0,0.7767682286359697
A2,s18,G_new,580.0,0.7490138213296694
A2,s18,G_new,600.0,0.6875380135582159
A2,s18,G_new,620.0,0.7835532299176723
A2,s18,G_new,640.0,0.870086240553966
A2,s18,G_new,660.0,0.8713965474404928
A2,s18,G_new,680.0,0.9026254127535548
A2,s18,G_new,700.0,0.8780615938346714
A2,s18,G_new,720.0,0.8322154464724636
A2,s18,G_new,740.0,0.8203365973146497
A2,s18,G_new,760.0,0.8977795901126653
A2,s18,G_new,780.0,0.922363873094825
A2,s18,G_new,800.0,0.8287514082157008
A2,s18,G_new,820.0,0.7080024950772468
A2,s18,G_new,840.0,0.7146102522234921
A2,s18,G_new,860.0,0.7888569938364903
A2,s18,G_new,880.0,0.8454608957803004
A2,s18,G_new,900.0,0.870868691356607
A2,s18,G_new,920.0,0.8625567948202143
A2,s18,G_new,940.0,0.8267731249400222
A2,s18,G_new,960.0,0.7105807038943757
A2,s18,G_new,980.0,0.7064924675421008
A2,s18,A2,0.0,0.034988975347928546
A2,s18,A2,20.0,-0.0064320512730858025
A2,s18,A2,40.0,0.03716578718931306
A2,s18,A2,60.0,0.13445350062185682
A2,s18,A2,80.0,0.19308517368036215
A2,s18,A2,100.0,0.13257215605964925
A2,s18,A2,120.0,0.11551058440364793
A2,s18,A2,140.0,0.10631421014279399
A2,s18,A2,160.0,0.09076965153105555
A2,s18,A2,180.0,0.02431218780246711
A2,s18,A2,200.0,-0.037226233088811456
A2,s18,A2,220.0,0.020194840879384293
A2,s18,A2,240.0,0.03409784705875719
A2,s18,A2,260.0,0.029705954913732742
A2,s18,A2,280.0,0.0723204084375847
A2,s18,A2,300.0,0.04738921236090082
A2,s18,A2,320.0,0.017720203003273705
A2,s18,A2,340.0,-0.02950442045748215
A2,s18,A2,360.0,-0.126816290358271
A2,s18,A2,380.0,-0.04745357864672498
A2,s18,A2,400.0,-0.020291005300241798
A2,s18,A2,420.0,-0.07662336011717358
A2,s18,A2,440.0,-0.10497991265143582
A2,s18,A2,460.0,-0.06071068615439503
A2,s18,A2,480.0,-0.0027245233363000715
A2,s18,A2,500.0,-0.07756989947881857
A2,s18,A2,520.0,-0.1368338170276766
A2,s18,A2,540.0,-0.04041332421719662
A2,s18,A2,560.0,0.01025377522525764
A2,s18,A2,580.0,-0.019258901176145392
A2,s18,A2,600.0,-0.004246480442168358
A2,s18,A2,620.0,0.09427089227470008
A2,s18,A2,640.0,0.12689866296751076
A2,s18,A2,660.0,0.13685007712237948
A2,s18,A2,680.0,0.13556546617524395
A2,s18,A2,700.0,0.14839873221867259
A2,s18,A2,720.0,0.18961774369729847
A2,s18,A2,740.0,0.2006662640394401
A2,s18,A2,760.0,0.21016951262342065
A2,s18,A2,780.0,0.11027816648870092
A2,s18,A2,800.0,-0.044201504768633826
A2,s18,A2,820.0,-0.11375303122050477
A2,s18,A2,840.0,-0.15886045518653266
A2,s18,A2,860.0,-0.16580404913674499
A2,s18,A2,880.0,-0.11565546264641927
A2,s18,A2,900.0,-0.11021146611438999
A2,s18,A2,920.0,-0.1274158257196029
A2,s18,A2,940.0,-0.2047007263859825
A2,s18,A2,960.0,-0.23542380716358327
A2,s18,A2,980.0,-0.19292646941512628
A2,s18,I,0.0,-0.17790471749322892
A2,s18,I,20.0,-0.20540974141832094
A2,s18,I,40.0,-0.28925847221891304
A2,s18,I,60.0,-0.26972806343795624
A2,s18,I,80.0,-0.20152007456156412
A2,s18,I,100.0,-0.11865599811762452
A2,s18,I,120.0,-0.16623210732405405
A2,s18,I,140.0,-0.20416998570955244
A2,s18,I,160.0,-0.21642078887542138
A2,s18,I,180.0,-0.3004819642672497
A2,s18,I,200.0,-0.3693295238244405
A2,s18,I,220.0,-0.40282672632458344
A2,s18,I,240.0,-0.4335573934925488
A2,s18,I,260.0,-0.562417486102926
A2,s18,I,280.0,-0.7175441817165543
A2,s18,I,300.0,-0.6892233508123226
A2,s18,I,320.0,-0.6433805756768465
A2,s18,I,340.0,-0.764180471467609
A2,s18,I,360.0,-0.7070513157638751
A2,s18,I,380.0,-0.735368767013234
A2,s18,I,400.0,-0.7488578324385654
A2,s18,I,420.0,-0.7332352117825168
A2,s18,I,440.0,-0.5792146862219889
A2,s18,I,460.0,-0.4913199796731982
A2,s18,I,480.0,-0.5812493208109839
A2,s18,I,500.0,-0.7627764999965225
A2,s18,I,520.0,-0.733544749989491
A2,s18,I,540.0,-0.5531276119716402
A2,s18,I,560.0,-0.5520214209544696
A2,s18,I,580.0,-0.6683651316473639
A2,s18,I,600.0,-0.8563872578968071
A2,s18,I,620.0,-0.9552655947227139
A2,s18,I,640.0,-0.8986098414973162
A2,s18,I,660.0,-0.7758209495922084
A2,s18,I,680.0,-0.7817596015256788
A2,s18,I,700.0,-0.7231453282472153
A2,s18,I,720.0,-0.7346087013517786
A2,s18,I,740.0,-0.7748588318018722
A2,s18,I,760.0,-0.8706816042401571
A2,s18,I,780.0,-0.8809104807494925
A2,s18,I,800.0,-0.7305480634062821
A2,s18,I,820.0,-0.5895041019555137
A2,s18,I,840.0,-0.6281817107810602
A2,s18,I,860.0,-0.7591408874147472
A2,s18,I,880.0,-0.8130523977705896
A2,s18,I,900.0,-0.861610248930218
A2,s18,I,920.0,-0.9025790873890193
A2,s18,I,940.0,-0.8708635209309116
A2,s18,I,960.0,-0.7750878451075012
A2,s18,I,980.0,-0.6796710897036556
robust_A_AR,s18,G_new,0.0,0.1497803626370736
robust_A_AR,s18,G_new,20.0,0.20284216095335145
robust_A_AR,s18,G_new,40.0,0.2384107511879042
robust_A_AR,s18,G_new,60.0,0.18253987391398457
robust_A_AR,s18,G_new,80.0,0.1443663265116518
robust_A_AR,s18,G_new,100.0,0.17315334207630273
robust_A_AR,s18,G_new,120.0,0.22340014490514798
robust_A_AR,s18,G_new,140.0,0.15642018628091894
robust_A_AR,s18,G_new,160.0,0.10781924119948554
robust_A_AR,s18,G_new,180.0,0.15865216282020433
robust_A_AR,s18,G_new,200.0,0.20062897740040583
robust_A_AR,s18,G_new,220.0,0.22131938046846236
robust_A_AR,s18,G_new,240.0,0.24518499708154506
robust_A_AR,s18,G_new,260.0,0.2803844066116777
robust_A_AR,s18,G_new,280.0,0.2752357193282189
robust_A_AR,s18,G_new,300.0,0.3436998699325414
robust_A_AR,s18,G_new,320.0,0.43527893993943034
robust_A_AR,s18,G_new,340.0,0.42485866174536874
robust_A_AR,s18,G_new,360.0,0.45762831400420423
robust_A_AR,s18,G_new,380.0,0.5302459234647233
robust_A_AR,s18,G_new,400.0,0.5099303821140824
robust_A_AR,s18,G_new,420.0,0.47480320411401605
robust_A_AR,s18,G_new,440.0,0.4210915115543331
robust_A_AR,s18,G_new,460.0,0.431653284309875
robust_A_AR,s18,G_new,480.0,0.5770092733279093
robust_A_AR,s18,G_new,500.0,0.6513437304116452
robust_A_AR,s18,G_new,520.0,0.6389236943154605
robust_A_AR,s18,G_new,540.0,0.7032015694126444
robust_A_AR,s18,G_new,560.0,0.7770504444679698
robust_A_AR,s18,G_new,580.0,0.7527375123632675
robust_A_AR,s18,G_new,600.0,0.6891035158711691
robust_A_AR,s18,G_new,620.0,0.7742181003852843
robust_A_AR,s18,G_new,640.0,0.8571861930916487
robust_A_AR,s18,G_new,660.0,0.8576599108992122
robust_A_AR,s18,G_new,680.0,0.889617866775929
robust_A_AR,s18,G_new,700.0,0.8632411344703801
robust_A_AR,s18,G_new,720.0,0.8135894893833924
robust_A_AR,s18,G_new,740.0,0.801398849395554
robust_A_AR,s18,G_new,760.0,0.8776801742121111
robust_A_AR,s18,G_new,780.0,0.9117125806069053
robust_A_AR,s18,G_new,800.0,0.8328876818085983
robust_A_AR,s18,G_new,820.0,0.7192591104443854
robust_A_AR,s18,G_new,840.0,0.7313800460282447
robust_A_AR,s18,G_new,860.0,0.8066182562440324
robust_A_AR,s18,G_new,880.0,0.8568426094914748
robust_A_AR,s18,G_new,900.0,0.8805829192320134
robust_A_AR,s18,G_new,920.0,0.8735389625907996
robust_A_AR,s18,G_new,940.0,0.846064568950785
robust_A_AR,s18,G_new,960.0,0.7330956931997183
robust_A_AR,s18,G_new,980.0,0.7243373484917528
robust_A_AR,s18,AR,0.0,0.07398712973334558
robust_A_AR,s18,AR,20.0,0.031670889049045164
robust_A_AR,s18,AR,40.0,0.049044709695318975
robust_A_AR,s18,AR,60.0,0.1226762852508564
robust_A_AR,s18,AR,80.0,0.17996300106202864
robust_A_AR,s18,AR,100.0,0.11329406911536637
robust_A_AR,s18,AR,120.0,0.10316358913643085
robust_A_AR,s18,AR,140.0,0.07812629322994524
robust_A_AR,s18,AR,160.0,0.042075733852147267
robust_A_AR,s18,AR,180.0,-0.023471898117452906
robust_A_AR,s18,AR,200.0,-0.09433971415219766
robust_A_AR,s18,AR,220.0,-0.05358127049003212
robust_A_AR,s18,AR,240.0,-0.059348381919402816
robust_A_AR,s18,AR,260.0,-0.08917256689231415
robust_A_AR,s18,AR,280.0,-0.03485224749630437
robust_A_AR,s18,AR,300.0,-0.059909334411118634
robust_A_AR,s18,AR,320.0,-0.07886185522637866
robust_A_AR,s18,AR,340.0,-0.12938201009411684
robust_A_AR,s18,AR,360.0,-0.21373432802154402
robust_A_AR,s18,AR,380.0,-0.08171359573020534
robust_A_AR,s18,AR,400.0,-0.057519199294540094
robust_A_AR,s18,AR,420.0,-0.1540218407861317
robust_A_AR,s18,AR,440.0,-0.18026780198656395
robust_A_AR,s18,AR,460.0,-0.11440615039684666
robust_A_AR,s18,AR,480.0,-0.017251830519580062
robust_A_AR,s18,AR,500.0,-0.08919533512467712
robust_A_AR,s18,AR,520.0,-0.15773144695251384
robust_A_AR,s18,AR,540.0,-0.03600087083979846
robust_A_AR,s18,AR,560.0,0.04396085834690438
robust_A_AR,s18,AR,580.0,0.02528971336521648
robust_A_AR,s18,AR,600.0,0.024452472983753165
robust_A_AR,s18,AR,620.0,0.10167559294784972
robust_A_AR,s18,AR,640.0,0.12839807779114834
robust_A_AR,s18,AR,660.0,0.142905253120241
robust_A_AR,s18,AR,680.0,0.15678105733839873
robust_A_AR,s18,AR,700.0,0.15687672910143827
robust_A_AR,s18,AR,720.0,0.20833656388565502
robust_A_AR,s18,AR,740.0,0.2400884723102112
robust_A_AR,s18,AR,760.0,0.24474430640198427
robust_A_AR,s18,AR,780.0,0.12575967058282042
robust_A_AR,s18,AR,800.0,-0.053778082163071755
robust_A_AR,s18,AR,820.0,-0.12288383473150102
robust_A_AR,s18,AR,840.0,-0.14500087246064822
robust_A_AR,s18,AR,860.0,-0.144784627554002
robust_A_AR,s18,AR,880.0,-0.12654045081268223
robust_A_AR,s18,AR,900.0,-0.14928043902357935
robust_A_AR,s18,AR,920.0,-0.17888408928937227
robust_A_AR,s18,AR,940.0,-0.2456015032537284
robust_A_AR,s18,AR,960.0,-0.2741431100956249
robust_A_AR,s18,AR,980.0,-0.24001788074813493
robust_A_AR,s18,I,0.0,-0.21018670452354518
robust_A_AR,s18,I,20.0,-0.2287524193910473
robust_A_AR,s18,I,40.0,-0.3044419987357816
robust_A_AR,s18,I,60.0,-0.2892497819354074
robust_A_AR,s18,I,80.0,-0.23200617858664124
robust_A_AR,s18,I,100.0,-0.1329472242957633
robust_A_AR,s18,I,120.0,-0.18156193301117932
robust_A_AR,s18,I,140.0,-0.2073994058555021
robust_A_AR,s18,I,160.0,-0.20325161655998558
robust_A_AR,s18,I,180.0,-0.2744874636288505
robust_A_AR,s18,I,200.0,-0.32488091008303444
robust_A_AR,s18,I,220.0,-0.3591923151016416
robust_A_AR,s18,I,240.0,-0.38000861796639424
robust_A_AR,s18,I,260.0,-0.49153536139692366
robust_A_AR,s18,I,280.0,-0.6628334225211584
robust_A_AR,s18,I,300.0,-0.6293990902589068
robust_A_AR,s18,I,320.0,-0.584498232423382
robust_A_AR,s18,I,340.0,-0.6936351575687775
robust_A_AR,s18,I,360.0,-0.6252455235083477
robust_A_AR,s18,I,380.0,-0.7036350582088264
robust_A_AR,s18,I,400.0,-0.7206870910833498
robust_A_AR,s18,I,420.0,-0.6677165461278076
robust_A_AR,s18,I,440.0,-0.5093374666447358
robust_A_AR,s18,I,460.0,-0.44434169520131667
robust_A_AR,s18,I,480.0,-0.5713046931232578
robust_A_AR,s18,I,500.0,-0.7396017746455271
robust_A_AR,s18,I,520.0,-0.6924119865155449
robust_A_AR,s18,I,540.0,-0.5478241296784923
robust_A_AR,s18,I,560.0,-0.5758891785799669
robust_A_AR,s18,I,580.0,-0.6932872250596426
robust_A_AR,s18,I,600.0,-0.8740895738667289
robust_A_AR,s18,I,620.0,-0.9790817112523651
robust_A_AR,s18,I,640.0,-0.925192606909869
robust_A_AR,s18,I,660.0,-0.8073584791711048
robust_A_AR,s18,I,680.0,-0.8228419856947315
robust_A_AR,s18,I,700.0,-0.7585806493265782
robust_A_AR,s18,I,720.0,-0.7849863000216137
robust_A_AR,s18,I,740.0,-0.84085519595995
robust_A_AR,s18,I,760.0,-0.9354613043610278
robust_A_AR,s18,I,780.0,-0.91318070490751
robust_A_AR,s18,I,800.0,-0.7154333656379354
robust_A_AR,s18,I,820.0,-0.5606394700968753
robust_A_AR,s18,I,840.0,-0.6050803691509772
robust_A_AR,s18,I,860.0,-0.739268277437986
robust_A_AR,s18,I,880.0,-0.7826693614862371
robust_A_AR,s18,I,900.0,-0.8140996289773116
robust_A_AR,s18,I,920.0,-0.8435774176192977
robust_A_AR,s18,I,940.0,-0.8030966643443682
robust_A_AR,s18,I,960.0,-0.7025306161232112
robust_A_AR,s18,I,980.0,-0.6102772958397379
original_A,s19,G_new,0.0,-0.13194749522162985
original_A,s19,G_new,20.0,0.008794418432364781
original_A,s19,G_new,40.0,0.057782170405815306
original_A,s19,G_new,60.0,-0.14718580406165466
original_A,s19,G_new,80.0,-0.2120671816495962
original_A,s19,G_new,100.0,-0.036243744071441715
original_A,s19,G_new,120.0,-0.07284983468349276
original_A,s19,G_new,140.0,-0.16992404337907444
original_A,s19,G_new,160.0,-0.12422522477845184
original_A,s19,G_new,180.0,-0.08167676845872765
original_A,s19,G_new,200.0,-0.19635595702046826
original_A,s19,G_new,220.0,-0.18850799253905917
original_A,s19,G_new,240.0,-0.11830348562534165
original_A,s19,G_new,260.0,-0.17556221245384168
original_A,s19,G_new,280.0,-0.47522362702418497
original_A,s19,G_new,300.0,-0.27359295975225295
original_A,s19,G_new,320.0,-0.15537749682096758
original_A,s19,G_new,340.0,-0.1742463027468738
original_A,s19,G_new,360.0,-0.27331005933038754
original_A,s19,G_new,380.0,-0.299430346067524
original_A,s19,G_new,400.0,-0.09488885544381012
original_A,s19,G_new,420.0,-0.1086704971607513
original_A,s19,G_new,440.0,-0.33452796703639326
original_A,s19,G_new,460.0,-0.25915109493435723
original_A,s19,G_new,480.0,-0.07919618593544284
original_A,s19,G_new,500.0,-0.18583081744559715
original_A,s19,G_new,520.0,-0.2137138005943664
original_A,s19,G_new,540.0,-0.15035598326322572
original_A,s19,G_new,560.0,-0.14302943153485004
original_A,s19,G_new,580.0,0.048097084429054845
original_A,s19,G_new,600.0,-0.08046078223806544
original_A,s19,G_new,620.0,-0.4374287747172611
original_A,s19,G_new,640.0,-0.19486783576878147
original_A,s19,G_new,660.0,-0.03698741676033326
original_A,s19,G_new,680.0,-0.043973745040947525
original_A,s19,G_new,700.0,-0.09892731352552325
original_A,s19,G_new,720.0,-0.2722344365121064
original_A,s19,G_new,740.0,-0.20559367936348868
original_A,s19,G_new,760.0,-0.2156843862603115
original_A,s19,G_new,780.0,-0.28836534483548615
original_A,s19,G_new,800.0,-0.25931412221996075
original_A,s19,G_new,820.0,-0.20799481097645303
original_A,s19,G_new,840.0,-0.20006683639445905
original_A,s19,G_new,860.0,-0.22408858245317798
original_A,s19,G_new,880.0,-0.16105944790814888
original_A,s19,G_new,900.0,-0.04357590708443477
original_A,s19,G_new,920.0,-0.06497855521210032
original_A,s19,G_new,940.0,-0.08000998458212333
original_A,s19,G_new,960.0,-0.053837337789622554
original_A,s19,G_new,980.0,-0.08678436062067345
original_A,s19,A,0.0,-0.000651382679312227
original_A,s19,A,20.0,0.03393537701356267
original_A,s19,A,40.0,0.05230549113659369
original_A,s19,A,60.0,0.09268692949703304
original_A,s19,A,80.0,0.13928690518557751
original_A,s19,A,100.0,0.10052247047099816
original_A,s19,A,120.0,0.05605218920152949
original_A,s19,A,140.0,-0.10382038837417559
original_A,s19,A,160.0,0.021740749186837823
original_A,s19,A,180.0,0.05125734638532237
original_A,s19,A,200.0,0.10898942078838572
original_A,s19,A,220.0,0.22640795889519516
original_A,s19,A,240.0,0.3403437443632028
original_A,s19,A,260.0,0.3434219928398531
original_A,s19,A,280.0,0.49726027423783437
original_A,s19,A,300.0,0.4638434333383725
original_A,s19,A,320.0,0.23309691310326983
original_A,s19,A,340.0,0.32667642816885
original_A,s19,A,360.0,0.3551714325643546
original_A,s19,A,380.0,0.32310859542699744
original_A,s19,A,400.0,0.26795195979571446
original_A,s19,A,420.0,0.20887325312289207
original_A,s19,A,440.0,0.25183696446492104
original_A,s19,A,460.0,0.21710489202032107
original_A,s19,A,480.0,0.15047190814600997
original_A,s19,A,500.0,0.24973837973713509
original_A,s19,A,520.0,0.23376536638153733
original_A,s19,A,540.0,0.21694476845907504
original_A,s19,A,560.0,0.2026311074958158
original_A,s19,A,580.0,0.20403149148277488
original_A,s19,A,600.0,0.052888928895378134
original_A,s19,A,620.0,0.07964743668826402
original_A,s19,A,640.0,0.1724834943231178
original_A,s19,A,660.0,0.1454676057702958
original_A,s19,A,680.0,0.02877036987218777
original_A,s19,A,700.0,0.10345550008778562
original_A,s19,A,720.0,0.2945348730128954
original_A,s19,A,740.0,0.27983815006988577
original_A,s19,A,760.0,0.1770553031493548
original_A,s19,A,780.0,0.10260303655564618
original_A,s19,A,800.0,0.13293772335426357
original_A,s19,A,820.0,0.1406806777098631
original_A,s19,A,840.0,-0.01817116266294283
original_A,s19,A,860.0,-0.11631278952734
original_A,s19,A,880.0,-0.14800906558777557
original_A,s19,A,900.0,-0.24539318851616787
original_A,s19,A,920.0,-0.28838449894971974
original_A,s19,A,940.0,-0.17039779823724086
original_A,s19,A,960.0,-0.1394622889879608
original_A,s19,A,980.0,-0.19713103781498018
original_A,s19,I,0.0,-0.026915819341223945
original_A,s19,I,20.0,-0.04014604255735249
original_A,s19,I,40.0,-0.08233892329143583
original_A,s19,I,60.0,-0.10973561767743459
original_A,s19,I,80.0,0.054330894084427206
original_A,s19,I,100.0,0.13209678803978453
original_A,s19,I,120.0,-0.008200102649986392
original_A,s19,I,140.0,0.1336057452915888
original_A,s19,I,160.0,0.3168778171169322
original_A,s19,I,180.0,0.052731158306294545
original_A,s19,I,200.0,0.01986631848929507
original_A,s19,I,220.0,0.12145009972154891
original_A,s19,I,240.0,0.12755907409423944
original_A,s19,I,260.0,0.13748074483750594
original_A,s19,I,280.0,0.06652222798332132
original_A,s19,I,300.0,0.12804741550615314
original_A,s19,I,320.0,0.08179586815905304
original_A,s19,I,340.0,-0.055055608319355145
original_A,s19,I,360.0,0.09790890560814969
original_A,s19,I,380.0,0.01108230934682599
original_A,s19,I,400.0,-0.09075712133164808
original_A,s19,I,420.0,-0.014953210639872622
original_A,s19,I,440.0,0.02930465053616982
original_A,s19,I,460.0,-0.028095440552545935
original_A,s19,I,480.0,-0.08449560181410296
original_A,s19,I,500.0,-0.3042615085225767
original_A,s19,I,520.0,-0.12377404951416573
original_A,s19,I,540.0,-0.1602395189580231
original_A,s19,I,560.0,-0.07555078847963537
original_A,s19,I,580.0,-0.39996906317837444
original_A,s19,I,600.0,-0.05728764279210449
original_A,s19,I,620.0,0.5756225255316276
original_A,s19,I,640.0,0.25141305036580397
original_A,s19,I,660.0,0.15444869210349427
original_A,s19,I,680.0,0.28677207467321764
original_A,s19,I,700.0,0.2826965193192029
original_A,s19,I,720.0,0.317053264576077
original_A,s19,I,740.0,0.3376756934900841
original_A,s19,I,760.0,0.28334128607998676
original_A,s19,I,780.0,0.21280114342470638
original_A,s19,I,800.0,0.29737951479147023
original_A,s19,I,820.0,0.5221435775822346
original_A,s19,I,840.0,0.36579410428073617
original_A,s19,I,860.0,0.23016512753165017
original_A,s19,I,880.0,0.4916728031552262
original_A,s19,I,900.0,0.6566553260465791
original_A,s19,I,920.0,0.585452537959084
original_A,s19,I,940.0,0.3348827085871774
original_A,s19,I,960.0,0.3298395294223144
original_A,s19,I,980.0,0.3134933247089986
A2,s19,G_new,0.0,-0.13555859957121302
A2,s19,G_new,20.0,0.019665533269816016
A2,s19,G_new,40.0,0.07404935816606997
A2,s19,G_new,60.0,-0.11906793206125493
A2,s19,G_new,80.0,-0.17514721236954484
A2,s19,G_new,100.0,-0.010873310741099398
A2,s19,G_new,120.0,-0.06089857010180596
A2,s19,G_new,140.0,-0.20232734599455096
A2,s19,G_new,160.0,-0.12386831124006314
A2,s19,G_new,180.0,-0.060014218539455225
A2,s19,G_new,200.0,-0.15805331644410242
A2,s19,G_new,220.0,-0.1300621492494864
A2,s19,G_new,240.0,-0.030199252761405088
A2,s19,G_new,260.0,-0.08903819833401994
A2,s19,G_new,280.0,-0.36594257459068613
A2,s19,G_new,300.0,-0.17702788541606881
A2,s19,G_new,320.0,-0.09029171583921347
A2,s19,G_new,340.0,-0.07575769367839837
A2,s19,G_new,360.0,-0.20060337544517473
A2,s19,G_new,380.0,-0.21910374053151677
A2,s19,G_new,400.0,-0.019133580446603696
A2,s19,G_new,420.0,-0.0405525163081767
A2,s19,G_new,440.0,-0.267880986083782
A2,s19,G_new,460.0,-0.20514792349480654
A2,s19,G_new,480.0,-0.04091348810782018
A2,s19,G_new,500.0,-0.11855351865447677
A2,s19,G_new,520.0,-0.14805240469325193
A2,s19,G_new,540.0,-0.09575518211911246
A2,s19,G_new,560.0,-0.07301697570110562
A2,s19,G_new,580.0,0.1114030046989566
A2,s19,G_new,600.0,-0.057892750798610934
A2,s19,G_new,620.0,-0.3887446777063916
A2,s19,G_new,640.0,-0.1389049341404623
A2,s19,G_new,660.0,0.003520560903357655
A2,s19,G_new,680.0,-0.02962068588769132
A2,s19,G_new,700.0,-0.06422306564473712
A2,s19,G_new,720.0,-0.205840602019939
A2,s19,G_new,740.0,-0.14460896478095
A2,s19,G_new,760.0,-0.16373455842597168
A2,s19,G_new,780.0,-0.2648629178231711
A2,s19,G_new,800.0,-0.23841340840792968
A2,s19,G_new,820.0,-0.18697524956298905
A2,s19,G_new,840.0,-0.21411861695228224
A2,s19,G_new,860.0,-0.25103817222750174
A2,s19,G_new,880.0,-0.19356878433557367
A2,s19,G_new,900.0,-0.1050348127062315
A2,s19,G_new,920.0,-0.1328418061135063
A2,s19,G_new,940.0,-0.11730815556094532
A2,s19,G_new,960.0,-0.08755204667097524
A2,s19,G_new,980.0,-0.12641168844596662
A2,s19,A2,0.0,-0.031270810459869916
A2,s19,A2,20.0,0.05650217765056863
A2,s19,A2,40.0,0.0827521434997261
A2,s19,A2,60.0,0.14035725447206604
A2,s19,A2,80.0,0.1635954896504221
A2,s19,A2,100.0,0.10675875192688403
A2,s19,A2,120.0,0.04005115742702163
A2,s19,A2,140.0,-0.16527203483466474
A2,s19,A2,160.0,-0.02242487104982213
A2,s19,A2,180.0,0.13185335474626322
A2,s19,A2,200.0,0.21152615659698865
A2,s19,A2,220.0,0.2520205029784851
A2,s19,A2,240.0,0.3810327864786375
A2,s19,A2,260.0,0.36338969639871027
A2,s19,A2,280.0,0.384203603052795
A2,s19,A2,300.0,0.31072349990948683
A2,s19,A2,320.0,0.30305606906305715
A2,s19,A2,340.0,0.48925055130000566
A2,s19,A2,360.0,0.2269724737803269
A2,s19,A2,380.0,0.33231778541663043
A2,s19,A2,400.0,0.35668691710900324
A2,s19,A2,420.0,0.35847168471707697
A2,s19,A2,440.0,0.294847746520449
A2,s19,A2,460.0,0.22355610061795894
A2,s19,A2,480.0,0.1625195085951514
A2,s19,A2,500.0,0.30291017801851783
A2,s19,A2,520.0,0.30737605273993795
A2,s19,A2,540.0,0.22904672992830918
A2,s19,A2,560.0,0.38262711799264165
A2,s19,A2,580.0,0.3214786056600189
A2,s19,A2,600.0,0.13796618560214857
A2,s19,A2,620.0,0.3381689262280365
A2,s19,A2,640.0,0.29346732290165556
A2,s19,A2,660.0,0.18815274281810293
A2,s19,A2,680.0,0.09347365373349228
A2,s19,A2,700.0,0.18611543903866523
A2,s19,A2,720.0,0.24234143290541
A2,s19,A2,740.0,0.21165170569070635
A2,s19,A2,760.0,0.2524819522254852
A2,s19,A2,780.0,0.08773681109124211
A2,s19,A2,800.0,0.028947064831738024
A2,s19,A2,820.0,0.020887117011171165
A2,s19,A2,840.0,-0.1032772236778052
A2,s19,A2,860.0,-0.10218191676280411
A2,s19,A2,880.0,-0.11419754500344667
A2,s19,A2,900.0,-0.2564044380014827
A2,s19,A2,920.0,-0.26261773885377104
A2,s19,A2,940.0,-0.13032973610095122
A2,s19,A2,960.0,-0.13495210900883384
A2,s19,A2,980.0,-0.11952578113618316
A2,s19,I,0.0,-0.012347987077450884
A2,s19,I,20.0,-0.04262616223129237
A2,s19,I,40.0,-0.08407581670200626
A2,s19,I,60.0,-0.109791636304361
A2,s19,I,80.0,0.07701287351405708
A2,s19,I,100.0,0.15390516560744752
A2,s19,I,120.0,0.013329972191913148
A2,s19,I,140.0,0.13754321861897195
A2,s19,I,160.0,0.3434878558391612
A2,s19,I,180.0,0.026612696531400984
A2,s19,I,200.0,-0.0025582696708420713
A2,s19,I,220.0,0.16500564229272352
A2,s19,I,240.0,0.19198096553295688
A2,s19,I,260.0,0.21262972337306527
A2,s19,I,280.0,0.2436248125645588
A2,s19,I,300.0,0.3161742562500413
A2,s19,I,320.0,0.10567053981959622
A2,s19,I,340.0,-0.05263598982806928
A2,s19,I,360.0,0.24722883325557304
A2,s19,I,380.0,0.08639317135083699
A2,s19,I,400.0,-0.06731205170980027
A2,s19,I,420.0,-0.03536491462249295
A2,s19,I,440.0,0.07076695473661868
A2,s19,I,460.0,0.022381182987293677
A2,s19,I,480.0,-0.05315546002287615
A2,s19,I,500.0,-0.2682047810315207
A2,s19,I,520.0,-0.10149087169017526
A2,s19,I,540.0,-0.1125205435781321
A2,s19,I,560.0,-0.11212487965933166
A2,s19,I,580.0,-0.40611021655611673
A2,s19,I,600.0,-0.08515901741107147
A2,s19,I,620.0,0.4709246195057506
A2,s19,I,640.0,0.2357848638912762
A2,s19,I,660.0,0.16981651204128573
A2,s19,I,680.0,0.2627487374177617
A2,s19,I,700.0,0.2684673599041703
A2,s19,I,720.0,0.4148483110471302
A2,s19,I,740.0,0.4395366748524322
A2,s19,I,760.0,0.2907553472958853
A2,s19,I,780.0,0.24527373786816237
A2,s19,I,800.0,0.3802091986435317
A2,s19,I,820.0,0.6144856901931836
A2,s19,I,840.0,0.40224740773402795
A2,s19,I,860.0,0.19466279331501304
A2,s19,I,880.0,0.43888127042974345
A2,s19,I,900.0,0.6013908475534558
A2,s19,I,920.0,0.5018871443409434
A2,s19,I,940.0,0.2735562836250556
A2,s19,I,960.0,0.2932518351400317
A2,s19,I,980.0,0.2275131655128168
robust_A_AR,s19,G_new,0.0,-0.13183051461274659
robust_A_AR,s19,G_new,20.0,0.012764367359342832
robust_A_AR,s19,G_new,40.0,0.06392890740252022
robust_A_AR,s19,G_new,60.0,-0.13625339479380308
robust_A_AR,s19,G_new,80.0,-0.19533542208523108
robust_A_AR,s19,G_new,100.0,-0.024096178155701344
robust_A_AR,s19,G_new,120.0,-0.06595159193166446
robust_A_AR,s19,G_new,140.0,-0.1821180915120278
robust_A_AR,s19,G_new,160.0,-0.12130670117217147
robust_A_AR,s19,G_new,180.0,-0.07597805065517503
robust_A_AR,s19,G_new,200.0,-0.183798140790508
robust_A_AR,s19,G_new,220.0,-0.16122190704213274
robust_A_AR,s19,G_new,240.0,-0.07730016101908704
robust_A_AR,s19,G_new,260.0,-0.1340530666476813
robust_A_AR,s19,G_new,280.0,-0.4142116102352488
robust_A_AR,s19,G_new,300.0,-0.21637605181584915
robust_A_AR,s19,G_new,320.0,-0.1275642386743137
robust_A_AR,s19,G_new,340.0,-0.13568004923668897
robust_A_AR,s19,G_new,360.0,-0.22942817409700628
robust_A_AR,s19,G_new,380.0,-0.2603151719800327
robust_A_AR,s19,G_new,400.0,-0.0629698851597803
robust_A_AR,s19,G_new,420.0,-0.08430381467524409
robust_A_AR,s19,G_new,440.0,-0.3042701790075817
robust_A_AR,s19,G_new,460.0,-0.23287029870773485
robust_A_AR,s19,G_new,480.0,-0.06102987533558742
robust_A_AR,s19,G_new,500.0,-0.15589249202136146
robust_A_AR,s19,G_new,520.0,-0.18584286698790659
robust_A_AR,s19,G_new,540.0,-0.12413076374081133
robust_A_AR,s19,G_new,560.0,-0.11961409031058369
robust_A_AR,s19,G_new,580.0,0.07208250411069611
robust_A_AR,s19,G_new,600.0,-0.07459292786726197
robust_A_AR,s19,G_new,620.0,-0.42942667450743743
robust_A_AR,s19,G_new,640.0,-0.1747299705683324
robust_A_AR,s19,G_new,660.0,-0.019623905338360156
robust_A_AR,s19,G_new,680.0,-0.04089966913763735
robust_A_AR,s19,G_new,700.0,-0.08691323160052616
robust_A_AR,s19,G_new,720.0,-0.2361906197203112
robust_A_AR,s19,G_new,740.0,-0.17122936214565843
robust_A_AR,s19,G_new,760.0,-0.19470067675424135
robust_A_AR,s19,G_new,780.0,-0.2758304786797783
robust_A_AR,s19,G_new,800.0,-0.24253106934637908
robust_A_AR,s19,G_new,820.0,-0.19017185834962202
robust_A_AR,s19,G_new,840.0,-0.20172527888823888
robust_A_AR,s19,G_new,860.0,-0.23828093101506415
robust_A_AR,s19,G_new,880.0,-0.17922064478290167
robust_A_AR,s19,G_new,900.0,-0.07325723061505399
robust_A_AR,s19,G_new,920.0,-0.10010756980235361
robust_A_AR,s19,G_new,940.0,-0.10092566076232644
robust_A_AR,s19,G_new,960.0,-0.07077479251399446
robust_A_AR,s19,G_new,980.0,-0.11118143656918832
robust_A_AR,s19,AR,0.0,-0.018333519958147016
robust_A_AR,s19,AR,20.0,0.047999476385212826
robust_A_AR,s19,AR,40.0,0.07148165877395746
robust_A_AR,s19,AR,60.0,0.12304402990145435
robust_A_AR,s19,AR,80.0,0.1576061338868814
robust_A_AR,s19,AR,100.0,0.10722114513204632
robust_A_AR,s19,AR,120.0,0.04855178605909341
robust_A_AR,s19,AR,140.0,-0.1424703966079599
robust_A_AR,s19,AR,160.0,-0.0030642979387908303
robust_A_AR,s19,AR,180.0,0.09932855914583841
robust_A_AR,s19,AR,200.0,0.17149780133736264
robust_A_AR,s19,AR,220.0,0.24816730174574797
robust_A_AR,s19,AR,240.0,0.37431485941841214
robust_A_AR,s19,AR,260.0,0.36553550309786076
robust_A_AR,s19,AR,280.0,0.44738844298988967
robust_A_AR,s19,AR,300.0,0.38983111120688163
robust_A_AR,s19,AR,320.0,0.28064284915316423
robust_A_AR,s19,AR,340.0,0.4305321802629938
robust_A_AR,s19,AR,360.0,0.29218126986573667
robust_A_AR,s19,AR,380.0,0.3383895979761975
robust_A_AR,s19,AR,400.0,0.32740362815903723
robust_A_AR,s19,AR,420.0,0.3016097088253962
robust_A_AR,s19,AR,440.0,0.28441660416947545
robust_A_AR,s19,AR,460.0,0.2275244758024179
robust_A_AR,s19,AR,480.0,0.1620637917579828
robust_A_AR,s19,AR,500.0,0.28811439592915866
robust_A_AR,s19,AR,520.0,0.28343821898283894
robust_A_AR,s19,AR,540.0,0.23061890535655907
robust_A_AR,s19,AR,560.0,0.3127090455818224
robust_A_AR,s19,AR,580.0,0.27807289188332956
robust_A_AR,s19,AR,600.0,0.1035953755162633
robust_A_AR,s19,AR,620.0,0.2312263726139266
robust_A_AR,s19,AR,640.0,0.24759160390261042
robust_A_AR,s19,AR,660.0,0.17457757662678292
robust_A_AR,s19,AR,680.0,0.06698047386571711
robust_A_AR,s19,AR,700.0,0.1543277158247538
robust_A_AR,s19,AR,720.0,0.27351573714406535
robust_A_AR,s19,AR,740.0,0.24914041538101675
robust_A_AR,s19,AR,760.0,0.22602596421350252
robust_A_AR,s19,AR,780.0,0.0971934574842227
robust_A_AR,s19,AR,800.0,0.07705489658599063
robust_A_AR,s19,AR,820.0,0.07592124221270033
robust_A_AR,s19,AR,840.0,-0.06782307219270417
robust_A_AR,s19,AR,860.0,-0.1117503689414325
robust_A_AR,s19,AR,880.0,-0.13307229228393547
robust_A_AR,s19,AR,900.0,-0.25931589898388724
robust_A_AR,s19,AR,920.0,-0.28241916462471006
robust_A_AR,s19,AR,940.0,-0.15254286039024706
robust_A_AR,s19,AR,960.0,-0.1411635557145282
robust_A_AR,s19,AR,980.0,-0.15844852604425097
robust_A_AR,s19,I,0.0,-0.015073358049185845
robust_A_AR,s19,I,20.0,-0.0476937043621158
robust_A_AR,s19,I,40.0,-0.09229201565649858
robust_A_AR,s19,I,60.0,-0.12493841296937086
robust_A_AR,s19,I,80.0,0.04982519005322894
robust_A_AR,s19,I,100.0,0.13322669244468427
robust_A_AR,s19,I,120.0,-2.1900760637086347e-05
robust_A_AR,s19,I,140.0,0.15375618806141456
robust_A_AR,s19,I,160.0,0.33475963144787557
robust_A_AR,s19,I,180.0,0.023307531776310453
robust_A_AR,s19,I,200.0,-0.01602278326641413
robust_A_AR,s19,I,220.0,0.11951282425160856
robust_A_AR,s19,I,240.0,0.1237992365362388
robust_A_AR,s19,I,260.0,0.1418593106470526
robust_A_AR,s19,I,280.0,0.1278771307947643
robust_A_AR,s19,I,300.0,0.20374839042634674
robust_A_AR,s19,I,320.0,0.06290967414785403
robust_A_AR,s19,I,340.0,-0.10652976353442263
robust_A_AR,s19,I,360.0,0.1601185927847003
robust_A_AR,s19,I,380.0,0.018913264894461018
robust_A_AR,s19,I,400.0,-0.11568946659949297
robust_A_AR,s19,I,420.0,-0.06555534066062847
robust_A_AR,s19,I,440.0,0.021522486742689473
robust_A_AR,s19,I,460.0,-0.022935661953455574
robust_A_AR,s19,I,480.0,-0.08385538882238143
robust_A_AR,s19,I,500.0,-0.31605524414582703
robust_A_AR,s19,I,520.0,-0.14405167719528572
robust_A_AR,s19,I,540.0,-0.15727513294444778
robust_A_AR,s19,I,560.0,-0.13815262192347716
robust_A_AR,s19,I,580.0,-0.4382829453024589
robust_A_AR,s19,I,600.0,-0.08839024962753242
robust_A_AR,s19,I,620.0,0.4782520010304657
robust_A_AR,s19,I,640.0,0.21061559405148744
robust_A_AR,s19,I,660.0,0.1430398873439449
robust_A_AR,s19,I,680.0,0.2627137277681685
robust_A_AR,s19,I,700.0,0.254314702395173
robust_A_AR,s19,I,720.0,0.3476704569554069
robust_A_AR,s19,I,740.0,0.3739718743329957
robust_A_AR,s19,I,760.0,0.26035915227023615
robust_A_AR,s19,I,780.0,0.22218195972111804
robust_A_AR,s19,I,800.0,0.34236749804398087
robust_A_AR,s19,I,820.0,0.573528579681137
robust_A_AR,s19,I,840.0,0.39813275573564605
robust_A_AR,s19,I,860.0,0.22058557457365507
robust_A_AR,s19,I,880.0,0.47334845178636825
robust_A_AR,s19,I,900.0,0.6522645815263338
robust_A_AR,s19,I,920.0,0.5652930341149424
robust_A_AR,s19,I,940.0,0.3133439625270614
robust_A_AR,s19,I,960.0,0.3231713843149533
robust_A_AR,s19,I,980.0,0.27646522823654435
original_A,s20,G_new,0.0,-0.017491848102068455
original_A,s20,G_new,20.0,0.06939812002838704
original_A,s20,G_new,40.0,0.16928799312830042
original_A,s20,G_new,60.0,0.1770389908124727
original_A,s20,G_new,80.0,0.1810336264167129
original_A,s20,G_new,100.0,-0.030999657694456714
original_A,s20,G_new,120.0,-0.019956726728545815
original_A,s20,G_new,140.0,-0.056694029906950064
original_A,s20,G_new,160.0,-0.03983714284740213
original_A,s20,G_new,180.0,-0.1035127536737903
original_A,s20,G_new,200.0,-0.17013692933572572
original_A,s20,G_new,220.0,-0.016084788781598913
original_A,s20,G_new,240.0,0.02638573333604563
original_A,s20,G_new,260.0,0.15106899694892523
original_A,s20,G_new,280.0,0.2188916430363832
original_A,s20,G_new,300.0,0.1138108759579845
original_A,s20,G_new,320.0,0.11503109320468281
original_A,s20,G_new,340.0,0.1675222600961934
original_A,s20,G_new,360.0,0.2551053515254069
original_A,s20,G_new,380.0,0.17292335826048025
original_A,s20,G_new,400.0,0.1617914568253977
original_A,s20,G_new,420.0,0.1419326845106803
original_A,s20,G_new,440.0,0.22930687820321988
original_A,s20,G_new,460.0,0.25133557096140463
original_A,s20,G_new,480.0,0.4186959164516934
original_A,s20,G_new,500.0,0.5626809834333848
original_A,s20,G_new,520.0,0.3510785488250956
original_A,s20,G_new,540.0,0.2725224990767424
original_A,s20,G_new,560.0,0.17040430812232038
original_A,s20,G_new,580.0,0.1485531413599387
original_A,s20,G_new,600.0,0.17118104321045596
original_A,s20,G_new,620.0,0.08743514991040313
original_A,s20,G_new,640.0,0.02356107704462858
original_A,s20,G_new,660.0,0.008789036688401586
original_A,s20,G_new,680.0,0.07683463212794896
original_A,s20,G_new,700.0,0.14775582267524254
original_A,s20,G_new,720.0,0.05744352990462183
original_A,s20,G_new,740.0,-0.08224384307018107
original_A,s20,G_new,760.0,-0.06469385332537309
original_A,s20,G_new,780.0,-0.07681769888330703
original_A,s20,G_new,800.0,-0.18837035435487093
original_A,s20,G_new,820.0,-0.23625476733601602
original_A,s20,G_new,840.0,-0.0712604350103026
original_A,s20,G_new,860.0,-0.047787502012952045
original_A,s20,G_new,880.0,0.11954919154623941
original_A,s20,G_new,900.0,0.12832382217631602
original_A,s20,G_new,920.0,0.2229340476947006
original_A,s20,G_new,940.0,0.39703473690873425
original_A,s20,G_new,960.0,0.4257201788274812
original_A,s20,G_new,980.0,0.36991714338815795
original_A,s20,A,0.0,0.0910509728980008
original_A,s20,A,20.0,0.068439726456864
original_A,s20,A,40.0,-0.08702859650093187
original_A,s20,A,60.0,-0.303006238520982
original_A,s20,A,80.0,-0.4863782694272537
original_A,s20,A,100.0,-0.42443002211265424
original_A,s20,A,120.0,-0.3622726175149055
original_A,s20,A,140.0,-0.32900798034646406
original_A,s20,A,160.0,-0.07969228104379232
original_A,s20,A,180.0,-0.2627256830445848
original_A,s20,A,200.0,-0.37481229697293594
original_A,s20,A,220.0,-0.35679689821090266
original_A,s20,A,240.0,-0.4054737584403524
original_A,s20,A,260.0,-0.35675287056123295
original_A,s20,A,280.0,-0.4134432546207861
original_A,s20,A,300.0,-0.429987281440866
original_A,s20,A,320.0,-0.4633081875357072
original_A,s20,A,340.0,-0.6701207581130999
original_A,s20,A,360.0,-0.7122785272434352
original_A,s20,A,380.0,-0.6956478558049518
original_A,s20,A,400.0,-0.6545384022562003
original_A,s20,A,420.0,-0.7937559356898947
original_A,s20,A,440.0,-0.7294467298422401
original_A,s20,A,460.0,-0.3602069470601792
original_A,s20,A,480.0,-0.4077705133428321
original_A,s20,A,500.0,-0.44550837404928606
original_A,s20,A,520.0,-0.45751653513470253
original_A,s20,A,540.0,-0.3445785935455937
original_A,s20,A,560.0,-0.2649531728026862
original_A,s20,A,580.0,-0.501639056543698
original_A,s20,A,600.0,-0.4655031976394454
original_A,s20,A,620.0,-0.31767984571049596
original_A,s20,A,640.0,-0.6186236594900163
original_A,s20,A,660.0,-0.6535433580669621
original_A,s20,A,680.0,-0.43440805060930004
original_A,s20,A,700.0,-0.22225811130947187
original_A,s20,A,720.0,-0.274767321540307
original_A,s20,A,740.0,-0.48870733428762836
original_A,s20,A,760.0,-0.4974856841034912
original_A,s20,A,780.0,-0.4573630604899986
original_A,s20,A,800.0,-0.4896583150141114
original_A,s20,A,820.0,-0.4221602800704156
original_A,s20,A,840.0,-0.41086255238275415
original_A,s20,A,860.0,-0.5634141808859057
original_A,s20,A,880.0,-0.5289069778833596
original_A,s20,A,900.0,-0.5407146922941998
original_A,s20,A,920.0,-0.5314773747612197
original_A,s20,A,940.0,-0.7040990085263983
original_A,s20,A,960.0,-1.0334121569446952
original_A,s20,A,980.0,-1.0897887571130696
original_A,s20,I,0.0,-0.049760731666494244
original_A,s20,I,20.0,0.22418489022156496
original_A,s20,I,40.0,0.44863040364110485
original_A,s20,I,60.0,0.4006801872033452
original_A,s20,I,80.0,0.5041108475120615
original_A,s20,I,100.0,0.6121304799213718
original_A,s20,I,120.0,0.3152109560803038
original_A,s20,I,140.0,0.4277554477731265
original_A,s20,I,160.0,0.46994175878518774
original_A,s20,I,180.0,0.6869982241627229
original_A,s20,I,200.0,0.8125190788317695
original_A,s20,I,220.0,0.8144005165905825
original_A,s20,I,240.0,1.0108634714850178
original_A,s20,I,260.0,1.0206343138118652
original_A,s20,I,280.0,1.0221135225775848
original_A,s20,I,300.0,1.0499735182627394
original_A,s20,I,320.0,0.7789953130248837
original_A,s20,I,340.0,0.8405176644688447
original_A,s20,I,360.0,0.9053910867205879
original_A,s20,I,380.0,0.9846179851348767
original_A,s20,I,400.0,0.7517293622542827
original_A,s20,I,420.0,0.6750388932204485
original_A,s20,I,440.0,0.8351077283771161
original_A,s20,I,460.0,0.11642409714869068
original_A,s20,I,480.0,0.10674693184276596
original_A,s20,I,500.0,-0.05956880944971084
original_A,s20,I,520.0,-0.07921711207692883
original_A,s20,I,540.0,0.10533154635323741
original_A,s20,I,560.0,0.12171977253921398
original_A,s20,I,580.0,0.3967028622018507
original_A,s20,I,600.0,0.4471982119342688
original_A,s20,I,620.0,0.1593838904981166
original_A,s20,I,640.0,0.46575909197322096
original_A,s20,I,660.0,0.48855195674499385
original_A,s20,I,680.0,0.5781434561490628
original_A,s20,I,700.0,0.5475805623600242
original_A,s20,I,720.0,0.5881763041188178
original_A,s20,I,740.0,0.5613025542566219
original_A,s20,I,760.0,0.4684889479118692
original_A,s20,I,780.0,0.8148165533171626
original_A,s20,I,800.0,0.8888501448378489
original_A,s20,I,820.0,0.7081509454293702
original_A,s20,I,840.0,0.7207204003925403
original_A,s20,I,860.0,0.8028202233204362
original_A,s20,I,880.0,0.5997734876742209
original_A,s20,I,900.0,0.5010229579203205
original_A,s20,I,920.0,0.5837924941674703
original_A,s20,I,940.0,0.7638279151665495
original_A,s20,I,960.0,1.140677406927114
original_A,s20,I,980.0,1.0633746096281804
A2,s20,G_new,0.0,0.006188610347257175
A2,s20,G_new,20.0,0.08267515177939508
A2,s20,G_new,40.0,0.14553574001815447
A2,s20,G_new,60.0,0.10372060647672171
A2,s20,G_new,80.0,0.07347698393909619
A2,s20,G_new,100.0,-0.12916890937995737
A2,s20,G_new,120.0,-0.10320681633064847
A2,s20,G_new,140.0,-0.1294934035605315
A2,s20,G_new,160.0,-0.060636139074759024
A2,s20,G_new,180.0,-0.1584264970565273
A2,s20,G_new,200.0,-0.25320538821225325
A2,s20,G_new,220.0,-0.09497010908416137
A2,s20,G_new,240.0,-0.05659806569980211
A2,s20,G_new,260.0,0.08186615325471666
A2,s20,G_new,280.0,0.14443608269748168
A2,s20,G_new,300.0,0.01695210868392634
A2,s20,G_new,320.0,0.004056178666265842
A2,s20,G_new,340.0,0.021828032769418693
A2,s20,G_new,360.0,0.09492638520879493
A2,s20,G_new,380.0,0.010027784082676586
A2,s20,G_new,400.0,0.0018429881035501583
A2,s20,G_new,420.0,-0.03865934453923418
A2,s20,G_new,440.0,0.05086919614662974
A2,s20,G_new,460.0,0.15031367559391742
A2,s20,G_new,480.0,0.3113714396843632
A2,s20,G_new,500.0,0.45208838727721107
A2,s20,G_new,520.0,0.21676263767442203
A2,s20,G_new,540.0,0.16865210032265654
A2,s20,G_new,560.0,0.1064257994439757
A2,s20,G_new,580.0,0.03173058703301271
A2,s20,G_new,600.0,0.05161566839301171
A2,s20,G_new,620.0,0.008514867735753578
A2,s20,G_new,640.0,-0.11787289774469434
A2,s20,G_new,660.0,-0.15003428399291685
A2,s20,G_new,680.0,-0.03475506223794643
A2,s20,G_new,700.0,0.08901002432583324
A2,s20,G_new,720.0,-0.021257533004553922
A2,s20,G_new,740.0,-0.19925377910768435
A2,s20,G_new,760.0,-0.1792120857583034
A2,s20,G_new,780.0,-0.1820973478314198
A2,s20,G_new,800.0,-0.29562567840464976
A2,s20,G_new,820.0,-0.3323952710851644
A2,s20,G_new,840.0,-0.1613939883095824
A2,s20,G_new,860.0,-0.15800003459148226
A2,s20,G_new,880.0,0.005703211143511547
A2,s20,G_new,900.0,0.011549918278479322
A2,s20,G_new,920.0,0.10184457521498208
A2,s20,G_new,940.0,0.22693373552102478
A2,s20,G_new,960.0,0.1776670535800956
A2,s20,G_new,980.0,0.1047067431017444
A2,s20,A2,0.0,0.1056312431159946
A2,s20,A2,20.0,0.037836869756130265
A2,s20,A2,40.0,-0.11123818582816655
A2,s20,A2,60.0,-0.30110174878386337
A2,s20,A2,80.0,-0.39020901462557933
A2,s20,A2,100.0,-0.3801327744395339
A2,s20,A2,120.0,-0.3194785328105469
A2,s20,A2,140.0,-0.26435232775374595
A2,s20,A2,160.0,-0.09312170782426359
A2,s20,A2,180.0,-0.18151043038861484
A2,s20,A2,200.0,-0.3023866909138108
A2,s20,A2,220.0,-0.2861023264745249
A2,s20,A2,240.0,-0.2638977692885656
A2,s20,A2,260.0,-0.1971775473306531
A2,s20,A2,280.0,-0.17572413966139994
A2,s20,A2,300.0,-0.36125488846531123
A2,s20,A2,320.0,-0.44999605412294247
A2,s20,A2,340.0,-0.5146942416090414
A2,s20,A2,360.0,-0.5959540788156505
A2,s20,A2,380.0,-0.6413731305508876
A2,s20,A2,400.0,-0.6648511973592112
A2,s20,A2,420.0,-0.6833336275732882
A2,s20,A2,440.0,-0.7426305690199841
A2,s20,A2,460.0,-0.48533645958357896
A2,s20,A2,480.0,-0.4847561704809452
A2,s20,A2,500.0,-0.4683748864572195
A2,s20,A2,520.0,-0.6716157344839385
A2,s20,A2,540.0,-0.5307348262597456
A2,s20,A2,560.0,-0.2620731679042305
A2,s20,A2,580.0,-0.4565904066495655
A2,s20,A2,600.0,-0.5262400241415449
A2,s20,A2,620.0,-0.33453417904003485
A2,s20,A2,640.0,-0.5388807954952064
A2,s20,A2,660.0,-0.6557352566433353
A2,s20,A2,680.0,-0.4911903368806876
A2,s20,A2,700.0,-0.26649740086844953
A2,s20,A2,720.0,-0.3852982857340286
A2,s20,A2,740.0,-0.4742172767571817
A2,s20,A2,760.0,-0.4405226956836988
A2,s20,A2,780.0,-0.40497033392806725
A2,s20,A2,800.0,-0.38340582250954874
A2,s20,A2,820.0,-0.364280800733763
A2,s20,A2,840.0,-0.3229740263289024
A2,s20,A2,860.0,-0.31986835910727923
A2,s20,A2,880.0,-0.3956994582657941
A2,s20,A2,900.0,-0.40808369952106627
A2,s20,A2,920.0,-0.45910351912117664
A2,s20,A2,940.0,-0.6971945702562597
A2,s20,A2,960.0,-1.0085237294188878
A2,s20,A2,980.0,-1.0968554139689373
A2,s20,I,0.0,-0.032908739713407645
A2,s20,I,20.0,0.25672503576299877
A2,s20,I,40.0,0.43743515016615275
A2,s20,I,60.0,0.32048766150527214
A2,s20,I,80.0,0.3308659439642653
A2,s20,I,100.0,0.47989710976234523
A2,s20,I,120.0,0.19995987452154368
A2,s20,I,140.0,0.31075493665656856
A2,s20,I,160.0,0.4555115018229474
A2,s20,I,180.0,0.579422535074767
A2,s20,I,200.0,0.6798186018453252
A2,s20,I,220.0,0.6872414847535437
A2,s20,I,240.0,0.8370759878075622
A2,s20,I,260.0,0.8509882796524642
A2,s20,I,280.0,0.8002697700602606
A2,s20,I,300.0,0.9046023683585191
A2,s20,I,320.0,0.6514050303493928
A2,s20,I,340.0,0.5908623653298128
A2,s20,I,360.0,0.6634019023250329
A2,s20,I,380.0,0.7766494411897736
A2,s20,I,400.0,0.58539981011636
A2,s20,I,420.0,0.41455318327554525
A2,s20,I,440.0,0.650551132189312
A2,s20,I,460.0,0.08200652899738511
A2,s20,I,480.0,0.03686422045658322
A2,s20,I,500.0,-0.1652028556667286
A2,s20,I,520.0,-0.09655478588933442
A2,s20,I,540.0,0.10418321007706707
A2,s20,I,560.0,0.051017425438331127
A2,s20,I,580.0,0.24390838523623776
A2,s20,I,600.0,0.3544402718434584
A2,s20,I,620.0,0.0843215721207396
A2,s20,I,640.0,0.2657663619357481
A2,s20,I,660.0,0.3185997348149574
A2,s20,I,680.0,0.49163072093437454
A2,s20,I,700.0,0.510579613266717
A2,s20,I,720.0,0.5691337734656102
A2,s20,I,740.0,0.42650333210853136
A2,s20,I,760.0,0.31108433850811645
A2,s20,I,780.0,0.6700953496258288
A2,s20,I,800.0,0.7099256922714674
A2,s20,I,820.0,0.5700170823410818
A2,s20,I,840.0,0.571193709086833
A2,s20,I,860.0,0.5389503733565869
A2,s20,I,880.0,0.39769097853232555
A2,s20,I,900.0,0.29612661586755695
A2,s20,I,920.0,0.41012518514704777
A2,s20,I,940.0,0.5762983229852887
A2,s20,I,960.0,0.8583836121472715
A2,s20,I,980.0,0.7816092124175607
robust_A_AR,s20,G_new,0.0,-0.0067254295789127075
robust_A_AR,s20,G_new,20.0,0.07782077444533202
robust_A_AR,s20,G_new,40.0,0.15907875649756886
robust_A_AR,s20,G_new,60.0,0.14080941186628032
robust_A_AR,s20,G_new,80.0,0.12213964865044148
robust_A_AR,s20,G_new,100.0,-0.08207798748974092
robust_A_AR,s20,G_new,120.0,-0.06359424452796339
robust_A_AR,s20,G_new,140.0,-0.09652939073390954
robust_A_AR,s20,G_new,160.0,-0.04925513771887889
robust_A_AR,s20,G_new,180.0,-0.13555769118805383
robust_A_AR,s20,G_new,200.0,-0.21550837320249522
robust_A_AR,s20,G_new,220.0,-0.05928934125709758
robust_A_AR,s20,G_new,240.0,-0.023199206883004697
robust_A_AR,s20,G_new,260.0,0.1071641605679126
robust_A_AR,s20,G_new,280.0,0.16759101529413753
robust_A_AR,s20,G_new,300.0,0.06187438893366572
robust_A_AR,s20,G_new,320.0,0.059552116985134906
robust_A_AR,s20,G_new,340.0,0.08619750115061042
robust_A_AR,s20,G_new,360.0,0.16905241040760058
robust_A_AR,s20,G_new,380.0,0.0893506267047391
robust_A_AR,s20,G_new,400.0,0.08364471596103781
robust_A_AR,s20,G_new,420.0,0.046188642576472455
robust_A_AR,s20,G_new,440.0,0.14223009355090543
robust_A_AR,s20,G_new,460.0,0.2092779338057832
robust_A_AR,s20,G_new,480.0,0.37057144281070303
robust_A_AR,s20,G_new,500.0,0.5096165816876285
robust_A_AR,s20,G_new,520.0,0.29809699293780356
robust_A_AR,s20,G_new,540.0,0.2328171565200258
robust_A_AR,s20,G_new,560.0,0.13871498174778915
robust_A_AR,s20,G_new,580.0,0.08824103829953317
robust_A_AR,s20,G_new,600.0,0.11602753494612617
robust_A_AR,s20,G_new,620.0,0.04960073210800223
robust_A_AR,s20,G_new,640.0,-0.0510081064142609
robust_A_AR,s20,G_new,660.0,-0.06930324391020425
robust_A_AR,s20,G_new,680.0,0.02536613753656437
robust_A_AR,s20,G_new,700.0,0.12154332958009789
robust_A_AR,s20,G_new,720.0,0.02548151358351187
robust_A_AR,s20,G_new,740.0,-0.14076780500114708
robust_A_AR,s20,G_new,760.0,-0.12460413432591655
robust_A_AR,s20,G_new,780.0,-0.131896356485245
robust_A_AR,s20,G_new,800.0,-0.24773639596440308
robust_A_AR,s20,G_new,820.0,-0.2871696412591823
robust_A_AR,s20,G_new,840.0,-0.1210632513959978
robust_A_AR,s20,G_new,860.0,-0.117058489851289
robust_A_AR,s20,G_new,880.0,0.055278286963071986
robust_A_AR,s20,G_new,900.0,0.06264626902396163
robust_A_AR,s20,G_new,920.0,0.15883884129646209
robust_A_AR,s20,G_new,940.0,0.3128279781079009
robust_A_AR,s20,G_new,960.0,0.30201207157229026
robust_A_AR,s20,G_new,980.0,0.23972472530972008
robust_A_AR,s20,AR,0.0,0.1020930024601889
robust_A_AR,s20,AR,20.0,0.053010667736828276
robust_A_AR,s20,AR,40.0,-0.10344817743187848
robust_A_AR,s20,AR,60.0,-0.3109633950578553
robust_A_AR,s20,AR,80.0,-0.4459908439139392
robust_A_AR,s20,AR,100.0,-0.4118085031557138
robust_A_AR,s20,AR,120.0,-0.348653946089879
robust_A_AR,s20,AR,140.0,-0.3019150795026647
robust_A_AR,s20,AR,160.0,-0.08973821846932487
robust_A_AR,s20,AR,180.0,-0.224200028148747
robust_A_AR,s20,AR,200.0,-0.34465055761373287
robust_A_AR,s20,AR,220.0,-0.3270857048314582
robust_A_AR,s20,AR,240.0,-0.33674757762264335
robust_A_AR,s20,AR,260.0,-0.27629614905126515
robust_A_AR,s20,AR,280.0,-0.29006447381904826
robust_A_AR,s20,AR,300.0,-0.4035810145849516
robust_A_AR,s20,AR,320.0,-0.46953731473328186
robust_A_AR,s20,AR,340.0,-0.6013864557909128
robust_A_AR,s20,AR,360.0,-0.6671269336371395
robust_A_AR,s20,AR,380.0,-0.68542556878403
robust_A_AR,s20,AR,400.0,-0.6799636421649157
robust_A_AR,s20,AR,420.0,-0.7544060504705893
robust_A_AR,s20,AR,440.0,-0.7587470690739534
robust_A_AR,s20,AR,460.0,-0.44239834190197247
robust_A_AR,s20,AR,480.0,-0.4638951250321553
robust_A_AR,s20,AR,500.0,-0.47186147357708386
robust_A_AR,s20,AR,520.0,-0.593407527159711
robust_A_AR,s20,AR,540.0,-0.4611451556613054
robust_A_AR,s20,AR,560.0,-0.2712175322435766
robust_A_AR,s20,AR,580.0,-0.49089316707345604
robust_A_AR,s20,AR,600.0,-0.5140742222008599
robust_A_AR,s20,AR,620.0,-0.33678487177183725
robust_A_AR,s20,AR,640.0,-0.5915618774038414
robust_A_AR,s20,AR,660.0,-0.6743024765685249
robust_A_AR,s20,AR,680.0,-0.4797931670763521
robust_A_AR,s20,AR,700.0,-0.254149627489023
robust_A_AR,s20,AR,720.0,-0.34607374530849777
robust_A_AR,s20,AR,740.0,-0.4950220983219962
robust_A_AR,s20,AR,760.0,-0.4798136302015579
robust_A_AR,s20,AR,780.0,-0.44110265589006475
robust_A_AR,s20,AR,800.0,-0.4436120268686645
robust_A_AR,s20,AR,820.0,-0.40171658009237804
robust_A_AR,s20,AR,840.0,-0.3729487197383704
robust_A_AR,s20,AR,860.0,-0.4411852931108548
robust_A_AR,s20,AR,880.0,-0.4686429386827677
robust_A_AR,s20,AR,900.0,-0.48113225665617176
robust_A_AR,s20,AR,920.0,-0.5060214993924943
robust_A_AR,s20,AR,940.0,-0.7211738467613262
robust_A_AR,s20,AR,960.0,-1.0500492074495147
robust_A_AR,s20,AR,980.0,-1.126352546937277
robust_A_AR,s20,I,0.0,-0.051505010282503226
robust_A_AR,s20,I,20.0,0.23893528533237823
robust_A_AR,s20,I,40.0,0.4542677314396392
robust_A_AR,s20,I,60.0,0.3869981818192315
robust_A_AR,s20,I,80.0,0.44616617323464614
robust_A_AR,s20,I,100.0,0.5768781847770498
robust_A_AR,s20,I,120.0,0.2831952417711129
robust_A_AR,s20,I,140.0,0.3887127040198125
robust_A_AR,s20,I,160.0,0.4717266042366439
robust_A_AR,s20,I,180.0,0.6443880531294012
robust_A_AR,s20,I,200.0,0.7685166813193676
robust_A_AR,s20,I,220.0,0.7718367797876929
robust_A_AR,s20,I,240.0,0.9388283078867694
robust_A_AR,s20,I,260.0,0.9437250302849631
robust_A_AR,s20,I,280.0,0.9125839316480389
robust_A_AR,s20,I,300.0,1.0050409738180335
robust_A_AR,s20,I,320.0,0.7540559469581
robust_A_AR,s20,I,340.0,0.7518229309219603
robust_A_AR,s20,I,360.0,0.8300059078745893
robust_A_AR,s20,I,380.0,0.9339220959224467
robust_A_AR,s20,I,400.0,0.7277493418772267
robust_A_AR,s20,I,420.0,0.5984534155125326
robust_A_AR,s20,I,440.0,0.8090367261949081
robust_A_AR,s20,I,460.0,0.14938969576112332
robust_A_AR,s20,I,480.0,0.11907546251928738
robust_A_AR,s20,I,500.0,-0.06976665502991976
robust_A_AR,s20,I,520.0,-0.01602729667919084
robust_A_AR,s20,I,540.0,0.1625482769800896
robust_A_AR,s20,I,560.0,0.10928661318078631
robust_A_AR,s20,I,580.0,0.35786141448476966
robust_A_AR,s20,I,600.0,0.45078083528189883
robust_A_AR,s20,I,620.0,0.15232418461470898
robust_A_AR,s20,I,640.0,0.4085120753527905
robust_A_AR,s20,I,660.0,0.4614761786591932
robust_A_AR,s20,I,680.0,0.5815264203012627
robust_A_AR,s20,I,700.0,0.5551805273374665
robust_A_AR,s20,I,720.0,0.6191508142528813
robust_A_AR,s20,I,740.0,0.5348228008552521
robust_A_AR,s20,I,760.0,0.4252207302768121
robust_A_AR,s20,I,780.0,0.7750287360745589
robust_A_AR,s20,I,800.0,0.8268687235809408
robust_A_AR,s20,I,820.0,0.6677468545318229
robust_A_AR,s20,I,840.0,0.6692021938359913
robust_A_AR,s20,I,860.0,0.684631386793312
robust_A_AR,s20,I,880.0,0.5256985493575123
robust_A_AR,s20,I,900.0,0.42666632698581797
robust_A_AR,s20,I,920.0,0.5331165357262526
robust_A_AR,s20,I,940.0,0.731076908426034
robust_A_AR,s20,I,960.0,1.0869065995183917
robust_A_AR,s20,I,980.0,1.0195439448206076
original_A,s21,G_new,0.0,-0.10979482460559022
original_A,s21,G_new,20.0,-0.23310814360076043
original_A,s21,G_new,40.0,-0.08073112801435653
original_A,s21,G_new,60.0,-0.15526675405157453
original_A,s21,G_new,80.0,-0.06634808758978744
original_A,s21,G_new,100.0,-0.26152772360662185
original_A,s21,G_new,120.0,-0.1526546386447927
original_A,s21,G_new,140.0,-0.11006704396112402
original_A,s21,G_new,160.0,-0.03710240560720203
original_A,s21,G_new,180.0,-0.05826318178838705
original_A,s21,G_new,200.0,-0.08248129435727623
original_A,s21,G_new,220.0,-0.20586914131506145
original_A,s21,G_new,240.0,-0.12149442317666471
original_A,s21,G_new,260.0,-0.15276521092701045
original_A,s21,G_new,280.0,-0.3153540116535008
original_A,s21,G_new,300.0,-0.23624628529794905
original_A,s21,G_new,320.0,-0.15582395222482745
original_A,s21,G_new,340.0,-0.14175409435190686
original_A,s21,G_new,360.0,0.0616396093932233
original_A,s21,G_new,380.0,0.07942550478601719
original_A,s21,G_new,400.0,0.019930426404467814
original_A,s21,G_new,420.0,0.1462861781712462
original_A,s21,G_new,440.0,0.14606114431796968
original_A,s21,G_new,460.0,0.12072171785649133
original_A,s21,G_new,480.0,0.2050969657162353
original_A,s21,G_new,500.0,0.11248832445674194
original_A,s21,G_new,520.0,0.21572321549851295
original_A,s21,G_new,540.0,0.418086168681982
original_A,s21,G_new,560.0,0.3513828593860458
original_A,s21,G_new,580.0,0.059776753284245074
original_A,s21,G_new,600.0,-0.1176928275308608
original_A,s21,G_new,620.0,-0.13386772764125235
original_A,s21,G_new,640.0,0.11014826439192535
original_A,s21,G_new,660.0,0.15033161442088505
original_A,s21,G_new,680.0,0.1270893232850852
original_A,s21,G_new,700.0,0.1865138817039328
original_A,s21,G_new,720.0,-0.038928548776014996
original_A,s21,G_new,740.0,-0.06327691673059331
original_A,s21,G_new,760.0,-0.03050738476082493
original_A,s21,G_new,780.0,-0.07549120654603256
original_A,s21,G_new,800.0,0.048962123357780385
original_A,s21,G_new,820.0,-0.12128897826896493
original_A,s21,G_new,840.0,-0.019150971323776217
original_A,s21,G_new,860.0,0.007635056222322467
original_A,s21,G_new,880.0,-0.02069321709909344
original_A,s21,G_new,900.0,-0.14158819982681342
original_A,s21,G_new,920.0,-0.14228920704455061
original_A,s21,G_new,940.0,0.09230703849484131
original_A,s21,G_new,960.0,0.1918931766542925
original_A,s21,G_new,980.0,0.16402197274435643
original_A,s21,A,0.0,0.07034865033056406
original_A,s21,A,20.0,0.14089602929045977
original_A,s21,A,40.0,0.3005322646968565
original_A,s21,A,60.0,0.5926244566137182
original_A,s21,A,80.0,0.6301168488785277
original_A,s21,A,100.0,0.3627251025759246
original_A,s21,A,120.0,0.25787663736079036
original_A,s21,A,140.0,0.1708514761342592
original_A,s21,A,160.0,0.20389787529080616
original_A,s21,A,180.0,0.15410970170413404
original_A,s21,A,200.0,-0.19603061657160395
original_A,s21,A,220.0,-0.10517919110328369
original_A,s21,A,240.0,-0.25858665290930605
original_A,s21,A,260.0,-0.1170127466698422
original_A,s21,A,280.0,-0.037902559789960225
original_A,s21,A,300.0,-0.427455555651297
original_A,s21,A,320.0,-0.4598364928041284
original_A,s21,A,340.0,-0.15929096431753081
original_A,s21,A,360.0,-0.3548952350609805
original_A,s21,A,380.0,-0.6918400103778976
original_A,s21,A,400.0,-0.9041902673913982
original_A,s21,A,420.0,-0.6758788734066805
original_A,s21,A,440.0,-0.6800961141346797
original_A,s21,A,460.0,-0.6269949698107228
original_A,s21,A,480.0,-0.6049270347476658
original_A,s21,A,500.0,-0.32108369914010393
original_A,s21,A,520.0,-0.21310064328641826
original_A,s21,A,540.0,-0.2770392085226558
original_A,s21,A,560.0,-0.4567103822568721
original_A,s21,A,580.0,-0.2506190700603772
original_A,s21,A,600.0,0.18816945981377972
original_A,s21,A,620.0,0.14008757219846382
original_A,s21,A,640.0,-0.10239672177574177
original_A,s21,A,660.0,-0.1438165886479516
original_A,s21,A,680.0,-0.06606350163482652
original_A,s21,A,700.0,-0.011915338397072067
original_A,s21,A,720.0,0.047707039416103485
original_A,s21,A,740.0,0.025687663709739482
original_A,s21,A,760.0,-0.06428976271464497
original_A,s21,A,780.0,-0.037445906960757336
original_A,s21,A,800.0,0.0068738311889237624
original_A,s21,A,820.0,0.10733805168720846
original_A,s21,A,840.0,0.26627837437849233
original_A,s21,A,860.0,0.11333054499452651
original_A,s21,A,880.0,0.07639277673727486
original_A,s21,A,900.0,0.13169786564542743
original_A,s21,A,920.0,0.1303500084256643
original_A,s21,A,940.0,0.038516870640348824
original_A,s21,A,960.0,-0.15403584210778815
original_A,s21,A,980.0,-0.20307244099108537
original_A,s21,I,0.0,0.07901835035109155
original_A,s21,I,20.0,0.2526817282640579
original_A,s21,I,40.0,0.03616681608475615
original_A,s21,I,60.0,-0.13202888190892215
original_A,s21,I,80.0,-0.15628855580012163
original_A,s21,I,100.0,0.1670399014256203
original_A,s21,I,120.0,0.2896278506848053
original_A,s21,I,140.0,0.16953246983291953
original_A,s21,I,160.0,0.09913702069310895
original_A,s21,I,180.0,0.12940888267747258
original_A,s21,I,200.0,0.3196730209904416
original_A,s21,I,220.0,0.2632197879031411
original_A,s21,I,240.0,0.3194140607520791
original_A,s21,I,260.0,0.1510413849278699
original_A,s21,I,280.0,0.6047864313069369
original_A,s21,I,300.0,0.8650963392276092
original_A,s21,I,320.0,0.6906325953490628
original_A,s21,I,340.0,0.3041170014436361
original_A,s21,I,360.0,0.2809897700012588
original_A,s21,I,380.0,0.8003980706044077
original_A,s21,I,400.0,1.0162896545605777
original_A,s21,I,420.0,0.6423571688257312
original_A,s21,I,440.0,0.6819584347443021
original_A,s21,I,460.0,0.8113896317104219
original_A,s21,I,480.0,0.8511654305963225
original_A,s21,I,500.0,0.5788221040967757
original_A,s21,I,520.0,0.4348158195154063
original_A,s21,I,540.0,0.3308635045068947
original_A,s21,I,560.0,0.5652339425534403
original_A,s21,I,580.0,0.4777738958423632
original_A,s21,I,600.0,0.07652880964248279
original_A,s21,I,620.0,0.5204477751534685
original_A,s21,I,640.0,0.5320432830900584
original_A,s21,I,660.0,0.6116954569636803
original_A,s21,I,680.0,0.3477016490578737
original_A,s21,I,700.0,0.10025630729973203
original_A,s21,I,720.0,0.22118862598112102
original_A,s21,I,740.0,0.10327797272049985
original_A,s21,I,760.0,0.3888849187039064
original_A,s21,I,780.0,0.6318070604278715
original_A,s21,I,800.0,0.32382306227004437
original_A,s21,I,820.0,0.15313088199120944
original_A,s21,I,840.0,-0.2505906714897095
original_A,s21,I,860.0,-0.13981746197795616
original_A,s21,I,880.0,-0.02268916582270228
original_A,s21,I,900.0,-0.10105930211939873
original_A,s21,I,920.0,-0.31552383138515355
original_A,s21,I,940.0,-0.33463262255516124
original_A,s21,I,960.0,-0.09165239004864673
original_A,s21,I,980.0,-0.19803208198043248
A2,s21,G_new,0.0,-0.1016244855244778
A2,s21,G_new,20.0,-0.19641657737872725
A2,s21,G_new,40.0,-0.010279199253393934
A2,s21,G_new,60.0,-0.021425660999538132
A2,s21,G_new,80.0,0.0690721113498946
A2,s21,G_new,100.0,-0.1851683960380502
A2,s21,G_new,120.0,-0.10229634578488908
A2,s21,G_new,140.0,-0.06995929438943921
A2,s21,G_new,160.0,0.013445259845352841
A2,s21,G_new,180.0,-0.023846143716026724
A2,s21,G_new,200.0,-0.12830168872604117
A2,s21,G_new,220.0,-0.22482703066581788
A2,s21,G_new,240.0,-0.1695269053012424
A2,s21,G_new,260.0,-0.17141406241742319
A2,s21,G_new,280.0,-0.3237204943420081
A2,s21,G_new,300.0,-0.33060742309184465
A2,s21,G_new,320.0,-0.2500220951693765
A2,s21,G_new,340.0,-0.1650352740072683
A2,s21,G_new,360.0,-0.019164141100532717
A2,s21,G_new,380.0,-0.08864317929370591
A2,s21,G_new,400.0,-0.18498791599147912
A2,s21,G_new,420.0,-0.0025122667252407693
A2,s21,G_new,440.0,-0.014748082098147187
A2,s21,G_new,460.0,-0.02394611303898586
A2,s21,G_new,480.0,0.07356511137159383
A2,s21,G_new,500.0,0.041253158208558
A2,s21,G_new,520.0,0.16740197300056653
A2,s21,G_new,540.0,0.3481889658490734
A2,s21,G_new,560.0,0.24727565107824218
A2,s21,G_new,580.0,0.011718527325161598
A2,s21,G_new,600.0,-0.06092468950588478
A2,s21,G_new,620.0,-0.11085154209821216
A2,s21,G_new,640.0,0.06840999559183626
A2,s21,G_new,660.0,0.12075306743259712
A2,s21,G_new,680.0,0.10701159846492767
A2,s21,G_new,700.0,0.180860911953733
A2,s21,G_new,720.0,-0.024554775137802874
A2,s21,G_new,740.0,-0.05286630387594224
A2,s21,G_new,760.0,-0.040025406738522035
A2,s21,G_new,780.0,-0.07876814298989707
A2,s21,G_new,800.0,0.05580295291517702
A2,s21,G_new,820.0,-0.10535278609695033
A2,s21,G_new,840.0,0.030475813772374835
A2,s21,G_new,860.0,0.01710314246417438
A2,s21,G_new,880.0,-0.012801065888550844
A2,s21,G_new,900.0,-0.12938274310157283
A2,s21,G_new,920.0,-0.12862656604466038
A2,s21,G_new,940.0,0.09006253369311379
A2,s21,G_new,960.0,0.14422619227985295
A2,s21,G_new,980.0,0.1026741986511936
A2,s21,A2,0.0,-0.03669212584277643
A2,s21,A2,20.0,0.16645468554502277
A2,s21,A2,40.0,0.2628453276045801
A2,s21,A2,60.0,0.4582966697851791
A2,s21,A2,80.0,0.4059830253433478
A2,s21,A2,100.0,0.2148767718667446
A2,s21,A2,120.0,0.10639091947579984
A2,s21,A2,140.0,0.15008865711795574
A2,s21,A2,160.0,0.21077889441464953
A2,s21,A2,180.0,0.11460056644138322
A2,s21,A2,200.0,-0.16986825765105132
A2,s21,A2,220.0,-0.02472505275487484
A2,s21,A2,240.0,-0.07759415696897964
A2,s21,A2,260.0,0.0013172645815742734
A2,s21,A2,280.0,-0.027026037702668853
A2,s21,A2,300.0,-0.30486423508038374
A2,s21,A2,320.0,-0.24166064852649846
A2,s21,A2,340.0,0.026648688707835738
A2,s21,A2,360.0,-0.28215495846205424
A2,s21,A2,380.0,-0.6745460836128577
A2,s21,A2,400.0,-0.7076425186844804
A2,s21,A2,420.0,-0.477292499469468
A2,s21,A2,440.0,-0.6110827540184838
A2,s21,A2,460.0,-0.5210469893936754
A2,s21,A2,480.0,-0.4077570490561183
A2,s21,A2,500.0,-0.23319761734426064
A2,s21,A2,520.0,-0.16708307171542883
A2,s21,A2,540.0,-0.30075721474545414
A2,s21,A2,560.0,-0.3645399574893827
A2,s21,A2,580.0,-0.09297636575758447
A2,s21,A2,600.0,0.3139686638588717
A2,s21,A2,620.0,0.0065650745834854515
A2,s21,A2,640.0,-0.298882687389861
A2,s21,A2,660.0,-0.07696796022554035
A2,s21,A2,680.0,-0.11196811741845708
A2,s21,A2,700.0,-0.044176440199982694
A2,s21,A2,720.0,0.0793794831384289
A2,s21,A2,740.0,0.07427047172734758
A2,s21,A2,760.0,0.009318324603234021
A2,s21,A2,780.0,0.032185053203632574
A2,s21,A2,800.0,0.06773839114447708
A2,s21,A2,820.0,-0.015027601038576477
A2,s21,A2,840.0,0.08185649145287945
A2,s21,A2,860.0,-0.10271550129855482
A2,s21,A2,880.0,-0.0514140332628486
A2,s21,A2,900.0,-0.10516393484779259
A2,s21,A2,920.0,-0.08541305602850457
A2,s21,A2,940.0,-0.09938504130448392
A2,s21,A2,960.0,-0.2711382430499632
A2,s21,A2,980.0,-0.33982183856327064
A2,s21,I,0.0,0.14612224369876958
A2,s21,I,20.0,0.27557009366307456
A2,s21,I,40.0,0.12783788929665532
A2,s21,I,60.0,0.07662843084009568
A2,s21,I,80.0,0.10335578956819796
A2,s21,I,100.0,0.3252526606190274
A2,s21,I,120.0,0.42365951673823277
A2,s21,I,140.0,0.2213394518127672
A2,s21,I,160.0,0.14625127276367544
A2,s21,I,180.0,0.18579682059512076
A2,s21,I,200.0,0.25914371281931436
A2,s21,I,220.0,0.19987707031677301
A2,s21,I,240.0,0.1714944553219214
A2,s21,I,260.0,0.06717659351005703
A2,s21,I,280.0,0.5903792553478452
A2,s21,I,300.0,0.7026489908284639
A2,s21,I,320.0,0.47577402547044667
A2,s21,I,340.0,0.1783996419735974
A2,s21,I,360.0,0.1596141527198925
A2,s21,I,380.0,0.6216485556429131
A2,s21,I,400.0,0.7018374458345307
A2,s21,I,420.0,0.38329369659876344
A2,s21,I,440.0,0.48207107000584687
A2,s21,I,460.0,0.6074403498673758
A2,s21,I,480.0,0.6102676630772322
A2,s21,I,500.0,0.4587507904900076
A2,s21,I,520.0,0.3608471073588173
A2,s21,I,540.0,0.27352621337377203
A2,s21,I,560.0,0.40970548719140915
A2,s21,I,580.0,0.34267169629867394
A2,s21,I,600.0,0.06449697535202265
A2,s21,I,620.0,0.6170667451200288
A2,s21,I,640.0,0.5980900540480806
A2,s21,I,660.0,0.5451418233022105
A2,s21,I,680.0,0.3527337300108129
A2,s21,I,700.0,0.11230894541595461
A2,s21,I,720.0,0.21824120756918958
A2,s21,I,740.0,0.08703845672094926
A2,s21,I,760.0,0.3388133024015456
A2,s21,I,780.0,0.5902075004826074
A2,s21,I,800.0,0.2972334848539173
A2,s21,I,820.0,0.23648392057593287
A2,s21,I,840.0,-0.09917937754930294
A2,s21,I,860.0,-0.011449496841869022
A2,s21,I,880.0,0.05555676311950358
A2,s21,I,900.0,0.041514570399754674
A2,s21,I,920.0,-0.18308780091691676
A2,s21,I,940.0,-0.261041109319057
A2,s21,I,960.0,-0.0752397207374643
A2,s21,I,980.0,-0.18458867418311242
robust_A_AR,s21,G_new,0.0,-0.099062731054545
robust_A_AR,s21,G_new,20.0,-0.21725310972518172
robust_A_AR,s21,G_new,40.0,-0.04474512157801527
robust_A_AR,s21,G_new,60.0,-0.08289486905178561
robust_A_AR,s21,G_new,80.0,0.01251341619175933
robust_A_AR,s21,G_new,100.0,-0.21568882486432236
robust_A_AR,s21,G_new,120.0,-0.11897587494962766
robust_A_AR,s21,G_new,140.0,-0.08962469375693927
robust_A_AR,s21,G_new,160.0,-0.013450173245302934
robust_A_AR,s21,G_new,180.0,-0.039335560645171797
robust_A_AR,s21,G_new,200.0,-0.10599131377586787
robust_A_AR,s21,G_new,220.0,-0.22004434110273133
robust_A_AR,s21,G_new,240.0,-0.155949622191061
robust_A_AR,s21,G_new,260.0,-0.16921270624713164
robust_A_AR,s21,G_new,280.0,-0.3200364221663499
robust_A_AR,s21,G_new,300.0,-0.28905165842957165
robust_A_AR,s21,G_new,320.0,-0.21465777325407143
robust_A_AR,s21,G_new,340.0,-0.16472847096510698
robust_A_AR,s21,G_new,360.0,0.018480484615381577
robust_A_AR,s21,G_new,380.0,-0.0017834230033043907
robust_A_AR,s21,G_new,400.0,-0.09029272209749316
robust_A_AR,s21,G_new,420.0,0.06268041671817448
robust_A_AR,s21,G_new,440.0,0.06500824469748781
robust_A_AR,s21,G_new,460.0,0.04500260046757672
robust_A_AR,s21,G_new,480.0,0.1298112124275065
robust_A_AR,s21,G_new,500.0,0.07292219135151638
robust_A_AR,s21,G_new,520.0,0.18975286148229503
robust_A_AR,s21,G_new,540.0,0.38628722594779363
robust_A_AR,s21,G_new,560.0,0.29587570571388666
robust_A_AR,s21,G_new,580.0,0.026800916538093578
robust_A_AR,s21,G_new,600.0,-0.09867255642894843
robust_A_AR,s21,G_new,620.0,-0.11436816585546755
robust_A_AR,s21,G_new,640.0,0.10280707751692883
robust_A_AR,s21,G_new,660.0,0.1319635911757257
robust_A_AR,s21,G_new,680.0,0.12045244666136208
robust_A_AR,s21,G_new,700.0,0.18588049293864312
robust_A_AR,s21,G_new,720.0,-0.03410108416446964
robust_A_AR,s21,G_new,740.0,-0.061418624836186014
robust_A_AR,s21,G_new,760.0,-0.039746056839771796
robust_A_AR,s21,G_new,780.0,-0.08150121293176181
robust_A_AR,s21,G_new,800.0,0.04833441755300734
robust_A_AR,s21,G_new,820.0,-0.10587657370982378
robust_A_AR,s21,G_new,840.0,0.016283173572467877
robust_A_AR,s21,G_new,860.0,0.02594915467698966
robust_A_AR,s21,G_new,880.0,-0.00876713574942295
robust_A_AR,s21,G_new,900.0,-0.12063967518308293
robust_A_AR,s21,G_new,920.0,-0.12199399581584226
robust_A_AR,s21,G_new,940.0,0.1000467271099458
robust_A_AR,s21,G_new,960.0,0.17665508788235085
robust_A_AR,s21,G_new,980.0,0.14351849628788496
robust_A_AR,s21,AR,0.0,0.013012663325584654
robust_A_AR,s21,AR,20.0,0.1602735757684865
robust_A_AR,s21,AR,40.0,0.29029070529392187
robust_A_AR,s21,AR,60.0,0.5388611769180642
robust_A_AR,s21,AR,80.0,0.5274728583653208
robust_A_AR,s21,AR,100.0,0.29310790811888143
robust_A_AR,s21,AR,120.0,0.18244356178219834
robust_A_AR,s21,AR,140.0,0.16539951246591006
robust_A_AR,s21,AR,160.0,0.21510025077985023
robust_A_AR,s21,AR,180.0,0.13756823225206127
robust_A_AR,s21,AR,200.0,-0.18846650403865858
robust_A_AR,s21,AR,220.0,-0.06397054430908608
robust_A_AR,s21,AR,240.0,-0.16667461634355296
robust_A_AR,s21,AR,260.0,-0.05504506522769692
robust_A_AR,s21,AR,280.0,-0.03318573464676558
robust_A_AR,s21,AR,300.0,-0.37430030379193713
robust_A_AR,s21,AR,320.0,-0.3543840005808323
robust_A_AR,s21,AR,340.0,-0.06103068749449461
robust_A_AR,s21,AR,360.0,-0.3270072253709605
robust_A_AR,s21,AR,380.0,-0.7071175924146734
robust_A_AR,s21,AR,400.0,-0.8268608416236665
robust_A_AR,s21,AR,420.0,-0.5891751941346597
robust_A_AR,s21,AR,440.0,-0.6660209783144773
robust_A_AR,s21,AR,460.0,-0.5903454455062576
robust_A_AR,s21,AR,480.0,-0.5164567624618224
robust_A_AR,s21,AR,500.0,-0.283504509974207
robust_A_AR,s21,AR,520.0,-0.1950461736160266
robust_A_AR,s21,AR,540.0,-0.3002971354421845
robust_A_AR,s21,AR,560.0,-0.421626070728073
robust_A_AR,s21,AR,580.0,-0.17148035330394956
robust_A_AR,s21,AR,600.0,0.2653212863918125
robust_A_AR,s21,AR,620.0,0.07045418231488478
robust_A_AR,s21,AR,640.0,-0.2159937144899202
robust_A_AR,s21,AR,660.0,-0.11161160233933475
robust_A_AR,s21,AR,680.0,-0.09412272404319866
robust_A_AR,s21,AR,700.0,-0.030390253746189477
robust_A_AR,s21,AR,720.0,0.06714350208951271
robust_A_AR,s21,AR,740.0,0.05378879134013391
robust_A_AR,s21,AR,760.0,-0.025435783632850654
robust_A_AR,s21,AR,780.0,0.00015158470985163208
robust_A_AR,s21,AR,800.0,0.04116622365829292
robust_A_AR,s21,AR,820.0,0.04276412717837372
robust_A_AR,s21,AR,840.0,0.17272551450170917
robust_A_AR,s21,AR,860.0,-0.003427235676565485
robust_A_AR,s21,AR,880.0,0.007659321945051256
robust_A_AR,s21,AR,900.0,0.003959236859125595
robust_A_AR,s21,AR,920.0,0.014364312778343127
robust_A_AR,s21,AR,940.0,-0.037229240892055274
robust_A_AR,s21,AR,960.0,-0.2250921121000753
robust_A_AR,s21,AR,980.0,-0.2868867097486781
robust_A_AR,s21,I,0.0,0.12056416355979588
robust_A_AR,s21,I,20.0,0.24815976673340678
robust_A_AR,s21,I,40.0,0.06023417708233582
robust_A_AR,s21,I,60.0,-0.06262757760353815
robust_A_AR,s21,I,80.0,-0.052767759256068414
robust_A_AR,s21,I,100.0,0.23351488825030514
robust_A_AR,s21,I,120.0,0.3538436317244378
robust_A_AR,s21,I,140.0,0.18297260238495028
robust_A_AR,s21,I,160.0,0.10360088993146976
robust_A_AR,s21,I,180.0,0.14913018724213134
robust_A_AR,s21,I,200.0,0.3033967098872522
robust_A_AR,s21,I,220.0,0.23020261615267923
robust_A_AR,s21,I,240.0,0.24438532004142172
robust_A_AR,s21,I,260.0,0.10377045632893375
robust_A_AR,s21,I,280.0,0.5995121408800668
robust_A_AR,s21,I,300.0,0.8056403092410485
robust_A_AR,s21,I,320.0,0.595119241512387
robust_A_AR,s21,I,340.0,0.23067848958509218
robust_A_AR,s21,I,360.0,0.24224480404527357
robust_A_AR,s21,I,380.0,0.770391888556653
robust_A_AR,s21,I,400.0,0.9134732050312205
robust_A_AR,s21,I,420.0,0.546610847432581
robust_A_AR,s21,I,440.0,0.6334439313553234
robust_A_AR,s21,I,460.0,0.7511883582268029
robust_A_AR,s21,I,480.0,0.7583657989477814
robust_A_AR,s21,I,500.0,0.5356967613067362
robust_A_AR,s21,I,520.0,0.4106954473246174
robust_A_AR,s21,I,540.0,0.33005203321007875
robust_A_AR,s21,I,560.0,0.5158993525343913
robust_A_AR,s21,I,580.0,0.4115553566273976
robust_A_AR,s21,I,600.0,0.0369738426013862
robust_A_AR,s21,I,620.0,0.5740634730600643
robust_A_AR,s21,I,640.0,0.6003798272787918
robust_A_AR,s21,I,660.0,0.5823302810444111
robust_A_AR,s21,I,680.0,0.36222442112844744
robust_A_AR,s21,I,700.0,0.11164414990424183
robust_A_AR,s21,I,720.0,0.21124123170134046
robust_A_AR,s21,I,740.0,0.08639382609029164
robust_A_AR,s21,I,760.0,0.35977060975984454
robust_A_AR,s21,I,780.0,0.6050658351135837
robust_A_AR,s21,I,800.0,0.3018042687557658
robust_A_AR,s21,I,820.0,0.201546192145879
robust_A_AR,s21,I,840.0,-0.17404473169976545
robust_A_AR,s21,I,860.0,-0.05694436570857189
robust_A_AR,s21,I,880.0,0.026656298085260238
robust_A_AR,s21,I,900.0,-0.009946530237796125
robust_A_AR,s21,I,920.0,-0.232171595250163
robust_A_AR,s21,I,940.0,-0.2828926168992605
robust_A_AR,s21,I,960.0,-0.054108805806984295
robust_A_AR,s21,I,980.0,-0.15498351813440792
original_A,s22,G_new,0.0,-0.05659842710092004
original_A,s22,G_new,20.0,0.08421185867693089
original_A,s22,G_new,40.0,0.1522051458966734
original_A,s22,G_new,60.0,0.03993865667033816
original_A,s22,G_new,80.0,0.07283357459140652
original_A,s22,G_new,100.0,0.14575635148969707
original_A,s22,G_new,120.0,0.1049224138774374
original_A,s22,G_new,140.0,0.040876007998588385
original_A,s22,G_new,160.0,0.14113990759711034
original_A,s22,G_new,180.0,0.13495015817146291
original_A,s22,G_new,200.0,0.2078941851290603
original_A,s22,G_new,220.0,0.14927651093325514
original_A,s22,G_new,240.0,0.14300191630999448
original_A,s22,G_new,260.0,0.10930916024716694
original_A,s22,G_new,280.0,0.2907375367816751
original_A,s22,G_new,300.0,0.3711787039574228
original_A,s22,G_new,320.0,0.17375133810871962
original_A,s22,G_new,340.0,-0.111085978835033
original_A,s22,G_new,360.0,0.038177571267004315
original_A,s22,G_new,380.0,0.24771779227923682
original_A,s22,G_new,400.0,0.22977389518530733
original_A,s22,G_new,420.0,0.20867854623472018
original_A,s22,G_new,440.0,0.22459267553003706
original_A,s22,G_new,460.0,0.1990134053547429
original_A,s22,G_new,480.0,0.23067954379210348
original_A,s22,G_new,500.0,0.15383193983347665
original_A,s22,G_new,520.0,0.10614007475102918
original_A,s22,G_new,540.0,0.36089705493434476
original_A,s22,G_new,560.0,0.49853283737912074
original_A,s22,G_new,580.0,0.42050330141329534
original_A,s22,G_new,600.0,0.057556817176459836
original_A,s22,G_new,620.0,-0.015019556253727414
original_A,s22,G_new,640.0,-0.036417869629562005
original_A,s22,G_new,660.0,-0.21442293789574166
original_A,s22,G_new,680.0,-0.11960216782236388
original_A,s22,G_new,700.0,0.036902195777459984
original_A,s22,G_new,720.0,0.096014211596479
original_A,s22,G_new,740.0,-0.17793173226371659
original_A,s22,G_new,760.0,-0.2233854267000337
original_A,s22,G_new,780.0,0.008194619359933486
original_A,s22,G_new,800.0,0.08939506480269696
original_A,s22,G_new,820.0,-0.04581624083457447
original_A,s22,G_new,840.0,-0.035394399038464475
original_A,s22,G_new,860.0,-0.019653051873361013
original_A,s22,G_new,880.0,-0.054270463370092434
original_A,s22,G_new,900.0,-0.09372682184068894
original_A,s22,G_new,920.0,-0.1693440469761034
original_A,s22,G_new,940.0,-0.1903140023732178
original_A,s22,G_new,960.0,-0.13497660144970597
original_A,s22,G_new,980.0,-0.12165389635220208
original_A,s22,A,0.0,-0.01846430117338071
original_A,s22,A,20.0,-0.049743026374308455
original_A,s22,A,40.0,0.166474042139574
original_A,s22,A,60.0,0.2647367804956781
original_A,s22,A,80.0,0.16569465719854826
original_A,s22,A,100.0,0.10514278803969704
original_A,s22,A,120.0,0.09236636502458291
original_A,s22,A,140.0,0.10842003972036274
original_A,s22,A,160.0,0.06999276067026064
original_A,s22,A,180.0,0.26833842133804514
original_A,s22,A,200.0,0.1943510548861418
original_A,s22,A,220.0,0.16719794896795315
original_A,s22,A,240.0,0.07306517230617743
original_A,s22,A,260.0,0.12279351539543482
original_A,s22,A,280.0,0.22575105090301406
original_A,s22,A,300.0,0.08976015932386207
original_A,s22,A,320.0,0.001274062146161048
original_A,s22,A,340.0,-0.056501839372064495
original_A,s22,A,360.0,-0.16597389173645924
original_A,s22,A,380.0,-0.3563375875134051
original_A,s22,A,400.0,-0.3345862017114944
original_A,s22,A,420.0,-0.16896478469335807
original_A,s22,A,440.0,-0.33981798445697387
original_A,s22,A,460.0,-0.8248080838497285
original_A,s22,A,480.0,-0.874137447033324
original_A,s22,A,500.0,-0.23872613779951357
original_A,s22,A,520.0,-0.035519311698047465
original_A,s22,A,540.0,-0.46197778533864886
original_A,s22,A,560.0,-0.5906911838974027
original_A,s22,A,580.0,-0.12791188305770476
original_A,s22,A,600.0,0.29479323054597284
original_A,s22,A,620.0,0.008527037822492025
original_A,s22,A,640.0,-0.22052307357487447
original_A,s22,A,660.0,-0.19600886874968
original_A,s22,A,680.0,-0.0570073030188545
original_A,s22,A,700.0,0.08845768848868725
original_A,s22,A,720.0,0.13418518683578531
original_A,s22,A,740.0,0.14600589668334668
original_A,s22,A,760.0,0.10732615055085472
original_A,s22,A,780.0,0.12314582986751844
original_A,s22,A,800.0,0.10165539086313198
original_A,s22,A,820.0,0.2115835408139568
original_A,s22,A,840.0,0.048770571158784276
original_A,s22,A,860.0,-0.03658577721537401
original_A,s22,A,880.0,-0.04795712033575982
original_A,s22,A,900.0,0.042131942995312824
original_A,s22,A,920.0,0.11074078275555295
original_A,s22,A,940.0,-0.06143640184874223
original_A,s22,A,960.0,-0.1639749741923912
original_A,s22,A,980.0,-0.21807126503868351
original_A,s22,I,0.0,0.023771520986204414
original_A,s22,I,20.0,0.021977715269648895
original_A,s22,I,40.0,-0.27087313162189636
original_A,s22,I,60.0,-0.15466417066127697
original_A,s22,I,80.0,0.015730012686715207
original_A,s22,I,100.0,-0.11156713006148854
original_A,s22,I,120.0,-0.2834998449171676
original_A,s22,I,140.0,-0.189398562478574
original_A,s22,I,160.0,0.008852304466869708
original_A,s22,I,180.0,-0.3448903668829291
original_A,s22,I,200.0,-0.5325874910319075
original_A,s22,I,220.0,-0.5115953867404255
original_A,s22,I,240.0,-0.5334324110305868
original_A,s22,I,260.0,-0.6625077284765828
original_A,s22,I,280.0,-0.8139237100107016
original_A,s22,I,300.0,-0.5207787409974127
original_A,s22,I,320.0,-0.30879531995190773
original_A,s22,I,340.0,-0.20866623381416088
original_A,s22,I,360.0,-0.24142596481939896
original_A,s22,I,380.0,-0.038631453173462824
original_A,s22,I,400.0,-0.304731452891412
original_A,s22,I,420.0,-0.548890339286487
original_A,s22,I,440.0,0.05634253647071232
original_A,s22,I,460.0,0.8772677898549882
original_A,s22,I,480.0,0.5529827072293827
original_A,s22,I,500.0,-0.3653144148371603
original_A,s22,I,520.0,-0.3145918029516866
original_A,s22,I,540.0,0.22636491097429468
original_A,s22,I,560.0,0.34456998874637
original_A,s22,I,580.0,-0.07592736619712998
original_A,s22,I,600.0,-0.29598943401603184
original_A,s22,I,620.0,-0.17771420679312475
original_A,s22,I,640.0,-0.01348266208302723
original_A,s22,I,660.0,0.34593943002833916
original_A,s22,I,680.0,0.3451322382151194
original_A,s22,I,700.0,-0.10894885143438879
original_A,s22,I,720.0,-0.2922868660875263
original_A,s22,I,740.0,-0.15014279824050003
original_A,s22,I,760.0,0.09527344017499108
original_A,s22,I,780.0,0.04061958043578065
original_A,s22,I,800.0,-0.054714597846318
original_A,s22,I,820.0,-0.10301007340916671
original_A,s22,I,840.0,0.11340976993499685
original_A,s22,I,860.0,0.19577918432224944
original_A,s22,I,880.0,0.17393578521992892
original_A,s22,I,900.0,0.10150196177521476
original_A,s22,I,920.0,0.1376511328120168
original_A,s22,I,940.0,0.31125043819956666
original_A,s22,I,960.0,0.1887058900089016
original_A,s22,I,980.0,0.17931921897856226
A2,s22,G_new,0.0,-0.0297757873013203
A2,s22,G_new,20.0,0.10476785115827465
A2,s22,G_new,40.0,0.20642261138770168
A2,s22,G_new,60.0,0.10963501171334335
A2,s22,G_new,80.0,0.10488173680536234
A2,s22,G_new,100.0,0.17222595369423338
A2,s22,G_new,120.0,0.1306262931888828
A2,s22,G_new,140.0,0.06480384488551082
A2,s22,G_new,160.0,0.1554700016169524
A2,s22,G_new,180.0,0.1919779504999669
A2,s22,G_new,200.0,0.24101712421286445
A2,s22,G_new,220.0,0.17988282609449868
A2,s22,G_new,240.0,0.1710611943791244
A2,s22,G_new,260.0,0.1396905398267952
A2,s22,G_new,280.0,0.31962045056199784
A2,s22,G_new,300.0,0.3850953026976729
A2,s22,G_new,320.0,0.18805234236499213
A2,s22,G_new,340.0,-0.13589577128456018
A2,s22,G_new,360.0,-0.03485062615433414
A2,s22,G_new,380.0,0.14684095177695292
A2,s22,G_new,400.0,0.16332460223328282
A2,s22,G_new,420.0,0.15707842902051786
A2,s22,G_new,440.0,0.11119464700359352
A2,s22,G_new,460.0,0.02880794762133817
A2,s22,G_new,480.0,0.0752009336116867
A2,s22,G_new,500.0,0.08888347712026404
A2,s22,G_new,520.0,0.0453195174060427
A2,s22,G_new,540.0,0.24719049603297205
A2,s22,G_new,560.0,0.40537622065163326
A2,s22,G_new,580.0,0.40538457200078387
A2,s22,G_new,600.0,0.0583187084145316
A2,s22,G_new,620.0,-0.05167953564229459
A2,s22,G_new,640.0,-0.0643863210178926
A2,s22,G_new,660.0,-0.24032789566186463
A2,s22,G_new,680.0,-0.12836694288480993
A2,s22,G_new,700.0,0.0587802492297652
A2,s22,G_new,720.0,0.14247791370168797
A2,s22,G_new,740.0,-0.12125639947115777
A2,s22,G_new,760.0,-0.18334242607521842
A2,s22,G_new,780.0,0.0574768101543687
A2,s22,G_new,800.0,0.1426282452303217
A2,s22,G_new,820.0,0.02616145616076279
A2,s22,G_new,840.0,-0.016952446058785292
A2,s22,G_new,860.0,-0.03313140341422044
A2,s22,G_new,880.0,-0.07180725671793266
A2,s22,G_new,900.0,-0.08471572960582285
A2,s22,G_new,920.0,-0.150398965676583
A2,s22,G_new,940.0,-0.20462871182316167
A2,s22,G_new,960.0,-0.1701904375197667
A2,s22,G_new,980.0,-0.16725619766581687
A2,s22,A2,0.0,0.25256071219824844
A2,s22,A2,20.0,0.2339813126995149
A2,s22,A2,40.0,0.27903132451696544
A2,s22,A2,60.0,0.301067523805175
A2,s22,A2,80.0,0.08850534219319126
A2,s22,A2,100.0,0.10911618648488888
A2,s22,A2,120.0,0.11701670165550192
A2,s22,A2,140.0,0.08344802300374556
A2,s22,A2,160.0,0.0442272510460231
A2,s22,A2,180.0,0.18759547216694025
A2,s22,A2,200.0,0.06523630180981574
A2,s22,A2,220.0,0.07434885878655947
A2,s22,A2,240.0,0.15927620262231407
A2,s22,A2,260.0,0.12284254293017405
A2,s22,A2,280.0,-0.007037347165997625
A2,s22,A2,300.0,0.018204743340834773
A2,s22,A2,320.0,0.12202870048451944
A2,s22,A2,340.0,-0.15003302407817645
A2,s22,A2,360.0,-0.44201251178994083
A2,s22,A2,380.0,-0.4662391469520111
A2,s22,A2,400.0,-0.19369525642778526
A2,s22,A2,420.0,-0.2536039117509444
A2,s22,A2,440.0,-0.5931113371698309
A2,s22,A2,460.0,-0.532725167440765
A2,s22,A2,480.0,-0.34954292742313814
A2,s22,A2,500.0,-0.2896175203522362
A2,s22,A2,520.0,-0.4847848873312702
A2,s22,A2,540.0,-0.4570227034363918
A2,s22,A2,560.0,-0.13339688054296658
A2,s22,A2,580.0,0.014749771772818651
A2,s22,A2,600.0,-0.32825614529591823
A2,s22,A2,620.0,-0.3262099316869072
A2,s22,A2,640.0,0.008994793578857529
A2,s22,A2,660.0,-0.0010327829694716795
A2,s22,A2,680.0,-0.010925164001241827
A2,s22,A2,700.0,0.08842385208541734
A2,s22,A2,720.0,0.24875940053585438
A2,s22,A2,740.0,0.3235010030950381
A2,s22,A2,760.0,0.22382988141194446
A2,s22,A2,780.0,0.28563322734192736
A2,s22,A2,800.0,0.3441557722923795
A2,s22,A2,820.0,0.3811377115255459
A2,s22,A2,840.0,0.1038340671452653
A2,s22,A2,860.0,-0.07481783277057477
A2,s22,A2,880.0,-0.0969427991790979
A2,s22,A2,900.0,0.029947731107079344
A2,s22,A2,920.0,0.03779061740038811
A2,s22,A2,940.0,-0.05381297039407787
A2,s22,A2,960.0,-0.11779124332741653
A2,s22,A2,980.0,-0.14604186437706443
A2,s22,I,0.0,-0.1127026932663579
A2,s22,I,20.0,-0.1286545446456769
A2,s22,I,40.0,-0.28309984907369284
A2,s22,I,60.0,-0.10475031844883426
A2,s22,I,80.0,0.09555122159640281
A2,s22,I,100.0,-0.08666022863787343
A2,s22,I,120.0,-0.27190649925310645
A2,s22,I,140.0,-0.1495830623738186
A2,s22,I,160.0,0.039244673892714584
A2,s22,I,180.0,-0.23714082501709194
A2,s22,I,200.0,-0.4202075105366676
A2,s22,I,220.0,-0.4237773209887338
A2,s22,I,240.0,-0.5566940992195568
A2,s22,I,260.0,-0.6311874617040514
A2,s22,I,280.0,-0.6431268138421651
A2,s22,I,300.0,-0.4630794327875921
A2,s22,I,320.0,-0.36717596658856205
A2,s22,I,340.0,-0.17761785895721835
A2,s22,I,360.0,-0.14959378092222453
A2,s22,I,380.0,-0.07616014175932778
A2,s22,I,400.0,-0.4586327547041448
A2,s22,I,420.0,-0.550872046457536
A2,s22,I,440.0,0.0927417200594684
A2,s22,I,460.0,0.5247299104080778
A2,s22,I,480.0,0.074815652292086
A2,s22,I,500.0,-0.4015100518903534
A2,s22,I,520.0,-0.10524425328091823
A2,s22,I,540.0,0.10603215030456582
A2,s22,I,560.0,-0.02852641296706457
A2,s22,I,580.0,-0.17793411398064457
A2,s22,I,600.0,0.08215966142569628
A2,s22,I,620.0,-0.012802472348732441
A2,s22,I,640.0,-0.1813550764911528
A2,s22,I,660.0,0.20111724894236102
A2,s22,I,680.0,0.30817742193623987
A2,s22,I,700.0,-0.08635281508493176
A2,s22,I,720.0,-0.31373613959869584
A2,s22,I,740.0,-0.19916424401112023
A2,s22,I,760.0,0.06603011576799798
A2,s22,I,780.0,-0.006940972883972801
A2,s22,I,800.0,-0.14665974186872183
A2,s22,I,820.0,-0.13143170967667986
A2,s22,I,840.0,0.09908930600177912
A2,s22,I,860.0,0.20502717841625473
A2,s22,I,880.0,0.18550910861732123
A2,s22,I,900.0,0.11817995789027358
A2,s22,I,920.0,0.2013839946657194
A2,s22,I,940.0,0.2918620737440244
A2,s22,I,960.0,0.12439726508390885
A2,s22,I,980.0,0.0886369648721714
robust_A_AR,s22,G_new,0.0,-0.060213769717377616
robust_A_AR,s22,G_new,20.0,0.07670021607073448
robust_A_AR,s22,G_new,40.0,0.17204320318422453
robust_A_AR,s22,G_new,60.0,0.0721983516379337
robust_A_AR,s22,G_new,80.0,0.09352317089263554
robust_A_AR,s22,G_new,100.0,0.1586207887610125
robust_A_AR,s22,G_new,120.0,0.1161180187728785
robust_A_AR,s22,G_new,140.0,0.05428651155953449
robust_A_AR,s22,G_new,160.0,0.14984546659391138
robust_A_AR,s22,G_new,180.0,0.1682355278690775
robust_A_AR,s22,G_new,200.0,0.23235452130262593
robust_A_AR,s22,G_new,220.0,0.17022848123015447
robust_A_AR,s22,G_new,240.0,0.15152508394577485
robust_A_AR,s22,G_new,260.0,0.12435611663255267
robust_A_AR,s22,G_new,280.0,0.31956309602189487
robust_A_AR,s22,G_new,300.0,0.38253511573617127
robust_A_AR,s22,G_new,320.0,0.173304763355907
robust_A_AR,s22,G_new,340.0,-0.11754292869525432
robust_A_AR,s22,G_new,360.0,0.019216755431864185
robust_A_AR,s22,G_new,380.0,0.20460047171371168
robust_A_AR,s22,G_new,400.0,0.18807027229578194
robust_A_AR,s22,G_new,420.0,0.18839592918485848
robust_A_AR,s22,G_new,440.0,0.18421536202072347
robust_A_AR,s22,G_new,460.0,0.09648304368506849
robust_A_AR,s22,G_new,480.0,0.12094383827756267
robust_A_AR,s22,G_new,500.0,0.12483228044727873
robust_A_AR,s22,G_new,520.0,0.10402984617971199
robust_A_AR,s22,G_new,540.0,0.304261250841869
robust_A_AR,s22,G_new,560.0,0.4238667326908256
robust_A_AR,s22,G_new,580.0,0.4041168526260445
robust_A_AR,s22,G_new,600.0,0.09679068607480201
robust_A_AR,s22,G_new,620.0,-0.0123039395378211
robust_A_AR,s22,G_new,640.0,-0.06458646539760168
robust_A_AR,s22,G_new,660.0,-0.23941514460139451
robust_A_AR,s22,G_new,680.0,-0.12681788243648193
robust_A_AR,s22,G_new,700.0,0.04774203010906322
robust_A_AR,s22,G_new,720.0,0.11188550382526095
robust_A_AR,s22,G_new,740.0,-0.1609259670353124
robust_A_AR,s22,G_new,760.0,-0.2108150895125028
robust_A_AR,s22,G_new,780.0,0.02247400148235329
robust_A_AR,s22,G_new,800.0,0.10064164059693365
robust_A_AR,s22,G_new,820.0,-0.02073491233738875
robust_A_AR,s22,G_new,840.0,-0.029692847744679035
robust_A_AR,s22,G_new,860.0,-0.023945477713622654
robust_A_AR,s22,G_new,880.0,-0.05990266887493473
robust_A_AR,s22,G_new,900.0,-0.08850313213123598
robust_A_AR,s22,G_new,920.0,-0.15540969395726417
robust_A_AR,s22,G_new,940.0,-0.19788051029228845
robust_A_AR,s22,G_new,960.0,-0.15530071446680538
robust_A_AR,s22,G_new,980.0,-0.14873600420489144
robust_A_AR,s22,AR,0.0,0.1356922867000799
robust_A_AR,s22,AR,20.0,0.1107030007541172
robust_A_AR,s22,AR,40.0,0.23584250660245182
robust_A_AR,s22,AR,60.0,0.29360590086356
robust_A_AR,s22,AR,80.0,0.1267161221633602
robust_A_AR,s22,AR,100.0,0.11063945520283794
robust_A_AR,s22,AR,120.0,0.10927485109064179
robust_A_AR,s22,AR,140.0,0.0974928924810819
robust_A_AR,s22,AR,160.0,0.057432744162818114
robust_A_AR,s22,AR,180.0,0.23048276953901115
robust_A_AR,s22,AR,200.0,0.12660905126988167
robust_A_AR,s22,AR,220.0,0.11932567493633894
robust_A_AR,s22,AR,240.0,0.12452497250293607
robust_A_AR,s22,AR,260.0,0.1265917776800175
robust_A_AR,s22,AR,280.0,0.09978765727194103
robust_A_AR,s22,AR,300.0,0.05166641440732253
robust_A_AR,s22,AR,320.0,0.07024992742408004
robust_A_AR,s22,AR,340.0,-0.11163202638031954
robust_A_AR,s22,AR,360.0,-0.32865568357427277
robust_A_AR,s22,AR,380.0,-0.43001954851882884
robust_A_AR,s22,AR,400.0,-0.2644271766669441
robust_A_AR,s22,AR,420.0,-0.22247173061840278
robust_A_AR,s22,AR,440.0,-0.4948526334027122
robust_A_AR,s22,AR,460.0,-0.6833880200842551
robust_A_AR,s22,AR,480.0,-0.6014951250913837
robust_A_AR,s22,AR,500.0,-0.2751090414267595
robust_A_AR,s22,AR,520.0,-0.29308789330800294
robust_A_AR,s22,AR,540.0,-0.47333366002319244
robust_A_AR,s22,AR,560.0,-0.34776641494087457
robust_A_AR,s22,AR,580.0,-0.05039622640496304
robust_A_AR,s22,AR,600.0,-0.051843560462755955
robust_A_AR,s22,AR,620.0,-0.18230672552362187
robust_A_AR,s22,AR,640.0,-0.09626624907681439
robust_A_AR,s22,AR,660.0,-0.09071866479851884
robust_A_AR,s22,AR,680.0,-0.03245016446723081
robust_A_AR,s22,AR,700.0,0.09115439201562502
robust_A_AR,s22,AR,720.0,0.20371368011214408
robust_A_AR,s22,AR,740.0,0.25181779059389414
robust_A_AR,s22,AR,760.0,0.17713148750028546
robust_A_AR,s22,AR,780.0,0.21968818141236277
robust_A_AR,s22,AR,800.0,0.2432159327095668
robust_A_AR,s22,AR,820.0,0.3148755984171973
robust_A_AR,s22,AR,840.0,0.08170283406086233
robust_A_AR,s22,AR,860.0,-0.059535136229227244
robust_A_AR,s22,AR,880.0,-0.07739468562431179
robust_A_AR,s22,AR,900.0,0.03646981243161497
robust_A_AR,s22,AR,920.0,0.07249499209583071
robust_A_AR,s22,AR,940.0,-0.058970669836239165
robust_A_AR,s22,AR,960.0,-0.1426441924557411
robust_A_AR,s22,AR,980.0,-0.18364661677533278
robust_A_AR,s22,I,0.0,-0.08249020490984377
robust_A_AR,s22,I,20.0,-0.09042639553290902
robust_A_AR,s22,I,40.0,-0.3083429302736998
robust_A_AR,s22,I,60.0,-0.15868765851158123
robust_A_AR,s22,I,80.0,0.05213055897749077
robust_A_AR,s22,I,100.0,-0.10909293698653563
robust_A_AR,s22,I,120.0,-0.2895673469643397
robust_A_AR,s22,I,140.0,-0.17552571273749712
robust_A_AR,s22,I,160.0,0.021564353694359502
robust_A_AR,s22,I,180.0,-0.3031796794757992
robust_A_AR,s22,I,200.0,-0.4748675628854189
robust_A_AR,s22,I,220.0,-0.46903836423860346
robust_A_AR,s22,I,240.0,-0.5642140792073582
robust_A_AR,s22,I,260.0,-0.6578299810978906
robust_A_AR,s22,I,280.0,-0.7146252064235106
robust_A_AR,s22,I,300.0,-0.48947690436211133
robust_A_AR,s22,I,320.0,-0.3557766092005403
robust_A_AR,s22,I,340.0,-0.1744000563604306
robust_A_AR,s22,I,360.0,-0.14026634738081337
robust_A_AR,s22,I,380.0,-0.009458237852682655
robust_A_AR,s22,I,400.0,-0.37240180963635466
robust_A_AR,s22,I,420.0,-0.5223890289410167
robust_A_AR,s22,I,440.0,0.14199408622873502
robust_A_AR,s22,I,460.0,0.7319621081428169
robust_A_AR,s22,I,480.0,0.31523443983238364
robust_A_AR,s22,I,500.0,-0.35462512444792554
robust_A_AR,s22,I,520.0,-0.1409760176759758
robust_A_AR,s22,I,540.0,0.20676445413800343
robust_A_AR,s22,I,560.0,0.1438747732392125
robust_A_AR,s22,I,580.0,-0.13638208103579505
robust_A_AR,s22,I,600.0,-0.04205605708541976
robust_A_AR,s22,I,620.0,-0.047018836268501785
robust_A_AR,s22,I,640.0,-0.11130743005772659
robust_A_AR,s22,I,660.0,0.2625052339059122
robust_A_AR,s22,I,680.0,0.32500421232306886
robust_A_AR,s22,I,700.0,-0.10555217383225685
robust_A_AR,s22,I,720.0,-0.3317772402879614
robust_A_AR,s22,I,740.0,-0.2136866818009619
robust_A_AR,s22,I,760.0,0.054004225549317844
robust_A_AR,s22,I,780.0,-0.017953682094183243
robust_A_AR,s22,I,800.0,-0.14527233463875444
robust_A_AR,s22,I,820.0,-0.16095288003857033
robust_A_AR,s22,I,840.0,0.0938297914063293
robust_A_AR,s22,I,860.0,0.2092699291269677
robust_A_AR,s22,I,880.0,0.19117976517775404
robust_A_AR,s22,I,900.0,0.1078588612301529
robust_A_AR,s22,I,920.0,0.17029868631726738
robust_A_AR,s22,I,940.0,0.3059314210742279
robust_A_AR,s22,I,960.0,0.16444679262476164
robust_A_AR,s22,I,980.0,0.14292489125804753
original_A,s23,G_new,0.0,0.0437440996657856
original_A,s23,G_new,20.0,0.017559529002919065
original_A,s23,G_new,40.0,0.09361833918964683
original_A,s23,G_new,60.0,-0.13502894582714312
original_A,s23,G_new,80.0,-0.12265229713834928
original_A,s23,G_new,100.0,-0.08548371779459388
original_A,s23,G_new,120.0,-0.17730063370807478
original_A,s23,G_new,140.0,-0.20445405151363938
original_A,s23,G_new,160.0,-0.19002922747748183
original_A,s23,G_new,180.0,-0.17968118911585668
original_A,s23,G_new,200.0,-0.09202392422207506
original_A,s23,G_new,220.0,-0.025899731962180983
original_A,s23,G_new,240.0,-0.08999619514780743
original_A,s23,G_new,260.0,-0.12146593018165798
original_A,s23,G_new,280.0,-0.13922658010557934
original_A,s23,G_new,300.0,-0.05186847310189696
original_A,s23,G_new,320.0,0.01819952152567006
original_A,s23,G_new,340.0,0.01236854253136177
original_A,s23,G_new,360.0,0.02747976781603475
original_A,s23,G_new,380.0,-0.09158036544573106
original_A,s23,G_new,400.0,-0.09173553311815659
original_A,s23,G_new,420.0,0.06879811791482193
original_A,s23,G_new,440.0,0.18515572504957012
original_A,s23,G_new,460.0,0.2563958081900626
original_A,s23,G_new,480.0,0.08276441463536223
original_A,s23,G_new,500.0,0.03384036979994636
original_A,s23,G_new,520.0,0.1603606444057084
original_A,s23,G_new,540.0,0.2416962982258597
original_A,s23,G_new,560.0,0.1554426776954543
original_A,s23,G_new,580.0,0.09469176837722199
original_A,s23,G_new,600.0,-0.016425975621087646
original_A,s23,G_new,620.0,-0.1831504901441659
original_A,s23,G_new,640.0,-0.2113419546929132
original_A,s23,G_new,660.0,-0.2370344209157807
original_A,s23,G_new,680.0,-0.2954750769313639
original_A,s23,G_new,700.0,-0.16700160791983
original_A,s23,G_new,720.0,-0.22349415182821683
original_A,s23,G_new,740.0,-0.2617427634291759
original_A,s23,G_new,760.0,-0.14498699913221386
original_A,s23,G_new,780.0,-0.09388547933520314
original_A,s23,G_new,800.0,-0.1284622945513617
original_A,s23,G_new,820.0,-0.017448535762460242
original_A,s23,G_new,840.0,-0.02344964120353222
original_A,s23,G_new,860.0,-0.09078406380847917
original_A,s23,G_new,880.0,-0.18201199782256927
original_A,s23,G_new,900.0,-0.2574024490924237
original_A,s23,G_new,920.0,-0.3244696745313868
original_A,s23,G_new,940.0,-0.30720985234858844
original_A,s23,G_new,960.0,-0.23648185559633034
original_A,s23,G_new,980.0,-0.28068395335494967
original_A,s23,A,0.0,0.24692664574891704
original_A,s23,A,20.0,0.18485531909283315
original_A,s23,A,40.0,0.13379116955085857
original_A,s23,A,60.0,0.2844378878912178
original_A,s23,A,80.0,0.17241200446413232
original_A,s23,A,100.0,0.07788118253220844
original_A,s23,A,120.0,0.24889510153396593
original_A,s23,A,140.0,0.23927686322684005
original_A,s23,A,160.0,0.02825289836231106
original_A,s23,A,180.0,-0.056699197331670635
original_A,s23,A,200.0,-0.12801145541562992
original_A,s23,A,220.0,-0.03151821066812967
original_A,s23,A,240.0,-0.05891523986877638
original_A,s23,A,260.0,-0.1209047933816488
original_A,s23,A,280.0,0.0011091764991614586
original_A,s23,A,300.0,0.0904198357230672
original_A,s23,A,320.0,-0.028675993157117694
original_A,s23,A,340.0,-0.1239916267859803
original_A,s23,A,360.0,-0.2075495610935349
original_A,s23,A,380.0,-0.20738299706205754
original_A,s23,A,400.0,-0.148037079921602
original_A,s23,A,420.0,-0.04705050258219986
original_A,s23,A,440.0,-0.1315297503904466
original_A,s23,A,460.0,-0.23526225854771446
original_A,s23,A,480.0,-0.246004558024665
original_A,s23,A,500.0,-0.0650025506887048
original_A,s23,A,520.0,-0.13074986605000025
original_A,s23,A,540.0,-0.38487175584987626
original_A,s23,A,560.0,-0.39456208848828145
original_A,s23,A,580.0,-0.06211872376923079
original_A,s23,A,600.0,0.2796401715428566
original_A,s23,A,620.0,0.2488468328023809
original_A,s23,A,640.0,0.12913854650931944
original_A,s23,A,660.0,0.2072499545123457
original_A,s23,A,680.0,0.32374594989573513
original_A,s23,A,700.0,0.27730783586162266
original_A,s23,A,720.0,0.18220123242976127
original_A,s23,A,740.0,0.07915905262328497
original_A,s23,A,760.0,-0.08410037301525644
original_A,s23,A,780.0,-0.10521975181567039
original_A,s23,A,800.0,-0.08534248238725399
original_A,s23,A,820.0,0.0058221696113582855
original_A,s23,A,840.0,0.14842131420682247
original_A,s23,A,860.0,0.1376506256189455
original_A,s23,A,880.0,-0.0018630481330372019
original_A,s23,A,900.0,0.003799006717152699
original_A,s23,A,920.0,0.08002815456709822
original_A,s23,A,940.0,0.10641841585351121
original_A,s23,A,960.0,0.032716100161125264
original_A,s23,A,980.0,-0.10118229046542536
original_A,s23,I,0.0,0.09185164061313153
original_A,s23,I,20.0,0.027847306225761467
original_A,s23,I,40.0,-0.09627073961337183
original_A,s23,I,60.0,-0.17417535919098184
original_A,s23,I,80.0,-0.1421574454776468
original_A,s23,I,100.0,-0.0581061485174839
original_A,s23,I,120.0,-0.1412611907167604
original_A,s23,I,140.0,-0.25369721123659844
original_A,s23,I,160.0,-0.02024697349501471
original_A,s23,I,180.0,0.09530676253115761
original_A,s23,I,200.0,-0.07721327897376556
original_A,s23,I,220.0,-0.1528787144186481
original_A,s23,I,240.0,0.10087948529901522
original_A,s23,I,260.0,0.06249013859267649
original_A,s23,I,280.0,-0.21893247000182903
original_A,s23,I,300.0,-0.24337943581174037
original_A,s23,I,320.0,-0.11427583204132193
original_A,s23,I,340.0,-0.10488011821804688
original_A,s23,I,360.0,0.045391763867423135
original_A,s23,I,380.0,0.21864227991314045
original_A,s23,I,400.0,0.03771731630760274
original_A,s23,I,420.0,-0.16744889051412834
original_A,s23,I,440.0,0.11010220332601156
original_A,s23,I,460.0,0.2031594440282177
original_A,s23,I,480.0,0.08946300103052676
original_A,s23,I,500.0,-0.23043484539984152
original_A,s23,I,520.0,0.05057087066504275
original_A,s23,I,540.0,0.3016952135539963
original_A,s23,I,560.0,0.2745659766659595
original_A,s23,I,580.0,0.19307920269237921
original_A,s23,I,600.0,0.2392013334223132
original_A,s23,I,620.0,0.3886072849216673
original_A,s23,I,640.0,0.412901818965209
original_A,s23,I,660.0,0.2792109247606249
original_A,s23,I,680.0,0.24091127200315673
original_A,s23,I,700.0,0.10047658468946404
original_A,s23,I,720.0,0.06647081370029126
original_A,s23,I,740.0,0.08845752533208745
original_A,s23,I,760.0,0.17544049917026683
original_A,s23,I,780.0,0.23196743281897428
original_A,s23,I,800.0,0.24049949758358452
original_A,s23,I,820.0,-0.02320933163312154
original_A,s23,I,840.0,-0.07948597465130042
original_A,s23,I,860.0,-0.023347404037975174
original_A,s23,I,880.0,0.05283272040074016
original_A,s23,I,900.0,0.029222648288417127
original_A,s23,I,920.0,0.04116034720519818
original_A,s23,I,940.0,0.05693708264995676
original_A,s23,I,960.0,0.07693849766742152
original_A,s23,I,980.0,0.22839129592012897
A2,s23,G_new,0.0,0.09786030978080795
A2,s23,G_new,20.0,0.06489975560208985
A2,s23,G_new,40.0,0.13116612107889047
A2,s23,G_new,60.0,-0.05411785910192719
A2,s23,G_new,80.0,-0.06316442736503072
A2,s23,G_new,100.0,-0.06166433358551851
A2,s23,G_new,120.0,-0.1164093303119268
A2,s23,G_new,140.0,-0.14032882395998217
A2,s23,G_new,160.0,-0.1749058143925635
A2,s23,G_new,180.0,-0.18502712251117184
A2,s23,G_new,200.0,-0.12055709607193288
A2,s23,G_new,220.0,-0.02760582321400243
A2,s23,G_new,240.0,-0.09348491378019112
A2,s23,G_new,260.0,-0.1417870783256628
A2,s23,G_new,280.0,-0.13367581493524147
A2,s23,G_new,300.0,-0.026505761262515803
A2,s23,G_new,320.0,0.02338402328838217
A2,s23,G_new,340.0,-0.00653374370196573
A2,s23,G_new,360.0,-0.011423971695106595
A2,s23,G_new,380.0,-0.12267874521663064
A2,s23,G_new,400.0,-0.10487777601673706
A2,s23,G_new,420.0,0.07280301715137619
A2,s23,G_new,440.0,0.16724317249832094
A2,s23,G_new,460.0,0.21197140794986813
A2,s23,G_new,480.0,0.03726909297067817
A2,s23,G_new,500.0,0.023955991410999255
A2,s23,G_new,520.0,0.1276311936686137
A2,s23,G_new,540.0,0.15839127497262573
A2,s23,G_new,560.0,0.09441801689288311
A2,s23,G_new,580.0,0.10044719146500014
A2,s23,G_new,600.0,0.039170442595606744
A2,s23,G_new,620.0,-0.12761629114517323
A2,s23,G_new,640.0,-0.17034997875620747
A2,s23,G_new,660.0,-0.18211038176132233
A2,s23,G_new,680.0,-0.2200821744555812
A2,s23,G_new,700.0,-0.10207294845533184
A2,s23,G_new,720.0,-0.17682355737352917
A2,s23,G_new,740.0,-0.2379191212836109
A2,s23,G_new,760.0,-0.14925460874152463
A2,s23,G_new,780.0,-0.10398727933146783
A2,s23,G_new,800.0,-0.14411719735831358
A2,s23,G_new,820.0,-0.022578476877564806
A2,s23,G_new,840.0,-0.007113180149756176
A2,s23,G_new,860.0,-0.08071964587965755
A2,s23,G_new,880.0,-0.1940910028817825
A2,s23,G_new,900.0,-0.25771688232612666
A2,s23,G_new,920.0,-0.3108486149080305
A2,s23,G_new,940.0,-0.29821701757912333
A2,s23,G_new,960.0,-0.24396960575719723
A2,s23,G_new,980.0,-0.31428668566361667
A2,s23,A2,0.0,0.1775523037260407
A2,s23,A2,20.0,0.19093840152271813
A2,s23,A2,40.0,0.1661067983799605
A2,s23,A2,60.0,0.3623613192061216
A2,s23,A2,80.0,0.30839247002655507
A2,s23,A2,100.0,0.11336877140847601
A2,s23,A2,120.0,0.23287474052433424
A2,s23,A2,140.0,0.27135240041437303
A2,s23,A2,160.0,0.09621308033823059
A2,s23,A2,180.0,0.019396294388442738
A2,s23,A2,200.0,-0.09611097067776533
A2,s23,A2,220.0,0.021537104148760554
A2,s23,A2,240.0,0.03771204390873074
A2,s23,A2,260.0,-0.034452424095534506
A2,s23,A2,280.0,0.04590083453348301
A2,s23,A2,300.0,0.11214802610199257
A2,s23,A2,320.0,0.07684204890657714
A2,s23,A2,340.0,-0.018866101341110254
A2,s23,A2,360.0,-0.09330080803701939
A2,s23,A2,380.0,-0.027163316210445265
A2,s23,A2,400.0,0.05757261685430097
A2,s23,A2,420.0,0.08782581770914732
A2,s23,A2,440.0,-0.0018372029715970108
A2,s23,A2,460.0,-0.10852980161573739
A2,s23,A2,480.0,-0.10534845647015911
A2,s23,A2,500.0,-0.009676944697169176
A2,s23,A2,520.0,-0.12863901493212215
A2,s23,A2,540.0,-0.26787751634701074
A2,s23,A2,560.0,-0.06746572998207254
A2,s23,A2,580.0,0.11992893554545653
A2,s23,A2,600.0,0.1527290895859944
A2,s23,A2,620.0,0.18740664063940782
A2,s23,A2,640.0,0.20069404915012484
A2,s23,A2,660.0,0.22977970849985663
A2,s23,A2,680.0,0.27052799241844855
A2,s23,A2,700.0,0.23469863737250185
A2,s23,A2,720.0,0.18828247976474588
A2,s23,A2,740.0,0.11194395501407998
A2,s23,A2,760.0,0.0598875970113331
A2,s23,A2,780.0,0.03445611491461163
A2,s23,A2,800.0,-0.03545855806770007
A2,s23,A2,820.0,-0.05024944489399713
A2,s23,A2,840.0,-0.030868276304439765
A2,s23,A2,860.0,-0.07185225901132691
A2,s23,A2,880.0,-0.10051421903626828
A2,s23,A2,900.0,-0.007015407377857948
A2,s23,A2,920.0,0.024251399452907628
A2,s23,A2,940.0,-0.04525025655287845
A2,s23,A2,960.0,-0.10103354445076274
A2,s23,A2,980.0,-0.16986478448544023
A2,s23,I,0.0,0.18974498239386625
A2,s23,I,20.0,0.07274483351937626
A2,s23,I,40.0,-0.07743314896555675
A2,s23,I,60.0,-0.13863864575383536
A2,s23,I,80.0,-0.16403996667511242
A2,s23,I,100.0,-0.05530016062340311
A2,s23,I,120.0,-0.06896361946653165
A2,s23,I,140.0,-0.20742341139833587
A2,s23,I,160.0,-0.04618225275875093
A2,s23,I,180.0,0.04339002478769782
A2,s23,I,200.0,-0.1259743300292001
A2,s23,I,220.0,-0.18700074330484037
A2,s23,I,240.0,0.03834283805896157
A2,s23,I,260.0,-0.011122109969739002
A2,s23,I,280.0,-0.24056131923772
A2,s23,I,300.0,-0.23059384736439648
A2,s23,I,320.0,-0.1733312627988293
A2,s23,I,340.0,-0.18842838240027415
A2,s23,I,360.0,-0.06426027641950374
A2,s23,I,380.0,0.07675447013698139
A2,s23,I,400.0,-0.10122413726110191
A2,s23,I,420.0,-0.24562766837887728
A2,s23,I,440.0,0.012581317478959506
A2,s23,I,460.0,0.08022220648457729
A2,s23,I,480.0,-0.04306898049721734
A2,s23,I,500.0,-0.2743394949450279
A2,s23,I,520.0,0.015676390526762785
A2,s23,I,540.0,0.14477684880400798
A2,s23,I,560.0,0.012337167656090497
A2,s23,I,580.0,0.08791759170751533
A2,s23,I,600.0,0.3737189832534766
A2,s23,I,620.0,0.48311581854292346
A2,s23,I,640.0,0.41133479855992144
A2,s23,I,660.0,0.3218610356176106
A2,s23,I,680.0,0.3507941582593356
A2,s23,I,700.0,0.19314214798627694
A2,s23,I,720.0,0.11068188226934693
A2,s23,I,740.0,0.09291685373029196
A2,s23,I,760.0,0.08320829049280118
A2,s23,I,780.0,0.13637558587966933
A2,s23,I,800.0,0.19398976260559953
A2,s23,I,820.0,0.005733769266209651
A2,s23,I,840.0,0.046676826866666896
A2,s23,I,860.0,0.11480905804614605
A2,s23,I,880.0,0.10061924535757379
A2,s23,I,900.0,0.035497900049851414
A2,s23,I,920.0,0.08917707743456701
A2,s23,I,940.0,0.15870731843213104
A2,s23,I,960.0,0.15085367423051954
A2,s23,I,980.0,0.2357927067245375
robust_A_AR,s23,G_new,0.0,0.07495849339362826
robust_A_AR,s23,G_new,20.0,0.04061648155484078
robust_A_AR,s23,G_new,40.0,0.1101564966633635
robust_A_AR,s23,G_new,60.0,-0.0999184998367397
robust_A_AR,s23,G_new,80.0,-0.1018456753159918
robust_A_AR,s23,G_new,100.0,-0.0759460543748901
robust_A_AR,s23,G_new,120.0,-0.14612627761243846
robust_A_AR,s23,G_new,140.0,-0.17473880473669007
robust_A_AR,s23,G_new,160.0,-0.1868644495841715
robust_A_AR,s23,G_new,180.0,-0.18717103799869161
robust_A_AR,s23,G_new,200.0,-0.108184277311027
robust_A_AR,s23,G_new,220.0,-0.030120856797139703
robust_A_AR,s23,G_new,240.0,-0.0978728655544847
robust_A_AR,s23,G_new,260.0,-0.13703094703279245
robust_A_AR,s23,G_new,280.0,-0.1393280637348819
robust_A_AR,s23,G_new,300.0,-0.0406909229433734
robust_A_AR,s23,G_new,320.0,0.014052273186068012
robust_A_AR,s23,G_new,340.0,-0.0036821029706788078
robust_A_AR,s23,G_new,360.0,0.000943340760767887
robust_A_AR,s23,G_new,380.0,-0.11844950817706984
robust_A_AR,s23,G_new,400.0,-0.1113280692703565
robust_A_AR,s23,G_new,420.0,0.0621984587903017
robust_A_AR,s23,G_new,440.0,0.16803187411336673
robust_A_AR,s23,G_new,460.0,0.22633100037069592
robust_A_AR,s23,G_new,480.0,0.051283215396621715
robust_A_AR,s23,G_new,500.0,0.025424681993245143
robust_A_AR,s23,G_new,520.0,0.14401788189332307
robust_A_AR,s23,G_new,540.0,0.1929965415867001
robust_A_AR,s23,G_new,560.0,0.10440665877023947
robust_A_AR,s23,G_new,580.0,0.08595721849320831
robust_A_AR,s23,G_new,600.0,0.01918285980528426
robust_A_AR,s23,G_new,620.0,-0.15173877039509942
robust_A_AR,s23,G_new,640.0,-0.1955952140210736
robust_A_AR,s23,G_new,660.0,-0.21126837592585299
robust_A_AR,s23,G_new,680.0,-0.2547520640858253
robust_A_AR,s23,G_new,700.0,-0.13213584657686256
robust_A_AR,s23,G_new,720.0,-0.20076870095887314
robust_A_AR,s23,G_new,740.0,-0.2520310033141354
robust_A_AR,s23,G_new,760.0,-0.15626323860361402
robust_A_AR,s23,G_new,780.0,-0.10777654986219576
robust_A_AR,s23,G_new,800.0,-0.1393894026367328
robust_A_AR,s23,G_new,820.0,-0.01642083871242017
robust_A_AR,s23,G_new,840.0,-0.003950154259770831
robust_A_AR,s23,G_new,860.0,-0.07246799622235425
robust_A_AR,s23,G_new,880.0,-0.18171605862654117
robust_A_AR,s23,G_new,900.0,-0.25686997857069316
robust_A_AR,s23,G_new,920.0,-0.3141747801103625
robust_A_AR,s23,G_new,940.0,-0.2931047951819131
robust_A_AR,s23,G_new,960.0,-0.23167868779914658
robust_A_AR,s23,G_new,980.0,-0.29295418382748184
robust_A_AR,s23,AR,0.0,0.2142237420007545
robust_A_AR,s23,AR,20.0,0.19354608951718089
robust_A_AR,s23,AR,40.0,0.15604088231275862
robust_A_AR,s23,AR,60.0,0.3370126321172473
robust_A_AR,s23,AR,80.0,0.25502281775471725
robust_A_AR,s23,AR,100.0,0.1003679287491252
robust_A_AR,s23,AR,120.0,0.24675370623278242
robust_A_AR,s23,AR,140.0,0.2643638534815336
robust_A_AR,s23,AR,160.0,0.06790692389492743
robust_A_AR,s23,AR,180.0,-0.01478921111530241
robust_A_AR,s23,AR,200.0,-0.11338158762254398
robust_A_AR,s23,AR,220.0,-0.0020717481081075698
robust_A_AR,s23,AR,240.0,-0.005328359221208029
robust_A_AR,s23,AR,260.0,-0.07488360598076396
robust_A_AR,s23,AR,280.0,0.026750807933001042
robust_A_AR,s23,AR,300.0,0.10539299659192763
robust_A_AR,s23,AR,320.0,0.030847028007250164
robust_A_AR,s23,AR,340.0,-0.0673808051816964
robust_A_AR,s23,AR,360.0,-0.14807860733962735
robust_A_AR,s23,AR,380.0,-0.1101874026010764
robust_A_AR,s23,AR,400.0,-0.03465085911379334
robust_A_AR,s23,AR,420.0,0.028740452193569993
robust_A_AR,s23,AR,440.0,-0.061084901936627946
robust_A_AR,s23,AR,460.0,-0.16943500596402666
robust_A_AR,s23,AR,480.0,-0.1725191549741558
robust_A_AR,s23,AR,500.0,-0.03520222553112881
robust_A_AR,s23,AR,520.0,-0.13322992204864026
robust_A_AR,s23,AR,540.0,-0.32883127171760107
robust_A_AR,s23,AR,560.0,-0.21866557756147448
robust_A_AR,s23,AR,580.0,0.04021830277744569
robust_A_AR,s23,AR,600.0,0.21496218428825148
robust_A_AR,s23,AR,620.0,0.22073455410038598
robust_A_AR,s23,AR,640.0,0.17369309343089354
robust_A_AR,s23,AR,660.0,0.22597587352427762
robust_A_AR,s23,AR,680.0,0.30244692043058485
robust_A_AR,s23,AR,700.0,0.26076504379501936
robust_A_AR,s23,AR,720.0,0.19081611195783157
robust_A_AR,s23,AR,740.0,0.1001365283828903
robust_A_AR,s23,AR,760.0,-0.004144441483479415
robust_A_AR,s23,AR,780.0,-0.028324872905415636
robust_A_AR,s23,AR,800.0,-0.05922708518438774
robust_A_AR,s23,AR,820.0,-0.02607350460203829
robust_A_AR,s23,AR,840.0,0.05009487428361671
robust_A_AR,s23,AR,860.0,0.021745527803654588
robust_A_AR,s23,AR,880.0,-0.05832098439106197
robust_A_AR,s23,AR,900.0,-0.0022771824180819952
robust_A_AR,s23,AR,920.0,0.05039357929917532
robust_A_AR,s23,AR,940.0,0.022700257239304297
robust_A_AR,s23,AR,960.0,-0.042834870335863834
robust_A_AR,s23,AR,980.0,-0.143305819713627
robust_A_AR,s23,I,0.0,0.12928305092213432
robust_A_AR,s23,I,20.0,0.03305403483649062
robust_A_AR,s23,I,40.0,-0.10347887610390774
robust_A_AR,s23,I,60.0,-0.19312580574727167
robust_A_AR,s23,I,80.0,-0.18854347525698006
robust_A_AR,s23,I,100.0,-0.06885993166023788
robust_A_AR,s23,I,120.0,-0.12472994814425559
robust_A_AR,s23,I,140.0,-0.25647472652474096
robust_A_AR,s23,I,160.0,-0.04581045287496374
robust_A_AR,s23,I,180.0,0.06305199772592301
robust_A_AR,s23,I,200.0,-0.09502009932558181
robust_A_AR,s23,I,220.0,-0.1750379721653686
robust_A_AR,s23,I,240.0,0.06045963983472037
robust_A_AR,s23,I,260.0,0.02352329975503015
robust_A_AR,s23,I,280.0,-0.2365008857082465
robust_A_AR,s23,I,300.0,-0.24820700318518624
robust_A_AR,s23,I,320.0,-0.15694886034954827
robust_A_AR,s23,I,340.0,-0.15131693761564158
robust_A_AR,s23,I,360.0,-0.008067522968502203
robust_A_AR,s23,I,380.0,0.13924722753635885
robust_A_AR,s23,I,400.0,-0.04922264855012947
robust_A_AR,s23,I,420.0,-0.22242218139117825
robust_A_AR,s23,I,440.0,0.05369470181695982
robust_A_AR,s23,I,460.0,0.14365183917779417
robust_A_AR,s23,I,480.0,0.0240384345757836
robust_A_AR,s23,I,500.0,-0.25486332229765973
robust_A_AR,s23,I,520.0,0.04436605032817172
robust_A_AR,s23,I,540.0,0.23986708886788677
robust_A_AR,s23,I,560.0,0.12971830120271038
robust_A_AR,s23,I,580.0,0.1189366976977208
robust_A_AR,s23,I,600.0,0.3006034268982841
robust_A_AR,s23,I,620.0,0.4229975787485799
robust_A_AR,s23,I,640.0,0.3900716169914872
robust_A_AR,s23,I,660.0,0.278870690816932
robust_A_AR,s23,I,680.0,0.27514711128821256
robust_A_AR,s23,I,700.0,0.12863166827237488
robust_A_AR,s23,I,720.0,0.07156916224770457
robust_A_AR,s23,I,740.0,0.07881908449872727
robust_A_AR,s23,I,760.0,0.11536110358268645
robust_A_AR,s23,I,780.0,0.17271558653388902
robust_A_AR,s23,I,800.0,0.21737480967564965
robust_A_AR,s23,I,820.0,-0.0009202235518440405
robust_A_AR,s23,I,840.0,-0.0028804153679785442
robust_A_AR,s23,I,860.0,0.0646965734925632
robust_A_AR,s23,I,880.0,0.09155002874485901
robust_A_AR,s23,I,900.0,0.033631508067951524
robust_A_AR,s23,I,920.0,0.06638389379656867
robust_A_AR,s23,I,940.0,0.12095429063453329
robust_A_AR,s23,I,960.0,0.13087948595038867
robust_A_AR,s23,I,980.0,0.2512409065785112
original_A,s24,G_new,0.0,-0.15407886666139015
original_A,s24,G_new,20.0,-0.19448432393011655
original_A,s24,G_new,40.0,-0.23093766051556672
original_A,s24,G_new,60.0,-0.19356742905085944
original_A,s24,G_new,80.0,-0.25307698709658893
original_A,s24,G_new,100.0,-0.19791166735143306
original_A,s24,G_new,120.0,-0.0771083494439426
original_A,s24,G_new,140.0,-0.027076590037094242
original_A,s24,G_new,160.0,0.1332156675101508
original_A,s24,G_new,180.0,0.00608244943146994
original_A,s24,G_new,200.0,-0.14031487195925196
original_A,s24,G_new,220.0,-0.008873840290381088
original_A,s24,G_new,240.0,0.11272604882562637
original_A,s24,G_new,260.0,-0.08051711545244453
original_A,s24,G_new,280.0,-0.16396294302709374
original_A,s24,G_new,300.0,-0.01470747569803256
original_A,s24,G_new,320.0,0.11466143808931553
original_A,s24,G_new,340.0,-0.15334964303251736
original_A,s24,G_new,360.0,-0.1316935019392116
original_A,s24,G_new,380.0,-0.01932639150775587
original_A,s24,G_new,400.0,-0.03711709412344208
original_A,s24,G_new,420.0,-0.32374489244923865
original_A,s24,G_new,440.0,-0.3646950449698513
original_A,s24,G_new,460.0,-0.039671119186762305
original_A,s24,G_new,480.0,0.1291249399342622
original_A,s24,G_new,500.0,-0.10610775876114462
original_A,s24,G_new,520.0,-0.1898942652241845
original_A,s24,G_new,540.0,-0.003667975894020903
original_A,s24,G_new,560.0,0.25990061351497384
original_A,s24,G_new,580.0,0.02416310420166925
original_A,s24,G_new,600.0,-0.0435770666579325
original_A,s24,G_new,620.0,0.06235227735124925
original_A,s24,G_new,640.0,0.011715667047454466
original_A,s24,G_new,660.0,-0.0894897297698967
original_A,s24,G_new,680.0,0.11634447209283151
original_A,s24,G_new,700.0,0.14879780422357927
original_A,s24,G_new,720.0,-0.14985865713133112
original_A,s24,G_new,740.0,-0.2421175876576426
original_A,s24,G_new,760.0,-0.017396891484733557
original_A,s24,G_new,780.0,0.06668703935695086
original_A,s24,G_new,800.0,-0.03032382064388156
original_A,s24,G_new,820.0,-0.15806490040183613
original_A,s24,G_new,840.0,-0.21693581881799132
original_A,s24,G_new,860.0,-0.11308314888794273
original_A,s24,G_new,880.0,-0.1101482342466118
original_A,s24,G_new,900.0,-0.18989314226477894
original_A,s24,G_new,920.0,-0.24359193683379649
original_A,s24,G_new,940.0,-0.1378466438172446
original_A,s24,G_new,960.0,-0.009223032307725509
original_A,s24,G_new,980.0,-0.2869128703980703
original_A,s24,A,0.0,-0.044501520436386874
original_A,s24,A,20.0,0.07984698193880281
original_A,s24,A,40.0,0.05300893053405363
original_A,s24,A,60.0,-0.10955765189995903
original_A,s24,A,80.0,0.06931364691324737
original_A,s24,A,100.0,0.11172836037746339
original_A,s24,A,120.0,-0.1340952615245823
original_A,s24,A,140.0,-0.07125223385139642
original_A,s24,A,160.0,-0.1271042545152276
original_A,s24,A,180.0,-0.14499085686600227
original_A,s24,A,200.0,-0.019214883353961158
original_A,s24,A,220.0,0.06101840866757762
original_A,s24,A,240.0,-0.09919572667887394
original_A,s24,A,260.0,-0.14024537699849376
original_A,s24,A,280.0,-0.19276669840300426
original_A,s24,A,300.0,-0.1644319978751707
original_A,s24,A,320.0,0.009521482863019315
original_A,s24,A,340.0,-0.0031831934526234604
original_A,s24,A,360.0,-0.34927786409609357
original_A,s24,A,380.0,-0.3077491632362097
original_A,s24,A,400.0,-0.03128149231876512
original_A,s24,A,420.0,-0.09049046073012859
original_A,s24,A,440.0,-0.19274127400126315
original_A,s24,A,460.0,-0.35170081825959676
original_A,s24,A,480.0,-0.5206086124467092
original_A,s24,A,500.0,-0.33834703394495963
original_A,s24,A,520.0,-0.25168604230882413
original_A,s24,A,540.0,-0.3860082510973718
original_A,s24,A,560.0,-0.45417943977898334
original_A,s24,A,580.0,-0.44326367462708194
original_A,s24,A,600.0,-0.16616026779316467
original_A,s24,A,620.0,0.022407054857528752
original_A,s24,A,640.0,-0.03284389314733606
original_A,s24,A,660.0,-0.09201775479934782
original_A,s24,A,680.0,-0.15402238891338987
original_A,s24,A,700.0,-0.04484395845872361
original_A,s24,A,720.0,-0.09450603794163899
original_A,s24,A,740.0,0.024814317025714308
original_A,s24,A,760.0,-0.010479846152264126
original_A,s24,A,780.0,0.06111715844143828
original_A,s24,A,800.0,-0.11498244302981989
original_A,s24,A,820.0,-0.11428763670352533
original_A,s24,A,840.0,0.13033787768572416
original_A,s24,A,860.0,0.1740511231763871
original_A,s24,A,880.0,0.1317042227255824
original_A,s24,A,900.0,-0.016633991641799836
original_A,s24,A,920.0,-0.011234239218249197
original_A,s24,A,940.0,-0.02458257263526606
original_A,s24,A,960.0,-0.15231174050523635
original_A,s24,A,980.0,0.08182827670431377
original_A,s24,I,0.0,0.2577901345258596
original_A,s24,I,20.0,0.010245232738970239
original_A,s24,I,40.0,0.012568658517178491
original_A,s24,I,60.0,0.27886899480454863
original_A,s24,I,80.0,0.0885347454006536
original_A,s24,I,100.0,-0.13045548124027107
original_A,s24,I,120.0,0.018044932786587906
original_A,s24,I,140.0,-0.004118963308446125
original_A,s24,I,160.0,-0.06390326481739031
original_A,s24,I,180.0,-0.08157787077934991
original_A,s24,I,200.0,-0.1566874530465907
original_A,s24,I,220.0,-0.27153936717757415
original_A,s24,I,240.0,-0.2513015574957065
original_A,s24,I,260.0,-0.04542160804459475
original_A,s24,I,280.0,0.0659663231991621
original_A,s24,I,300.0,-0.084803614049477
original_A,s24,I,320.0,-0.3358305166619672
original_A,s24,I,340.0,-0.1409378830356811
original_A,s24,I,360.0,0.26248403749629146
original_A,s24,I,380.0,-0.01991395253675665
original_A,s24,I,400.0,-0.4816800595806854
original_A,s24,I,420.0,-0.30162465332109434
original_A,s24,I,440.0,0.1254475945266714
original_A,s24,I,460.0,0.1428779253127767
original_A,s24,I,480.0,-0.08124800880845193
original_A,s24,I,500.0,-0.12283336074926934
original_A,s24,I,520.0,0.009291987191330203
original_A,s24,I,540.0,-0.07391332557688711
original_A,s24,I,560.0,-0.2019191345968845
original_A,s24,I,580.0,0.1561763372864575
original_A,s24,I,600.0,0.08736279826512458
original_A,s24,I,620.0,-0.4325370871773478
original_A,s24,I,640.0,-0.37704596025868653
original_A,s24,I,660.0,-0.04057429753783444
original_A,s24,I,680.0,-0.127981286798167
original_A,s24,I,700.0,-0.3831974821440337
original_A,s24,I,720.0,-0.3861807501025392
original_A,s24,I,740.0,-0.42912509804554394
original_A,s24,I,760.0,-0.39006334565895
original_A,s24,I,780.0,-0.4325086423989144
original_A,s24,I,800.0,-0.2969926135493727
original_A,s24,I,820.0,0.03780208299676205
original_A,s24,I,840.0,-0.11799559886293562
original_A,s24,I,860.0,-0.2288986161328359
original_A,s24,I,880.0,-0.16977416975759788
original_A,s24,I,900.0,0.06427621921052336
original_A,s24,I,920.0,0.20732102703040334
original_A,s24,I,940.0,0.18900889568627868
original_A,s24,I,960.0,0.1734873044279652
original_A,s24,I,980.0,0.0742250503912413
A2,s24,G_new,0.0,-0.16083083273915383
A2,s24,G_new,20.0,-0.16345615776470057
A2,s24,G_new,40.0,-0.19747544689739605
A2,s24,G_new,60.0,-0.2026213766492902
A2,s24,G_new,80.0,-0.2296329367370636
A2,s24,G_new,100.0,-0.16715766374643404
A2,s24,G_new,120.0,-0.08593536733026046
A2,s24,G_new,140.0,-0.03515573692364971
A2,s24,G_new,160.0,0.10888751133437957
A2,s24,G_new,180.0,-0.019010152580903505
A2,s24,G_new,200.0,-0.1341632911392222
A2,s24,G_new,220.0,0.018032542288818842
A2,s24,G_new,240.0,0.11012573607477721
A2,s24,G_new,260.0,-0.10228109259406327
A2,s24,G_new,280.0,-0.20687471797037987
A2,s24,G_new,300.0,-0.03130692318640539
A2,s24,G_new,320.0,0.1421971505063464
A2,s24,G_new,340.0,-0.13333356991561568
A2,s24,G_new,360.0,-0.2003675590293824
A2,s24,G_new,380.0,-0.08311741066491614
A2,s24,G_new,400.0,-0.021364765917510353
A2,s24,G_new,420.0,-0.31822180830956065
A2,s24,G_new,440.0,-0.40705822012393855
A2,s24,G_new,460.0,-0.11424240655116069
A2,s24,G_new,480.0,0.025281848234660696
A2,s24,G_new,500.0,-0.15822807379025244
A2,s24,G_new,520.0,-0.22552208959504638
A2,s24,G_new,540.0,-0.07899807413983947
A2,s24,G_new,560.0,0.1553358496868863
A2,s24,G_new,580.0,-0.07700567494571126
A2,s24,G_new,600.0,-0.06810251857419279
A2,s24,G_new,620.0,0.07648607674990172
A2,s24,G_new,640.0,-0.00589849858808324
A2,s24,G_new,660.0,-0.12319035794551311
A2,s24,G_new,680.0,0.07701410783954346
A2,s24,G_new,700.0,0.14197055496942051
A2,s24,G_new,720.0,-0.1644566671466052
A2,s24,G_new,740.0,-0.23451873676346513
A2,s24,G_new,760.0,-0.031074192978914617
A2,s24,G_new,780.0,0.07024088344518456
A2,s24,G_new,800.0,-0.05799557627803098
A2,s24,G_new,820.0,-0.18148368451213603
A2,s24,G_new,840.0,-0.19657650045887198
A2,s24,G_new,860.0,-0.08337254664102056
A2,s24,G_new,880.0,-0.08451224421483755
A2,s24,G_new,900.0,-0.20750650317415015
A2,s24,G_new,920.0,-0.265564190617379
A2,s24,G_new,940.0,-0.1626786904150227
A2,s24,G_new,960.0,-0.05961044893486605
A2,s24,G_new,980.0,-0.2823844372308295
A2,s24,A2,0.0,-0.002358307320755891
A2,s24,A2,20.0,0.18586639721412015
A2,s24,A2,40.0,0.24692479841384132
A2,s24,A2,60.0,0.06687930643841175
A2,s24,A2,80.0,0.12782215027389057
A2,s24,A2,100.0,0.13846914837974636
A2,s24,A2,120.0,0.10351164121163628
A2,s24,A2,140.0,0.02245653603077842
A2,s24,A2,160.0,-0.05516942859499271
A2,s24,A2,180.0,-0.03739637555027489
A2,s24,A2,200.0,0.08605608955947423
A2,s24,A2,220.0,0.17271989446059133
A2,s24,A2,240.0,0.11430766278930757
A2,s24,A2,260.0,-0.012093033272746675
A2,s24,A2,280.0,-0.14144107883881976
A2,s24,A2,300.0,0.07146468568828647
A2,s24,A2,320.0,0.25106998722925106
A2,s24,A2,340.0,0.19669369893567723
A2,s24,A2,360.0,-0.16909316992347914
A2,s24,A2,380.0,-0.18050899323346048
A2,s24,A2,400.0,0.1951994024438384
A2,s24,A2,420.0,0.1800976654450679
A2,s24,A2,440.0,-0.1362083030260381
A2,s24,A2,460.0,-0.22232513051040445
A2,s24,A2,480.0,-0.26627490717080593
A2,s24,A2,500.0,-0.02546730344211462
A2,s24,A2,520.0,0.011238358752141603
A2,s24,A2,540.0,-0.18144163520200088
A2,s24,A2,560.0,-0.3664780297852114
A2,s24,A2,580.0,-0.34919143512052797
A2,s24,A2,600.0,-0.002225991620209592
A2,s24,A2,620.0,0.1042723107120955
A2,s24,A2,640.0,-0.12304171952865324
A2,s24,A2,660.0,-0.1944425033194036
A2,s24,A2,680.0,-0.16144753301557174
A2,s24,A2,700.0,-0.002600474873146373
A2,s24,A2,720.0,-0.007496878966471873
A2,s24,A2,740.0,0.038133968506867885
A2,s24,A2,760.0,-0.11663521325452594
A2,s24,A2,780.0,-0.05168468758680042
A2,s24,A2,800.0,-0.1042997775488567
A2,s24,A2,820.0,-0.06443196812694374
A2,s24,A2,840.0,0.012514425779433985
A2,s24,A2,860.0,0.04094207133585337
A2,s24,A2,880.0,0.061270430991066896
A2,s24,A2,900.0,-0.1457941550468918
A2,s24,A2,920.0,-0.1952364895222511
A2,s24,A2,940.0,-0.20395822437383432
A2,s24,A2,960.0,-0.27003575730688084
A2,s24,A2,980.0,-0.07140550666364874
A2,s24,I,0.0,0.22604834558544812
A2,s24,I,20.0,-0.020821814041999107
A2,s24,I,40.0,-0.06791924012719902
A2,s24,I,60.0,0.16550128988014776
A2,s24,I,80.0,0.07781212851355158
A2,s24,I,100.0,-0.11499504333489374
A2,s24,I,120.0,-0.1312068934326744
A2,s24,I,140.0,-0.06765353217106981
A2,s24,I,160.0,-0.13109262148881215
A2,s24,I,180.0,-0.1705973955703604
A2,s24,I,200.0,-0.21258894143453005
A2,s24,I,220.0,-0.31014912047747034
A2,s24,I,240.0,-0.37999592369167545
A2,s24,I,260.0,-0.1431963703538704
A2,s24,I,280.0,-0.007937605431084918
A2,s24,I,300.0,-0.24094305092172214
A2,s24,I,320.0,-0.4504624273398393
A2,s24,I,340.0,-0.23860737034102186
A2,s24,I,360.0,0.0863255402233715
A2,s24,I,380.0,-0.159852533001457
A2,s24,I,400.0,-0.5993887915529981
A2,s24,I,420.0,-0.4557678830010908
A2,s24,I,440.0,0.04902666394531235
A2,s24,I,460.0,-0.009274957389923639
A2,s24,I,480.0,-0.33691819435522136
A2,s24,I,500.0,-0.36051518536144683
A2,s24,I,520.0,-0.18213873696772367
A2,s24,I,540.0,-0.27122988997592984
A2,s24,I,560.0,-0.3599429841761669
A2,s24,I,580.0,-0.0021582921291335017
A2,s24,I,600.0,-0.03434344319989943
A2,s24,I,620.0,-0.4665093716060957
A2,s24,I,640.0,-0.34169042277165607
A2,s24,I,660.0,-0.014344944986828922
A2,s24,I,680.0,-0.16355984119243971
A2,s24,I,700.0,-0.41507496359270246
A2,s24,I,720.0,-0.45238348606514
A2,s24,I,740.0,-0.4292680569799465
A2,s24,I,760.0,-0.34128636124840966
A2,s24,I,780.0,-0.3622995519978795
A2,s24,I,800.0,-0.3314160594266556
A2,s24,I,820.0,-0.015427768223249066
A2,s24,I,840.0,-0.027746237844557518
A2,s24,I,860.0,-0.12012309879614608
A2,s24,I,880.0,-0.10214217360503422
A2,s24,I,900.0,0.12263591413074874
A2,s24,I,920.0,0.2936305213415139
A2,s24,I,940.0,0.2696811028824948
A2,s24,I,960.0,0.19179441090148772
A2,s24,I,980.0,0.1692953812179655
robust_A_AR,s24,G_new,0.0,-0.1600774060710091
robust_A_AR,s24,G_new,20.0,-0.186158204515205
robust_A_AR,s24,G_new,40.0,-0.2270673777134222
robust_A_AR,s24,G_new,60.0,-0.20931027614514722
robust_A_AR,s24,G_new,80.0,-0.2453994775849078
robust_A_AR,s24,G_new,100.0,-0.1846295905319705
robust_A_AR,s24,G_new,120.0,-0.09666761679667092
robust_A_AR,s24,G_new,140.0,-0.03703289530298836
robust_A_AR,s24,G_new,160.0,0.11673254865712447
robust_A_AR,s24,G_new,180.0,-0.013062832826983686
robust_A_AR,s24,G_new,200.0,-0.1440730950612812
robust_A_AR,s24,G_new,220.0,-0.0029227157180093666
robust_A_AR,s24,G_new,240.0,0.09775100532823111
robust_A_AR,s24,G_new,260.0,-0.09935882589069707
robust_A_AR,s24,G_new,280.0,-0.18818624802582967
robust_A_AR,s24,G_new,300.0,-0.037947586849479575
robust_A_AR,s24,G_new,320.0,0.11258334384959727
robust_A_AR,s24,G_new,340.0,-0.15641978331902903
robust_A_AR,s24,G_new,360.0,-0.1767538757906001
robust_A_AR,s24,G_new,380.0,-0.05860626696134599
robust_A_AR,s24,G_new,400.0,-0.043974646875436146
robust_A_AR,s24,G_new,420.0,-0.3384229539661582
robust_A_AR,s24,G_new,440.0,-0.38898510666576913
robust_A_AR,s24,G_new,460.0,-0.08434566651564684
robust_A_AR,s24,G_new,480.0,0.06215216511909034
robust_A_AR,s24,G_new,500.0,-0.15161380532011753
robust_A_AR,s24,G_new,520.0,-0.2241497507156967
robust_A_AR,s24,G_new,540.0,-0.05353983593780556
robust_A_AR,s24,G_new,560.0,0.20327362713295372
robust_A_AR,s24,G_new,580.0,-0.031216654913709226
robust_A_AR,s24,G_new,600.0,-0.06606274822448922
robust_A_AR,s24,G_new,620.0,0.06398964943643046
robust_A_AR,s24,G_new,640.0,0.008915857799903504
robust_A_AR,s24,G_new,660.0,-0.09934999435558804
robust_A_AR,s24,G_new,680.0,0.09763961668858873
robust_A_AR,s24,G_new,700.0,0.14275611162347768
robust_A_AR,s24,G_new,720.0,-0.1625641200523593
robust_A_AR,s24,G_new,740.0,-0.23926672131877008
robust_A_AR,s24,G_new,760.0,-0.01725220917810763
robust_A_AR,s24,G_new,780.0,0.07566211014997534
robust_A_AR,s24,G_new,800.0,-0.04450525105467765
robust_A_AR,s24,G_new,820.0,-0.17268703931762933
robust_A_AR,s24,G_new,840.0,-0.19944227726415004
robust_A_AR,s24,G_new,860.0,-0.09004762392318323
robust_A_AR,s24,G_new,880.0,-0.09312364653627822
robust_A_AR,s24,G_new,900.0,-0.19019118707578056
robust_A_AR,s24,G_new,920.0,-0.24249498019878962
robust_A_AR,s24,G_new,940.0,-0.138441443956543
robust_A_AR,s24,G_new,960.0,-0.026239289320496052
robust_A_AR,s24,G_new,980.0,-0.2748667693829128
robust_A_AR,s24,AR,0.0,-0.02171789377518723
robust_A_AR,s24,AR,20.0,0.1431728348765865
robust_A_AR,s24,AR,40.0,0.1659208182410404
robust_A_AR,s24,AR,60.0,-0.011766899206643242
robust_A_AR,s24,AR,80.0,0.10505209411550939
robust_A_AR,s24,AR,100.0,0.13057030501916872
robust_A_AR,s24,AR,120.0,-0.0019796094040026033
robust_A_AR,s24,AR,140.0,-0.01972315962569257
robust_A_AR,s24,AR,160.0,-0.08981695501765471
robust_A_AR,s24,AR,180.0,-0.0878057318410107
robust_A_AR,s24,AR,200.0,0.04057789192230709
robust_A_AR,s24,AR,220.0,0.12701419579921208
robust_A_AR,s24,AR,240.0,0.020184979735346876
robust_A_AR,s24,AR,260.0,-0.07111736316824323
robust_A_AR,s24,AR,280.0,-0.16936032310522897
robust_A_AR,s24,AR,300.0,-0.034247987170987135
robust_A_AR,s24,AR,320.0,0.14839809477036292
robust_A_AR,s24,AR,340.0,0.11138803556173854
robust_A_AR,s24,AR,360.0,-0.25684763848528647
robust_A_AR,s24,AR,380.0,-0.24439250315132038
robust_A_AR,s24,AR,400.0,0.0976723212270229
robust_A_AR,s24,AR,420.0,0.06191295584399212
robust_A_AR,s24,AR,440.0,-0.16634660326112513
robust_A_AR,s24,AR,460.0,-0.2884960364524879
robust_A_AR,s24,AR,480.0,-0.3910064444104849
robust_A_AR,s24,AR,500.0,-0.1694461398167828
robust_A_AR,s24,AR,520.0,-0.10872975687193139
robust_A_AR,s24,AR,540.0,-0.2807407167531574
robust_A_AR,s24,AR,560.0,-0.4180942623417049
robust_A_AR,s24,AR,580.0,-0.40318150171656075
robust_A_AR,s24,AR,600.0,-0.07731581004949517
robust_A_AR,s24,AR,620.0,0.07007583412466512
robust_A_AR,s24,AR,640.0,-0.08562012911718002
robust_A_AR,s24,AR,660.0,-0.1536626392611547
robust_A_AR,s24,AR,680.0,-0.1631079021579307
robust_A_AR,s24,AR,700.0,-0.022013534699326976
robust_A_AR,s24,AR,720.0,-0.04754914467158043
robust_A_AR,s24,AR,740.0,0.03323336001572535
robust_A_AR,s24,AR,760.0,-0.07171036588433802
robust_A_AR,s24,AR,780.0,-0.0016833055674830844
robust_A_AR,s24,AR,800.0,-0.11245620820035296
robust_A_AR,s24,AR,820.0,-0.0892657699266581
robust_A_AR,s24,AR,840.0,0.06682522098726958
robust_A_AR,s24,AR,860.0,0.10313856856432806
robust_A_AR,s24,AR,880.0,0.09542219928149309
robust_A_AR,s24,AR,900.0,-0.09125536025462738
robust_A_AR,s24,AR,920.0,-0.11714977006466516
robust_A_AR,s24,AR,940.0,-0.1282620014760154
robust_A_AR,s24,AR,960.0,-0.22462299726454732
robust_A_AR,s24,AR,980.0,-0.0035194144730458232
robust_A_AR,s24,I,0.0,0.23967334271864182
robust_A_AR,s24,I,20.0,-0.02810672441579129
robust_A_AR,s24,I,40.0,-0.061083680795761985
robust_A_AR,s24,I,60.0,0.20591213307728323
robust_A_AR,s24,I,80.0,0.06832063327877441
robust_A_AR,s24,I,100.0,-0.1366790138430749
robust_A_AR,s24,I,120.0,-0.07969932020682291
robust_A_AR,s24,I,140.0,-0.04335971490808472
robust_A_AR,s24,I,160.0,-0.0967534631365997
robust_A_AR,s24,I,180.0,-0.1290130624868365
robust_A_AR,s24,I,200.0,-0.19847871528671085
robust_A_AR,s24,I,220.0,-0.3128171708217369
robust_A_AR,s24,I,240.0,-0.3383281992260171
robust_A_AR,s24,I,260.0,-0.10069793254720011
robust_A_AR,s24,I,280.0,0.038682778451978636
robust_A_AR,s24,I,300.0,-0.18302335822343319
robust_A_AR,s24,I,320.0,-0.42970294361983163
robust_A_AR,s24,I,340.0,-0.2190322343511678
robust_A_AR,s24,I,360.0,0.17903579369974612
robust_A_AR,s24,I,380.0,-0.08114365398190343
robust_A_AR,s24,I,400.0,-0.5712113173892064
robust_A_AR,s24,I,420.0,-0.4105928641472131
robust_A_AR,s24,I,440.0,0.0961335551047292
robust_A_AR,s24,I,460.0,0.07915964112575652
robust_A_AR,s24,I,480.0,-0.20007607493521273
robust_A_AR,s24,I,500.0,-0.2576358599903321
robust_A_AR,s24,I,520.0,-0.10275813076307583
robust_A_AR,s24,I,540.0,-0.16825675242560567
robust_A_AR,s24,I,560.0,-0.25323974447456143
robust_A_AR,s24,I,580.0,0.10278154300810334
robust_A_AR,s24,I,600.0,0.01715138364973967
robust_A_AR,s24,I,620.0,-0.4636297498694018
robust_A_AR,s24,I,640.0,-0.3430957743427505
robust_A_AR,s24,I,660.0,-0.004083090910802133
robust_A_AR,s24,I,680.0,-0.1308860805930861
robust_A_AR,s24,I,700.0,-0.4013662890351958
robust_A_AR,s24,I,720.0,-0.4236837823605315
robust_A_AR,s24,I,740.0,-0.43338659869446594
robust_A_AR,s24,I,760.0,-0.34904555721593966
robust_A_AR,s24,I,780.0,-0.386201194735516
robust_A_AR,s24,I,800.0,-0.3054910027528262
robust_A_AR,s24,I,820.0,0.014047990553064826
robust_A_AR,s24,I,840.0,-0.06712188067445102
robust_A_AR,s24,I,860.0,-0.17041528516123988
robust_A_AR,s24,I,880.0,-0.13733628025943465
robust_A_AR,s24,I,900.0,0.11403666063428554
robust_A_AR,s24,I,920.0,0.2786794341837959
robust_A_AR,s24,I,940.0,0.25805962872109567
robust_A_AR,s24,I,960.0,0.2136759012782525
robust_A_AR,s24,I,980.0,0.13708560648284168
original_A,s25,G_new,0.0,0.233189033248548
original_A,s25,G_new,20.0,0.13074236621662602
original_A,s25,G_new,40.0,0.041293152192925744
original_A,s25,G_new,60.0,0.035315079239501335
original_A,s25,G_new,80.0,0.101009029380171
original_A,s25,G_new,100.0,-0.03918062777649213
original_A,s25,G_new,120.0,-0.02557408895007145
original_A,s25,G_new,140.0,0.012842074052167939
original_A,s25,G_new,160.0,0.017312524588046222
original_A,s25,G_new,180.0,0.08077176240108788
original_A,s25,G_new,200.0,0.1055202979837431
original_A,s25,G_new,220.0,0.14851944731959188
original_A,s25,G_new,240.0,0.17723127586305834
original_A,s25,G_new,260.0,0.1486753909488494
original_A,s25,G_new,280.0,0.16691857584866787
original_A,s25,G_new,300.0,0.00043146902818752206
original_A,s25,G_new,320.0,0.16568225229852837
original_A,s25,G_new,340.0,0.3420669636362835
original_A,s25,G_new,360.0,0.2795106061940224
original_A,s25,G_new,380.0,0.10253489539100703
original_A,s25,G_new,400.0,0.0025150457100991674
original_A,s25,G_new,420.0,-0.0006036838923191568
original_A,s25,G_new,440.0,0.0733956055992135
original_A,s25,G_new,460.0,0.17921526928296444
original_A,s25,G_new,480.0,0.24014715494673075
original_A,s25,G_new,500.0,0.12651098060961655
original_A,s25,G_new,520.0,0.2185028393917319
original_A,s25,G_new,540.0,0.20167413908298198
original_A,s25,G_new,560.0,0.145734870731421
original_A,s25,G_new,580.0,0.32944629638551404
original_A,s25,G_new,600.0,0.31017630798865886
original_A,s25,G_new,620.0,0.08444070315687263
original_A,s25,G_new,640.0,-0.22832350384988
original_A,s25,G_new,660.0,-0.33459219922112315
original_A,s25,G_new,680.0,-0.12934252672341934
original_A,s25,G_new,700.0,-0.028184659569648527
original_A,s25,G_new,720.0,-0.18393579833565096
original_A,s25,G_new,740.0,-0.1858098978647225
original_A,s25,G_new,760.0,-0.20535091792963134
original_A,s25,G_new,780.0,-0.03998741261555915
original_A,s25,G_new,800.0,0.05337666581277669
original_A,s25,G_new,820.0,0.12414080707940552
original_A,s25,G_new,840.0,0.18435523632734202
original_A,s25,G_new,860.0,0.1552557661328614
original_A,s25,G_new,880.0,0.1601477952570545
original_A,s25,G_new,900.0,0.08725061044378596
original_A,s25,G_new,920.0,-0.07663990717358414
original_A,s25,G_new,940.0,-0.15336777430516746
original_A,s25,G_new,960.0,-0.09935083845936389
original_A,s25,G_new,980.0,0.0075957107328622625
original_A,s25,A,0.0,-0.12700624681905734
original_A,s25,A,20.0,-0.23582111763495978
original_A,s25,A,40.0,-0.17834584714907545
original_A,s25,A,60.0,-0.1771755935249995
original_A,s25,A,80.0,-0.17812284040331117
original_A,s25,A,100.0,-0.1507773810442241
original_A,s25,A,120.0,-0.03517559899780302
original_A,s25,A,140.0,0.11995354146194367
original_A,s25,A,160.0,0.13295994535776626
original_A,s25,A,180.0,0.027390959840475473
original_A,s25,A,200.0,-0.1455627511918429
original_A,s25,A,220.0,-0.09266149140158403
original_A,s25,A,240.0,0.05876764606728346
original_A,s25,A,260.0,0.2610594529524948
original_A,s25,A,280.0,0.35341777770312494
original_A,s25,A,300.0,0.34670060410481396
original_A,s25,A,320.0,0.11548074954176059
original_A,s25,A,340.0,0.1473356812751648
original_A,s25,A,360.0,0.31705685601196126
original_A,s25,A,380.0,0.30876988631298236
original_A,s25,A,400.0,0.19479257852098747
original_A,s25,A,420.0,-0.01820159330923491
original_A,s25,A,440.0,-0.013643940605595007
original_A,s25,A,460.0,0.13286539194074096
original_A,s25,A,480.0,-0.0657273653005633
original_A,s25,A,500.0,-0.24799781057955583
original_A,s25,A,520.0,-0.08135796007384534
original_A,s25,A,540.0,0.006447438806004291
original_A,s25,A,560.0,0.0762115933552603
original_A,s25,A,580.0,-0.04366521312417877
original_A,s25,A,600.0,-0.09393091297731632
original_A,s25,A,620.0,0.10490744728885742
original_A,s25,A,640.0,0.28372725989515396
original_A,s25,A,660.0,0.19743890317358803
original_A,s25,A,680.0,0.10108424853784677
original_A,s25,A,700.0,0.1750244793020123
original_A,s25,A,720.0,0.2765744909594151
original_A,s25,A,740.0,0.4350297917018108
original_A,s25,A,760.0,0.4197789075055702
original_A,s25,A,780.0,0.18463858812500278
original_A,s25,A,800.0,0.08177713876469181
original_A,s25,A,820.0,0.17471655164393357
original_A,s25,A,840.0,0.2124692519344209
original_A,s25,A,860.0,0.1424577524428795
original_A,s25,A,880.0,0.060206471935177475
original_A,s25,A,900.0,0.043926175465371614
original_A,s25,A,920.0,0.0593910964357601
original_A,s25,A,940.0,0.17033951126609048
original_A,s25,A,960.0,0.18051956841163855
original_A,s25,A,980.0,0.1325423075789786
original_A,s25,I,0.0,-0.12802747760538477
original_A,s25,I,20.0,0.11775863862864662
original_A,s25,I,40.0,0.16189977308812434
original_A,s25,I,60.0,0.31905705960594793
original_A,s25,I,80.0,0.32994292370581363
original_A,s25,I,100.0,0.2708601117605409
original_A,s25,I,120.0,0.2216147063504205
original_A,s25,I,140.0,0.11252510552239797
original_A,s25,I,160.0,-0.0729605995465839
original_A,s25,I,180.0,-0.015534379187415737
original_A,s25,I,200.0,0.19513753415475316
original_A,s25,I,220.0,0.19833757481143674
original_A,s25,I,240.0,-0.04259702132373383
original_A,s25,I,260.0,-0.4851123882978932
original_A,s25,I,280.0,-0.3875374396167344
original_A,s25,I,300.0,-0.17985471215607068
original_A,s25,I,320.0,-0.12878879070224805
original_A,s25,I,340.0,-0.34853072818894093
original_A,s25,I,360.0,-0.48927591635452355
original_A,s25,I,380.0,-0.333861927627487
original_A,s25,I,400.0,-0.13953380808822907
original_A,s25,I,420.0,0.056553122580032936
original_A,s25,I,440.0,-0.07621313580947696
original_A,s25,I,460.0,-0.17786883620541477
original_A,s25,I,480.0,0.39076232814499035
original_A,s25,I,500.0,0.7639469782588897
original_A,s25,I,520.0,0.312934678985239
original_A,s25,I,540.0,0.1254146853485635
original_A,s25,I,560.0,0.2727469184035583
original_A,s25,I,580.0,0.18600903998401375
original_A,s25,I,600.0,0.05306593452174535
original_A,s25,I,620.0,-0.1599414039736577
original_A,s25,I,640.0,-0.2758555347168303
original_A,s25,I,660.0,-0.1204116856167751
original_A,s25,I,680.0,0.09758668912940742
original_A,s25,I,700.0,0.013030238215782329
original_A,s25,I,720.0,-0.2825355894107965
original_A,s25,I,740.0,-0.4695543539928523
original_A,s25,I,760.0,-0.4829986616954346
original_A,s25,I,780.0,-0.2875056497175501
original_A,s25,I,800.0,-0.16357517459290932
original_A,s25,I,820.0,-0.34907079136455704
original_A,s25,I,840.0,-0.4015707570390451
original_A,s25,I,860.0,-0.03296082774418346
original_A,s25,I,880.0,-0.020843154097213767
original_A,s25,I,900.0,-0.2699371327039577
original_A,s25,I,920.0,-0.334690649519014
original_A,s25,I,940.0,-0.15602546443506474
original_A,s25,I,960.0,-0.025879067021025676
original_A,s25,I,980.0,-0.02753772401987741
A2,s25,G_new,0.0,0.21498808006137599
A2,s25,G_new,20.0,0.09847732139115722
A2,s25,G_new,40.0,0.025740048398565425
A2,s25,G_new,60.0,0.006580289866664882
A2,s25,G_new,80.0,0.06169355285283956
A2,s25,G_new,100.0,-0.06772879021077986
A2,s25,G_new,120.0,-0.030195426339713678
A2,s25,G_new,140.0,0.04655890790580348
A2,s25,G_new,160.0,0.045258382177965295
A2,s25,G_new,180.0,0.09093798482804384
A2,s25,G_new,200.0,0.08056411200981733
A2,s25,G_new,220.0,0.12461859611755766
A2,s25,G_new,240.0,0.18946605503693864
A2,s25,G_new,260.0,0.2003018420173754
A2,s25,G_new,280.0,0.24516208726677696
A2,s25,G_new,300.0,0.08230858072160202
A2,s25,G_new,320.0,0.18853329073037436
A2,s25,G_new,340.0,0.37554444735499676
A2,s25,G_new,360.0,0.3585750607994294
A2,s25,G_new,380.0,0.17566597332087458
A2,s25,G_new,400.0,0.05019668136270531
A2,s25,G_new,420.0,-0.0029530684684364594
A2,s25,G_new,440.0,0.0681801219293685
A2,s25,G_new,460.0,0.2176684247976691
A2,s25,G_new,480.0,0.23995731795493241
A2,s25,G_new,500.0,0.08410323661273524
A2,s25,G_new,520.0,0.20528212742779545
A2,s25,G_new,540.0,0.2072843355312024
A2,s25,G_new,560.0,0.16328677758149712
A2,s25,G_new,580.0,0.30164683848723534
A2,s25,G_new,600.0,0.2686504166830018
A2,s25,G_new,620.0,0.09841557677671245
A2,s25,G_new,640.0,-0.16997069760596373
A2,s25,G_new,660.0,-0.2946130007256053
A2,s25,G_new,680.0,-0.10998838842218334
A2,s25,G_new,700.0,-0.007881371113167357
A2,s25,G_new,720.0,-0.12480411746933305
A2,s25,G_new,740.0,-0.08250383481346289
A2,s25,G_new,760.0,-0.11210433847004592
A2,s25,G_new,780.0,-0.00252358936854747
A2,s25,G_new,800.0,0.06622840492388633
A2,s25,G_new,820.0,0.16341334658568596
A2,s25,G_new,840.0,0.2471461428134788
A2,s25,G_new,860.0,0.2049324374039245
A2,s25,G_new,880.0,0.1824284654519347
A2,s25,G_new,900.0,0.10655368662755868
A2,s25,G_new,920.0,-0.05218636545185105
A2,s25,G_new,940.0,-0.10796337729862536
A2,s25,G_new,960.0,-0.05570197648675217
A2,s25,G_new,980.0,0.0451014624399858
A2,s25,A2,0.0,-0.008963585531300215
A2,s25,A2,20.0,-0.003221287591976457
A2,s25,A2,40.0,0.07518998707046894
A2,s25,A2,60.0,-0.04184334493058668
A2,s25,A2,80.0,-0.133544990179702
A2,s25,A2,100.0,-0.0715322602058767
A2,s25,A2,120.0,0.0011985769956724332
A2,s25,A2,140.0,0.1534556948473225
A2,s25,A2,160.0,0.08739174814263286
A2,s25,A2,180.0,0.05668528130511968
A2,s25,A2,200.0,-0.046207484912836404
A2,s25,A2,220.0,-0.09972573774637132
A2,s25,A2,240.0,0.037598924612119056
A2,s25,A2,260.0,0.14313156970094143
A2,s25,A2,280.0,0.26704671986577
A2,s25,A2,300.0,0.3068958926474644
A2,s25,A2,320.0,0.06343645024034326
A2,s25,A2,340.0,0.11886202175824578
A2,s25,A2,360.0,0.3173977195957497
A2,s25,A2,380.0,0.2751774229849434
A2,s25,A2,400.0,0.18716073948988884
A2,s25,A2,420.0,0.0009880056376411414
A2,s25,A2,440.0,-0.029565121815504747
A2,s25,A2,460.0,0.1796858233217578
A2,s25,A2,480.0,0.07633185206044818
A2,s25,A2,500.0,-0.07775465483732624
A2,s25,A2,520.0,-0.019441176973257854
A2,s25,A2,540.0,0.041567928661367715
A2,s25,A2,560.0,0.06354639232474818
A2,s25,A2,580.0,-0.19207159216390063
A2,s25,A2,600.0,-0.25284607562690886
A2,s25,A2,620.0,-0.0018881596866058559
A2,s25,A2,640.0,0.17524332366394008
A2,s25,A2,660.0,0.11644593251425334
A2,s25,A2,680.0,0.04984172993799532
A2,s25,A2,700.0,-0.029574609475049835
A2,s25,A2,720.0,0.19056453468234463
A2,s25,A2,740.0,0.3900763925015406
A2,s25,A2,760.0,0.31992116590170727
A2,s25,A2,780.0,0.10956809459182817
A2,s25,A2,800.0,0.01570670011862374
A2,s25,A2,820.0,0.13721047120051644
A2,s25,A2,840.0,0.29873976208189235
A2,s25,A2,860.0,0.2667681072128
A2,s25,A2,880.0,0.12402538817537313
A2,s25,A2,900.0,0.11722206841949626
A2,s25,A2,920.0,0.14405585778596064
A2,s25,A2,940.0,0.19620018652399607
A2,s25,A2,960.0,0.16871818778678785
A2,s25,A2,980.0,0.1717575259499844
A2,s25,I,0.0,-0.2176405619576764
A2,s25,I,20.0,-0.055159005949563134
A2,s25,I,40.0,-0.006622287575721253
A2,s25,I,60.0,0.2083126612379918
A2,s25,I,80.0,0.26309097769770673
A2,s25,I,100.0,0.19408509304257976
A2,s25,I,120.0,0.1950054177627333
A2,s25,I,140.0,0.12665525255950646
A2,s25,I,160.0,-0.01708097005020799
A2,s25,I,180.0,-0.022833116893272276
A2,s25,I,200.0,0.10990571187987104
A2,s25,I,220.0,0.1782726425192521
A2,s25,I,240.0,-0.017398691887761913
A2,s25,I,260.0,-0.3615574473138099
A2,s25,I,280.0,-0.2559048769294492
A2,s25,I,300.0,-0.07257032404146543
A2,s25,I,320.0,-0.07419287273801234
A2,s25,I,340.0,-0.297318073272085
A2,s25,I,360.0,-0.4090318484785499
A2,s25,I,380.0,-0.23921820849720238
A2,s25,I,400.0,-0.08642056132797526
A2,s25,I,420.0,0.04260530396072812
A2,s25,I,440.0,-0.0719311562698231
A2,s25,I,460.0,-0.16694057840715476
A2,s25,I,480.0,0.30501144150251136
A2,s25,I,500.0,0.6182644046617591
A2,s25,I,520.0,0.26219189235963236
A2,s25,I,540.0,0.10997120271223869
A2,s25,I,560.0,0.29823411263733796
A2,s25,I,580.0,0.24710305970441762
A2,s25,I,600.0,0.10652219098904256
A2,s25,I,620.0,-0.08140216501504832
A2,s25,I,640.0,-0.15114420607104936
A2,s25,I,660.0,-0.030952729082457102
A2,s25,I,680.0,0.1481415678702182
A2,s25,I,700.0,0.1569126513840192
A2,s25,I,720.0,-0.1705671028082356
A2,s25,I,740.0,-0.33736477188147324
A2,s25,I,760.0,-0.3279776366290308
A2,s25,I,780.0,-0.20417304671990522
A2,s25,I,800.0,-0.11070620987564878
A2,s25,I,820.0,-0.28652163529561236
A2,s25,I,840.0,-0.38963796574741555
A2,s25,I,860.0,-0.05728216465900618
A2,s25,I,880.0,-0.03660830515223826
A2,s25,I,900.0,-0.2944397138001821
A2,s25,I,920.0,-0.3607996547009859
A2,s25,I,940.0,-0.1254008152369182
A2,s25,I,960.0,0.025641948993460725
A2,s25,I,980.0,-0.01299308826426221
robust_A_AR,s25,G_new,0.0,0.21676006690249638
robust_A_AR,s25,G_new,20.0,0.10014701273132423
robust_A_AR,s25,G_new,40.0,0.01763077084498018
robust_A_AR,s25,G_new,60.0,0.012594418694479484
robust_A_AR,s25,G_new,80.0,0.07878422295286705
robust_A_AR,s25,G_new,100.0,-0.0582736076799366
robust_A_AR,s25,G_new,120.0,-0.030149090482528826
robust_A_AR,s25,G_new,140.0,0.027380287926105466
robust_A_AR,s25,G_new,160.0,0.03398520811215376
robust_A_AR,s25,G_new,180.0,0.0839454479488421
robust_A_AR,s25,G_new,200.0,0.08693344208350343
robust_A_AR,s25,G_new,220.0,0.13716202098457064
robust_A_AR,s25,G_new,240.0,0.18460745648527305
robust_A_AR,s25,G_new,260.0,0.18160331738671093
robust_A_AR,s25,G_new,280.0,0.21100132875010985
robust_A_AR,s25,G_new,300.0,0.04337320176290908
robust_A_AR,s25,G_new,320.0,0.1802472387881322
robust_A_AR,s25,G_new,340.0,0.3603937023940459
robust_A_AR,s25,G_new,360.0,0.3185327660290106
robust_A_AR,s25,G_new,380.0,0.1407660609416873
robust_A_AR,s25,G_new,400.0,0.026542295983912688
robust_A_AR,s25,G_new,420.0,-0.002973497852728827
robust_A_AR,s25,G_new,440.0,0.07182370402910711
robust_A_AR,s25,G_new,460.0,0.19525284189152753
robust_A_AR,s25,G_new,480.0,0.23109853369336963
robust_A_AR,s25,G_new,500.0,0.09483768353796791
robust_A_AR,s25,G_new,520.0,0.20807118125441312
robust_A_AR,s25,G_new,540.0,0.20223070609103377
robust_A_AR,s25,G_new,560.0,0.15520072810103153
robust_A_AR,s25,G_new,580.0,0.3250733317911788
robust_A_AR,s25,G_new,600.0,0.29968738349843566
robust_A_AR,s25,G_new,620.0,0.09807377310786883
robust_A_AR,s25,G_new,640.0,-0.19266927620689495
robust_A_AR,s25,G_new,660.0,-0.3097441618087223
robust_A_AR,s25,G_new,680.0,-0.11655492234334346
robust_A_AR,s25,G_new,700.0,-0.005261327148475496
robust_A_AR,s25,G_new,720.0,-0.14931362116614438
robust_A_AR,s25,G_new,740.0,-0.13196155637080167
robust_A_AR,s25,G_new,760.0,-0.15300919328638596
robust_A_AR,s25,G_new,780.0,-0.01675484956695261
robust_A_AR,s25,G_new,800.0,0.06388794833875364
robust_A_AR,s25,G_new,820.0,0.14589863270178915
robust_A_AR,s25,G_new,840.0,0.20992450491536946
robust_A_AR,s25,G_new,860.0,0.17195106889240003
robust_A_AR,s25,G_new,880.0,0.16712754326623316
robust_A_AR,s25,G_new,900.0,0.09216256878740292
robust_A_AR,s25,G_new,920.0,-0.06990119395965025
robust_A_AR,s25,G_new,940.0,-0.13257631255037822
robust_A_AR,s25,G_new,960.0,-0.07705222226792405
robust_A_AR,s25,G_new,980.0,0.02364483981119067
robust_A_AR,s25,AR,0.0,-0.06344589715435205
robust_A_AR,s25,AR,20.0,-0.11014484241511736
robust_A_AR,s25,AR,40.0,-0.039001423157223145
robust_A_AR,s25,AR,60.0,-0.10525068812677864
robust_A_AR,s25,AR,80.0,-0.1580165799105955
robust_A_AR,s25,AR,100.0,-0.11006906963775644
robust_A_AR,s25,AR,120.0,-0.015471262166249222
robust_A_AR,s25,AR,140.0,0.14266324455160845
robust_A_AR,s25,AR,160.0,0.11093642201153892
robust_A_AR,s25,AR,180.0,0.044928223260365954
robust_A_AR,s25,AR,200.0,-0.09322218184285676
robust_A_AR,s25,AR,220.0,-0.09946694571863604
robust_A_AR,s25,AR,240.0,0.048446827158161315
robust_A_AR,s25,AR,260.0,0.20157794883147623
robust_A_AR,s25,AR,280.0,0.3147096895056316
robust_A_AR,s25,AR,300.0,0.3343651607372875
robust_A_AR,s25,AR,320.0,0.08923824649330278
robust_A_AR,s25,AR,340.0,0.13549778586121852
robust_A_AR,s25,AR,360.0,0.32674356694932877
robust_A_AR,s25,AR,380.0,0.2988439634576079
robust_A_AR,s25,AR,400.0,0.19626915000630873
robust_A_AR,s25,AR,420.0,-0.007795703826050434
robust_A_AR,s25,AR,440.0,-0.02313806717989219
robust_A_AR,s25,AR,460.0,0.1635619202871102
robust_A_AR,s25,AR,480.0,0.013372968044403938
robust_A_AR,s25,AR,500.0,-0.15827080814630806
robust_A_AR,s25,AR,520.0,-0.048460000409796755
robust_A_AR,s25,AR,540.0,0.026682471273523155
robust_A_AR,s25,AR,560.0,0.0712656739183365
robust_A_AR,s25,AR,580.0,-0.12966268913113863
robust_A_AR,s25,AR,600.0,-0.1874302529098152
robust_A_AR,s25,AR,620.0,0.047103784926091484
robust_A_AR,s25,AR,640.0,0.23031371731883704
robust_A_AR,s25,AR,660.0,0.15713013031651876
robust_A_AR,s25,AR,680.0,0.07486828403704573
robust_A_AR,s25,AR,700.0,0.06350706719215406
robust_A_AR,s25,AR,720.0,0.23577190124087044
robust_A_AR,s25,AR,740.0,0.4224006159561041
robust_A_AR,s25,AR,760.0,0.3753612014299054
robust_A_AR,s25,AR,780.0,0.1473263392654939
robust_A_AR,s25,AR,800.0,0.04652138615970454
robust_A_AR,s25,AR,820.0,0.1585439179471072
robust_A_AR,s25,AR,840.0,0.268061744319705
robust_A_AR,s25,AR,860.0,0.21766218608307597
robust_A_AR,s25,AR,880.0,0.09842813120130398
robust_A_AR,s25,AR,900.0,0.08706859911336057
robust_A_AR,s25,AR,920.0,0.10948432206329942
robust_A_AR,s25,AR,940.0,0.19019697445261569
robust_A_AR,s25,AR,960.0,0.1791894199294536
robust_A_AR,s25,AR,980.0,0.15888914050956357
robust_A_AR,s25,I,0.0,-0.17876431395875492
robust_A_AR,s25,I,20.0,0.01833258203161149
robust_A_AR,s25,I,40.0,0.05651909647443659
robust_A_AR,s25,I,60.0,0.25968772869032114
robust_A_AR,s25,I,80.0,0.3058299722706968
robust_A_AR,s25,I,100.0,0.23430630585563966
robust_A_AR,s25,I,120.0,0.2061311415135991
robust_A_AR,s25,I,140.0,0.10406108563783512
robust_A_AR,s25,I,160.0,-0.05018097573299863
robust_A_AR,s25,I,180.0,-0.02588407866418002
robust_A_AR,s25,I,200.0,0.1509617448411409
robust_A_AR,s25,I,220.0,0.1975589294723172
robust_A_AR,s25,I,240.0,-0.032128849355686384
robust_A_AR,s25,I,260.0,-0.4293194503132701
robust_A_AR,s25,I,280.0,-0.3405020259822058
robust_A_AR,s25,I,300.0,-0.15118353234391974
robust_A_AR,s25,I,320.0,-0.10415583582346943
robust_A_AR,s25,I,340.0,-0.3318518022728516
robust_A_AR,s25,I,360.0,-0.47734442946987343
robust_A_AR,s25,I,380.0,-0.3090498238883746
robust_A_AR,s25,I,400.0,-0.1291540761749993
robust_A_AR,s25,I,420.0,0.04839813043098069
robust_A_AR,s25,I,440.0,-0.07054088599177212
robust_A_AR,s25,I,460.0,-0.1910207492481595
robust_A_AR,s25,I,480.0,0.3330176395170473
robust_A_AR,s25,I,500.0,0.6883067591430871
robust_A_AR,s25,I,520.0,0.2857609038720129
robust_A_AR,s25,I,540.0,0.11200241219346381
robust_A_AR,s25,I,560.0,0.28057199896256485
robust_A_AR,s25,I,580.0,0.24205960522019795
robust_A_AR,s25,I,600.0,0.11129052405904696
robust_A_AR,s25,I,620.0,-0.1144191650165011
robust_A_AR,s25,I,640.0,-0.2228726313798164
robust_A_AR,s25,I,660.0,-0.08140270369038721
robust_A_AR,s25,I,680.0,0.12136006070362024
robust_A_AR,s25,I,700.0,0.09925409479726753
robust_A_AR,s25,I,720.0,-0.23856449420540743
robust_A_AR,s25,I,740.0,-0.4355200275098647
robust_A_AR,s25,I,760.0,-0.4281935216440745
robust_A_AR,s25,I,780.0,-0.25128684414675184
robust_A_AR,s25,I,800.0,-0.13477018290462198
robust_A_AR,s25,I,820.0,-0.3278375078068969
robust_A_AR,s25,I,840.0,-0.4270350184219057
robust_A_AR,s25,I,860.0,-0.07588190555042248
robust_A_AR,s25,I,880.0,-0.04337008850685001
robust_A_AR,s25,I,900.0,-0.2967689250674365
robust_A_AR,s25,I,920.0,-0.36535510725987835
robust_A_AR,s25,I,940.0,-0.15960068817918474
robust_A_AR,s25,I,960.0,-0.014420979872981032
robust_A_AR,s25,I,980.0,-0.03774442762910822
original_A,s26,G_new,0.0,-0.02001654616887527
original_A,s26,G_new,20.0,-0.02532700600425601
original_A,s26,G_new,40.0,0.028052676491571588
original_A,s26,G_new,60.0,0.16645780606675153
original_A,s26,G_new,80.0,0.17086080238990045
original_A,s26,G_new,100.0,0.12661325094877904
original_A,s26,G_new,120.0,0.3442164688409808
original_A,s26,G_new,140.0,0.14744130465675934
original_A,s26,G_new,160.0,-0.06163616675067357
original_A,s26,G_new,180.0,0.005036036325574977
original_A,s26,G_new,200.0,0.07549589282147016
original_A,s26,G_new,220.0,0.09650466259310637
original_A,s26,G_new,240.0,-0.019476130166903638
original_A,s26,G_new,260.0,-0.11283922465310983
original_A,s26,G_new,280.0,-0.023544788034817632
original_A,s26,G_new,300.0,0.13117106025644773
original_A,s26,G_new,320.0,0.016660319194469198
original_A,s26,G_new,340.0,0.07063881151523384
original_A,s26,G_new,360.0,0.04488946640032272
original_A,s26,G_new,380.0,-0.1068394259435093
original_A,s26,G_new,400.0,-0.21044123213300095
original_A,s26,G_new,420.0,-0.030868999092510625
original_A,s26,G_new,440.0,0.13505077083961203
original_A,s26,G_new,460.0,0.1091946650364748
original_A,s26,G_new,480.0,0.06939589029899536
original_A,s26,G_new,500.0,-0.12208929298618583
original_A,s26,G_new,520.0,-0.07187885957966453
original_A,s26,G_new,540.0,-0.15759431923479672
original_A,s26,G_new,560.0,-0.11921548549376716
original_A,s26,G_new,580.0,-0.17683654460199794
original_A,s26,G_new,600.0,-0.33678457190243816
original_A,s26,G_new,620.0,-0.31998552764867993
original_A,s26,G_new,640.0,-0.11854382115308491
original_A,s26,G_new,660.0,-0.02804239663552679
original_A,s26,G_new,680.0,-0.09021972974992612
original_A,s26,G_new,700.0,-0.15875467135154675
original_A,s26,G_new,720.0,-0.16054861416975885
original_A,s26,G_new,740.0,-0.31457225024638935
original_A,s26,G_new,760.0,-0.31784173528432835
original_A,s26,G_new,780.0,-0.245051861859321
original_A,s26,G_new,800.0,-0.1027439693566922
original_A,s26,G_new,820.0,0.09530843956672222
original_A,s26,G_new,840.0,0.23898791018879323
original_A,s26,G_new,860.0,0.31894132150732823
original_A,s26,G_new,880.0,0.12511514017852654
original_A,s26,G_new,900.0,-0.043925700525442285
original_A,s26,G_new,920.0,-0.0437269416191127
original_A,s26,G_new,940.0,-0.06047236472558465
original_A,s26,G_new,960.0,-0.08503542464964721
original_A,s26,G_new,980.0,0.027765822963187747
original_A,s26,A,0.0,-0.3199354883334858
original_A,s26,A,20.0,-0.4872239132954817
original_A,s26,A,40.0,-0.37543100762027654
original_A,s26,A,60.0,-0.11339586266096398
original_A,s26,A,80.0,-0.05219847580702618
original_A,s26,A,100.0,-0.04241701119652164
original_A,s26,A,120.0,-0.13471266673322974
original_A,s26,A,140.0,0.0487743267452103
original_A,s26,A,160.0,0.34350988576206287
original_A,s26,A,180.0,0.2973684662004573
original_A,s26,A,200.0,0.10642707468125134
original_A,s26,A,220.0,0.036447904194470304
original_A,s26,A,240.0,0.0797390073602984
original_A,s26,A,260.0,0.22944745684504841
original_A,s26,A,280.0,0.30896229816365955
original_A,s26,A,300.0,0.27750312334756644
original_A,s26,A,320.0,0.3476839398457997
original_A,s26,A,340.0,0.42988577032365344
original_A,s26,A,360.0,0.6637487131306669
original_A,s26,A,380.0,0.7123722216559287
original_A,s26,A,400.0,0.6251993946433393
original_A,s26,A,420.0,0.5398727279590032
original_A,s26,A,440.0,0.4237885886335986
original_A,s26,A,460.0,0.21947011769404348
original_A,s26,A,480.0,0.11315664839681933
original_A,s26,A,500.0,0.3391289634855563
original_A,s26,A,520.0,0.38358023551136833
original_A,s26,A,540.0,0.23671811768128553
original_A,s26,A,560.0,0.18987940954919497
original_A,s26,A,580.0,0.2528038948524407
original_A,s26,A,600.0,0.3837294185432243
original_A,s26,A,620.0,0.3537728582173265
original_A,s26,A,640.0,0.26101012435860516
original_A,s26,A,660.0,0.14385589452589267
original_A,s26,A,680.0,0.003406688304888675
original_A,s26,A,700.0,0.10232587758619965
original_A,s26,A,720.0,-0.046558271173572335
original_A,s26,A,740.0,-0.11389154680102273
original_A,s26,A,760.0,-0.19847788189740376
original_A,s26,A,780.0,-0.27501219802047816
original_A,s26,A,800.0,-0.16649679833849973
original_A,s26,A,820.0,0.15202075554781413
original_A,s26,A,840.0,0.29808270182888774
original_A,s26,A,860.0,0.2563419465133946
original_A,s26,A,880.0,0.21067646042064045
original_A,s26,A,900.0,0.04116917744745621
original_A,s26,A,920.0,-0.04191757719871332
original_A,s26,A,940.0,-0.07068576522229046
original_A,s26,A,960.0,0.028376218139085058
original_A,s26,A,980.0,0.002781736770168755
original_A,s26,I,0.0,0.3340124927182483
original_A,s26,I,20.0,0.09521444350101843
original_A,s26,I,40.0,0.017551815919263886
original_A,s26,I,60.0,-0.13080279005562673
original_A,s26,I,80.0,-0.018563782986869448
original_A,s26,I,100.0,-0.12387386038345591
original_A,s26,I,120.0,-0.3295330937591253
original_A,s26,I,140.0,-0.2505056648687831
original_A,s26,I,160.0,-0.11120318528050702
original_A,s26,I,180.0,0.029121380302510456
original_A,s26,I,200.0,0.24236299840638087
original_A,s26,I,220.0,0.15804659815506425
original_A,s26,I,240.0,0.1989693411402661
original_A,s26,I,260.0,0.2556787716716866
original_A,s26,I,280.0,0.08909880624580518
original_A,s26,I,300.0,0.07923055643859972
original_A,s26,I,320.0,-0.050740568527929984
original_A,s26,I,340.0,-0.13027882877734048
original_A,s26,I,360.0,-0.31220391215963456
original_A,s26,I,380.0,-0.21371402998412378
original_A,s26,I,400.0,-0.20569177105287012
original_A,s26,I,420.0,-0.4783926956555027
original_A,s26,I,440.0,-0.38733275435351877
original_A,s26,I,460.0,0.0323531051726764
original_A,s26,I,480.0,0.17440319489443554
original_A,s26,I,500.0,0.1365504387599321
original_A,s26,I,520.0,0.09502424975209883
original_A,s26,I,540.0,0.15898230712529937
original_A,s26,I,560.0,-0.0848491128154186
original_A,s26,I,580.0,-0.34673090794354
original_A,s26,I,600.0,-0.6531276186221298
original_A,s26,I,620.0,-0.5569276449960192
original_A,s26,I,640.0,-0.26159476325313014
original_A,s26,I,660.0,-0.2343781606967421
original_A,s26,I,680.0,-0.019553088225770343
original_A,s26,I,700.0,0.09046507448785152
original_A,s26,I,720.0,0.014351893220079154
original_A,s26,I,740.0,0.02878094907183154
original_A,s26,I,760.0,0.2508215423687565
original_A,s26,I,780.0,0.3562559264659245
original_A,s26,I,800.0,0.10310212794074014
original_A,s26,I,820.0,-0.23918185863335417
original_A,s26,I,840.0,-0.5032468637962135
original_A,s26,I,860.0,-0.5622401374599973
original_A,s26,I,880.0,-0.48303215905826713
original_A,s26,I,900.0,-0.22262822509363384
original_A,s26,I,920.0,-0.12215925946496725
original_A,s26,I,940.0,-0.24761086407129124
original_A,s26,I,960.0,-0.3459508260452877
original_A,s26,I,980.0,-0.22385092783817018
A2,s26,G_new,0.0,-0.08881490170444648
A2,s26,G_new,20.0,-0.13533008580983757
A2,s26,G_new,40.0,-0.05374693004910139
A2,s26,G_new,60.0,0.1447382287444242
A2,s26,G_new,80.0,0.1684503366129772
A2,s26,G_new,100.0,0.1252473676011129
A2,s26,G_new,120.0,0.3343525130463057
A2,s26,G_new,140.0,0.1768969065915339
A2,s26,G_new,160.0,0.028863423645105107
A2,s26,G_new,180.0,0.09446061932865307
A2,s26,G_new,200.0,0.12192225094592282
A2,s26,G_new,220.0,0.1266443104274744
A2,s26,G_new,240.0,0.00983561255031476
A2,s26,G_new,260.0,-0.046244285735265594
A2,s26,G_new,280.0,0.06645432235986033
A2,s26,G_new,300.0,0.22394053989025733
A2,s26,G_new,320.0,0.1329972216714833
A2,s26,G_new,340.0,0.1874740724503133
A2,s26,G_new,360.0,0.21000067034411785
A2,s26,G_new,380.0,0.07083737945847253
A2,s26,G_new,400.0,-0.055718872650690476
A2,s26,G_new,420.0,0.12159515859379007
A2,s26,G_new,440.0,0.2709878745479044
A2,s26,G_new,460.0,0.18142052956979055
A2,s26,G_new,480.0,0.10379731610091403
A2,s26,G_new,500.0,-0.0435930626007132
A2,s26,G_new,520.0,0.019234666140456824
A2,s26,G_new,540.0,-0.09771663953015758
A2,s26,G_new,560.0,-0.06995579585326402
A2,s26,G_new,580.0,-0.11493140096493301
A2,s26,G_new,600.0,-0.24001013510694266
A2,s26,G_new,620.0,-0.2377364848332547
A2,s26,G_new,640.0,-0.0681381729578083
A2,s26,G_new,660.0,-0.007353950885803114
A2,s26,G_new,680.0,-0.09566864378225723
A2,s26,G_new,700.0,-0.14933543396483806
A2,s26,G_new,720.0,-0.1947992644004542
A2,s26,G_new,740.0,-0.3696747130406671
A2,s26,G_new,760.0,-0.40362051791838494
A2,s26,G_new,780.0,-0.3512949488826209
A2,s26,G_new,800.0,-0.19343129765955652
A2,s26,G_new,820.0,0.08285956657199106
A2,s26,G_new,840.0,0.27182561656718807
A2,s26,G_new,860.0,0.3521406076478846
A2,s26,G_new,880.0,0.15293288190599802
A2,s26,G_new,900.0,-0.04410899695573664
A2,s26,G_new,920.0,-0.06324760144592304
A2,s26,G_new,940.0,-0.100719795545189
A2,s26,G_new,960.0,-0.11138786727321359
A2,s26,G_new,980.0,-0.009499054924340472
A2,s26,A2,0.0,-0.20650757785761426
A2,s26,A2,20.0,-0.3547951322624449
A2,s26,A2,40.0,-0.25055411808702654
A2,s26,A2,60.0,-0.05265980809422134
A2,s26,A2,80.0,0.034223066026962796
A2,s26,A2,100.0,0.032378329138033
A2,s26,A2,120.0,0.06025137467599551
A2,s26,A2,140.0,0.17762921786684255
A2,s26,A2,160.0,0.34987615374186
A2,s26,A2,180.0,0.38826280851800044
A2,s26,A2,200.0,0.25007976458398246
A2,s26,A2,220.0,0.19536753174612972
A2,s26,A2,240.0,0.14520146176646048
A2,s26,A2,260.0,0.28105405238219033
A2,s26,A2,280.0,0.38096306813685515
A2,s26,A2,300.0,0.43412883810982417
A2,s26,A2,320.0,0.5447366608198484
A2,s26,A2,340.0,0.46543342019647027
A2,s26,A2,360.0,0.6008693930699868
A2,s26,A2,380.0,0.6485098635439823
A2,s26,A2,400.0,0.5598117703744783
A2,s26,A2,420.0,0.6287156398951075
A2,s26,A2,440.0,0.6187844672417928
A2,s26,A2,460.0,0.3345332137998692
A2,s26,A2,480.0,0.1506182869698302
A2,s26,A2,500.0,0.26181862908624287
A2,s26,A2,520.0,0.31407742957924406
A2,s26,A2,540.0,0.22194211886361204
A2,s26,A2,560.0,0.18750319694760612
A2,s26,A2,580.0,0.221294197819836
A2,s26,A2,600.0,0.3575451446688021
A2,s26,A2,620.0,0.27592330526575304
A2,s26,A2,640.0,0.12438776435171886
A2,s26,A2,660.0,0.013905844807986838
A2,s26,A2,680.0,-0.04543082286022994
A2,s26,A2,700.0,-0.030920348445947127
A2,s26,A2,720.0,-0.21681758874480378
A2,s26,A2,740.0,-0.30938116789803155
A2,s26,A2,760.0,-0.4601941672311991
A2,s26,A2,780.0,-0.5404654970111229
A2,s26,A2,800.0,-0.5303629582456693
A2,s26,A2,820.0,-0.2496830932659666
A2,s26,A2,840.0,-0.04847435317313792
A2,s26,A2,860.0,-0.0034695284833173717
A2,s26,A2,880.0,0.0012528958125604187
A2,s26,A2,900.0,-0.04305298751620318
A2,s26,A2,920.0,-0.10801350374512775
A2,s26,A2,940.0,-0.23862034415091027
A2,s26,A2,960.0,-0.2317527429284813
A2,s26,A2,980.0,-0.289947947679563
A2,s26,I,0.0,0.1980387722788474
A2,s26,I,20.0,-0.0920557191859895
A2,s26,I,40.0,-0.13796661334160631
A2,s26,I,60.0,-0.1890835579011859
A2,s26,I,80.0,-0.0741120699655109
A2,s26,I,100.0,-0.1712571685310568
A2,s26,I,120.0,-0.4591009980164368
A2,s26,I,140.0,-0.30157177256599743
A2,s26,I,160.0,-0.028165540684574053
A2,s26,I,180.0,0.05906024791725628
A2,s26,I,200.0,0.1984888684645425
A2,s26,I,220.0,0.08911913016144135
A2,s26,I,240.0,0.18681214326676604
A2,s26,I,260.0,0.2878807924653828
A2,s26,I,280.0,0.1312273898220118
A2,s26,I,300.0,0.07189563002971042
A2,s26,I,320.0,-0.06033147031596495
A2,s26,I,340.0,-0.03991036978795631
A2,s26,I,360.0,-0.11482121772015899
A2,s26,I,380.0,-0.003651822879549349
A2,s26,I,400.0,-0.01674646920375078
A2,s26,I,420.0,-0.3866169330264768
A2,s26,I,440.0,-0.3768233366330486
A2,s26,I,460.0,0.030879153132415217
A2,s26,I,480.0,0.18438391215988642
A2,s26,I,500.0,0.2595956818180029
A2,s26,I,520.0,0.22538404853156477
A2,s26,I,540.0,0.22561882118319032
A2,s26,I,560.0,-0.036052944386588175
A2,s26,I,580.0,-0.26783897801732093
A2,s26,I,600.0,-0.5440108177132049
A2,s26,I,620.0,-0.42994427304867766
A2,s26,I,640.0,-0.12900734872922665
A2,s26,I,660.0,-0.13445520169991312
A2,s26,I,680.0,0.0052930775581619405
A2,s26,I,700.0,0.18159001608310732
A2,s26,I,720.0,0.08631397615646993
A2,s26,I,740.0,0.09624783019526484
A2,s26,I,760.0,0.3296051520576325
A2,s26,I,780.0,0.41767769717987274
A2,s26,I,800.0,0.24008936029824748
A2,s26,I,820.0,-0.00371060404098722
A2,s26,I,840.0,-0.2582289249114469
A2,s26,I,860.0,-0.37030648406750377
A2,s26,I,880.0,-0.32730639574500875
A2,s26,I,900.0,-0.17092695135405592
A2,s26,I,920.0,-0.10020383917581344
A2,s26,I,940.0,-0.1828428952914738
A2,s26,I,960.0,-0.21104352023189354
A2,s26,I,980.0,-0.0793484252190092
robust_A_AR,s26,G_new,0.0,-0.06179507394976233
robust_A_AR,s26,G_new,20.0,-0.08893189681381958
robust_A_AR,s26,G_new,40.0,-0.02096884048265682
robust_A_AR,s26,G_new,60.0,0.15164048462543134
robust_A_AR,s26,G_new,80.0,0.16401271725364258
robust_A_AR,s26,G_new,100.0,0.12104628927773892
robust_A_AR,s26,G_new,120.0,0.32655622129672446
robust_A_AR,s26,G_new,140.0,0.15374205859173165
robust_A_AR,s26,G_new,160.0,-0.016839175792535938
robust_A_AR,s26,G_new,180.0,0.04377577927609219
robust_A_AR,s26,G_new,200.0,0.08930869328076763
robust_A_AR,s26,G_new,220.0,0.10118375390320289
robust_A_AR,s26,G_new,240.0,-0.009107344988925292
robust_A_AR,s26,G_new,260.0,-0.08293923483237095
robust_A_AR,s26,G_new,280.0,0.016715845698568974
robust_A_AR,s26,G_new,300.0,0.167289233842905
robust_A_AR,s26,G_new,320.0,0.061912432858658606
robust_A_AR,s26,G_new,340.0,0.12668713906036555
robust_A_AR,s26,G_new,360.0,0.13148386668082387
robust_A_AR,s26,G_new,380.0,-0.013903170892692544
robust_A_AR,s26,G_new,400.0,-0.12887319390767127
robust_A_AR,s26,G_new,420.0,0.039498694294703006
robust_A_AR,s26,G_new,440.0,0.19022928508745907
robust_A_AR,s26,G_new,460.0,0.13776372673974296
robust_A_AR,s26,G_new,480.0,0.08413605266305159
robust_A_AR,s26,G_new,500.0,-0.07782448979846823
robust_A_AR,s26,G_new,520.0,-0.02182045195718535
robust_A_AR,s26,G_new,540.0,-0.12671503209408666
robust_A_AR,s26,G_new,560.0,-0.09445062609236347
robust_A_AR,s26,G_new,580.0,-0.14385154580486878
robust_A_AR,s26,G_new,600.0,-0.2867269832055358
robust_A_AR,s26,G_new,620.0,-0.2738106404236224
robust_A_AR,s26,G_new,640.0,-0.08443938227007525
robust_A_AR,s26,G_new,660.0,-0.009220134611874454
robust_A_AR,s26,G_new,680.0,-0.0897525770347073
robust_A_AR,s26,G_new,700.0,-0.14534714020619158
robust_A_AR,s26,G_new,720.0,-0.16654097470540768
robust_A_AR,s26,G_new,740.0,-0.3293342922341721
robust_A_AR,s26,G_new,760.0,-0.3436043849408596
robust_A_AR,s26,G_new,780.0,-0.28079423677857895
robust_A_AR,s26,G_new,800.0,-0.12428788992672687
robust_A_AR,s26,G_new,820.0,0.11532274239936158
robust_A_AR,s26,G_new,840.0,0.2780255504612454
robust_A_AR,s26,G_new,860.0,0.35249460296479973
robust_A_AR,s26,G_new,880.0,0.1526892232665994
robust_A_AR,s26,G_new,900.0,-0.03851706699410923
robust_A_AR,s26,G_new,920.0,-0.049162824190210674
robust_A_AR,s26,G_new,940.0,-0.06961247977848445
robust_A_AR,s26,G_new,960.0,-0.08121289425281308
robust_A_AR,s26,G_new,980.0,0.028265623637642068
robust_A_AR,s26,AR,0.0,-0.26496383719297495
robust_A_AR,s26,AR,20.0,-0.426349545902302
robust_A_AR,s26,AR,40.0,-0.31558537883281224
robust_A_AR,s26,AR,60.0,-0.08227674509207415
robust_A_AR,s26,AR,80.0,-0.004745172348649369
robust_A_AR,s26,AR,100.0,-0.001267322009407516
robust_A_AR,s26,AR,120.0,-0.028152623903817772
robust_A_AR,s26,AR,140.0,0.12320858632147588
robust_A_AR,s26,AR,160.0,0.3571054801512456
robust_A_AR,s26,AR,180.0,0.3575205433088666
robust_A_AR,s26,AR,200.0,0.1909229079538235
robust_A_AR,s26,AR,220.0,0.12756003790274373
robust_A_AR,s26,AR,240.0,0.11915207627969568
robust_A_AR,s26,AR,260.0,0.265362080640667
robust_A_AR,s26,AR,280.0,0.3587453781177866
robust_A_AR,s26,AR,300.0,0.3743244889196545
robust_A_AR,s26,AR,320.0,0.4694540316664465
robust_A_AR,s26,AR,340.0,0.4625286183421111
robust_A_AR,s26,AR,360.0,0.647417540365333
robust_A_AR,s26,AR,380.0,0.6968978172014413
robust_A_AR,s26,AR,400.0,0.6063259965488782
robust_A_AR,s26,AR,420.0,0.6059135737634002
robust_A_AR,s26,AR,440.0,0.546606034194314
robust_A_AR,s26,AR,460.0,0.29105247635171816
robust_A_AR,s26,AR,480.0,0.1376746334417388
robust_A_AR,s26,AR,500.0,0.305181542701065
robust_A_AR,s26,AR,520.0,0.35534947279184437
robust_A_AR,s26,AR,540.0,0.2352282243598872
robust_A_AR,s26,AR,560.0,0.19405398332284987
robust_A_AR,s26,AR,580.0,0.24229951528004523
robust_A_AR,s26,AR,600.0,0.3800495876975451
robust_A_AR,s26,AR,620.0,0.3199456832343364
robust_A_AR,s26,AR,640.0,0.1911819052502882
robust_A_AR,s26,AR,660.0,0.07440210682144413
robust_A_AR,s26,AR,680.0,-0.024168198996258723
robust_A_AR,s26,AR,700.0,0.029796745319116198
robust_A_AR,s26,AR,720.0,-0.1443900548589186
robust_A_AR,s26,AR,740.0,-0.22797799622636172
robust_A_AR,s26,AR,760.0,-0.35255138654812973
robust_A_AR,s26,AR,780.0,-0.4334286580124574
robust_A_AR,s26,AR,800.0,-0.37752397454514336
robust_A_AR,s26,AR,820.0,-0.07118584342634117
robust_A_AR,s26,AR,840.0,0.11037221831647798
robust_A_AR,s26,AR,860.0,0.11657245958412354
robust_A_AR,s26,AR,880.0,0.09813165428253784
robust_A_AR,s26,AR,900.0,-0.005358536971223765
robust_A_AR,s26,AR,920.0,-0.0805898836618842
robust_A_AR,s26,AR,940.0,-0.16790177523130478
robust_A_AR,s26,AR,960.0,-0.11820165980643278
robust_A_AR,s26,AR,980.0,-0.1630136549488284
robust_A_AR,s26,I,0.0,0.2782044254132058
robust_A_AR,s26,I,20.0,0.02588116821765829
robust_A_AR,s26,I,40.0,-0.044741637478576235
robust_A_AR,s26,I,60.0,-0.15855820517745398
robust_A_AR,s26,I,80.0,-0.05404736902557561
robust_A_AR,s26,I,100.0,-0.15448251567399568
robust_A_AR,s26,I,120.0,-0.4102056739295132
robust_A_AR,s26,I,140.0,-0.2987611504013675
robust_A_AR,s26,I,160.0,-0.10105713592162101
robust_A_AR,s26,I,180.0,0.004741769362173395
robust_A_AR,s26,I,200.0,0.19047790516124696
robust_A_AR,s26,I,220.0,0.09766117367723659
robust_A_AR,s26,I,240.0,0.17647293033572672
robust_A_AR,s26,I,260.0,0.2440634544758235
robust_A_AR,s26,I,280.0,0.07248334682356519
robust_A_AR,s26,I,300.0,0.02859115896672157
robust_A_AR,s26,I,320.0,-0.1145037345260401
robust_A_AR,s26,I,340.0,-0.1282938319399657
robust_A_AR,s26,I,360.0,-0.26339905010591536
robust_A_AR,s26,I,380.0,-0.16274119015567812
robust_A_AR,s26,I,400.0,-0.15732877918113175
robust_A_AR,s26,I,420.0,-0.49306722963624705
robust_A_AR,s26,I,440.0,-0.44750136810548957
robust_A_AR,s26,I,460.0,-0.004275207092433259
robust_A_AR,s26,I,480.0,0.1640098749591114
robust_A_AR,s26,I,500.0,0.17903551794272482
robust_A_AR,s26,I,520.0,0.13610978840591392
robust_A_AR,s26,I,540.0,0.173417049938249
robust_A_AR,s26,I,560.0,-0.07695104456591188
robust_A_AR,s26,I,580.0,-0.32520589801863853
robust_A_AR,s26,I,600.0,-0.6288615015784138
robust_A_AR,s26,I,620.0,-0.5136951956036833
robust_A_AR,s26,I,640.0,-0.19894258126499612
robust_A_AR,s26,I,660.0,-0.1786211177892076
robust_A_AR,s26,I,680.0,-0.000459473590259607
robust_A_AR,s26,I,700.0,0.1459767616191948
robust_A_AR,s26,I,720.0,0.07877024859797543
robust_A_AR,s26,I,740.0,0.10052528262123447
robust_A_AR,s26,I,760.0,0.3451810407900915
robust_A_AR,s26,I,780.0,0.44925542050570877
robust_A_AR,s26,I,800.0,0.23831141276302165
robust_A_AR,s26,I,820.0,-0.07757580782545687
robust_A_AR,s26,I,840.0,-0.35769427701367557
robust_A_AR,s26,I,860.0,-0.4519128326224249
robust_A_AR,s26,I,880.0,-0.3939530042628372
robust_A_AR,s26,I,900.0,-0.18840403331175576
robust_A_AR,s26,I,920.0,-0.09802745241124511
robust_A_AR,s26,I,940.0,-0.18498175067125178
robust_A_AR,s26,I,960.0,-0.24387444438087325
robust_A_AR,s26,I,980.0,-0.1100526408719929
original_A,s27,G_new,0.0,0.16214557386744452
original_A,s27,G_new,20.0,0.13285668179386648
original_A,s27,G_new,40.0,0.09600572123748335
original_A,s27,G_new,60.0,0.09520438527899117
original_A,s27,G_new,80.0,0.066174997794678
original_A,s27,G_new,100.0,0.07737731155338962
original_A,s27,G_new,120.0,0.15039492549128908
original_A,s27,G_new,140.0,0.0765851970791232
original_A,s27,G_new,160.0,0.06053537552460622
original_A,s27,G_new,180.0,0.13219302957790474
original_A,s27,G_new,200.0,0.11795430914521787
original_A,s27,G_new,220.0,0.11447550713476165
original_A,s27,G_new,240.0,0.1532711661716253
original_A,s27,G_new,260.0,0.12248401282970264
original_A,s27,G_new,280.0,0.11218924055489192
original_A,s27,G_new,300.0,0.22891385970008898
original_A,s27,G_new,320.0,0.19336109099823623
original_A,s27,G_new,340.0,0.08205663807254746
original_A,s27,G_new,360.0,-0.023070896776098023
original_A,s27,G_new,380.0,0.12351431011485708
original_A,s27,G_new,400.0,0.09133814160206308
original_A,s27,G_new,420.0,0.005304326093132777
original_A,s27,G_new,440.0,0.09192517151786414
original_A,s27,G_new,460.0,0.13074758522635907
original_A,s27,G_new,480.0,-0.0033365590864136013
original_A,s27,G_new,500.0,-0.011795886541978218
original_A,s27,G_new,520.0,0.1379811887356596
original_A,s27,G_new,540.0,0.08621449271945603
original_A,s27,G_new,560.0,0.04841975241746993
original_A,s27,G_new,580.0,0.20934163146597431
original_A,s27,G_new,600.0,0.12186285339157636
original_A,s27,G_new,620.0,0.0034474069644229235
original_A,s27,G_new,640.0,0.1767790925788026
original_A,s27,G_new,660.0,0.1755082099437458
original_A,s27,G_new,680.0,0.06083557675942519
original_A,s27,G_new,700.0,0.08866637655975254
original_A,s27,G_new,720.0,0.19056559778100468
original_A,s27,G_new,740.0,0.1486031635518345
original_A,s27,G_new,760.0,0.24057054670327963
original_A,s27,G_new,780.0,0.11136964917550832
original_A,s27,G_new,800.0,0.0007254506947268202
original_A,s27,G_new,820.0,-0.04509762383674483
original_A,s27,G_new,840.0,-0.006290162442757728
original_A,s27,G_new,860.0,-0.069698276647467
original_A,s27,G_new,880.0,-0.11386904740732559
original_A,s27,G_new,900.0,-0.02071849269499751
original_A,s27,G_new,920.0,-0.07148452879020872
original_A,s27,G_new,940.0,-0.02578095476313566
original_A,s27,G_new,960.0,0.01888071839218647
original_A,s27,G_new,980.0,0.13831409696248725
original_A,s27,A,0.0,0.026239793787708566
original_A,s27,A,20.0,0.2156801775034406
original_A,s27,A,40.0,0.11918927107674974
original_A,s27,A,60.0,0.03419962291360691
original_A,s27,A,80.0,0.03677775382574747
original_A,s27,A,100.0,0.05207621333064735
original_A,s27,A,120.0,0.025570630262799588
original_A,s27,A,140.0,-0.12960427222071264
original_A,s27,A,160.0,-0.13504815288583039
original_A,s27,A,180.0,-0.09978259468562883
original_A,s27,A,200.0,0.015076932922504137
original_A,s27,A,220.0,-0.16979379188043606
original_A,s27,A,240.0,-0.23138909964465998
original_A,s27,A,260.0,0.07345642349859205
original_A,s27,A,280.0,0.062294029232136894
original_A,s27,A,300.0,-0.12488282609871815
original_A,s27,A,320.0,-0.2105357736698299
original_A,s27,A,340.0,0.13543797700726412
original_A,s27,A,360.0,0.21117515463423248
original_A,s27,A,380.0,-0.11361693994309763
original_A,s27,A,400.0,0.10998881240481752
original_A,s27,A,420.0,0.12753423619867596
original_A,s27,A,440.0,-0.1318092036942578
original_A,s27,A,460.0,-0.3383213698881867
original_A,s27,A,480.0,-0.07520098716526043
original_A,s27,A,500.0,0.15544364678606565
original_A,s27,A,520.0,-0.1253975368061579
original_A,s27,A,540.0,-0.05737967409557745
original_A,s27,A,560.0,0.09659032647327968
original_A,s27,A,580.0,-0.009216176910888246
original_A,s27,A,600.0,-0.2766932198149877
original_A,s27,A,620.0,0.06093326618192908
original_A,s27,A,640.0,-0.014399992666319708
original_A,s27,A,660.0,-0.12512262709516253
original_A,s27,A,680.0,-0.00431794895969724
original_A,s27,A,700.0,0.15119631949807405
original_A,s27,A,720.0,0.1432230638793189
original_A,s27,A,740.0,0.22116294442437026
original_A,s27,A,760.0,0.25835347973133604
original_A,s27,A,780.0,0.17436184314385472
original_A,s27,A,800.0,0.19005092694181286
original_A,s27,A,820.0,0.12342289536613939
original_A,s27,A,840.0,-0.024408206287837617
original_A,s27,A,860.0,-0.10734184876654991
original_A,s27,A,880.0,-0.01598409335837564
original_A,s27,A,900.0,0.1291791975761431
original_A,s27,A,920.0,0.1292428887414149
original_A,s27,A,940.0,0.04648900988549519
original_A,s27,A,960.0,0.02405533371431222
original_A,s27,A,980.0,-0.03208233445895764
original_A,s27,I,0.0,-0.22890001917187697
original_A,s27,I,20.0,-0.567308773333604
original_A,s27,I,40.0,-0.5174705717741344
original_A,s27,I,60.0,-0.42111456833202565
original_A,s27,I,80.0,-0.44454682401632667
original_A,s27,I,100.0,-0.47007648842448724
original_A,s27,I,120.0,-0.32084668078759837
original_A,s27,I,140.0,-0.052031895468592465
original_A,s27,I,160.0,-0.20159119647965557
original_A,s27,I,180.0,-0.20314662695571006
original_A,s27,I,200.0,-0.09141643351472364
original_A,s27,I,220.0,-0.03360235081908722
original_A,s27,I,240.0,-0.11929643082785708
original_A,s27,I,260.0,-0.3381267260151565
original_A,s27,I,280.0,-0.16952410041239563
original_A,s27,I,300.0,-0.028038919038519183
original_A,s27,I,320.0,-0.0005558978469236558
original_A,s27,I,340.0,0.046594175308150895
original_A,s27,I,360.0,-0.20006500512494388
original_A,s27,I,380.0,-0.09671206742571029
original_A,s27,I,400.0,0.08344114959363985
original_A,s27,I,420.0,-0.01614434232402648
original_A,s27,I,440.0,-0.10489889083010476
original_A,s27,I,460.0,0.1363121372871412
original_A,s27,I,480.0,0.12150303527016315
original_A,s27,I,500.0,-0.3418290415592213
original_A,s27,I,520.0,-0.18552161809364265
original_A,s27,I,540.0,-0.08832312709731803
original_A,s27,I,560.0,-0.22406365192119643
original_A,s27,I,580.0,-0.44793961022961265
original_A,s27,I,600.0,-0.0989237699585697
original_A,s27,I,620.0,-0.10707031290301339
original_A,s27,I,640.0,-0.24195741659829628
original_A,s27,I,660.0,-0.2008375373949089
original_A,s27,I,680.0,-0.23721211476540136
original_A,s27,I,700.0,-0.5071565128468892
original_A,s27,I,720.0,-0.585407150755099
original_A,s27,I,740.0,-0.5980177175449315
original_A,s27,I,760.0,-0.8861434004660222
original_A,s27,I,780.0,-0.8205572542235564
original_A,s27,I,800.0,-0.7495828535960415
original_A,s27,I,820.0,-0.48567924020793746
original_A,s27,I,840.0,-0.39949244387477
original_A,s27,I,860.0,-0.25580362818069563
original_A,s27,I,880.0,-0.1549721057086405
original_A,s27,I,900.0,-0.26282226358518423
original_A,s27,I,920.0,-0.19938997524281984
original_A,s27,I,940.0,-0.21197660675008953
original_A,s27,I,960.0,-0.20324766338707437
original_A,s27,I,980.0,-0.23877247627828035
A2,s27,G_new,0.0,0.17678412749378666
A2,s27,G_new,20.0,0.19300997495489833
A2,s27,G_new,40.0,0.13545603872961473
A2,s27,G_new,60.0,0.11863720751419805
A2,s27,G_new,80.0,0.08641694056320805
A2,s27,G_new,100.0,0.10069053439414115
A2,s27,G_new,120.0,0.16944221727565187
A2,s27,G_new,140.0,0.06081272989466395
A2,s27,G_new,160.0,0.04435238241619829
A2,s27,G_new,180.0,0.11857478380600331
A2,s27,G_new,200.0,0.12836588173519187
A2,s27,G_new,220.0,0.08938873937646151
A2,s27,G_new,240.0,0.11308965932695185
A2,s27,G_new,260.0,0.14724319402232813
A2,s27,G_new,280.0,0.13924468797250222
A2,s27,G_new,300.0,0.20218722493223024
A2,s27,G_new,320.0,0.16231049593353886
A2,s27,G_new,340.0,0.11686418615941703
A2,s27,G_new,360.0,0.014586731260227158
A2,s27,G_new,380.0,0.09532586401821322
A2,s27,G_new,400.0,0.10137805090680416
A2,s27,G_new,420.0,0.016246200554058385
A2,s27,G_new,440.0,0.056027729031816714
A2,s27,G_new,460.0,0.059414820053953286
A2,s27,G_new,480.0,-0.0215442064713266
A2,s27,G_new,500.0,0.011704014166479607
A2,s27,G_new,520.0,0.10204658359506319
A2,s27,G_new,540.0,0.07534350950819078
A2,s27,G_new,560.0,0.07020197102909026
A2,s27,G_new,580.0,0.2020517691888323
A2,s27,G_new,600.0,0.06033479024466293
A2,s27,G_new,620.0,0.014944970989096265
A2,s27,G_new,640.0,0.17974320754180179
A2,s27,G_new,660.0,0.15431150678170424
A2,s27,G_new,680.0,0.06566958647180052
A2,s27,G_new,700.0,0.12992320374632588
A2,s27,G_new,720.0,0.23582242524878716
A2,s27,G_new,740.0,0.21381598858269052
A2,s27,G_new,760.0,0.3167991985016481
A2,s27,G_new,780.0,0.16348119367863376
A2,s27,G_new,800.0,0.052426800042058574
A2,s27,G_new,820.0,-0.012124439218639038
A2,s27,G_new,840.0,-0.002289959348671891
A2,s27,G_new,860.0,-0.08601284654334043
A2,s27,G_new,880.0,-0.11150457091188268
A2,s27,G_new,900.0,0.012266223390930649
A2,s27,G_new,920.0,-0.034777515107249295
A2,s27,G_new,940.0,-0.013693962539657004
A2,s27,G_new,960.0,0.02410647551109589
A2,s27,G_new,980.0,0.13131781377878712
A2,s27,A2,0.0,0.1279155735252515
A2,s27,A2,20.0,0.3257266114193157
A2,s27,A2,40.0,0.2548805334937891
A2,s27,A2,60.0,0.21922698334169455
A2,s27,A2,80.0,0.17596419268037905
A2,s27,A2,100.0,0.1846502226933704
A2,s27,A2,120.0,0.18232830785615753
A2,s27,A2,140.0,0.04999498550882865
A2,s27,A2,160.0,0.055134005976215816
A2,s27,A2,180.0,0.020701828268120677
A2,s27,A2,200.0,0.09762564551081601
A2,s27,A2,220.0,0.01214944899497572
A2,s27,A2,240.0,-0.05573649585592873
A2,s27,A2,260.0,0.16246120480860904
A2,s27,A2,280.0,0.21084529523364648
A2,s27,A2,300.0,-0.09087108121350425
A2,s27,A2,320.0,0.015736932386556393
A2,s27,A2,340.0,0.16876849580561887
A2,s27,A2,360.0,0.06276337027337317
A2,s27,A2,380.0,-0.1293828897222923
A2,s27,A2,400.0,-0.0827762985897343
A2,s27,A2,420.0,-0.10441846446502556
A2,s27,A2,440.0,-0.1886393188982877
A2,s27,A2,460.0,-0.23324300813710364
A2,s27,A2,480.0,-0.08021161266186314
A2,s27,A2,500.0,-0.004690132445039144
A2,s27,A2,520.0,-0.20097156832027857
A2,s27,A2,540.0,-0.024758209974971686
A2,s27,A2,560.0,0.08367822051847404
A2,s27,A2,580.0,-0.07083858269768993
A2,s27,A2,600.0,-0.22921945011235736
A2,s27,A2,620.0,0.02572861625588682
A2,s27,A2,640.0,0.06243970655363597
A2,s27,A2,660.0,-0.02373180141155362
A2,s27,A2,680.0,0.0663048377823958
A2,s27,A2,700.0,0.21734314103779762
A2,s27,A2,720.0,0.2803643678765534
A2,s27,A2,740.0,0.3765857491375286
A2,s27,A2,760.0,0.4405114965578978
A2,s27,A2,780.0,0.30532119414899994
A2,s27,A2,800.0,0.27129419668487104
A2,s27,A2,820.0,0.16891478752761813
A2,s27,A2,840.0,0.09348589875694722
A2,s27,A2,860.0,0.0021933885311415935
A2,s27,A2,880.0,0.05814378597095041
A2,s27,A2,900.0,0.15838454318855127
A2,s27,A2,920.0,0.20315998041158434
A2,s27,A2,940.0,0.05960999727992011
A2,s27,A2,960.0,0.018439626267854226
A2,s27,A2,980.0,-0.02491533001787527
A2,s27,I,0.0,-0.2722629548544288
A2,s27,I,20.0,-0.5675993157957313
A2,s27,I,40.0,-0.5543776333018318
A2,s27,I,60.0,-0.5034003772131004
A2,s27,I,80.0,-0.5036938450821579
A2,s27,I,100.0,-0.5221683223253276
A2,s27,I,120.0,-0.3914080371749482
A2,s27,I,140.0,-0.17244937563335344
A2,s27,I,160.0,-0.3285581021209708
A2,s27,I,180.0,-0.2871260324988848
A2,s27,I,200.0,-0.1281727717626316
A2,s27,I,220.0,-0.16517939960611477
A2,s27,I,240.0,-0.26312669329537003
A2,s27,I,260.0,-0.3635119400210064
A2,s27,I,280.0,-0.22691210825886876
A2,s27,I,300.0,-0.07583259101251538
A2,s27,I,320.0,-0.1640347283900506
A2,s27,I,340.0,0.06396800821309424
A2,s27,I,360.0,-0.0746376404998416
A2,s27,I,380.0,-0.11727126184886986
A2,s27,I,400.0,0.20543459719158932
A2,s27,I,420.0,0.12945035254119042
A2,s27,I,440.0,-0.10983640874548484
A2,s27,I,460.0,0.0004849961351783977
A2,s27,I,480.0,0.10523313860947295
A2,s27,I,500.0,-0.22452903392047757
A2,s27,I,520.0,-0.17966361616954496
A2,s27,I,540.0,-0.11862277459740606
A2,s27,I,560.0,-0.19367103052837548
A2,s27,I,580.0,-0.4199933520244066
A2,s27,I,600.0,-0.1911325591696013
A2,s27,I,620.0,-0.07461792569120768
A2,s27,I,640.0,-0.2832532845300395
A2,s27,I,660.0,-0.2817576115820341
A2,s27,I,680.0,-0.27294605205809125
A2,s27,I,700.0,-0.5019628402429834
A2,s27,I,720.0,-0.6170401855384714
A2,s27,I,740.0,-0.6192114911181678
A2,s27,I,760.0,-0.9111952916536872
A2,s27,I,780.0,-0.8414013112367681
A2,s27,I,800.0,-0.7421210678432918
A2,s27,I,820.0,-0.47726604229773195
A2,s27,I,840.0,-0.4634285593812788
A2,s27,I,860.0,-0.33629229731896054
A2,s27,I,880.0,-0.19533165416844733
A2,s27,I,900.0,-0.24498273378481467
A2,s27,I,920.0,-0.20347713498013253
A2,s27,I,940.0,-0.20683766808504275
A2,s27,I,960.0,-0.19450071403442654
A2,s27,I,980.0,-0.2502798673143377
robust_A_AR,s27,G_new,0.0,0.16280173054679298
robust_A_AR,s27,G_new,20.0,0.15468504686892015
robust_A_AR,s27,G_new,40.0,0.10637273114257759
robust_A_AR,s27,G_new,60.0,0.09487040160581994
robust_A_AR,s27,G_new,80.0,0.06716991643865512
robust_A_AR,s27,G_new,100.0,0.08024707920388048
robust_A_AR,s27,G_new,120.0,0.14972815421632202
robust_A_AR,s27,G_new,140.0,0.05790319954392015
robust_A_AR,s27,G_new,160.0,0.04099983501025896
robust_A_AR,s27,G_new,180.0,0.11821260846330418
robust_A_AR,s27,G_new,200.0,0.11778489468032778
robust_A_AR,s27,G_new,220.0,0.09120855078222441
robust_A_AR,s27,G_new,240.0,0.12320103265013224
robust_A_AR,s27,G_new,260.0,0.12875140511685734
robust_A_AR,s27,G_new,280.0,0.11584934922307268
robust_A_AR,s27,G_new,300.0,0.21406146851086558
robust_A_AR,s27,G_new,320.0,0.16449600946944887
robust_A_AR,s27,G_new,340.0,0.09657411624014897
robust_A_AR,s27,G_new,360.0,0.0041029220014186865
robust_A_AR,s27,G_new,380.0,0.1110596331600571
robust_A_AR,s27,G_new,400.0,0.1081064242295469
robust_A_AR,s27,G_new,420.0,0.02493857953341444
robust_A_AR,s27,G_new,440.0,0.07834909198276017
robust_A_AR,s27,G_new,460.0,0.0902178301017845
robust_A_AR,s27,G_new,480.0,-0.011702936707770548
robust_A_AR,s27,G_new,500.0,0.009358979257794733
robust_A_AR,s27,G_new,520.0,0.12555260943107704
robust_A_AR,s27,G_new,540.0,0.07900541651935036
robust_A_AR,s27,G_new,560.0,0.059603953170315985
robust_A_AR,s27,G_new,580.0,0.20969798972362827
robust_A_AR,s27,G_new,600.0,0.08958705075100315
robust_A_AR,s27,G_new,620.0,0.01111569821160431
robust_A_AR,s27,G_new,640.0,0.17341507970656617
robust_A_AR,s27,G_new,660.0,0.15910280545876504
robust_A_AR,s27,G_new,680.0,0.0587492389721854
robust_A_AR,s27,G_new,700.0,0.10421759618632281
robust_A_AR,s27,G_new,720.0,0.2036098798627709
robust_A_AR,s27,G_new,740.0,0.1700221147661855
robust_A_AR,s27,G_new,760.0,0.2655777103423458
robust_A_AR,s27,G_new,780.0,0.12806522608715076
robust_A_AR,s27,G_new,800.0,0.020316117554233848
robust_A_AR,s27,G_new,820.0,-0.03221042268605015
robust_A_AR,s27,G_new,840.0,-0.011712509839924182
robust_A_AR,s27,G_new,860.0,-0.0842831261419508
robust_A_AR,s27,G_new,880.0,-0.1173502713936086
robust_A_AR,s27,G_new,900.0,-0.006813345378868175
robust_A_AR,s27,G_new,920.0,-0.05858481207387991
robust_A_AR,s27,G_new,940.0,-0.02083589334082033
robust_A_AR,s27,G_new,960.0,0.021720441651465673
robust_A_AR,s27,G_new,980.0,0.13453409540393227
robust_A_AR,s27,AR,0.0,0.08585112363686058
robust_A_AR,s27,AR,20.0,0.28777091581597675
robust_A_AR,s27,AR,40.0,0.20214654163133028
robust_A_AR,s27,AR,60.0,0.1421311472452425
robust_A_AR,s27,AR,80.0,0.11841581538435003
robust_A_AR,s27,AR,100.0,0.13052499933360143
robust_A_AR,s27,AR,120.0,0.11687406004476938
robust_A_AR,s27,AR,140.0,-0.0314211843246906
robust_A_AR,s27,AR,160.0,-0.030990952274271302
robust_A_AR,s27,AR,180.0,-0.0344353465911587
robust_A_AR,s27,AR,200.0,0.06322253885145217
robust_A_AR,s27,AR,220.0,-0.07188578498755817
robust_A_AR,s27,AR,240.0,-0.1395939002794822
robust_A_AR,s27,AR,260.0,0.12768008506208037
robust_A_AR,s27,AR,280.0,0.1503564984018903
robust_A_AR,s27,AR,300.0,-0.11034606169995953
robust_A_AR,s27,AR,320.0,-0.08874765852834869
robust_A_AR,s27,AR,340.0,0.1601073007320335
robust_A_AR,s27,AR,360.0,0.1342494458523751
robust_A_AR,s27,AR,380.0,-0.12728939801597453
robust_A_AR,s27,AR,400.0,0.003431050906376791
robust_A_AR,s27,AR,420.0,-0.0008805054410398402
robust_A_AR,s27,AR,440.0,-0.16986416153769127
robust_A_AR,s27,AR,460.0,-0.29148996285776196
robust_A_AR,s27,AR,480.0,-0.08112677596613313
robust_A_AR,s27,AR,500.0,0.06951453423305279
robust_A_AR,s27,AR,520.0,-0.1739870361562154
robust_A_AR,s27,AR,540.0,-0.04091433679852227
robust_A_AR,s27,AR,560.0,0.09306000838554315
robust_A_AR,s27,AR,580.0,-0.045074324464494706
robust_A_AR,s27,AR,600.0,-0.2605420276259764
robust_A_AR,s27,AR,620.0,0.04312406268769296
robust_A_AR,s27,AR,640.0,0.02926629193115099
robust_A_AR,s27,AR,660.0,-0.07179501634447666
robust_A_AR,s27,AR,680.0,0.036175919083473035
robust_A_AR,s27,AR,700.0,0.1954001706513502
robust_A_AR,s27,AR,720.0,0.22798704057710079
robust_A_AR,s27,AR,740.0,0.3196055363539538
robust_A_AR,s27,AR,760.0,0.3736952860035697
robust_A_AR,s27,AR,780.0,0.25682486485295886
robust_A_AR,s27,AR,800.0,0.24451903770671127
robust_A_AR,s27,AR,820.0,0.15460962643750287
robust_A_AR,s27,AR,840.0,0.04249480440451392
robust_A_AR,s27,AR,860.0,-0.04860536049945502
robust_A_AR,s27,AR,880.0,0.02605653211014003
robust_A_AR,s27,AR,900.0,0.15121997779632643
robust_A_AR,s27,AR,920.0,0.1770337006625808
robust_A_AR,s27,AR,940.0,0.0559243527849983
robust_A_AR,s27,AR,960.0,0.02179406794655478
robust_A_AR,s27,AR,980.0,-0.02925228145133689
robust_A_AR,s27,I,0.0,-0.26819953504322924
robust_A_AR,s27,I,20.0,-0.6045479516316818
robust_A_AR,s27,I,40.0,-0.5675375684122386
robust_A_AR,s27,I,60.0,-0.4930141507647935
robust_A_AR,s27,I,80.0,-0.4983206370305804
robust_A_AR,s27,I,100.0,-0.5208136273491122
robust_A_AR,s27,I,120.0,-0.3818572260100101
robust_A_AR,s27,I,140.0,-0.12642571153016613
robust_A_AR,s27,I,160.0,-0.2803066608081438
robust_A_AR,s27,I,180.0,-0.2534168308689609
robust_A_AR,s27,I,200.0,-0.12349906683789763
robust_A_AR,s27,I,220.0,-0.11005570833251599
robust_A_AR,s27,I,240.0,-0.19501417652290792
robust_A_AR,s27,I,260.0,-0.37110105480140365
robust_A_AR,s27,I,280.0,-0.22626440072334952
robust_A_AR,s27,I,300.0,-0.04496460120825853
robust_A_AR,s27,I,320.0,-0.09561895411949844
robust_A_AR,s27,I,340.0,0.0372978969953731
robust_A_AR,s27,I,360.0,-0.135646709878528
robust_A_AR,s27,I,380.0,-0.09371595293197049
robust_A_AR,s27,I,400.0,0.16246521426131444
robust_A_AR,s27,I,420.0,0.07880853842667536
robust_A_AR,s27,I,440.0,-0.08624549496737902
robust_A_AR,s27,I,460.0,0.08536388657986933
robust_A_AR,s27,I,480.0,0.12134982900322731
robust_A_AR,s27,I,500.0,-0.27437036993776254
robust_A_AR,s27,I,520.0,-0.1593052731470395
robust_A_AR,s27,I,540.0,-0.10279249936968204
robust_A_AR,s27,I,560.0,-0.21624736626672575
robust_A_AR,s27,I,580.0,-0.423932356322685
robust_A_AR,s27,I,600.0,-0.1254437696608997
robust_A_AR,s27,I,620.0,-0.09148315651649389
robust_A_AR,s27,I,640.0,-0.2726252747395397
robust_A_AR,s27,I,660.0,-0.24430492950917107
robust_A_AR,s27,I,680.0,-0.26514656485595317
robust_A_AR,s27,I,700.0,-0.5289307603553242
robust_A_AR,s27,I,720.0,-0.6353655895018993
robust_A_AR,s27,I,740.0,-0.6529717788524021
robust_A_AR,s27,I,760.0,-0.9505745619773049
robust_A_AR,s27,I,780.0,-0.8672006283588145
robust_A_AR,s27,I,800.0,-0.7762036200271658
robust_A_AR,s27,I,820.0,-0.5001046084165344
robust_A_AR,s27,I,840.0,-0.4466111686026596
robust_A_AR,s27,I,860.0,-0.30197562668366035
robust_A_AR,s27,I,880.0,-0.1846168008652655
robust_A_AR,s27,I,900.0,-0.2706709649435687
robust_A_AR,s27,I,920.0,-0.22484505599577798
robust_A_AR,s27,I,940.0,-0.21582927948156133
robust_A_AR,s27,I,960.0,-0.2003558946152052
robust_A_AR,s27,I,980.0,-0.24250215049511276
original_A,s28,G_new,0.0,0.03880256910680073
original_A,s28,G_new,20.0,0.048943310953318254
original_A,s28,G_new,40.0,0.07281495473872737
original_A,s28,G_new,60.0,0.05351323969540551
original_A,s28,G_new,80.0,0.038229213331027065
original_A,s28,G_new,100.0,0.07388802877278582
original_A,s28,G_new,120.0,0.2460409084112703
original_A,s28,G_new,140.0,0.3547399724561291
original_A,s28,G_new,160.0,0.3504314716331527
original_A,s28,G_new,180.0,0.21697256657580039
original_A,s28,G_new,200.0,0.07035854545456906
original_A,s28,G_new,220.0,0.1053213528898727
original_A,s28,G_new,240.0,0.08629778932820709
original_A,s28,G_new,260.0,-0.036695893653011194
original_A,s28,G_new,280.0,-0.1622020684256316
original_A,s28,G_new,300.0,-0.12747969719605934
original_A,s28,G_new,320.0,-0.0205119954140901
original_A,s28,G_new,340.0,0.10037385143066416
original_A,s28,G_new,360.0,0.12310816711497258
original_A,s28,G_new,380.0,0.10139768927404952
original_A,s28,G_new,400.0,0.1609280148984537
original_A,s28,G_new,420.0,0.28244248998271937
original_A,s28,G_new,440.0,0.28629433433591495
original_A,s28,G_new,460.0,0.1305996148584373
original_A,s28,G_new,480.0,0.16357583862221575
original_A,s28,G_new,500.0,0.22049475067462515
original_A,s28,G_new,520.0,0.15130576265401102
original_A,s28,G_new,540.0,0.10387433955825284
original_A,s28,G_new,560.0,0.18602011359100695
original_A,s28,G_new,580.0,0.1360849820492713
original_A,s28,G_new,600.0,0.022818048268452372
original_A,s28,G_new,620.0,-0.04028135564946851
original_A,s28,G_new,640.0,-0.01857939466958579
original_A,s28,G_new,660.0,0.051264145665735845
original_A,s28,G_new,680.0,0.11324351399272639
original_A,s28,G_new,700.0,0.03955662963235747
original_A,s28,G_new,720.0,6.393753715673578e-05
original_A,s28,G_new,740.0,-0.01097183458090742
original_A,s28,G_new,760.0,-0.03771552287511755
original_A,s28,G_new,780.0,-0.03988738284023946
original_A,s28,G_new,800.0,0.029851109140843185
original_A,s28,G_new,820.0,0.10684198035563514
original_A,s28,G_new,840.0,0.04643804166150247
original_A,s28,G_new,860.0,0.08582657861749696
original_A,s28,G_new,880.0,0.17744461541168174
original_A,s28,G_new,900.0,0.21240980032317092
original_A,s28,G_new,920.0,0.10995845508378073
original_A,s28,G_new,940.0,0.07334489438308076
original_A,s28,G_new,960.0,0.09601276951831916
original_A,s28,G_new,980.0,0.1865149311608244
original_A,s28,A,0.0,0.05768190474620593
original_A,s28,A,20.0,-0.07831179009584709
original_A,s28,A,40.0,-0.11579819722445193
original_A,s28,A,60.0,0.05527214979212189
original_A,s28,A,80.0,0.14545520366081016
original_A,s28,A,100.0,0.026189217199525043
original_A,s28,A,120.0,-0.16770725406161863
original_A,s28,A,140.0,-0.23869169988895042
original_A,s28,A,160.0,-0.07314926653757817
original_A,s28,A,180.0,-0.02534164804443173
original_A,s28,A,200.0,-0.060671416682586965
original_A,s28,A,220.0,-0.13523947792714036
original_A,s28,A,240.0,-0.06776618491336378
original_A,s28,A,260.0,0.07241093704126686
original_A,s28,A,280.0,-0.04597175980311586
original_A,s28,A,300.0,-0.24116340687003307
original_A,s28,A,320.0,-0.3713800147120413
original_A,s28,A,340.0,-0.4035148899628007
original_A,s28,A,360.0,-0.43856048428566
original_A,s28,A,380.0,-0.4341640610516047
original_A,s28,A,400.0,-0.5258550552856298
original_A,s28,A,420.0,-0.564613676370269
original_A,s28,A,440.0,-0.5414802978815081
original_A,s28,A,460.0,-0.39356471001116106
original_A,s28,A,480.0,-0.3718860331572473
original_A,s28,A,500.0,-0.4689978005868054
original_A,s28,A,520.0,-0.3956503623671234
original_A,s28,A,540.0,-0.2855318230865764
original_A,s28,A,560.0,-0.296199460011853
original_A,s28,A,580.0,-0.33230129121590846
original_A,s28,A,600.0,-0.3001457553540952
original_A,s28,A,620.0,-0.15151920876809813
original_A,s28,A,640.0,-0.20020795134307817
original_A,s28,A,660.0,-0.4138733625826191
original_A,s28,A,680.0,-0.4120655558294272
original_A,s28,A,700.0,-0.4020007029580235
original_A,s28,A,720.0,-0.4304809942121931
original_A,s28,A,740.0,-0.38626538481229794
original_A,s28,A,760.0,-0.3992230746477421
original_A,s28,A,780.0,-0.45057403188526124
original_A,s28,A,800.0,-0.4708424549845568
original_A,s28,A,820.0,-0.5849120163997813
original_A,s28,A,840.0,-0.6285483940466113
original_A,s28,A,860.0,-0.5601925071715831
original_A,s28,A,880.0,-0.5124592022070035
original_A,s28,A,900.0,-0.43781166353912526
original_A,s28,A,920.0,-0.3861437481098475
original_A,s28,A,940.0,-0.3379384376304037
original_A,s28,A,960.0,-0.3439281765210233
original_A,s28,A,980.0,-0.3969659232634335
original_A,s28,I,0.0,0.0651984539723419
original_A,s28,I,20.0,0.26854312081153164
original_A,s28,I,40.0,0.14012080721252504
original_A,s28,I,60.0,0.03294738497437334
original_A,s28,I,80.0,-0.02387390457827755
original_A,s28,I,100.0,0.08613239080141512
original_A,s28,I,120.0,0.1186200392181618
original_A,s28,I,140.0,0.08047428667338317
original_A,s28,I,160.0,-0.06893255354482458
original_A,s28,I,180.0,0.10316258380953466
original_A,s28,I,200.0,0.1992340815600257
original_A,s28,I,220.0,0.4081377173047891
original_A,s28,I,240.0,0.2535831097227627
original_A,s28,I,260.0,0.08063634252746366
original_A,s28,I,280.0,0.4375796529786765
original_A,s28,I,300.0,0.7002322801838113
original_A,s28,I,320.0,0.4306658867711438
original_A,s28,I,340.0,0.21116900871123104
original_A,s28,I,360.0,0.2857531345973537
original_A,s28,I,380.0,0.2137406764784059
original_A,s28,I,400.0,0.29797753782989117
original_A,s28,I,420.0,0.33335055019411663
original_A,s28,I,440.0,0.37917443955410524
original_A,s28,I,460.0,0.3344806135699806
original_A,s28,I,480.0,0.3899389825050626
original_A,s28,I,500.0,0.6437424965518617
original_A,s28,I,520.0,0.5531705931855938
original_A,s28,I,540.0,0.3296945506826347
original_A,s28,I,560.0,0.3302351330613841
original_A,s28,I,580.0,0.440075625757414
original_A,s28,I,600.0,0.33390978679422195
original_A,s28,I,620.0,0.13495039909593753
original_A,s28,I,640.0,0.16572492457273924
original_A,s28,I,660.0,0.29245935696774794
original_A,s28,I,680.0,0.38570464193622644
original_A,s28,I,700.0,0.49942675161681893
original_A,s28,I,720.0,0.48750891235133953
original_A,s28,I,740.0,0.6093374475152075
original_A,s28,I,760.0,0.613466632141865
original_A,s28,I,780.0,0.5439582318123773
original_A,s28,I,800.0,0.46060399856125345
original_A,s28,I,820.0,0.5825173678809353
original_A,s28,I,840.0,0.6708673127646108
original_A,s28,I,860.0,0.7103496349091257
original_A,s28,I,880.0,0.7111366793324978
original_A,s28,I,900.0,0.6450464489948426
original_A,s28,I,920.0,0.6419666748451109
original_A,s28,I,940.0,0.5317296942015185
original_A,s28,I,960.0,0.5292185542859801
original_A,s28,I,980.0,0.5421232601418815
A2,s28,G_new,0.0,0.06630722443604581
A2,s28,G_new,20.0,0.06059965668285512
A2,s28,G_new,40.0,0.0744381380175794
A2,s28,G_new,60.0,0.08896340960052646
A2,s28,G_new,80.0,0.09626560920582611
A2,s28,G_new,100.0,0.11288298538843015
A2,s28,G_new,120.0,0.24824210735417387
A2,s28,G_new,140.0,0.3414078679349062
A2,s28,G_new,160.0,0.36174256975070523
A2,s28,G_new,180.0,0.23783137175963293
A2,s28,G_new,200.0,0.08966914475597176
A2,s28,G_new,220.0,0.10674802569889244
A2,s28,G_new,240.0,0.10130965409704872
A2,s28,G_new,260.0,0.003534498097487168
A2,s28,G_new,280.0,-0.14793402924893945
A2,s28,G_new,300.0,-0.15923710108536432
A2,s28,G_new,320.0,-0.08391370675843926
A2,s28,G_new,340.0,0.02947840016394654
A2,s28,G_new,360.0,0.04696150536960214
A2,s28,G_new,380.0,0.030891963293505353
A2,s28,G_new,400.0,0.07233968364781526
A2,s28,G_new,420.0,0.18098992547675902
A2,s28,G_new,440.0,0.1949210880425623
A2,s28,G_new,460.0,0.07637940954714315
A2,s28,G_new,480.0,0.11198255824693606
A2,s28,G_new,500.0,0.16164734492879962
A2,s28,G_new,520.0,0.11581638099809043
A2,s28,G_new,540.0,0.08102530541467834
A2,s28,G_new,560.0,0.1512993816109011
A2,s28,G_new,580.0,0.09279210281579858
A2,s28,G_new,600.0,-0.01874232065337412
A2,s28,G_new,620.0,-0.06399940056304934
A2,s28,G_new,640.0,-0.05499270475605114
A2,s28,G_new,660.0,-0.023717088018078702
A2,s28,G_new,680.0,0.047542902179790666
A2,s28,G_new,700.0,-0.01853873085977445
A2,s28,G_new,720.0,-0.06467754500915329
A2,s28,G_new,740.0,-0.06661371926312087
A2,s28,G_new,760.0,-0.10488901909442627
A2,s28,G_new,780.0,-0.11281467624456884
A2,s28,G_new,800.0,-0.043387372755823474
A2,s28,G_new,820.0,0.009078162194841075
A2,s28,G_new,840.0,-0.05841190532656736
A2,s28,G_new,860.0,-0.0045082469509947765
A2,s28,G_new,880.0,0.09348212318884437
A2,s28,G_new,900.0,0.14896736410001693
A2,s28,G_new,920.0,0.05237509821351462
A2,s28,G_new,940.0,0.024298852006898408
A2,s28,G_new,960.0,0.04785141142362084
A2,s28,G_new,980.0,0.1307333748348886
A2,s28,A2,0.0,0.1733373361203646
A2,s28,A2,20.0,0.1919039037188531
A2,s28,A2,40.0,0.14762956444876796
A2,s28,A2,60.0,0.24539539565015955
A2,s28,A2,80.0,0.33838391282040875
A2,s28,A2,100.0,0.3098267700114315
A2,s28,A2,120.0,0.2125031947869216
A2,s28,A2,140.0,0.15888267133254408
A2,s28,A2,160.0,0.1829428876707308
A2,s28,A2,180.0,0.2110874483949837
A2,s28,A2,200.0,0.23831128621575098
A2,s28,A2,220.0,0.16832535195000714
A2,s28,A2,240.0,0.2090066139967723
A2,s28,A2,260.0,0.26732099587576824
A2,s28,A2,280.0,0.17739924135463275
A2,s28,A2,300.0,0.0010734568423811219
A2,s28,A2,320.0,-0.12475123895199541
A2,s28,A2,340.0,-0.15305175403474777
A2,s28,A2,360.0,-0.1584435934072857
A2,s28,A2,380.0,-0.11432539750115611
A2,s28,A2,400.0,-0.1663067247362945
A2,s28,A2,420.0,-0.2337999768922749
A2,s28,A2,440.0,-0.17257897769305175
A2,s28,A2,460.0,-0.019122182638577456
A2,s28,A2,480.0,-0.02120508543432295
A2,s28,A2,500.0,0.027480174839567745
A2,s28,A2,520.0,0.14660413230813032
A2,s28,A2,540.0,0.12989127642766912
A2,s28,A2,560.0,0.038672932480531
A2,s28,A2,580.0,0.005541875322685436
A2,s28,A2,600.0,-0.016416110166675532
A2,s28,A2,620.0,-0.032157415300901125
A2,s28,A2,640.0,-0.0867312752955745
A2,s28,A2,660.0,-0.17673765155754645
A2,s28,A2,680.0,-0.09789963449215236
A2,s28,A2,700.0,-0.0431875005110302
A2,s28,A2,720.0,-0.0683097683363567
A2,s28,A2,740.0,-0.039932091512097846
A2,s28,A2,760.0,-0.1255454143045783
A2,s28,A2,780.0,-0.11652493598581004
A2,s28,A2,800.0,-0.0958756598367155
A2,s28,A2,820.0,-0.1782390317715
A2,s28,A2,840.0,-0.18972804877038096
A2,s28,A2,860.0,-0.14195565766595014
A2,s28,A2,880.0,-0.14141291355779698
A2,s28,A2,900.0,-0.04853302152816008
A2,s28,A2,920.0,-0.057000844521940264
A2,s28,A2,940.0,-0.03812474435026081
A2,s28,A2,960.0,-0.023506642917278775
A2,s28,A2,980.0,-0.0288158331223701
A2,s28,I,0.0,0.023614137630273015
A2,s28,I,20.0,0.11708651522224942
A2,s28,I,40.0,-0.01758524172100233
A2,s28,I,60.0,-0.04549069370638803
A2,s28,I,80.0,-0.08069561855479256
A2,s28,I,100.0,-0.045225616369892155
A2,s28,I,120.0,-0.10914632410086775
A2,s28,I,140.0,-0.1738314062225197
A2,s28,I,160.0,-0.21220037212602766
A2,s28,I,180.0,-0.01835325969118634
A2,s28,I,200.0,0.038273397523064745
A2,s28,I,220.0,0.2259447254430306
A2,s28,I,240.0,0.10162286722848472
A2,s28,I,260.0,0.004236299551753003
A2,s28,I,280.0,0.3171612782854566
A2,s28,I,300.0,0.5208915343727736
A2,s28,I,320.0,0.21600430133766457
A2,s28,I,340.0,-0.013547598227178936
A2,s28,I,360.0,0.037674779257335006
A2,s28,I,380.0,-0.05254787926122234
A2,s28,I,400.0,-0.011001595437728967
A2,s28,I,420.0,0.02847810708120449
A2,s28,I,440.0,0.06166185332079749
A2,s28,I,460.0,0.05196521436009352
A2,s28,I,480.0,0.12451157638588778
A2,s28,I,500.0,0.2826158270493004
A2,s28,I,520.0,0.1884581986476398
A2,s28,I,540.0,0.05476637403382381
A2,s28,I,560.0,0.09178839723995029
A2,s28,I,580.0,0.19098321937255108
A2,s28,I,600.0,0.11934596315347694
A2,s28,I,620.0,0.038250987393390966
A2,s28,I,640.0,0.0594819882883901
A2,s28,I,660.0,0.07158884291588069
A2,s28,I,680.0,0.12780815348268887
A2,s28,I,700.0,0.22236757403656396
A2,s28,I,720.0,0.20155783149176276
A2,s28,I,740.0,0.34236148560875207
A2,s28,I,760.0,0.37854640069469664
A2,s28,I,780.0,0.26657237933043654
A2,s28,I,800.0,0.15814052656646777
A2,s28,I,820.0,0.2355553986498452
A2,s28,I,840.0,0.29714086758744795
A2,s28,I,860.0,0.36405947681099193
A2,s28,I,880.0,0.39997578662046335
A2,s28,I,900.0,0.34403547685823854
A2,s28,I,920.0,0.38338739348757467
A2,s28,I,940.0,0.29970775513053777
A2,s28,I,960.0,0.2856414487193487
A2,s28,I,980.0,0.26180332609892953
robust_A_AR,s28,G_new,0.0,0.04520773009644521
robust_A_AR,s28,G_new,20.0,0.03787589649716941
robust_A_AR,s28,G_new,40.0,0.057205418605800425
robust_A_AR,s28,G_new,60.0,0.0592106472063192
robust_A_AR,s28,G_new,80.0,0.0549289169147757
robust_A_AR,s28,G_new,100.0,0.07551323886025493
robust_A_AR,s28,G_new,120.0,0.22344129973551247
robust_A_AR,s28,G_new,140.0,0.323371651079188
robust_A_AR,s28,G_new,160.0,0.3400731698795121
robust_A_AR,s28,G_new,180.0,0.2125641737345748
robust_A_AR,s28,G_new,200.0,0.06128661851002845
robust_A_AR,s28,G_new,220.0,0.08711384268483463
robust_A_AR,s28,G_new,240.0,0.07648235888773042
robust_A_AR,s28,G_new,260.0,-0.02893117175655696
robust_A_AR,s28,G_new,280.0,-0.1690584073119116
robust_A_AR,s28,G_new,300.0,-0.15828776124357397
robust_A_AR,s28,G_new,320.0,-0.06725329612087011
robust_A_AR,s28,G_new,340.0,0.049685276718954285
robust_A_AR,s28,G_new,360.0,0.0679733936160581
robust_A_AR,s28,G_new,380.0,0.04657955326871134
robust_A_AR,s28,G_new,400.0,0.0946873657330264
robust_A_AR,s28,G_new,420.0,0.21162610934233703
robust_A_AR,s28,G_new,440.0,0.21809279821518643
robust_A_AR,s28,G_new,460.0,0.0804385042208014
robust_A_AR,s28,G_new,480.0,0.11619515445269189
robust_A_AR,s28,G_new,500.0,0.16044042642579098
robust_A_AR,s28,G_new,520.0,0.09995836981245212
robust_A_AR,s28,G_new,540.0,0.06668438115726213
robust_A_AR,s28,G_new,560.0,0.1479739783167464
robust_A_AR,s28,G_new,580.0,0.0936117142634152
robust_A_AR,s28,G_new,600.0,-0.015426336987859092
robust_A_AR,s28,G_new,620.0,-0.05945534234116959
robust_A_AR,s28,G_new,640.0,-0.043669129032269674
robust_A_AR,s28,G_new,660.0,-0.000615970660409082
robust_A_AR,s28,G_new,680.0,0.06115669019086953
robust_A_AR,s28,G_new,700.0,-0.011548371766566201
robust_A_AR,s28,G_new,720.0,-0.05453920504554778
robust_A_AR,s28,G_new,740.0,-0.06008514426320988
robust_A_AR,s28,G_new,760.0,-0.08800861355272714
robust_A_AR,s28,G_new,780.0,-0.0967892400214302
robust_A_AR,s28,G_new,800.0,-0.02975410902224647
robust_A_AR,s28,G_new,820.0,0.033124633570748185
robust_A_AR,s28,G_new,840.0,-0.03278890065357988
robust_A_AR,s28,G_new,860.0,0.015065082866490734
robust_A_AR,s28,G_new,880.0,0.11277674633946735
robust_A_AR,s28,G_new,900.0,0.15676058818932923
robust_A_AR,s28,G_new,920.0,0.060955424671814036
robust_A_AR,s28,G_new,940.0,0.03039401369638703
robust_A_AR,s28,G_new,960.0,0.05221572096853751
robust_A_AR,s28,G_new,980.0,0.13597321399177292
robust_A_AR,s28,AR,0.0,0.12539082416235608
robust_A_AR,s28,AR,20.0,0.07348393264683328
robust_A_AR,s28,AR,40.0,0.0309996222904962
robust_A_AR,s28,AR,60.0,0.16538963354971936
robust_A_AR,s28,AR,80.0,0.25988114824124076
robust_A_AR,s28,AR,100.0,0.18877957782050098
robust_A_AR,s28,AR,120.0,0.0441516948133065
robust_A_AR,s28,AR,140.0,-0.019058875657869512
robust_A_AR,s28,AR,160.0,0.07074456124006351
robust_A_AR,s28,AR,180.0,0.10877077533985266
robust_A_AR,s28,AR,200.0,0.10806445300105419
robust_A_AR,s28,AR,220.0,0.033871151008184025
robust_A_AR,s28,AR,240.0,0.08808677339450827
robust_A_AR,s28,AR,260.0,0.18577375805396013
robust_A_AR,s28,AR,280.0,0.08007204984173293
robust_A_AR,s28,AR,300.0,-0.11021867213875358
robust_A_AR,s28,AR,320.0,-0.241840069329269
robust_A_AR,s28,AR,340.0,-0.27275255454074737
robust_A_AR,s28,AR,360.0,-0.29193422563861254
robust_A_AR,s28,AR,380.0,-0.2647460937115963
robust_A_AR,s28,AR,400.0,-0.33653763945646903
robust_A_AR,s28,AR,420.0,-0.39285208496019564
robust_A_AR,s28,AR,440.0,-0.34729657508809797
robust_A_AR,s28,AR,460.0,-0.1917782759281606
robust_A_AR,s28,AR,480.0,-0.18300365826792805
robust_A_AR,s28,AR,500.0,-0.1998601358681078
robust_A_AR,s28,AR,520.0,-0.0981965061126108
robust_A_AR,s28,AR,540.0,-0.05712354488032076
robust_A_AR,s28,AR,560.0,-0.114062487896983
robust_A_AR,s28,AR,580.0,-0.1495536920506248
robust_A_AR,s28,AR,600.0,-0.1473021869486734
robust_A_AR,s28,AR,620.0,-0.08797793846504125
robust_A_AR,s28,AR,640.0,-0.14148595294551972
robust_A_AR,s28,AR,660.0,-0.2910248415252524
robust_A_AR,s28,AR,680.0,-0.24522007879275234
robust_A_AR,s28,AR,700.0,-0.2093834965743091
robust_A_AR,s28,AR,720.0,-0.23680338752420915
robust_A_AR,s28,AR,740.0,-0.20029496317312412
robust_A_AR,s28,AR,760.0,-0.25508890014325586
robust_A_AR,s28,AR,780.0,-0.27354234392354526
robust_A_AR,s28,AR,800.0,-0.2710774764370734
robust_A_AR,s28,AR,820.0,-0.37048524813709854
robust_A_AR,s28,AR,840.0,-0.3970931674606481
robust_A_AR,s28,AR,860.0,-0.3384267259776771
robust_A_AR,s28,AR,880.0,-0.31618040227004907
robust_A_AR,s28,AR,900.0,-0.22889048289873629
robust_A_AR,s28,AR,920.0,-0.2099761073320254
robust_A_AR,s28,AR,940.0,-0.17705441464039504
robust_A_AR,s28,AR,960.0,-0.17146806295977846
robust_A_AR,s28,AR,980.0,-0.19887120737781147
robust_A_AR,s28,I,0.0,0.022385698539675924
robust_A_AR,s28,I,20.0,0.16032142607681027
robust_A_AR,s28,I,40.0,0.03310038019153805
robust_A_AR,s28,I,60.0,-0.03895250207515169
robust_A_AR,s28,I,80.0,-0.09339785654851247
robust_A_AR,s28,I,100.0,-0.023296281981147304
robust_A_AR,s28,I,120.0,-0.03586669321452539
robust_A_AR,s28,I,140.0,-0.08350310358846424
robust_A_AR,s28,I,160.0,-0.17145662945086834
robust_A_AR,s28,I,180.0,0.010133012982791428
robust_A_AR,s28,I,200.0,0.08049020508089139
robust_A_AR,s28,I,220.0,0.2847420274505901
robust_A_AR,s28,I,240.0,0.143213932328079
robust_A_AR,s28,I,260.0,0.007531806333998192
robust_A_AR,s28,I,280.0,0.3488409317397326
robust_A_AR,s28,I,300.0,0.5966413546841791
robust_A_AR,s28,I,320.0,0.32035707861680873
robust_A_AR,s28,I,340.0,0.09813142883127762
robust_A_AR,s28,I,360.0,0.15982191781248298
robust_A_AR,s28,I,380.0,0.07251264435056354
robust_A_AR,s28,I,400.0,0.13776207608818009
robust_A_AR,s28,I,420.0,0.18283249855658032
robust_A_AR,s28,I,440.0,0.2147164241117745
robust_A_AR,s28,I,460.0,0.1735536325857244
robust_A_AR,s28,I,480.0,0.23909742263183226
robust_A_AR,s28,I,500.0,0.4323993317769844
robust_A_AR,s28,I,520.0,0.3268248803895788
robust_A_AR,s28,I,540.0,0.15696628251526795
robust_A_AR,s28,I,560.0,0.18845947448252198
robust_A_AR,s28,I,580.0,0.29575487640714426
robust_A_AR,s28,I,600.0,0.21189507449526537
robust_A_AR,s28,I,620.0,0.08264909939720991
robust_A_AR,s28,I,640.0,0.11384255750183349
robust_A_AR,s28,I,660.0,0.1842125181208587
robust_A_AR,s28,I,680.0,0.24753518731065183
robust_A_AR,s28,I,700.0,0.3442607039077774
robust_A_AR,s28,I,720.0,0.32994010517957045
robust_A_AR,s28,I,740.0,0.45963567027338564
robust_A_AR,s28,I,760.0,0.49155540273401654
robust_A_AR,s28,I,780.0,0.39656619461616477
robust_A_AR,s28,I,800.0,0.29650094527425236
robust_A_AR,s28,I,820.0,0.4016824489997652
robust_A_AR,s28,I,840.0,0.4758374735988616
robust_A_AR,s28,I,860.0,0.5259629233035461
robust_A_AR,s28,I,880.0,0.546959601129673
robust_A_AR,s28,I,900.0,0.4766412960289119
robust_A_AR,s28,I,920.0,0.49896274924999406
robust_A_AR,s28,I,940.0,0.4019991383116001
robust_A_AR,s28,I,960.0,0.3912338680278643
robust_A_AR,s28,I,980.0,0.38351547077412795
original_A,s29,G_new,0.0,0.4790372999797665
original_A,s29,G_new,20.0,0.590042770713841
original_A,s29,G_new,40.0,0.31496461246905183
original_A,s29,G_new,60.0,0.12377985590381341
original_A,s29,G_new,80.0,0.12151699492528202
original_A,s29,G_new,100.0,0.2608370890363129
original_A,s29,G_new,120.0,0.24619453858359167
original_A,s29,G_new,140.0,0.2867636621719486
original_A,s29,G_new,160.0,0.17739172393401426
original_A,s29,G_new,180.0,0.38428513313688883
original_A,s29,G_new,200.0,0.49341616924560017
original_A,s29,G_new,220.0,0.5448615188619579
original_A,s29,G_new,240.0,0.5025694947026809
original_A,s29,G_new,260.0,0.7652926967633153
original_A,s29,G_new,280.0,0.8252649194100357
original_A,s29,G_new,300.0,0.9784470870563442
original_A,s29,G_new,320.0,0.7892931558121415
original_A,s29,G_new,340.0,0.8820566002134644
original_A,s29,G_new,360.0,0.9876763554622427
original_A,s29,G_new,380.0,0.9489892844598087
original_A,s29,G_new,400.0,1.0229915157337783
original_A,s29,G_new,420.0,1.0006581811187816
original_A,s29,G_new,440.0,0.7260088863121464
original_A,s29,G_new,460.0,0.7350430175081035
original_A,s29,G_new,480.0,0.8745930656145218
original_A,s29,G_new,500.0,0.7875734215486001
original_A,s29,G_new,520.0,0.7495196298502476
original_A,s29,G_new,540.0,0.7418715639985564
original_A,s29,G_new,560.0,0.9928991135936837
original_A,s29,G_new,580.0,1.1584782046394237
original_A,s29,G_new,600.0,0.9200769440873089
original_A,s29,G_new,620.0,0.8129186117694581
original_A,s29,G_new,640.0,0.7538881307045542
original_A,s29,G_new,660.0,0.7557539227249739
original_A,s29,G_new,680.0,0.8122568532743321
original_A,s29,G_new,700.0,0.7827484555701415
original_A,s29,G_new,720.0,0.7836338034320305
original_A,s29,G_new,740.0,0.5904511826778818
original_A,s29,G_new,760.0,0.5439529211516825
original_A,s29,G_new,780.0,0.7275178664125168
original_A,s29,G_new,800.0,0.9275941883128214
original_A,s29,G_new,820.0,1.09732080818949
original_A,s29,G_new,840.0,1.2045720226728442
original_A,s29,G_new,860.0,0.8321400192718729
original_A,s29,G_new,880.0,0.759037415027417
original_A,s29,G_new,900.0,0.924518093666599
original_A,s29,G_new,920.0,0.908094188573568
original_A,s29,G_new,940.0,0.8280137514726247
original_A,s29,G_new,960.0,0.6451245689135192
original_A,s29,G_new,980.0,0.5253487979471655
original_A,s29,A,0.0,-0.08804946577162934
original_A,s29,A,20.0,-0.17461870160103363
original_A,s29,A,40.0,-0.2835838183742347
original_A,s29,A,60.0,-0.2994795072410867
original_A,s29,A,80.0,-0.10034962468535824
original_A,s29,A,100.0,-0.1789538183591481
original_A,s29,A,120.0,-0.3228211778395442
original_A,s29,A,140.0,-0.3225152235247975
original_A,s29,A,160.0,-0.2650712815720329
original_A,s29,A,180.0,-0.48562384680525716
original_A,s29,A,200.0,-0.6708740030060831
original_A,s29,A,220.0,-0.5591991159116428
original_A,s29,A,240.0,-0.42756837640945533
original_A,s29,A,260.0,-0.4128494993391697
original_A,s29,A,280.0,-0.6712103492970041
original_A,s29,A,300.0,-0.5918655305467551
original_A,s29,A,320.0,-0.5634595249031663
original_A,s29,A,340.0,-0.38271678609721954
original_A,s29,A,360.0,-0.3244024294320335
original_A,s29,A,380.0,-0.3580593066679111
original_A,s29,A,400.0,-0.43271256281209225
original_A,s29,A,420.0,-0.6491274082767415
original_A,s29,A,440.0,-0.4720003954780841
original_A,s29,A,460.0,-0.3190318226511544
original_A,s29,A,480.0,-0.2519590796288045
original_A,s29,A,500.0,-0.2927174893494445
original_A,s29,A,520.0,-0.4668876665475116
original_A,s29,A,540.0,-0.4040368023064611
original_A,s29,A,560.0,-0.5281212711500325
original_A,s29,A,580.0,-0.6497532587536727
original_A,s29,A,600.0,-0.40753489789480296
original_A,s29,A,620.0,0.005376276142550415
original_A,s29,A,640.0,-0.19777505532934422
original_A,s29,A,660.0,-0.6422913849750863
original_A,s29,A,680.0,-0.6076698239974567
original_A,s29,A,700.0,-0.5645416565260253
original_A,s29,A,720.0,-0.5127976823171254
original_A,s29,A,740.0,-0.4821105471473717
original_A,s29,A,760.0,-0.45379052500416256
original_A,s29,A,780.0,-0.6474689656325435
original_A,s29,A,800.0,-0.7263056367522963
original_A,s29,A,820.0,-0.4866465065049631
original_A,s29,A,840.0,-0.3511676954493745
original_A,s29,A,860.0,-0.35677481924027976
original_A,s29,A,880.0,-0.5597539728710317
original_A,s29,A,900.0,-0.7504480609888743
original_A,s29,A,920.0,-0.5596278463396935
original_A,s29,A,940.0,-0.4302842308130717
original_A,s29,A,960.0,-0.4032350330930947
original_A,s29,A,980.0,-0.3882313321583485
original_A,s29,I,0.0,-0.04420141744390836
original_A,s29,I,20.0,0.24607024541317213
original_A,s29,I,40.0,0.5995797361210301
original_A,s29,I,60.0,0.5719159515620966
original_A,s29,I,80.0,0.060795836327752956
original_A,s29,I,100.0,-0.16423156024907148
original_A,s29,I,120.0,-0.051779653465447495
original_A,s29,I,140.0,-0.1835957051771649
original_A,s29,I,160.0,-0.35584059624709796
original_A,s29,I,180.0,-0.336623861598097
original_A,s29,I,200.0,-0.03626471686275509
original_A,s29,I,220.0,-0.2049067531389148
original_A,s29,I,240.0,-0.3709055368055225
original_A,s29,I,260.0,-0.4015172851160017
original_A,s29,I,280.0,-0.003823954077944957
original_A,s29,I,300.0,-0.23541369089078906
original_A,s29,I,320.0,-0.3917451283269815
original_A,s29,I,340.0,-0.24817290625392885
original_A,s29,I,360.0,-0.2980142017578126
original_A,s29,I,380.0,-0.39708038110812804
original_A,s29,I,400.0,-0.5435924656296084
original_A,s29,I,420.0,-0.2439176258786108
original_A,s29,I,440.0,0.00632103969574338
original_A,s29,I,460.0,-0.17680900032347388
original_A,s29,I,480.0,-0.30412766613035846
original_A,s29,I,500.0,-0.5310523747834545
original_A,s29,I,520.0,-0.5250480093773878
original_A,s29,I,540.0,-0.46035933518344263
original_A,s29,I,560.0,-0.18523488727095347
original_A,s29,I,580.0,-0.01346721535780743
original_A,s29,I,600.0,-0.24791951710446328
original_A,s29,I,620.0,-0.7930230482958701
original_A,s29,I,640.0,-0.49311196670076374
original_A,s29,I,660.0,0.2808160572270254
original_A,s29,I,680.0,0.30393156797899046
original_A,s29,I,700.0,0.047857168077177464
original_A,s29,I,720.0,-0.050167970458457826
original_A,s29,I,740.0,0.07624369961995305
original_A,s29,I,760.0,0.11081400287176174
original_A,s29,I,780.0,0.052161912776156505
original_A,s29,I,800.0,-0.06136937989947305
original_A,s29,I,820.0,-0.4643922374077696
original_A,s29,I,840.0,-0.7623567753080213
original_A,s29,I,860.0,-0.8339914421419623
original_A,s29,I,880.0,-0.3609821857061723
original_A,s29,I,900.0,-0.2364406122343239
original_A,s29,I,920.0,-0.23090353121149515
original_A,s29,I,940.0,-0.18522793267409832
original_A,s29,I,960.0,-0.20804078029914538
original_A,s29,I,980.0,-0.2462662369685745
A2,s29,G_new,0.0,0.484439651318643
A2,s29,G_new,20.0,0.5790187230894437
A2,s29,G_new,40.0,0.26931704852132604
A2,s29,G_new,60.0,0.07247085011386344
A2,s29,G_new,80.0,0.10653333149924983
A2,s29,G_new,100.0,0.24203902432780217
A2,s29,G_new,120.0,0.18239834046049258
A2,s29,G_new,140.0,0.2327925802914681
A2,s29,G_new,160.0,0.1431659611491466
A2,s29,G_new,180.0,0.29803425744488654
A2,s29,G_new,200.0,0.3644442247664249
A2,s29,G_new,220.0,0.4418235892979396
A2,s29,G_new,240.0,0.42577884058138604
A2,s29,G_new,260.0,0.6931816871884036
A2,s29,G_new,280.0,0.694315579545216
A2,s29,G_new,300.0,0.8754213625966903
A2,s29,G_new,320.0,0.6843259606893202
A2,s29,G_new,340.0,0.8133895725775515
A2,s29,G_new,360.0,0.9415145567241334
A2,s29,G_new,380.0,0.8938515348526342
A2,s29,G_new,400.0,0.9436529821272247
A2,s29,G_new,420.0,0.8853983407700344
A2,s29,G_new,440.0,0.6665212567668035
A2,s29,G_new,460.0,0.6918697946552693
A2,s29,G_new,480.0,0.8244654774449266
A2,s29,G_new,500.0,0.7318057385636872
A2,s29,G_new,520.0,0.6565582897076928
A2,s29,G_new,540.0,0.6698649549408713
A2,s29,G_new,560.0,0.8877248039614486
A2,s29,G_new,580.0,1.023753076634585
A2,s29,G_new,600.0,0.846252958490169
A2,s29,G_new,620.0,0.8116373109644659
A2,s29,G_new,640.0,0.7028731813177819
A2,s29,G_new,660.0,0.5985028763340176
A2,s29,G_new,680.0,0.6781092250154552
A2,s29,G_new,700.0,0.6587755160913166
A2,s29,G_new,720.0,0.6697767467076733
A2,s29,G_new,740.0,0.4906086171769235
A2,s29,G_new,760.0,0.4493406572709032
A2,s29,G_new,780.0,0.5968174333343754
A2,s29,G_new,800.0,0.7718648757488422
A2,s29,G_new,820.0,0.9901903810859587
A2,s29,G_new,840.0,1.1309192459598545
A2,s29,G_new,860.0,0.7644082209166483
A2,s29,G_new,880.0,0.6539289590635303
A2,s29,G_new,900.0,0.7851375189280755
A2,s29,G_new,920.0,0.7977837157640685
A2,s29,G_new,940.0,0.74193514342037
A2,s29,G_new,960.0,0.5788617244701004
A2,s29,G_new,980.0,0.4647957303489007
A2,s29,A2,0.0,0.16247464867727676
A2,s29,A2,20.0,0.11619154210807016
A2,s29,A2,40.0,-0.07425620746046935
A2,s29,A2,60.0,-0.10782566213426645
A2,s29,A2,80.0,-0.015194262161332087
A2,s29,A2,100.0,0.04798997519942809
A2,s29,A2,120.0,-0.19667790564348675
A2,s29,A2,140.0,-0.10394470645401455
A2,s29,A2,160.0,0.010601363035798811
A2,s29,A2,180.0,-0.2037553685199744
A2,s29,A2,200.0,-0.3745442864093419
A2,s29,A2,220.0,-0.26987780422859375
A2,s29,A2,240.0,-0.1874615486541674
A2,s29,A2,260.0,-0.16171011169387045
A2,s29,A2,280.0,-0.39286045815949594
A2,s29,A2,300.0,-0.22847991582052624
A2,s29,A2,320.0,-0.2827787763670671
A2,s29,A2,340.0,-0.1671492073161198
A2,s29,A2,360.0,-0.0275454311720837
A2,s29,A2,380.0,-0.07008320624041461
A2,s29,A2,400.0,-0.2051087052075723
A2,s29,A2,420.0,-0.27206687474171204
A2,s29,A2,440.0,0.03268294012257331
A2,s29,A2,460.0,-0.006007609834576794
A2,s29,A2,480.0,-0.15668248314555328
A2,s29,A2,500.0,-0.15862932991365106
A2,s29,A2,520.0,-0.2910332381948
A2,s29,A2,540.0,-0.17185768525897294
A2,s29,A2,560.0,-0.32940050364070617
A2,s29,A2,580.0,-0.4557627959962544
A2,s29,A2,600.0,-0.18466157717686182
A2,s29,A2,620.0,-0.01893810357440695
A2,s29,A2,640.0,-0.23356776846089206
A2,s29,A2,660.0,-0.6786874335964425
A2,s29,A2,680.0,-0.5034723859104169
A2,s29,A2,700.0,-0.461542642229236
A2,s29,A2,720.0,-0.4310584802027916
A2,s29,A2,740.0,-0.33701374000326745
A2,s29,A2,760.0,-0.32323178080372483
A2,s29,A2,780.0,-0.4205045810972446
A2,s29,A2,800.0,-0.5580917551976377
A2,s29,A2,820.0,-0.4003538390118285
A2,s29,A2,840.0,-0.25427300886754534
A2,s29,A2,860.0,-0.19106953649275443
A2,s29,A2,880.0,-0.288800504003641
A2,s29,A2,900.0,-0.3726327376733697
A2,s29,A2,920.0,-0.33826323425886384
A2,s29,A2,940.0,-0.2720581522763177
A2,s29,A2,960.0,-0.11843304225669912
A2,s29,A2,980.0,-0.08327823065534871
A2,s29,I,0.0,-0.18473675109233206
A2,s29,I,20.0,0.06524852425172326
A2,s29,I,40.0,0.43085535991094226
A2,s29,I,60.0,0.407705903350843
A2,s29,I,80.0,-0.00417469390009375
A2,s29,I,100.0,-0.31576824123228553
A2,s29,I,120.0,-0.19056614405048244
A2,s29,I,140.0,-0.36622110173053257
A2,s29,I,160.0,-0.5515645827167437
A2,s29,I,180.0,-0.5891648040145655
A2,s29,I,200.0,-0.34092650494468757
A2,s29,I,220.0,-0.47896049899379667
A2,s29,I,240.0,-0.5894239561722602
A2,s29,I,260.0,-0.6216821445898753
A2,s29,I,280.0,-0.30002540143492834
A2,s29,I,300.0,-0.5526358073663998
A2,s29,I,320.0,-0.6627342742850328
A2,s29,I,340.0,-0.4440766793148021
A2,s29,I,360.0,-0.5182957164661789
A2,s29,I,380.0,-0.6213636301677443
A2,s29,I,400.0,-0.7574270703674897
A2,s29,I,420.0,-0.5816239700645388
A2,s29,I,440.0,-0.34875502192822766
A2,s29,I,460.0,-0.4034599633742483
A2,s29,I,480.0,-0.4109398000288933
A2,s29,I,500.0,-0.6662603364117985
A2,s29,I,520.0,-0.7226434184523516
A2,s29,I,540.0,-0.6693632402006083
A2,s29,I,560.0,-0.4086516655155976
A2,s29,I,580.0,-0.26434695866815205
A2,s29,I,600.0,-0.45335655316711243
A2,s29,I,620.0,-0.7801576687648082
A2,s29,I,640.0,-0.5244157598932098
A2,s29,I,660.0,0.14121924694783
A2,s29,I,680.0,0.10599340476102115
A2,s29,I,700.0,-0.13897691396531814
A2,s29,I,720.0,-0.21426195182065766
A2,s29,I,740.0,-0.11045669233157131
A2,s29,I,760.0,-0.062061543190195245
A2,s29,I,780.0,-0.213826287835413
A2,s29,I,800.0,-0.3187013111557234
A2,s29,I,820.0,-0.6242618314016289
A2,s29,I,840.0,-0.8941708572959575
A2,s29,I,860.0,-0.9998681448809883
A2,s29,I,880.0,-0.6264446121329377
A2,s29,I,900.0,-0.599254633099803
A2,s29,I,920.0,-0.47277470245939945
A2,s29,I,940.0,-0.36550690592121654
A2,s29,I,960.0,-0.4418507975360295
A2,s29,I,980.0,-0.4859854889782973
robust_A_AR,s29,G_new,0.0,0.4665363747768003
robust_A_AR,s29,G_new,20.0,0.5670263878886159
robust_A_AR,s29,G_new,40.0,0.27985144980489624
robust_A_AR,s29,G_new,60.0,0.0869518984554037
robust_A_AR,s29,G_new,80.0,0.10899627571559059
robust_A_AR,s29,G_new,100.0,0.2378618401334997
robust_A_AR,s29,G_new,120.0,0.20718939593270114
robust_A_AR,s29,G_new,140.0,0.24699801937508864
robust_A_AR,s29,G_new,160.0,0.143881331897727
robust_A_AR,s29,G_new,180.0,0.32481551976911593
robust_A_AR,s29,G_new,200.0,0.41206268974748594
robust_A_AR,s29,G_new,220.0,0.47668562470730513
robust_A_AR,s29,G_new,240.0,0.45027886165612585
robust_A_AR,s29,G_new,260.0,0.7146358583056138
robust_A_AR,s29,G_new,280.0,0.7440268636119337
robust_A_AR,s29,G_new,300.0,0.9057960307496323
robust_A_AR,s29,G_new,320.0,0.7206912942166958
robust_A_AR,s29,G_new,340.0,0.8352456321446039
robust_A_AR,s29,G_new,360.0,0.9470144562981924
robust_A_AR,s29,G_new,380.0,0.9044506158795911
robust_A_AR,s29,G_new,400.0,0.9702043898511723
robust_A_AR,s29,G_new,420.0,0.9211633797196459
robust_A_AR,s29,G_new,440.0,0.666219491381245
robust_A_AR,s29,G_new,460.0,0.6948726317778092
robust_A_AR,s29,G_new,480.0,0.8441772729918136
robust_A_AR,s29,G_new,500.0,0.752035760662618
robust_A_AR,s29,G_new,520.0,0.6931642585419819
robust_A_AR,s29,G_new,540.0,0.6924132329965226
robust_A_AR,s29,G_new,560.0,0.9291542814180788
robust_A_AR,s29,G_new,580.0,1.080487389764033
robust_A_AR,s29,G_new,600.0,0.8702879182908047
robust_A_AR,s29,G_new,620.0,0.8137596173353897
robust_A_AR,s29,G_new,640.0,0.7309661390931945
robust_A_AR,s29,G_new,660.0,0.680624789958243
robust_A_AR,s29,G_new,680.0,0.7399828450880084
robust_A_AR,s29,G_new,700.0,0.7155505554717165
robust_A_AR,s29,G_new,720.0,0.7226968806177196
robust_A_AR,s29,G_new,740.0,0.532572786206891
robust_A_AR,s29,G_new,760.0,0.4895262327323952
robust_A_AR,s29,G_new,780.0,0.6495112285059705
robust_A_AR,s29,G_new,800.0,0.840833739953809
robust_A_AR,s29,G_new,820.0,1.0394163334476492
robust_A_AR,s29,G_new,840.0,1.1624893654135144
robust_A_AR,s29,G_new,860.0,0.7888058215163589
robust_A_AR,s29,G_new,880.0,0.6909546220893263
robust_A_AR,s29,G_new,900.0,0.8331157893617803
robust_A_AR,s29,G_new,920.0,0.8404535129710351
robust_A_AR,s29,G_new,940.0,0.776109676484895
robust_A_AR,s29,G_new,960.0,0.5953069662175535
robust_A_AR,s29,G_new,980.0,0.4771198711773331
robust_A_AR,s29,AR,0.0,0.049174082348810114
robust_A_AR,s29,AR,20.0,-0.017269690559181705
robust_A_AR,s29,AR,40.0,-0.17455530250365406
robust_A_AR,s29,AR,60.0,-0.20072435372343952
robust_A_AR,s29,AR,80.0,-0.05559389499746731
robust_A_AR,s29,AR,100.0,-0.05730532685162328
robust_A_AR,s29,AR,120.0,-0.2611921034167772
robust_A_AR,s29,AR,140.0,-0.2093804934972117
robust_A_AR,s29,AR,160.0,-0.11858120658147298
robust_A_AR,s29,AR,180.0,-0.34159399770633925
robust_A_AR,s29,AR,200.0,-0.523752815120563
robust_A_AR,s29,AR,220.0,-0.41298911948715533
robust_A_AR,s29,AR,240.0,-0.3052504699272289
robust_A_AR,s29,AR,260.0,-0.2839900411237329
robust_A_AR,s29,AR,280.0,-0.5341159516383538
robust_A_AR,s29,AR,300.0,-0.40526500113686836
robust_A_AR,s29,AR,320.0,-0.42217797775513627
robust_A_AR,s29,AR,340.0,-0.2728690162111462
robust_A_AR,s29,AR,360.0,-0.16769960923152571
robust_A_AR,s29,AR,380.0,-0.20720687223394785
robust_A_AR,s29,AR,400.0,-0.3174988045147611
robust_A_AR,s29,AR,420.0,-0.4564426756138238
robust_A_AR,s29,AR,440.0,-0.2034601534807811
robust_A_AR,s29,AR,460.0,-0.1531771868509198
robust_A_AR,s29,AR,480.0,-0.2056283155971177
robust_A_AR,s29,AR,500.0,-0.22585479398441033
robust_A_AR,s29,AR,520.0,-0.38142313715295906
robust_A_AR,s29,AR,540.0,-0.2855051484530763
robust_A_AR,s29,AR,560.0,-0.4315578480162291
robust_A_AR,s29,AR,580.0,-0.5590859908404189
robust_A_AR,s29,AR,600.0,-0.2942819043034996
robust_A_AR,s29,AR,620.0,-0.008026783617609001
robust_A_AR,s29,AR,640.0,-0.22301933778702576
robust_A_AR,s29,AR,660.0,-0.679787955898936
robust_A_AR,s29,AR,680.0,-0.5659041794152125
robust_A_AR,s29,AR,700.0,-0.5222875998161814
robust_A_AR,s29,AR,720.0,-0.48100180288343697
robust_A_AR,s29,AR,740.0,-0.4141912427360051
robust_A_AR,s29,AR,760.0,-0.39321218271781305
robust_A_AR,s29,AR,780.0,-0.5383684663034374
robust_A_AR,s29,AR,800.0,-0.6520523774998199
robust_A_AR,s29,AR,820.0,-0.45161255088880037
robust_A_AR,s29,AR,840.0,-0.3065948652262176
robust_A_AR,s29,AR,860.0,-0.27401327337347225
robust_A_AR,s29,AR,880.0,-0.4237928149268248
robust_A_AR,s29,AR,900.0,-0.5600588822653162
robust_A_AR,s29,AR,920.0,-0.451292605050272
robust_A_AR,s29,AR,940.0,-0.3536604177509811
robust_A_AR,s29,AR,960.0,-0.2553621329570109
robust_A_AR,s29,AR,980.0,-0.22872868519017933
robust_A_AR,s29,I,0.0,-0.14018603724392312
robust_A_AR,s29,I,20.0,0.13191720696146494
robust_A_AR,s29,I,40.0,0.5114512475649491
robust_A_AR,s29,I,60.0,0.4897243857697835
robust_A_AR,s29,I,80.0,0.0255115296090973
robust_A_AR,s29,I,100.0,-0.2549260804289255
robust_A_AR,s29,I,120.0,-0.11062206256522034
robust_A_AR,s29,I,140.0,-0.276612454593434
robust_A_AR,s29,I,160.0,-0.46780917479588324
robust_A_AR,s29,I,180.0,-0.4592096243670124
robust_A_AR,s29,I,200.0,-0.17119215807456467
robust_A_AR,s29,I,220.0,-0.3330264421248357
robust_A_AR,s29,I,240.0,-0.47585348641582714
robust_A_AR,s29,I,260.0,-0.5099902102185837
robust_A_AR,s29,I,280.0,-0.132113927959359
robust_A_AR,s29,I,300.0,-0.3921605133794343
robust_A_AR,s29,I,320.0,-0.5168297729481233
robust_A_AR,s29,I,340.0,-0.34235148721779834
robust_A_AR,s29,I,360.0,-0.4200578627151029
robust_A_AR,s29,I,380.0,-0.5171097800764669
robust_A_AR,s29,I,400.0,-0.6441101510563004
robust_A_AR,s29,I,420.0,-0.40788391838245874
robust_A_AR,s29,I,440.0,-0.19816256574338798
robust_A_AR,s29,I,460.0,-0.3046296655442537
robust_A_AR,s29,I,480.0,-0.34887853390047735
robust_A_AR,s29,I,500.0,-0.5916969731890654
robust_A_AR,s29,I,520.0,-0.6077152927621359
robust_A_AR,s29,I,540.0,-0.5614867943108638
robust_A_AR,s29,I,560.0,-0.27867118086381637
robust_A_AR,s29,I,580.0,-0.10974535317204315
robust_A_AR,s29,I,600.0,-0.34573710709483413
robust_A_AR,s29,I,620.0,-0.7838269881012521
robust_A_AR,s29,I,640.0,-0.4873391084719371
robust_A_AR,s29,I,660.0,0.270032216179812
robust_A_AR,s29,I,680.0,0.24245359508747122
robust_A_AR,s29,I,700.0,-0.011549519622533977
robust_A_AR,s29,I,720.0,-0.09975807096851955
robust_A_AR,s29,I,740.0,0.00437803731279407
robust_A_AR,s29,I,760.0,0.045394546528768565
robust_A_AR,s29,I,780.0,-0.05622599811929507
robust_A_AR,s29,I,800.0,-0.15100332500564365
robust_A_AR,s29,I,820.0,-0.5146793501403146
robust_A_AR,s29,I,840.0,-0.8114511059341895
robust_A_AR,s29,I,860.0,-0.9087482782631416
robust_A_AR,s29,I,880.0,-0.4823291405827601
robust_A_AR,s29,I,900.0,-0.4045107867070835
robust_A_AR,s29,I,920.0,-0.33390438864272853
robust_A_AR,s29,I,940.0,-0.259993324572667
robust_A_AR,s29,I,960.0,-0.3286014962492212
robust_A_AR,s29,I,980.0,-0.37371383778911266
original_A,s30,G_new,0.0,0.023370868984299215
original_A,s30,G_new,20.0,0.07828534565400759
original_A,s30,G_new,40.0,0.2841633602274057
original_A,s30,G_new,60.0,0.10245252617192774
original_A,s30,G_new,80.0,0.2507099224812005
original_A,s30,G_new,100.0,0.31044748329020977
original_A,s30,G_new,120.0,0.543481386180346
original_A,s30,G_new,140.0,0.4975202193835928
original_A,s30,G_new,160.0,0.553952699571467
original_A,s30,G_new,180.0,0.5085308725911106
original_A,s30,G_new,200.0,0.5295607007851291
original_A,s30,G_new,220.0,0.13184312165564374
original_A,s30,G_new,240.0,0.17743363448897326
original_A,s30,G_new,260.0,0.06607051853771717
original_A,s30,G_new,280.0,0.02186369082502214
original_A,s30,G_new,300.0,0.06510420915027045
original_A,s30,G_new,320.0,0.24506345724430315
original_A,s30,G_new,340.0,0.43607256469479305
original_A,s30,G_new,360.0,0.4817718466230889
original_A,s30,G_new,380.0,0.050326302905965355
original_A,s30,G_new,400.0,-0.39580803049514035
original_A,s30,G_new,420.0,-0.09412101419209645
original_A,s30,G_new,440.0,0.43080021984315686
original_A,s30,G_new,460.0,0.45137166969503806
original_A,s30,G_new,480.0,0.097548761850308
original_A,s30,G_new,500.0,0.00690267319617309
original_A,s30,G_new,520.0,0.033335884099619975
original_A,s30,G_new,540.0,0.2855909710513377
original_A,s30,G_new,560.0,0.48942492099543966
original_A,s30,G_new,580.0,0.06228019642196858
original_A,s30,G_new,600.0,-0.12721005513601807
original_A,s30,G_new,620.0,-0.20812381178753714
original_A,s30,G_new,640.0,0.14285908141727488
original_A,s30,G_new,660.0,0.37608481324186105
original_A,s30,G_new,680.0,0.4669283616461826
original_A,s30,G_new,700.0,0.39965863808755475
original_A,s30,G_new,720.0,0.15658832954820223
original_A,s30,G_new,740.0,-0.016481266136095622
original_A,s30,G_new,760.0,0.07682795405363141
original_A,s30,G_new,780.0,0.06184315123527724
original_A,s30,G_new,800.0,0.0014740174201959694
original_A,s30,G_new,820.0,-0.020164017423867447
original_A,s30,G_new,840.0,-0.028875602281379385
original_A,s30,G_new,860.0,0.03314465411593387
original_A,s30,G_new,880.0,0.1043177594526014
original_A,s30,G_new,900.0,-0.051219594334026
original_A,s30,G_new,920.0,0.0350564707627342
original_A,s30,G_new,940.0,0.024722894410458857
original_A,s30,G_new,960.0,0.07169879920876188
original_A,s30,G_new,980.0,-0.08473360419013393
original_A,s30,A,0.0,-0.0708030678459094
original_A,s30,A,20.0,-0.1517995441304335
original_A,s30,A,40.0,-0.23039149007445006
original_A,s30,A,60.0,-0.34490143194727363
original_A,s30,A,80.0,-0.19866783316800277
original_A,s30,A,100.0,0.041050757141274444
original_A,s30,A,120.0,-0.16326408865346648
original_A,s30,A,140.0,-0.3034856932837259
original_A,s30,A,160.0,-0.5465385561034178
original_A,s30,A,180.0,-0.29999759825008576
original_A,s30,A,200.0,-0.09022077728546063
original_A,s30,A,220.0,-0.23463588998666612
original_A,s30,A,240.0,-0.3310162265449372
original_A,s30,A,260.0,-0.48341187319707457
original_A,s30,A,280.0,-0.5142129784086904
original_A,s30,A,300.0,-0.4766553001942491
original_A,s30,A,320.0,-0.39090079598855204
original_A,s30,A,340.0,-0.5028801330998511
original_A,s30,A,360.0,-0.30011255148517246
original_A,s30,A,380.0,-0.09500168212395815
original_A,s30,A,400.0,-0.04487962129670904
original_A,s30,A,420.0,-0.03909915811677011
original_A,s30,A,440.0,-0.34390474795572323
original_A,s30,A,460.0,-0.5501584125404895
original_A,s30,A,480.0,-0.6844965868718286
original_A,s30,A,500.0,-0.6611787969313027
original_A,s30,A,520.0,-0.7971863427683471
original_A,s30,A,540.0,-0.7843238858737558
original_A,s30,A,560.0,-0.7452183596589008
original_A,s30,A,580.0,-0.8832107593569878
original_A,s30,A,600.0,-0.9897282544339004
original_A,s30,A,620.0,-0.6674983761436992
original_A,s30,A,640.0,-0.2614226429404647
original_A,s30,A,660.0,-0.5096405471157948
original_A,s30,A,680.0,-0.7228001135740294
original_A,s30,A,700.0,-0.5606551826609623
original_A,s30,A,720.0,-0.3779452434738384
original_A,s30,A,740.0,-0.13082300328949795
original_A,s30,A,760.0,-0.32648946758598474
original_A,s30,A,780.0,-0.40206324346287436
original_A,s30,A,800.0,-0.41688911360347525
original_A,s30,A,820.0,-0.2681843877819118
original_A,s30,A,840.0,-0.22609642382752218
original_A,s30,A,860.0,-0.1748389139089644
original_A,s30,A,880.0,-0.1624727517144707
original_A,s30,A,900.0,-0.34737198623873067
original_A,s30,A,920.0,-0.5510721363099579
original_A,s30,A,940.0,-0.46236741003137627
original_A,s30,A,960.0,-0.29203495705113003
original_A,s30,A,980.0,-0.0768682168603814
original_A,s30,I,0.0,-0.1153989651390007
original_A,s30,I,20.0,-0.1142614798656835
original_A,s30,I,40.0,-0.24815511734231005
original_A,s30,I,60.0,-0.018147381518866083
original_A,s30,I,80.0,0.32220156235464475
original_A,s30,I,100.0,0.006068084529576315
original_A,s30,I,120.0,-0.02619169584971657
original_A,s30,I,140.0,0.15511465935151655
original_A,s30,I,160.0,-0.06016519475561513
original_A,s30,I,180.0,-0.5969757814588864
original_A,s30,I,200.0,-0.7779824899954333
original_A,s30,I,220.0,-0.27047468635274613
original_A,s30,I,240.0,-0.10966244963304445
original_A,s30,I,260.0,0.16085297619373212
original_A,s30,I,280.0,0.1879721784153037
original_A,s30,I,300.0,0.12889673319317266
original_A,s30,I,320.0,-0.16989637433274724
original_A,s30,I,340.0,0.10272161343609151
original_A,s30,I,360.0,-0.017675117623849892
original_A,s30,I,380.0,0.05562370106193726
original_A,s30,I,400.0,0.49371857581621165
original_A,s30,I,420.0,0.3603294790093652
original_A,s30,I,440.0,0.580415614181453
original_A,s30,I,460.0,0.3569597738994149
original_A,s30,I,480.0,0.34686345765851434
original_A,s30,I,500.0,0.30301190804395295
original_A,s30,I,520.0,0.8177140305021389
original_A,s30,I,540.0,0.8240755601480677
original_A,s30,I,560.0,-0.10071503222078765
original_A,s30,I,580.0,-0.05193309886817066
original_A,s30,I,600.0,0.19960108130977644
original_A,s30,I,620.0,0.2377183420474685
original_A,s30,I,640.0,-0.11474620102718028
original_A,s30,I,660.0,-0.19726289806203898
original_A,s30,I,680.0,-0.3667028078750439
original_A,s30,I,700.0,-0.32633008830700855
original_A,s30,I,720.0,0.06941015331980803
original_A,s30,I,740.0,-0.08871098409628386
original_A,s30,I,760.0,-0.2254097481697975
original_A,s30,I,780.0,-0.2710430089571502
original_A,s30,I,800.0,0.08155687397454744
original_A,s30,I,820.0,0.12707903173392215
original_A,s30,I,840.0,0.015023447647175584
original_A,s30,I,860.0,-0.09632044497751413
original_A,s30,I,880.0,-0.3220190623907492
original_A,s30,I,900.0,0.10219143699987171
original_A,s30,I,920.0,0.582039623998505
original_A,s30,I,940.0,0.47558156180994676
original_A,s30,I,960.0,0.08385416856093372
original_A,s30,I,980.0,-0.062444928931821464
A2,s30,G_new,0.0,-0.01604954734690362
A2,s30,G_new,20.0,0.03538886428439446
A2,s30,G_new,40.0,0.2425386797021186
A2,s30,G_new,60.0,0.03873237207295786
A2,s30,G_new,80.0,0.21843113264152328
A2,s30,G_new,100.0,0.3233271776859959
A2,s30,G_new,120.0,0.5154926558581154
A2,s30,G_new,140.0,0.44552154388021614
A2,s30,G_new,160.0,0.4463093622202863
A2,s30,G_new,180.0,0.4631397953500085
A2,s30,G_new,200.0,0.5220603975291543
A2,s30,G_new,220.0,0.08787092072328082
A2,s30,G_new,240.0,0.10093865341739108
A2,s30,G_new,260.0,-0.042508956019130295
A2,s30,G_new,280.0,-0.07261657390561489
A2,s30,G_new,300.0,-0.0004234888101853941
A2,s30,G_new,320.0,0.18022884333602895
A2,s30,G_new,340.0,0.3328116166300702
A2,s30,G_new,360.0,0.4191160434443676
A2,s30,G_new,380.0,0.03792827922818445
A2,s30,G_new,400.0,-0.39271694540960955
A2,s30,G_new,420.0,-0.10587428589436326
A2,s30,G_new,440.0,0.3590221778805415
A2,s30,G_new,460.0,0.3423600420583579
A2,s30,G_new,480.0,-0.03886632628011739
A2,s30,G_new,500.0,-0.13503107936305753
A2,s30,G_new,520.0,-0.13692742090937937
A2,s30,G_new,540.0,0.13915482117280725
A2,s30,G_new,560.0,0.35426703585660924
A2,s30,G_new,580.0,-0.13149442159900587
A2,s30,G_new,600.0,-0.378317691491397
A2,s30,G_new,620.0,-0.3730126328732673
A2,s30,G_new,640.0,0.09056615946975992
A2,s30,G_new,660.0,0.28684451367628994
A2,s30,G_new,680.0,0.32468021487286053
A2,s30,G_new,700.0,0.3057691543908715
A2,s30,G_new,720.0,0.11431206310622216
A2,s30,G_new,740.0,-0.01317533082678856
A2,s30,G_new,760.0,0.03623793312702742
A2,s30,G_new,780.0,-0.003821697140086157
A2,s30,G_new,800.0,-0.06999710479531096
A2,s30,G_new,820.0,-0.05225016878536928
A2,s30,G_new,840.0,-0.04574353570518103
A2,s30,G_new,860.0,0.019516469409711704
A2,s30,G_new,880.0,0.07685904658793306
A2,s30,G_new,900.0,-0.10334084049951277
A2,s30,G_new,920.0,-0.05598195960765693
A2,s30,G_new,940.0,-0.05667429297534125
A2,s30,G_new,960.0,0.012456705003472762
A2,s30,G_new,980.0,-0.11902094499064768
A2,s30,A2,0.0,-0.23529903866944063
A2,s30,A2,20.0,-0.18719596221303553
A2,s30,A2,40.0,-0.10511332888805393
A2,s30,A2,60.0,-0.16808332434035142
A2,s30,A2,80.0,-0.06308626570054542
A2,s30,A2,100.0,0.06037544368402331
A2,s30,A2,120.0,-0.06299071757662154
A2,s30,A2,140.0,-0.11687343816382673
A2,s30,A2,160.0,-0.3172030542058808
A2,s30,A2,180.0,-0.06971466242275735
A2,s30,A2,200.0,0.02592129842385069
A2,s30,A2,220.0,-0.11909978990506692
A2,s30,A2,240.0,-0.27825827299018224
A2,s30,A2,260.0,-0.38248250529787653
A2,s30,A2,280.0,-0.24663098879413708
A2,s30,A2,300.0,-0.06051041057469616
A2,s30,A2,320.0,-0.134211294894711
A2,s30,A2,340.0,-0.32400664849850225
A2,s30,A2,360.0,-0.2012224276781468
A2,s30,A2,380.0,-0.007011872797858684
A2,s30,A2,400.0,0.06490068532335608
A2,s30,A2,420.0,-0.05358594721620008
A2,s30,A2,440.0,-0.23042876680785915
A2,s30,A2,460.0,-0.3242998186672433
A2,s30,A2,480.0,-0.40947116960931834
A2,s30,A2,500.0,-0.4730183531565447
A2,s30,A2,520.0,-0.5637119720692958
A2,s30,A2,540.0,-0.3939181738552955
A2,s30,A2,560.0,-0.34395919766233857
A2,s30,A2,580.0,-0.663711972664276
A2,s30,A2,600.0,-1.0026687046938425
A2,s30,A2,620.0,-0.6421903385789506
A2,s30,A2,640.0,-0.15785885991569065
A2,s30,A2,660.0,-0.21089677876320592
A2,s30,A2,680.0,-0.4186585612151692
A2,s30,A2,700.0,-0.19935157101671144
A2,s30,A2,720.0,0.02582429567422695
A2,s30,A2,740.0,0.14569696297602594
A2,s30,A2,760.0,-0.00871450268391065
A2,s30,A2,780.0,-0.13025918861990035
A2,s30,A2,800.0,-0.1608665603658686
A2,s30,A2,820.0,0.0024107058979481247
A2,s30,A2,840.0,0.0796580201611512
A2,s30,A2,860.0,0.05714460748031988
A2,s30,A2,880.0,-0.0596791154549966
A2,s30,A2,900.0,-0.07738622195074324
A2,s30,A2,920.0,-0.186443720048169
A2,s30,A2,940.0,-0.19464769639543258
A2,s30,A2,960.0,-0.18263870045213848
A2,s30,A2,980.0,-0.19058190092754976
A2,s30,I,0.0,-0.0517637880103283
A2,s30,I,20.0,-0.13746026213629733
A2,s30,I,40.0,-0.37342449880613776
A2,s30,I,60.0,-0.20028192884980084
A2,s30,I,80.0,0.20031820575843878
A2,s30,I,100.0,0.00743492504274456
A2,s30,I,120.0,-0.12074650669463725
A2,s30,I,140.0,-0.020759390960378443
A2,s30,I,160.0,-0.32319351185956446
A2,s30,I,180.0,-0.7938793883866351
A2,s30,I,200.0,-0.8607890927310446
A2,s30,I,220.0,-0.3919891826399988
A2,s30,I,240.0,-0.22562814894268732
A2,s30,I,260.0,-0.020517663303572853
A2,s30,I,280.0,-0.08556639156837287
A2,s30,I,300.0,-0.20924169573723114
A2,s30,I,320.0,-0.40464269313245405
A2,s30,I,340.0,-0.12312393494463528
A2,s30,I,360.0,-0.14850267689137342
A2,s30,I,380.0,-0.014310302153928034
A2,s30,I,400.0,0.426361352269984
A2,s30,I,420.0,0.3570557793277895
A2,s30,I,440.0,0.4304193665441039
A2,s30,I,460.0,0.094702898632776
A2,s30,I,480.0,0.023578931530845393
A2,s30,I,500.0,0.029730527938634677
A2,s30,I,520.0,0.48489252126405213
A2,s30,I,540.0,0.41577256536440244
A2,s30,I,560.0,-0.503914580707862
A2,s30,I,580.0,-0.4009620525036349
A2,s30,I,600.0,-0.06125670467374915
A2,s30,I,620.0,0.04466500203446537
A2,s30,I,640.0,-0.2374733787296404
A2,s30,I,660.0,-0.48524454833026287
A2,s30,I,680.0,-0.7149838512710488
A2,s30,I,700.0,-0.6595684661109893
A2,s30,I,720.0,-0.2358360579422205
A2,s30,I,740.0,-0.2631762459030406
A2,s30,I,760.0,-0.4734894451958241
A2,s30,I,780.0,-0.5164093087293593
A2,s30,I,800.0,-0.1598744561586126
A2,s30,I,820.0,-0.08151253239656989
A2,s30,I,840.0,-0.19988790790649616
A2,s30,I,860.0,-0.26026887990169767
A2,s30,I,880.0,-0.41762810906469194
A2,s30,I,900.0,-0.12748555720904475
A2,s30,I,920.0,0.24971724730780426
A2,s30,I,940.0,0.21597943238915085
A2,s30,I,960.0,-0.0500771881643044
A2,s30,I,980.0,-0.025998085139977783
robust_A_AR,s30,G_new,0.0,0.01385832251399868
robust_A_AR,s30,G_new,20.0,0.05893145305341506
robust_A_AR,s30,G_new,40.0,0.2553764209673125
robust_A_AR,s30,G_new,60.0,0.059322623747977976
robust_A_AR,s30,G_new,80.0,0.22597716710830307
robust_A_AR,s30,G_new,100.0,0.3157132956731789
robust_A_AR,s30,G_new,120.0,0.5231195866003546
robust_A_AR,s30,G_new,140.0,0.4596711227613071
robust_A_AR,s30,G_new,160.0,0.48544127908933904
robust_A_AR,s30,G_new,180.0,0.4712670723660085
robust_A_AR,s30,G_new,200.0,0.5185078428918364
robust_A_AR,s30,G_new,220.0,0.10248632804063121
robust_A_AR,s30,G_new,240.0,0.1356564940173811
robust_A_AR,s30,G_new,260.0,0.005138052438983631
robust_A_AR,s30,G_new,280.0,-0.042425606955337286
robust_A_AR,s30,G_new,300.0,0.00606195650049229
robust_A_AR,s30,G_new,320.0,0.19636597229831623
robust_A_AR,s30,G_new,340.0,0.37292852178314184
robust_A_AR,s30,G_new,360.0,0.44406249489021327
robust_A_AR,s30,G_new,380.0,0.03857521100914461
robust_A_AR,s30,G_new,400.0,-0.4011356016836293
robust_A_AR,s30,G_new,420.0,-0.09912362859487935
robust_A_AR,s30,G_new,440.0,0.38758885935482923
robust_A_AR,s30,G_new,460.0,0.38239009461942874
robust_A_AR,s30,G_new,480.0,0.011703577280291075
robust_A_AR,s30,G_new,500.0,-0.07627233915392656
robust_A_AR,s30,G_new,520.0,-0.06692693768527373
robust_A_AR,s30,G_new,540.0,0.18747298067405826
robust_A_AR,s30,G_new,560.0,0.39629843429582234
robust_A_AR,s30,G_new,580.0,-0.04893047271309581
robust_A_AR,s30,G_new,600.0,-0.25268227632411167
robust_A_AR,s30,G_new,620.0,-0.2926338884157084
robust_A_AR,s30,G_new,640.0,0.11006829108543253
robust_A_AR,s30,G_new,660.0,0.31247720083528835
robust_A_AR,s30,G_new,680.0,0.3763244167901307
robust_A_AR,s30,G_new,700.0,0.3297910662867578
robust_A_AR,s30,G_new,720.0,0.11001516076938382
robust_A_AR,s30,G_new,740.0,-0.03215364856465499
robust_A_AR,s30,G_new,760.0,0.03649378248681956
robust_A_AR,s30,G_new,780.0,0.011780609701318334
robust_A_AR,s30,G_new,800.0,-0.05051919441953464
robust_A_AR,s30,G_new,820.0,-0.0532638523972075
robust_A_AR,s30,G_new,840.0,-0.05652623857535187
robust_A_AR,s30,G_new,860.0,0.011747983446698172
robust_A_AR,s30,G_new,880.0,0.08406451396820824
robust_A_AR,s30,G_new,900.0,-0.09435699341237977
robust_A_AR,s30,G_new,920.0,-0.033585721185077154
robust_A_AR,s30,G_new,940.0,-0.03299548346370121
robust_A_AR,s30,G_new,960.0,0.03504759467546131
robust_A_AR,s30,G_new,980.0,-0.09484822461552575
robust_A_AR,s30,AR,0.0,-0.1664594274801549
robust_A_AR,s30,AR,20.0,-0.17605889213703924
robust_A_AR,s30,AR,40.0,-0.1651936720610625
robust_A_AR,s30,AR,60.0,-0.253411931211481
robust_A_AR,s30,AR,80.0,-0.12674392576860644
robust_A_AR,s30,AR,100.0,0.05316936813846147
robust_A_AR,s30,AR,120.0,-0.1105102768358743
robust_A_AR,s30,AR,140.0,-0.2052994601336891
robust_A_AR,s30,AR,160.0,-0.4305455120503062
robust_A_AR,s30,AR,180.0,-0.17682841539429806
robust_A_AR,s30,AR,200.0,-0.026456861439718652
robust_A_AR,s30,AR,220.0,-0.17510457375852656
robust_A_AR,s30,AR,240.0,-0.3098580944959956
robust_A_AR,s30,AR,260.0,-0.438901646635777
robust_A_AR,s30,AR,280.0,-0.37555215188796665
robust_A_AR,s30,AR,300.0,-0.252313656771873
robust_A_AR,s30,AR,320.0,-0.2551286745649435
robust_A_AR,s30,AR,340.0,-0.41447155037070155
robust_A_AR,s30,AR,360.0,-0.2518306542820149
robust_A_AR,s30,AR,380.0,-0.04741116551584335
robust_A_AR,s30,AR,400.0,0.016479009516520694
robust_A_AR,s30,AR,420.0,-0.04840799372961427
robust_A_AR,s30,AR,440.0,-0.2884887497468063
robust_A_AR,s30,AR,460.0,-0.4362443851731201
robust_A_AR,s30,AR,480.0,-0.5461771003366827
robust_A_AR,s30,AR,500.0,-0.5717382773345855
robust_A_AR,s30,AR,520.0,-0.6855811648824229
robust_A_AR,s30,AR,540.0,-0.5829332221886634
robust_A_AR,s30,AR,560.0,-0.5365894237046112
robust_A_AR,s30,AR,580.0,-0.7818861605764672
robust_A_AR,s30,AR,600.0,-1.023743984578863
robust_A_AR,s30,AR,620.0,-0.6710417963047977
robust_A_AR,s30,AR,640.0,-0.2094356846742975
robust_A_AR,s30,AR,660.0,-0.35309673325859714
robust_A_AR,s30,AR,680.0,-0.5689176025044148
robust_A_AR,s30,AR,700.0,-0.3698300488520994
robust_A_AR,s30,AR,720.0,-0.15799964512438655
robust_A_AR,s30,AR,740.0,0.023251561625839752
robust_A_AR,s30,AR,760.0,-0.15416937951599424
robust_A_AR,s30,AR,780.0,-0.2579774044282169
robust_A_AR,s30,AR,800.0,-0.2821966337151993
robust_A_AR,s30,AR,820.0,-0.12118393460547372
robust_A_AR,s30,AR,840.0,-0.05792485305141319
robust_A_AR,s30,AR,860.0,-0.04733161218730153
robust_A_AR,s30,AR,880.0,-0.10826127451080858
robust_A_AR,s30,AR,900.0,-0.20285030752947458
robust_A_AR,s30,AR,920.0,-0.3580941616421574
robust_A_AR,s30,AR,940.0,-0.3222325578349757
robust_A_AR,s30,AR,960.0,-0.2375479151340732
robust_A_AR,s30,AR,980.0,-0.14374568274416388
robust_A_AR,s30,I,0.0,-0.05207058126107652
robust_A_AR,s30,I,20.0,-0.10675576881103283
robust_A_AR,s30,I,40.0,-0.30912937989991424
robust_A_AR,s30,I,60.0,-0.10509090153504719
robust_A_AR,s30,I,80.0,0.25848384517909767
robust_A_AR,s30,I,100.0,9.560539989245803e-05
robust_A_AR,s30,I,120.0,-0.07404815363068044
robust_A_AR,s30,I,140.0,0.06606800532961422
robust_A_AR,s30,I,160.0,-0.1773785281130398
robust_A_AR,s30,I,180.0,-0.7035211707073228
robust_A_AR,s30,I,200.0,-0.8289802135331292
robust_A_AR,s30,I,220.0,-0.32770070137444784
robust_A_AR,s30,I,240.0,-0.14582881443862555
robust_A_AR,s30,I,260.0,0.09838098489565017
robust_A_AR,s30,I,280.0,0.05674560404386325
robust_A_AR,s30,I,300.0,-0.06070703241800399
robust_A_AR,s30,I,320.0,-0.29119200300438375
robust_A_AR,s30,I,340.0,0.007865900887536248
robust_A_AR,s30,I,360.0,-0.07110646514692977
robust_A_AR,s30,I,380.0,0.015793013648431387
robust_A_AR,s30,I,400.0,0.4473251495802377
robust_A_AR,s30,I,420.0,0.36443358232179185
robust_A_AR,s30,I,440.0,0.5191245838918037
robust_A_AR,s30,I,460.0,0.24098982048103668
robust_A_AR,s30,I,480.0,0.20499486549743434
robust_A_AR,s30,I,500.0,0.1973060929398774
robust_A_AR,s30,I,520.0,0.6875923890511527
robust_A_AR,s30,I,540.0,0.6310866121041487
robust_A_AR,s30,I,560.0,-0.29633891985778205
robust_A_AR,s30,I,580.0,-0.18026068721213093
robust_A_AR,s30,I,600.0,0.16046896346917355
robust_A_AR,s30,I,620.0,0.19756686695313375
robust_A_AR,s30,I,640.0,-0.1683327657296666
robust_A_AR,s30,I,660.0,-0.34088253216644465
robust_A_AR,s30,I,680.0,-0.5220593266915835
robust_A_AR,s30,I,700.0,-0.4975279608897661
robust_A_AR,s30,I,720.0,-0.11076594600199037
robust_A_AR,s30,I,740.0,-0.20636588250383003
robust_A_AR,s30,I,760.0,-0.36851369429167713
robust_A_AR,s30,I,780.0,-0.39894946226177663
robust_A_AR,s30,I,800.0,-0.04063402481816385
robust_A_AR,s30,I,820.0,0.005662330546717359
robust_A_AR,s30,I,840.0,-0.1187208435528246
robust_A_AR,s30,I,860.0,-0.19794322082193833
robust_A_AR,s30,I,880.0,-0.3708589364386661
robust_A_AR,s30,I,900.0,-0.022528436772956295
robust_A_AR,s30,I,920.0,0.4099271579813836
robust_A_AR,s30,I,940.0,0.34662323836631337
robust_A_AR,s30,I,960.0,0.026537495698232216
robust_A_AR,s30,I,980.0,-0.019918559924468504
