stage,contrast,channel,mean_beta_uV,t,p_uncorrected,n_subjects,p_fdr
EditIntegration,Eye,AF3,0.19814866995835115,1.7678775221491194,0.08838193859405102,28,0.6406654485145707
EditIntegration,Eye,AF4,0.3484193601936238,2.4627741576187754,0.020453255144313637,28,0.4363361097453576
EditIntegration,Eye,C1,0.07248802281755949,0.987607048669926,0.33211348998599033,28,0.7545736438101437
EditIntegration,Eye,C2,0.08637914438529871,1.245839695520108,0.22352593797016568,28,0.6812219061947906
EditIntegration,Eye,C3,0.045359479744433294,0.5276236768485593,0.6020699731298028,28,0.852380055773953
EditIntegration,Eye,C4,0.02907410003868702,0.3941273564121594,0.6965827278319165,28,0.852380055773953
EditIntegration,Eye,C5,-0.04433333951449742,-0.4953491349550248,0.6243612971273302,28,0.852380055773953
EditIntegration,Eye,C6,-0.09849946014478682,-1.1159633379011649,0.2742716674602483,28,0.7277407095097052
EditIntegration,Eye,CB1,-0.2594361167704516,-1.698916909729093,0.10083084778699537,28,0.6453174258367704
EditIntegration,Eye,CB2,-0.05589426097862116,-0.5013756742214464,0.620170335940898,28,0.852380055773953
EditIntegration,Eye,CP1,-0.037948615106143495,-0.5018141776969787,0.6198658985760942,28,0.852380055773953
EditIntegration,Eye,CP2,0.0014283550623554186,0.01985805575789274,0.9843026312594629,28,0.9843026312594629
EditIntegration,Eye,CP3,-0.14248970147316764,-1.7579255932720088,0.09009357869736151,28,0.6406654485145707
EditIntegration,Eye,CP4,0.04830108328346692,0.5221353933501665,0.6058338102357558,28,0.852380055773953
EditIntegration,Eye,CP5,-0.02880396487839043,-0.34329810272577166,0.7340329983108467,28,0.852380055773953
EditIntegration,Eye,CP6,-0.10958664113492105,-1.6158482783616976,0.11819824070216256,27,0.6688958704865131
EditIntegration,Eye,CPZ,0.027232972416963958,0.3368768350717453,0.7388143438718681,28,0.852380055773953
EditIntegration,Eye,CZ,0.08061851139507839,0.8657712802731926,0.39453457292291927,27,0.834225226368723
EditIntegration,Eye,F1,0.11562879381293698,0.9674288016385416,0.34191618235147136,28,0.7545736438101437
EditIntegration,Eye,F2,0.1411274807120248,1.0924820177362526,0.28427371465222856,28,0.7277407095097052
EditIntegration,Eye,F3,0.008784644559921522,0.07736629294444582,0.9389026402087035,28,0.9538058567199528
EditIntegration,Eye,F4,0.1395838467017709,1.1837710412766291,0.2468213248944852,28,0.7180256724203206
EditIntegration,Eye,F5,-0.09004558312700958,-0.7053931140809644,0.48660727119855773,28,0.852380055773953
EditIntegration,Eye,F6,0.03294902344645509,0.3098419192969105,0.7591509871736769,27,0.852380055773953
EditIntegration,Eye,F7,-0.21926364400312406,-1.5198983664007144,0.14016152956108943,28,0.6812219061947906
EditIntegration,Eye,F8,0.18277377803021796,1.3323621752274928,0.19387798624933603,28,0.6812219061947906
EditIntegration,Eye,FC1,0.10791980130890909,0.9963135179334968,0.32794363738223864,28,0.7545736438101437
EditIntegration,Eye,FC2,0.0629961383688995,0.5940699676015553,0.5575994463454054,27,0.852380055773953
EditIntegration,Eye,FC3,-0.04826678775211673,-0.4893115687426493,0.6285728391888109,28,0.852380055773953
EditIntegration,Eye,FC4,0.029597324047215507,0.3256598880153718,0.7471921515752291,28,0.852380055773953
EditIntegration,Eye,FC5,-0.061431585312785045,-0.8143596987567796,0.42256370852034625,28,0.834225226368723
EditIntegration,Eye,FC6,0.1230639655088945,1.2924946360825846,0.20713817285457295,28,0.6812219061947906
EditIntegration,Eye,FCZ,0.14113511057360434,1.5814599738050652,0.1254179757162212,28,0.6688958704865131
EditIntegration,Eye,FP1,0.20477195794470773,1.3553570068941747,0.18846565054207487,24,0.6812219061947906
EditIntegration,Eye,FP2,0.43451266394771537,2.8776579742262354,0.008085151759029765,26,0.4363361097453576
EditIntegration,Eye,FPZ,0.4815340146232876,2.632585990991078,0.014881116025564557,24,0.4363361097453576
EditIntegration,Eye,FT7,-0.05922970882930915,-0.4634057606393046,0.646787518831226,28,0.852380055773953
EditIntegration,Eye,FT8,-0.08257948960299832,-0.8009595718620717,0.4301473823463728,28,0.834225226368723
EditIntegration,Eye,FZ,0.15894787231722446,1.3711129646871387,0.18162946978830444,28,0.6812219061947906
EditIntegration,Eye,M1,-0.044532685062782885,-0.3315128183805848,0.7428166534393664,28,0.852380055773953
EditIntegration,Eye,M2,0.029209318023964807,0.09451999534161269,0.9254207832093309,27,0.9538058567199528
EditIntegration,Eye,O1,-0.12954590655732692,-1.2659095263031095,0.21635987021569103,28,0.6812219061947906
EditIntegration,Eye,O2,-0.04068277946872751,-0.3942925368920751,0.6964622286876364,28,0.852380055773953
EditIntegration,Eye,OZ,-0.035167652267088574,-0.3316095078885578,0.7427444440609502,28,0.852380055773953
EditIntegration,Eye,P1,-0.06272635470182387,-0.6908773349179672,0.4955399411497765,28,0.852380055773953
EditIntegration,Eye,P2,-0.02548090451389372,-0.27733973651540217,0.7836316931541405,28,0.8582507941258647
EditIntegration,Eye,P3,-0.16573374989376505,-1.987731404509595,0.057070040225709905,28,0.5217832249207762
EditIntegration,Eye,P4,-0.05183936727134973,-0.5213857703675214,0.6063487605067834,28,0.852380055773953
EditIntegration,Eye,P5,-0.17573356702355594,-2.100230567671434,0.04518681228063443,28,0.5217832249207762
EditIntegration,Eye,P6,-0.04515124508399344,-0.4487764714708829,0.6571741725019818,28,0.852380055773953
EditIntegration,Eye,P7,-0.15850385089955618,-1.4006015363569786,0.1727214938459698,28,0.6812219061947906
EditIntegration,Eye,P8,-0.06609163560803043,-0.8443845105237345,0.40587443321363875,28,0.834225226368723
EditIntegration,Eye,PO3,-0.15207708784413423,-1.3198682826750185,0.19796087944978435,28,0.6812219061947906
EditIntegration,Eye,PO4,-0.026276502589532107,-0.23691472084137793,0.8145112809144212,28,0.8582507941258647
EditIntegration,Eye,PO5,-0.213760503803833,-1.9892750135363109,0.056889951521630656,28,0.5217832249207762
EditIntegration,Eye,PO6,-0.05418852511857107,-0.533593540872854,0.5979885573143852,28,0.852380055773953
EditIntegration,Eye,PO7,-0.212489795258894,-2.000833125227063,0.05555729410633704,28,0.5217832249207762
EditIntegration,Eye,PO8,-0.08595511034791678,-1.026932491364977,0.31356501708160445,28,0.7545736438101437
EditIntegration,Eye,POZ,0.03884616883960538,0.3300856636676679,0.7438827547201871,28,0.852380055773953
EditIntegration,Eye,PZ,0.043793726099114985,0.4005846898748451,0.6918781544128332,28,0.852380055773953
EditIntegration,Eye,T7,-0.12637760318759944,-1.1081818538475694,0.2775577530733637,28,0.7277407095097052
EditIntegration,Eye,T8,-0.03814489044040224,-0.43945577096889477,0.6638286236686025,28,0.852380055773953
EditIntegration,Eye,TP7,-0.016537252143783245,-0.23911629443072516,0.8128211944979198,28,0.8582507941258647
EditIntegration,Eye,TP8,-0.017945646691144852,-0.2324347509589877,0.8180202881512147,27,0.8582507941258647
EditIntegration,FSlim,AF3,-0.16094371890448786,-1.4044934314466706,0.17157203006283178,28,0.9479294682445538
EditIntegration,FSlim,AF4,-0.06599834047418969,-0.6726881357296225,0.5068625551882833,28,0.9479294682445538
EditIntegration,FSlim,C1,-0.08744377613793712,-1.2191103004259298,0.23334636093932964,28,0.9479294682445538
EditIntegration,FSlim,C2,-0.04507059803089818,-0.5055674290735876,0.6172629696219002,28,0.9479294682445538
EditIntegration,FSlim,C3,-0.0470336210938489,-0.8003994382487543,0.4304661925906056,28,0.9479294682445538
EditIntegration,FSlim,C4,-0.019449493821967312,-0.2181765691584654,0.8289321620641419,28,0.9479294682445538
EditIntegration,FSlim,C5,-0.01869965740016514,-0.22269887246148848,0.825446010247344,28,0.9479294682445538
EditIntegration,FSlim,C6,0.1509112685257863,2.2703453732398007,0.03138042521402134,28,0.9479294682445538
EditIntegration,FSlim,CB1,-0.07393693763798397,-0.41809645222216857,0.6791832684428653,28,0.9479294682445538
EditIntegration,FSlim,CB2,0.01014320968296604,0.0664841591342182,0.9474822342391834,28,0.9498932712730621
EditIntegration,FSlim,CP1,0.016200717062639442,0.20820586145639983,0.836630865150731,28,0.9479294682445538
EditIntegration,FSlim,CP2,0.005033592506217268,0.06342758887789002,0.9498932712730621,28,0.9498932712730621
EditIntegration,FSlim,CP3,-0.07157784756218474,-0.7312352170172035,0.47093448658591275,28,0.9479294682445538
EditIntegration,FSlim,CP4,-0.06841789030774215,-0.9587057696919619,0.3462138353726323,28,0.9479294682445538
EditIntegration,FSlim,CP5,-0.03561325374152961,-0.4663135244439245,0.6447315800333271,28,0.9479294682445538
EditIntegration,FSlim,CP6,0.01238638288289374,0.18914878764353768,0.8514450077510501,27,0.9479294682445538
EditIntegration,FSlim,CPZ,-0.09969903445684555,-0.9814389016929078,0.3350894559970063,28,0.9479294682445538
EditIntegration,FSlim,CZ,-0.11048489950844284,-1.1489488658858986,0.2610375075235669,27,0.9479294682445538
EditIntegration,FSlim,F1,-0.06987570959485372,-0.640030107985072,0.527547373886814,28,0.9479294682445538
EditIntegration,FSlim,F2,-0.016746775560963295,-0.1460898573211507,0.8849357208396328,28,0.9479294682445538
EditIntegration,FSlim,F3,-0.09320156397375166,-0.7775056741573807,0.4436201558876636,28,0.9479294682445538
EditIntegration,FSlim,F4,-0.0696577888049797,-0.7213536879754882,0.4768924827488159,28,0.9479294682445538
EditIntegration,FSlim,F5,-0.15418033135854872,-1.3413264145363037,0.1909890022287107,28,0.9479294682445538
EditIntegration,FSlim,F6,0.20193199701726172,1.484999439199316,0.14956849579593817,27,0.9479294682445538
EditIntegration,FSlim,F7,-0.162415100637161,-1.4066850355655611,0.17092741049584842,28,0.9479294682445538
EditIntegration,FSlim,F8,0.30117501183695505,1.9893445676840131,0.0568818485949785,28,0.9479294682445538
EditIntegration,FSlim,FC1,-0.06727752986399553,-0.6847869508780609,0.4993151984271783,28,0.9479294682445538
EditIntegration,FSlim,FC2,-0.018510094950623862,-0.1808166243677479,0.8579136109333423,27,0.9479294682445538
EditIntegration,FSlim,FC3,-0.06185406867152338,-0.7814070561431549,0.4413615514440014,28,0.9479294682445538
EditIntegration,FSlim,FC4,0.057096846879126514,0.6104192796562872,0.5466883537746648,28,0.9479294682445538
EditIntegration,FSlim,FC5,-0.02220599543454704,-0.22481205264088344,0.8238182435433862,28,0.9479294682445538
EditIntegration,FSlim,FC6,0.2316245359428602,1.6114322515190138,0.11871555573928642,28,0.9479294682445538
EditIntegration,FSlim,FCZ,-0.013806256724590805,-0.1346770460064491,0.8938661775887257,28,0.9479294682445538
EditIntegration,FSlim,FP1,-0.2564880222093436,-1.4390682877004477,0.16360237994537344,24,0.9479294682445538
EditIntegration,FSlim,FP2,-0.2214297839121657,-1.16603966971854,0.25460244195531084,26,0.9479294682445538
EditIntegration,FSlim,FPZ,0.023753942111361632,0.10820647644573642,0.9147703479124709,24,0.9479294682445538
EditIntegration,FSlim,FT7,-0.026066189247715994,-0.19382952659343716,0.8477602593517202,28,0.9479294682445538
EditIntegration,FSlim,FT8,0.15688460977918697,1.057838260532138,0.2995021629777266,28,0.9479294682445538
EditIntegration,FSlim,FZ,-0.15290562709294822,-1.372952731880807,0.1810633688747279,28,0.9479294682445538
EditIntegration,FSlim,M1,0.0903653312170971,0.6113937782189943,0.546052680241613,28,0.9479294682445538
EditIntegration,FSlim,M2,0.01377882103718955,0.10356832967893202,0.9183066723619115,27,0.9479294682445538
EditIntegration,FSlim,O1,0.044844828528111016,0.32216095971428327,0.7498119864133624,28,0.9479294682445538
EditIntegration,FSlim,O2,0.01831100158827518,0.15522534290612477,0.8777983099218947,28,0.9479294682445538
EditIntegration,FSlim,OZ,0.16255935602564114,1.3539272901968613,0.18698473361821166,28,0.9479294682445538
EditIntegration,FSlim,P1,0.06650122909089115,0.6236308171336324,0.538103442060352,28,0.9479294682445538
EditIntegration,FSlim,P2,0.08181936741126918,0.6991550287585111,0.4904347411836189,28,0.9479294682445538
EditIntegration,FSlim,P3,-0.012730947462087217,-0.16630334399454796,0.8691573574014831,28,0.9479294682445538
EditIntegration,FSlim,P4,-0.014052708898514068,-0.1524529582645344,0.8799632504132778,28,0.9479294682445538
EditIntegration,FSlim,P5,-0.01933274381500254,-0.25587012531053804,0.7999904734331872,28,0.9479294682445538
EditIntegration,FSlim,P6,-0.08462619323908682,-0.5894361430116632,0.5604690728259267,28,0.9479294682445538
EditIntegration,FSlim,P7,0.08128357312385819,0.7615918397500514,0.4529050260461853,28,0.9479294682445538
EditIntegration,FSlim,P8,0.10869795776082168,0.9418186462523611,0.3546366210575408,28,0.9479294682445538
EditIntegration,FSlim,PO3,-0.0170181320459742,-0.13416672350517292,0.894265843217049,28,0.9479294682445538
EditIntegration,FSlim,PO4,0.07992401114484107,0.6388863812301812,0.5282799465215994,28,0.9479294682445538
EditIntegration,FSlim,PO5,0.017230376783185366,0.15711618764329144,0.8763223118321815,28,0.9479294682445538
EditIntegration,FSlim,PO6,0.06433048872931671,0.5206459558453498,0.6068571755401563,28,0.9479294682445538
EditIntegration,FSlim,PO7,0.17425119173248532,1.4463617246621363,0.1595856879469475,28,0.9479294682445538
EditIntegration,FSlim,PO8,0.029373694271875646,0.24164343611707517,0.8108823137584495,28,0.9479294682445538
EditIntegration,FSlim,POZ,0.05497394104349586,0.4268002959964334,0.672908842911812,28,0.9479294682445538
EditIntegration,FSlim,PZ,0.057500926913447714,0.5054684920234775,0.6173315188298678,28,0.9479294682445538
EditIntegration,FSlim,T7,0.04353015716658729,0.3729437297890972,0.7121022248775127,28,0.9479294682445538
EditIntegration,FSlim,T8,0.07839920357476915,0.7647618827315029,0.4510462793770674,28,0.9479294682445538
EditIntegration,FSlim,TP7,0.038423553628892326,0.36060817165154135,0.7211983783486665,28,0.9479294682445538
EditIntegration,FSlim,TP8,-0.06223830495438972,-0.8208669588030395,0.4191851474577031,27,0.9479294682445538
EditIntegration,Mouth,AF3,0.3401313111352037,3.000015608857639,0.005745492785516155,28,0.11447451121942157
EditIntegration,Mouth,AF4,0.23301126570417074,1.794752385676442,0.0838974882754594,28,0.17508502326845685
EditIntegration,Mouth,C1,0.023182944114355588,0.3639885528141244,0.718701494074341,28,0.8069630810659267
EditIntegration,Mouth,C2,-0.013083367407607585,-0.18881565851808846,0.8516494107248253,28,0.9238230895998104
EditIntegration,Mouth,C3,0.008521235417522432,0.09381561455531455,0.925948362075012,28,0.9514612564461105
EditIntegration,Mouth,C4,0.03095352834336382,0.5247018452708336,0.6040723651086771,28,0.7159376179065803
EditIntegration,Mouth,C5,-0.011941634161060736,-0.14117317112865235,0.8887811772127299,28,0.9324917269117166
EditIntegration,Mouth,C6,-0.042756353120769065,-0.5360251741477892,0.5963299350249716,28,0.7159376179065803
EditIntegration,Mouth,CB1,-0.23021902552164902,-1.1855166781247206,0.24614245618515065,28,0.375074218948801
EditIntegration,Mouth,CB2,-0.13287306024062184,-1.1583461186758244,0.25686635412509257,28,0.38231271311641685
EditIntegration,Mouth,CP1,-0.16945934372439433,-2.1020625088589338,0.045013015911763744,28,0.13718252468347045
EditIntegration,Mouth,CP2,-0.06802176111376267,-0.7213072802988807,0.4769205664317507,28,0.5991029056023804
EditIntegration,Mouth,CP3,-0.12941547576068382,-1.408585097936235,0.17037009432081915,28,0.2869391062245375
EditIntegration,Mouth,CP4,-0.0748919884931064,-0.89996471398534,0.37609617753649194,28,0.5014615700486559
EditIntegration,Mouth,CP5,-0.2695761265381155,-2.404538540246117,0.023320715515003265,28,0.12416595898171365
EditIntegration,Mouth,CP6,-0.0951946056914915,-1.0576304129263048,0.29995200934732913,27,0.4173245347441101
EditIntegration,Mouth,CPZ,-0.09505014570030597,-0.9609586538169975,0.3451004199949216,28,0.46992397616329745
EditIntegration,Mouth,CZ,-0.006885169993083302,-0.0640451958769064,0.9494241110705677,27,0.9514612564461105
EditIntegration,Mouth,F1,0.4186406554028828,3.3490991463613113,0.002402318634237934,28,0.11447451121942157
EditIntegration,Mouth,F2,0.34350133244034986,3.0183248940670513,0.005493040214569624,28,0.11447451121942157
EditIntegration,Mouth,F3,0.2297621631568458,1.772818252442804,0.08754251163422842,28,0.17508502326845685
EditIntegration,Mouth,F4,0.23856183548443854,2.3504776379627135,0.026307799233249288,28,0.12416595898171365
EditIntegration,Mouth,F5,0.27094563560783064,2.275318361429547,0.031041489745428412,28,0.12416595898171365
EditIntegration,Mouth,F6,0.31211017632895555,2.2404079036696145,0.03382854232176961,27,0.12735451227019146
EditIntegration,Mouth,F7,0.03433992703546619,0.15948539088938962,0.8744735476995065,28,0.9324917269117166
EditIntegration,Mouth,F8,0.17770219209100982,1.200844903384775,0.24024068925799555,28,0.375074218948801
EditIntegration,Mouth,FC1,0.16150316238710924,1.8489310235494547,0.07544620189147715,28,0.17508502326845685
EditIntegration,Mouth,FC2,0.1545124929002908,1.6435645118332023,0.11230623449947282,27,0.20535997165617886
EditIntegration,Mouth,FC3,0.2099414373309079,2.0042095155552415,0.05517321301994494,28,0.1471285680531865
EditIntegration,Mouth,FC4,0.24865184351112646,2.696957526771985,0.011906451703397915,28,0.12416595898171365
EditIntegration,Mouth,FC5,0.11727395722670231,1.0960064255347977,0.2827560419801443,28,0.41128151560748266
EditIntegration,Mouth,FC6,0.2378193766978394,2.9100525832350486,0.007154656951213848,28,0.11447451121942157
EditIntegration,Mouth,FCZ,0.16643617726750495,1.5161686749923087,0.1410982729574766,28,0.25084137414662505
EditIntegration,Mouth,FP1,0.3034293739956086,1.4855553621549191,0.15097567625194888,24,0.2611471156790467
EditIntegration,Mouth,FP2,0.533528166326491,2.1567366917751523,0.040838687246065465,26,0.13673778291512043
EditIntegration,Mouth,FPZ,0.5025541677594708,1.8006984038332212,0.08487935693893232,24,0.17508502326845685
EditIntegration,Mouth,FT7,0.18838351273831075,1.678032521159064,0.10488065589524598,28,0.20062394879317053
EditIntegration,Mouth,FT8,0.13652146400826629,1.371699288873785,0.18144890598065472,28,0.29776230725030517
EditIntegration,Mouth,FZ,0.20707749276339338,1.9635924388655317,0.05995209030247501,28,0.15347735117433603
EditIntegration,Mouth,M1,-0.24204521706628343,-1.1942677249610154,0.24276005283829039,28,0.375074218948801
EditIntegration,Mouth,M2,0.015021314489462752,0.06146207387404722,0.9514612564461105,27,0.9514612564461105
EditIntegration,Mouth,O1,-0.16903437825509435,-1.78339322146863,0.08576863994383867,28,0.17508502326845685
EditIntegration,Mouth,O2,-0.21383062473085196,-1.7934530185253372,0.08410974549475281,28,0.17508502326845685
EditIntegration,Mouth,OZ,-0.030019007872133942,-0.22201317034812426,0.8259743721795322,28,0.9114199968877597
EditIntegration,Mouth,P1,-0.24610620095372818,-2.0365047134795673,0.05161603407676271,28,0.1437165052472479
EditIntegration,Mouth,P2,-0.23593451102271895,-2.126725216266222,0.04273055716097513,28,0.13673778291512043
EditIntegration,Mouth,P3,-0.270394191291637,-2.537728751641764,0.017240373292856694,28,0.12416595898171365
EditIntegration,Mouth,P4,-0.2737378937851878,-2.310322213351572,0.028748179621362516,28,0.12416595898171365
EditIntegration,Mouth,P5,-0.22024213995153302,-2.036204751617023,0.05164811907322971,28,0.1437165052472479
EditIntegration,Mouth,P6,-0.256299270076727,-1.8077362603712306,0.08180155679188199,28,0.17508502326845685
EditIntegration,Mouth,P7,-0.12493278691384549,-1.0788693765700064,0.2901902044054969,28,0.4127149573767067
EditIntegration,Mouth,P8,-0.3063873802470311,-2.634580693235114,0.013779936714297912,28,0.12416595898171365
EditIntegration,Mouth,PO3,-0.2560381382066238,-2.2966222571383774,0.029626759953593165,28,0.12416595898171365
EditIntegration,Mouth,PO4,-0.24884395976329401,-2.3833321423475513,0.024453357808099308,28,0.12416595898171365
EditIntegration,Mouth,PO5,-0.24210421712459293,-2.587158684675132,0.015384422829512238,28,0.12416595898171365
EditIntegration,Mouth,PO6,-0.21373383621762126,-2.173564447713019,0.038678508712544496,28,0.13673778291512043
EditIntegration,Mouth,PO7,-0.24890195454793368,-2.4334748940933295,0.021852728662126158,28,0.12416595898171365
EditIntegration,Mouth,PO8,-0.24854781466353223,-2.4627074068099972,0.020456347522773106,28,0.12416595898171365
EditIntegration,Mouth,POZ,-0.09563611332118878,-0.8843136495097502,0.3843341933373427,28,0.5019875178283659
EditIntegration,Mouth,PZ,-0.17360102645943273,-1.6694628809030774,0.10658147279637184,28,0.20062394879317053
EditIntegration,Mouth,T7,0.05672078456277485,0.4806234203706802,0.6346557593279295,28,0.7285441767947763
EditIntegration,Mouth,T8,0.05860899423647401,0.47660775287397933,0.6374761546954293,28,0.7285441767947763
EditIntegration,Mouth,TP7,-0.06939510447557438,-0.6408760569108894,0.527005884299558,28,0.6486226268302252
EditIntegration,Mouth,TP8,-0.06990551285168903,-0.7208890927308567,0.4774101279018969,27,0.5991029056023804
EditIntegration,Skin,AF3,0.23958459872758134,1.364548426117043,0.18366070412583896,28,0.44800010895568815
EditIntegration,Skin,AF4,0.20586820255166252,1.5510872374126272,0.1325245883021318,28,0.3962520292790295
EditIntegration,Skin,C1,-0.13621677525923198,-1.430102608404354,0.1641586271974166,28,0.43408713337429833
EditIntegration,Skin,C2,-0.15825018705127641,-1.347559395870552,0.18900004596568093,28,0.44800010895568815
EditIntegration,Skin,C3,-0.027510175106915002,-0.30457763715269937,0.7630231764272943,28,0.9290647071839272
EditIntegration,Skin,C4,-0.19576965562057205,-2.4590305455764794,0.020627352673683007,28,0.22977563378321644
EditIntegration,Skin,C5,0.05027383269710669,0.6222313236828371,0.5390094442367761,28,0.8521477788923822
EditIntegration,Skin,C6,-0.0575135971949946,-0.7580019714443255,0.4550154434524831,28,0.7870537400259168
EditIntegration,Skin,CB1,0.04200078981392428,0.2787117490936907,0.7825896255905738,28,0.9290647071839272
EditIntegration,Skin,CB2,-0.06050582538251007,-0.3477413221698542,0.7307308816240992,28,0.9290647071839272
EditIntegration,Skin,CP1,-0.2292830347448193,-2.3825484301567377,0.024496165052517213,28,0.22977563378321644
EditIntegration,Skin,CP2,-0.2681900774973013,-2.550996354209472,0.0167228249404805,28,0.22977563378321644
EditIntegration,Skin,CP3,-0.24748997650387378,-1.411337635728778,0.16956528647433528,28,0.43408713337429833
EditIntegration,Skin,CP4,-0.18167821229927553,-1.6165053624665386,0.11761097338830762,28,0.3962520292790295
EditIntegration,Skin,CP5,0.07317095791315262,0.8098662970128664,0.42509744226362944,28,0.77469882567458
EditIntegration,Skin,CP6,-0.13964973904702188,-1.6044177691779036,0.12070184118761314,27,0.3962520292790295
EditIntegration,Skin,CPZ,-0.22135203603802917,-2.12607870651019,0.04278904624516789,28,0.2738498959690745
EditIntegration,Skin,CZ,-0.2933522209270781,-3.020428199079512,0.0056003650488773435,27,0.11947445437604999
EditIntegration,Skin,F1,0.10280689532608789,0.8168965969239425,0.42113734177254036,28,0.77469882567458
EditIntegration,Skin,F2,-0.022592858788289722,-0.16739533987148877,0.8683064644018804,28,0.9290647071839272
EditIntegration,Skin,F3,0.1577137581261399,1.0192830994388806,0.3171154716531611,28,0.623497821073541
EditIntegration,Skin,F4,0.041638169209214315,0.38113265572902244,0.7060874811801449,28,0.9290647071839272
EditIntegration,Skin,F5,0.2834148833913609,1.596009304354947,0.12212648706507301,28,0.3962520292790295
EditIntegration,Skin,F6,0.02235577386232368,0.1637199728001516,0.8712176269793759,27,0.9290647071839272
EditIntegration,Skin,F7,0.31585604257682615,2.034230525692094,0.05185972938541346,28,0.30172933460604195
EditIntegration,Skin,F8,0.013272033657248272,0.07767915407504679,0.9386560827448153,28,0.9386560827448153
EditIntegration,Skin,FC1,0.012738035953667135,0.11089144553423463,0.9125226450201367,28,0.9290647071839272
EditIntegration,Skin,FC2,-0.1302108698941825,-1.0106637190914252,0.3214910639910446,27,0.623497821073541
EditIntegration,Skin,FC3,0.03615802241197733,0.3313909923624191,0.7429076385971203,28,0.9290647071839272
EditIntegration,Skin,FC4,-0.0598944964798837,-0.650136022246878,0.5210982543888077,28,0.8521477788923822
EditIntegration,Skin,FC5,0.2512807994652864,1.9237329675540147,0.06499038087352622,28,0.3201639095194541
EditIntegration,Skin,FC6,0.08379764373259144,0.7911212441176845,0.4357680894419513,28,0.77469882567458
EditIntegration,Skin,FCZ,-0.032878423315709476,-0.29572224695617894,0.7697046544914106,28,0.9290647071839272
EditIntegration,Skin,FP1,0.6842496632971885,3.2975128228121213,0.0031490089077180223,24,0.11947445437604999
EditIntegration,Skin,FP2,0.24816827848033535,1.3113894782249882,0.20164331468269955,26,0.4608990049890275
EditIntegration,Skin,FPZ,0.40811176656609405,1.6115676891640611,0.12069541839913872,24,0.3962520292790295
EditIntegration,Skin,FT7,0.3000305174168826,2.31073697318505,0.028721954222902055,28,0.22977563378321644
EditIntegration,Skin,FT8,-0.03847329450764169,-0.24244627157523516,0.8102666158756359,28,0.9290647071839272
EditIntegration,Skin,FZ,0.027425795861429014,0.20537126361439245,0.838822606026967,28,0.9290647071839272
EditIntegration,Skin,M1,0.4130898734249307,2.3370608314758266,0.027101337909806976,28,0.22977563378321644
EditIntegration,Skin,M2,0.23022080155098126,1.53766942812708,0.1362116350646664,27,0.3962520292790295
EditIntegration,Skin,O1,0.01597409928557404,0.10831333623438491,0.9145480711341784,28,0.9290647071839272
EditIntegration,Skin,O2,-0.03623616661441125,-0.28257363698404564,0.7796586719833695,28,0.9290647071839272
EditIntegration,Skin,OZ,0.034251989281099945,0.29619962007201894,0.7693440056025816,28,0.9290647071839272
EditIntegration,Skin,P1,-0.33376395099676964,-3.011506253276931,0.005585797073842539,28,0.11947445437604999
EditIntegration,Skin,P2,-0.19268377505050904,-1.5726141002896055,0.12745463091907971,28,0.3962520292790295
EditIntegration,Skin,P3,-0.22536593369466051,-1.812470600743486,0.08104855063794084,28,0.3705076600591581
EditIntegration,Skin,P4,-0.2092540887047738,-1.7348413826352869,0.0941725668531383,28,0.3962520292790295
EditIntegration,Skin,P5,-0.13303798242517925,-1.0415025989178905,0.30687900249181255,28,0.623497821073541
EditIntegration,Skin,P6,-0.19575587600356273,-1.2609880005557965,0.21810077119324167,28,0.48132583987474026
EditIntegration,Skin,P7,-0.024931227675159134,-0.200945376761828,0.8422473843304704,28,0.9290647071839272
EditIntegration,Skin,P8,0.016652174452615513,0.1335122889306324,0.8947784135577811,28,0.9290647071839272
EditIntegration,Skin,PO3,-0.04396045282893048,-0.30719370056946,0.7610528680709956,28,0.9290647071839272
EditIntegration,Skin,PO4,-0.07504722644178233,-0.5231603376165795,0.6051300640593782,28,0.9221029547571478
EditIntegration,Skin,PO5,-0.03882001248219419,-0.26044071678447767,0.7964998526188273,28,0.9290647071839272
EditIntegration,Skin,PO6,-0.08114310186813897,-0.6116199671706514,0.5459051906680763,28,0.8521477788923822
EditIntegration,Skin,PO7,-0.03722405919193742,-0.24452727667176977,0.8086712625473246,28,0.9290647071839272
EditIntegration,Skin,PO8,-0.054555599729971246,-0.416344723936546,0.6804489160315604,28,0.9290647071839272
EditIntegration,Skin,POZ,-0.2413292619067999,-1.9234052199061296,0.06503329412113912,28,0.3201639095194541
EditIntegration,Skin,PZ,-0.16347733419709234,-1.4583861064070347,0.1562696867517559,28,0.43408713337429833
EditIntegration,Skin,T7,0.27000563441795955,2.129176669115428,0.04250942464832352,28,0.2738498959690745
EditIntegration,Skin,T8,0.06604780994649485,0.6116169301614046,0.5459071708529324,28,0.8521477788923822
EditIntegration,Skin,TP7,0.1249475443687812,1.0531728327008933,0.3015961169331956,28,0.623497821073541
EditIntegration,Skin,TP8,-0.02180371557815355,-0.19867488457557364,0.8440624729898838,27,0.9290647071839272
EditIntegration,Structural,AF3,0.018602475526931634,0.3190912880950357,0.7521129285722844,28,0.974641289018769
EditIntegration,Structural,AF4,0.14121050985971703,2.035195008912233,0.05175625432331695,28,0.662480055338457
EditIntegration,Structural,C1,-0.007477876660188819,-0.20010607760996632,0.842897197090279,28,0.974641289018769
EditIntegration,Structural,C2,0.020654273177200276,0.4816242683069466,0.6339536850747297,28,0.974641289018769
EditIntegration,Structural,C3,-0.0008370706747077929,-0.020004112759020386,0.9841871922324644,28,0.9841871922324644
EditIntegration,Structural,C4,0.004812303108359853,0.09953330325053052,0.9214501970411062,28,0.9841871922324644
EditIntegration,Structural,C5,-0.03151649845733128,-0.42126513450658903,0.6768962799580763,28,0.974641289018769
EditIntegration,Structural,C6,0.02620590419049976,0.5029862653572904,0.6190524977542785,28,0.974641289018769
EditIntegration,Structural,CB1,-0.16668652720421775,-1.6479069574738925,0.11096196580712765,28,0.7123309538390337
EditIntegration,Structural,CB2,-0.02287552564782757,-0.2790449718447558,0.7823365991879601,28,0.974641289018769
EditIntegration,Structural,CP1,-0.01087394902175203,-0.22766418175715314,0.8216225403004722,28,0.974641289018769
EditIntegration,Structural,CP2,0.003230973784286353,0.060366335931433986,0.9523084878556701,28,0.9841871922324644
EditIntegration,Structural,CP3,-0.10703377451767619,-1.5946458497856448,0.1224318826910839,28,0.7123309538390337
EditIntegration,Structural,CP4,-0.01005840351213763,-0.15458007313703923,0.8783021121123122,28,0.974641289018769
EditIntegration,Structural,CP5,-0.03220860930996002,-0.5466039535299092,0.5891400167953621,28,0.974641289018769
EditIntegration,Structural,CP6,-0.048600129126013664,-0.8942028435543062,0.37941664965410776,27,0.974641289018769
EditIntegration,Structural,CPZ,-0.036233031019940784,-0.5423612575713057,0.592018510143631,28,0.974641289018769
EditIntegration,Structural,CZ,-0.014933194056682223,-0.2174399989442893,0.8295628454868758,27,0.974641289018769
EditIntegration,Structural,F1,0.022876542109041616,0.3222151755627158,0.7497713687477883,28,0.974641289018769
EditIntegration,Structural,F2,0.06219035257553078,0.7126236346442014,0.482192293682164,28,0.974641289018769
EditIntegration,Structural,F3,-0.04220845970691505,-0.5727338228383667,0.5715640728189829,28,0.974641289018769
EditIntegration,Structural,F4,0.034963028948395584,0.4627344953843574,0.6472625436682959,28,0.974641289018769
EditIntegration,Structural,F5,-0.12211295724277914,-1.455233617102935,0.15713367514691826,28,0.8380462674502307
EditIntegration,Structural,F6,0.11744051023185839,1.6321195452455792,0.11470887491607655,27,0.7123309538390337
EditIntegration,Structural,F7,-0.19083937232014256,-2.1714445582783197,0.038854181447405205,28,0.662480055338457
EditIntegration,Structural,F8,0.24197439493358647,2.202074486598953,0.036384222827825066,28,0.662480055338457
EditIntegration,Structural,FC1,0.02032113572245677,0.3075500892223805,0.7607845775198008,28,0.974641289018769
EditIntegration,Structural,FC2,0.022243021709137827,0.2876499012123461,0.7758951154157814,27,0.974641289018769
EditIntegration,Structural,FC3,-0.05506042821182005,-0.9535444789898737,0.34877373851496246,28,0.974641289018769
EditIntegration,Structural,FC4,0.04334708546317101,0.7892722216637273,0.4368294238595876,28,0.974641289018769
EditIntegration,Structural,FC5,-0.04181879037366604,-0.5527184290561026,0.5850036377436253,28,0.974641289018769
EditIntegration,Structural,FC6,0.17734425072587734,2.0579540733133466,0.04936692586460186,28,0.662480055338457
EditIntegration,Structural,FCZ,0.06366442692450676,1.036220275058485,0.30929137375575416,28,0.974641289018769
EditIntegration,Structural,FP1,-0.025858032132317955,-0.2610474156723809,0.7963791763387064,24,0.974641289018769
EditIntegration,Structural,FP2,0.10654144001777485,0.8239126250126193,0.41778052753322076,26,0.974641289018769
EditIntegration,Structural,FPZ,0.2526439783673246,2.4045749944155417,0.024639009461998106,24,0.662480055338457
EditIntegration,Structural,FT7,-0.04264794903851259,-0.41805524312630116,0.679213031623756,28,0.974641289018769
EditIntegration,Structural,FT8,0.037152560088094325,0.3472082148699766,0.7311268001754654,28,0.974641289018769
EditIntegration,Structural,FZ,0.003021122612138137,0.03877324115078507,0.9693564549033663,28,0.9841871922324644
EditIntegration,Structural,M1,0.02291632307715713,0.22847405890313718,0.820999326914555,28,0.974641289018769
EditIntegration,Structural,M2,0.02149406953057716,0.14827636385344542,0.8832686681732594,27,0.974641289018769
EditIntegration,Structural,O1,-0.042350539014607946,-0.7282246781059459,0.47274506049015363,28,0.974641289018769
EditIntegration,Structural,O2,-0.011185888940226176,-0.17759432850902532,0.8603672369319657,28,0.974641289018769
EditIntegration,Structural,OZ,0.06369585187927626,1.0814529502774248,0.2890606182220778,28,0.974641289018769
EditIntegration,Structural,P1,0.0018874371945336252,0.030072144392275495,0.9762307075114741,28,0.9841871922324644
EditIntegration,Structural,P2,0.028169231448687732,0.3671875700560688,0.7163414900091182,28,0.974641289018769
EditIntegration,Structural,P3,-0.0892323486779261,-1.7122073287598658,0.09832276361107879,28,0.7123309538390337
EditIntegration,Structural,P4,-0.032946038084931906,-0.4188904230877714,0.6786099279006901,28,0.974641289018769
EditIntegration,Structural,P5,-0.09753315541927922,-1.8811619841499467,0.07077490423633918,28,0.7123309538390337
EditIntegration,Structural,P6,-0.06488871916154014,-0.9860906688470452,0.3328434255995764,28,0.974641289018769
EditIntegration,Structural,P7,-0.038610138887849,-0.5234626856296546,0.6049225401299398,28,0.974641289018769
EditIntegration,Structural,P8,0.02130316107639563,0.31796559360325655,0.7529573033317198,28,0.974641289018769
EditIntegration,Structural,PO3,-0.0845476099450542,-1.1938755895239934,0.24291087642212147,28,0.974641289018769
EditIntegration,Structural,PO4,0.026823754277654488,0.36379384022341005,0.7188452307999208,28,0.974641289018769
EditIntegration,Structural,PO5,-0.09826506351032381,-1.7931154113768364,0.08416497014458513,28,0.7123309538390337
EditIntegration,Structural,PO6,0.005070981805372806,0.07849219923917802,0.938015372774729,28,0.9841871922324644
EditIntegration,Structural,PO7,-0.01911930176320433,-0.24053666485202355,0.8117313038769742,28,0.974641289018769
EditIntegration,Structural,PO8,-0.02829070803802055,-0.5035649261095416,0.6186511025776363,28,0.974641289018769
EditIntegration,Structural,POZ,0.04691005494155065,0.6222779749487102,0.5389792301960586,28,0.974641289018769
EditIntegration,Structural,PZ,0.05064732650628138,0.6831289293417693,0.5003457474209726,28,0.974641289018769
EditIntegration,Structural,T7,-0.04142372301050607,-0.45406019599258496,0.6534145609752765,28,0.974641289018769
EditIntegration,Structural,T8,0.020127156567183446,0.2961180176798223,0.7694056513659419,28,0.974641289018769
EditIntegration,Structural,TP7,0.01094315074255454,0.1662003313162646,0.8692376340856639,28,0.974641289018769
EditIntegration,Structural,TP8,-0.040091975822767294,-0.8810162485622868,0.3863809314602012,27,0.974641289018769
EditIntegration,Surface,AF3,0.2898579549313925,2.158679583739625,0.039927208976072506,28,0.17035609163124268
EditIntegration,Surface,AF4,0.2194397341279166,2.1062917638790575,0.04461405746672216,28,0.17845622986688864
EditIntegration,Surface,C1,-0.056516915572438195,-0.9552977793723616,0.34790271335765155,28,0.4677527820670804
EditIntegration,Surface,C2,-0.08566677722944195,-1.2422094447083132,0.22484108824509577,28,0.3211636693103939
EditIntegration,Surface,C3,-0.009494469844696287,-0.1382064330860872,0.8911028776272306,28,0.9052473677482977
EditIntegration,Surface,C4,-0.08240806363860409,-1.8771634289266694,0.07134048092000717,28,0.19163217479266284
EditIntegration,Surface,C5,0.01916609926802298,0.3121105538730011,0.7573541379904263,28,0.7946010628096276
EditIntegration,Surface,C6,-0.05013497515788186,-0.9494478957053306,0.3508145865503103,28,0.4677527820670804
EditIntegration,Surface,CB1,-0.09410911785386238,-0.6235764667958015,0.5381386122347275,28,0.6042258102284659
EditIntegration,Surface,CB2,-0.09668944281156595,-0.8417558090345194,0.40731878823703366,28,0.5111451460229443
EditIntegration,Surface,CP1,-0.19937118923460678,-2.959934066459894,0.006337226274145696,28,0.11798929729878095
EditIntegration,Surface,CP2,-0.168105919305532,-2.1820622661046642,0.03798143768894213,28,0.17035609163124268
EditIntegration,Surface,CP3,-0.1884527261322788,-2.7805477666679055,0.009767839369991925,28,0.11798929729878095
EditIntegration,Surface,CP4,-0.12828510039619095,-1.8919131703848522,0.06927341965410425,28,0.19163217479266284
EditIntegration,Surface,CP5,-0.09820258431248144,-1.6464653248500227,0.1112602090339272,28,0.22519200437433776
EditIntegration,Surface,CP6,-0.11742217236925669,-2.054668742534689,0.05008914853024606,27,0.1808234754047111
EditIntegration,Surface,CPZ,-0.15820109086916756,-1.9292649560435011,0.06426977006952458,28,0.19163217479266284
EditIntegration,Surface,CZ,-0.15011869546008072,-1.8824638943379233,0.07101006987741179,27,0.19163217479266284
EditIntegration,Surface,F1,0.2607237753644853,2.6533700115938297,0.013188475842480923,28,0.11798929729878095
EditIntegration,Surface,F2,0.16045423682603005,1.6895682310444837,0.10262714889173666,28,0.22519200437433776
EditIntegration,Surface,F3,0.19373796064149282,1.5945503722713688,0.12245329197187631,28,0.23748517230909344
EditIntegration,Surface,F4,0.14010000234682643,1.6475960784782755,0.11102622364752693,28,0.22519200437433776
EditIntegration,Surface,F5,0.27718025949959574,2.55440392105843,0.01659224493264107,28,0.11798929729878095
EditIntegration,Surface,F6,0.16723297509563959,1.494788737908433,0.14700882418542555,27,0.2542855337261415
EditIntegration,Surface,F7,0.17509798480614616,1.2395226410390765,0.22581820498387073,28,0.3211636693103939
EditIntegration,Surface,F8,0.09548711287412905,0.807154540830004,0.4266310700544361,28,0.5250843939131522
EditIntegration,Surface,FC1,0.08712059917038818,1.1659310782340282,0.2538387307821662,28,0.35316692978388337
EditIntegration,Surface,FC2,0.012150811503054137,0.14460185026863706,0.8861403154127588,27,0.9052473677482977
EditIntegration,Surface,FC3,0.12304972987144261,1.4771840161095555,0.15119658685232754,28,0.2546468831197095
EditIntegration,Surface,FC4,0.09437867351562139,1.3215143275373031,0.1974191959879565,28,0.30082925102926705
EditIntegration,Surface,FC5,0.18427737834599436,2.3115632906569297,0.028669770725577356,28,0.1529054438697459
EditIntegration,Surface,FC6,0.16080851021521542,2.4100808356151555,0.023032729562484422,28,0.13400860836354572
EditIntegration,Surface,FCZ,0.06677887697589777,0.7548198013656325,0.45689106518672945,28,0.5415005217027905
EditIntegration,Surface,FP1,0.49383951864639847,2.797281566423846,0.010233748778183253,24,0.11798929729878095
EditIntegration,Surface,FP2,0.39084822240341316,2.1704808016385306,0.03967272153605936,26,0.17035609163124268
EditIntegration,Surface,FPZ,0.45533296716278243,1.869287556760997,0.07436888660944686,24,0.19163217479266284
EditIntegration,Surface,FT7,0.2442070150775967,2.631283171648547,0.013886255318000617,28,0.11798929729878095
EditIntegration,Surface,FT8,0.0490240847503123,0.5093731289495749,0.6146288428848983,28,0.6667160329598897
EditIntegration,Surface,FZ,0.11725164431241121,1.275730328216353,0.21291754724355802,28,0.3169005354322724
EditIntegration,Surface,M1,0.08552232817932358,0.5586632055344599,0.5809957771123262,28,0.6410987885377393
EditIntegration,Surface,M2,0.12262105802022202,0.9071043991341522,0.3726825006860565,27,0.48676898048791056
EditIntegration,Surface,O1,-0.07653013948476015,-0.7895628926111545,0.4366624753244267,28,0.5272905362408171
EditIntegration,Surface,O2,-0.12503339567263158,-1.3542350287911595,0.18688776666058407,28,0.2931586920683887
EditIntegration,Surface,OZ,0.0021164907044829667,0.021633165567425977,0.9828996625580313,28,0.9828996625580313
EditIntegration,Surface,P1,-0.2899350759752489,-3.129009556227421,0.004178069199135467,28,0.11798929729878095
EditIntegration,Surface,P2,-0.214309143036614,-2.469107994122756,0.020161777006906873,28,0.129035372844204
EditIntegration,Surface,P3,-0.24788006249314878,-3.0924775857821674,0.0045746623709953405,28,0.11798929729878095
EditIntegration,Surface,P4,-0.24149599124498078,-2.5650601355474305,0.016189968485041954,28,0.11798929729878095
EditIntegration,Surface,P5,-0.17664006118835612,-2.0436531830612736,0.050856602457575,28,0.1808234754047111
EditIntegration,Surface,P6,-0.22602757304014484,-1.8003879260391515,0.08298219135177597,28,0.19669852764865414
EditIntegration,Surface,P7,-0.07493200729450232,-0.8756757392921038,0.3889303766136748,28,0.49783088206550374
EditIntegration,Surface,P8,-0.14486760289720782,-1.6400476808640674,0.11259600218716888,28,0.22519200437433776
EditIntegration,Surface,PO3,-0.14999929551777716,-1.4978045552885295,0.14578492447908248,28,0.2542855337261415
EditIntegration,Surface,PO4,-0.1619455931025382,-1.7020266512152524,0.10023922091262287,28,0.22519200437433776
EditIntegration,Surface,PO5,-0.14046211480339357,-1.3784255735698148,0.17938753959865933,28,0.2931586920683887
EditIntegration,Surface,PO6,-0.1474384690428801,-1.5270214766696877,0.13838654368376435,28,0.25416331696789846
EditIntegration,Surface,PO7,-0.1430630068699356,-1.351329697314851,0.18780478710631152,28,0.2931586920683887
EditIntegration,Surface,PO8,-0.15155170719675173,-1.5245691174793625,0.13899556396681947,28,0.25416331696789846
EditIntegration,Surface,POZ,-0.16848268761399435,-1.8052554338659164,0.08219852481907364,28,0.19669852764865414
EditIntegration,Surface,PZ,-0.1685391803282625,-1.9494288040670358,0.0617018333930367,28,0.19163217479266284
EditIntegration,Surface,T7,0.1633632094903672,1.8529044083182986,0.07485631827838392,28,0.19163217479266284
EditIntegration,Surface,T8,0.06232840209148443,0.6927904831524864,0.4943573652264131,28,0.5752522068089171
EditIntegration,Surface,TP7,0.027776219946603405,0.32825544747607516,0.7452507067273298,28,0.7946010628096276
EditIntegration,Surface,TP8,-0.04585461421492129,-0.6468580456054069,0.5233939373656152,27,0.5981644998464174
EditIntegration,Surface_minus_Structural,AF3,0.2712554794044608,1.8989690887679709,0.06830308993816436,28,0.42002163563379313
EditIntegration,Surface_minus_Structural,AF4,0.07822922426819957,0.6409756395309637,0.5269421614560788,28,0.7494288518486454
EditIntegration,Surface_minus_Structural,C1,-0.04903903891224938,-0.7574559892724333,0.4553369281547739,28,0.7110105773525917
EditIntegration,Surface_minus_Structural,C2,-0.10632105040664228,-1.207224165975442,0.23781577828792103,28,0.5899378840056728
EditIntegration,Surface_minus_Structural,C3,-0.008657399169988492,-0.09829214604083965,0.9224264080571014,28,0.9612439481791896
EditIntegration,Surface_minus_Structural,C4,-0.08722036674696396,-1.6506142467917333,0.11040368632762593,28,0.4684800982140028
EditIntegration,Surface_minus_Structural,C5,0.05068259772535424,0.5274299745207771,0.6022026235091391,28,0.7708193580916981
EditIntegration,Surface_minus_Structural,C6,-0.0763408793483816,-1.0077682904532375,0.32251239169513257,28,0.6172571636251083
EditIntegration,Surface_minus_Structural,CB1,0.07257740935035539,0.49238511797352075,0.6264272578356155,28,0.7861047941466547
EditIntegration,Surface_minus_Structural,CB2,-0.07381391716373835,-0.5309255292654071,0.5998109561557212,28,0.7708193580916981
EditIntegration,Surface_minus_Structural,CP1,-0.18849724021285472,-2.2615132440734604,0.03199065448120771,28,0.40948037735945875
EditIntegration,Surface_minus_Structural,CP2,-0.1713368930898183,-1.677061215328104,0.10507228066917583,28,0.4684800982140028
EditIntegration,Surface_minus_Structural,CP3,-0.08141895161460264,-0.9992072591384132,0.326565694133117,28,0.6172571636251083
EditIntegration,Surface_minus_Structural,CP4,-0.11822669688405332,-1.4607043265307613,0.15563677434630396,28,0.46916207570689666
EditIntegration,Surface_minus_Structural,CP5,-0.06599397500252142,-0.7731904691996251,0.44612643847378997,28,0.7110105773525917
EditIntegration,Surface_minus_Structural,CP6,-0.06882204324324304,-1.065267349412418,0.29654815137943874,27,0.6172571636251083
EditIntegration,Surface_minus_Structural,CPZ,-0.12196805984922679,-1.1174030431369348,0.27366677604054934,28,0.6172571636251083
EditIntegration,Surface_minus_Structural,CZ,-0.13518550140339844,-1.3206133817584307,0.19813753536174855,27,0.5283667609646628
EditIntegration,Surface_minus_Structural,F1,0.2378472332554437,1.9686443440784784,0.05933858487611095,28,0.42002163563379313
EditIntegration,Surface_minus_Structural,F2,0.09826388425049933,0.7571941515278581,0.455491151116504,28,0.7110105773525917
EditIntegration,Surface_minus_Structural,F3,0.23594642034840788,1.504368284329111,0.14409555685220599,28,0.46916207570689666
EditIntegration,Surface_minus_Structural,F4,0.10513697339843085,1.0173733559012577,0.3180062046859512,28,0.6172571636251083
EditIntegration,Surface_minus_Structural,F5,0.39929321674237483,2.816405401871561,0.008965983956696661,28,0.3142032675010605
EditIntegration,Surface_minus_Structural,F6,0.04979246486378119,0.3649629928358755,0.7180910462374512,27,0.8480864186119145
EditIntegration,Surface_minus_Structural,F7,0.36593735712628866,2.2989887396672395,0.02947327576407671,28,0.40948037735945875
EditIntegration,Surface_minus_Structural,F8,-0.14648728205945744,-0.9146377888428318,0.36847828207165256,28,0.6553228247195045
EditIntegration,Surface_minus_Structural,FC1,0.06679946344793143,0.7089376885667875,0.48444006421869834,28,0.7210270723255046
EditIntegration,Surface_minus_Structural,FC2,-0.01009221020608364,-0.09476454440826286,0.9252284245656827,27,0.9612439481791896
EditIntegration,Surface_minus_Structural,FC3,0.17811015808326264,1.8712001881923632,0.0721912186245582,28,0.42002163563379313
EditIntegration,Surface_minus_Structural,FC4,0.05103158805245037,0.6119182521649074,0.5457107217998319,28,0.7592496998954184
EditIntegration,Surface_minus_Structural,FC5,0.2260961687196604,1.9570478680384291,0.06075511980347934,28,0.42002163563379313
EditIntegration,Surface_minus_Structural,FC6,-0.016535740510661926,-0.1554177609543226,0.8776480873094235,28,0.9520250438610695
EditIntegration,Surface_minus_Structural,FCZ,0.0031144500513909873,0.029675915298325046,0.9765437945751633,28,0.9765437945751633
EditIntegration,Surface_minus_Structural,FP1,0.5196975507787166,2.6371753057388045,0.014728278164112209,24,0.3142032675010605
EditIntegration,Surface_minus_Structural,FP2,0.28430678238563833,1.180581355736015,0.24888004481489323,26,0.5899378840056728
EditIntegration,Surface_minus_Structural,FPZ,0.20268898879545774,0.767621336567046,0.4505213943352207,24,0.7110105773525917
EditIntegration,Surface_minus_Structural,FT7,0.2868549641161093,2.0933442924853733,0.04584546812082109,28,0.42002163563379313
EditIntegration,Surface_minus_Structural,FT8,0.011871524662217983,0.08026617868819708,0.9366175584320074,28,0.9612439481791896
EditIntegration,Surface_minus_Structural,FZ,0.1142305217002731,0.9143647809720729,0.3686190889047213,28,0.6553228247195045
EditIntegration,Surface_minus_Structural,M1,0.06260600510216648,0.3327791111778498,0.7418711539092278,28,0.8480864186119145
EditIntegration,Surface_minus_Structural,M2,0.10112698848964487,0.6635731337659311,0.512804978967088,27,0.7458981512248553
EditIntegration,Surface_minus_Structural,O1,-0.03417960047015219,-0.3306956458670627,0.7434270272701702,28,0.8480864186119145
EditIntegration,Surface_minus_Structural,O2,-0.11384750673240543,-0.996367557824853,0.3279178681758388,28,0.6172571636251083
EditIntegration,Surface_minus_Structural,OZ,-0.06157936117479327,-0.5445840611186098,0.5905095793722568,28,0.7708193580916981
EditIntegration,Surface_minus_Structural,P1,-0.29182251316978247,-2.675143039325457,0.012532758532583134,28,0.3142032675010605
EditIntegration,Surface_minus_Structural,P2,-0.24247837448530177,-1.8097184144235505,0.08148556493391416,28,0.4345896796475422
EditIntegration,Surface_minus_Structural,P3,-0.1586477138152227,-1.5857496059577583,0.1244400260880945,28,0.4684800982140028
EditIntegration,Surface_minus_Structural,P4,-0.20854995316004885,-1.4228491856538719,0.16623203953780444,28,0.46916207570689666
EditIntegration,Surface_minus_Structural,P5,-0.07910690576907689,-0.731794893043486,0.4705983368540676,28,0.7171022275871506
EditIntegration,Surface_minus_Structural,P6,-0.16113885387860472,-1.4759475836043294,0.15152614911705978,28,0.46916207570689666
EditIntegration,Surface_minus_Structural,P7,-0.03632186840665332,-0.31480864831385225,0.7553269665762363,28,0.8480864186119145
EditIntegration,Surface_minus_Structural,P8,-0.16617076397360345,-1.4259837607986126,0.16533347319110053,28,0.46916207570689666
EditIntegration,Surface_minus_Structural,PO3,-0.06545168557272293,-0.5701146958039932,0.5733138673419673,28,0.7708193580916981
EditIntegration,Surface_minus_Structural,PO4,-0.18876934738019271,-1.4146350838688755,0.16860512095716598,28,0.46916207570689666
EditIntegration,Surface_minus_Structural,PO5,-0.04219705129306974,-0.38178185377928037,0.7056114694688845,28,0.8480864186119145
EditIntegration,Surface_minus_Structural,PO6,-0.15250945084825293,-1.198401165696916,0.24117447271450956,28,0.5899378840056728
EditIntegration,Surface_minus_Structural,PO7,-0.12394370510673121,-0.8749175061685994,0.3893355091670182,28,0.6734452050456531
EditIntegration,Surface_minus_Structural,PO8,-0.12326099915873116,-1.0729709584950293,0.2927808519378452,28,0.6172571636251083
EditIntegration,Surface_minus_Structural,POZ,-0.21539274255554494,-1.911418902732275,0.06661975435123321,28,0.42002163563379313
EditIntegration,Surface_minus_Structural,PZ,-0.2191865068345439,-1.7304179026153261,0.09497179939687296,28,0.4675534739538361
EditIntegration,Surface_minus_Structural,T7,0.2047869325008733,1.5982077007865914,0.12163540019841065,28,0.4684800982140028
EditIntegration,Surface_minus_Structural,T8,0.04220124552430095,0.4331308760026049,0.6683602863272022,28,0.8225972754796336
EditIntegration,Surface_minus_Structural,TP7,0.016833069204048867,0.17194642882654124,0.8647619615746446,28,0.9520250438610695
EditIntegration,Surface_minus_Structural,TP8,-0.005762638392154003,-0.06810322500392403,0.9462245114888898,27,0.9612439481791896
LPP,Eye,AF3,0.05596038349062493,0.5436244023578367,0.5911608059450343,28,0.7497444420853292
LPP,Eye,AF4,0.16479763605810643,1.160236682295208,0.25610924736235624,28,0.6834691351320591
LPP,Eye,C1,0.13441063746879472,1.2229277331096315,0.23192435866677918,28,0.6834691351320591
LPP,Eye,C2,0.07649414547909608,0.8886097971691356,0.3820613591269608,28,0.6834691351320591
LPP,Eye,C3,0.03094668444660661,0.3290781281365375,0.7446357081243179,28,0.8510122378563633
LPP,Eye,C4,-0.10738573114819948,-1.3117976837647531,0.20063339725584323,28,0.6834691351320591
LPP,Eye,C5,-0.1313899074359346,-1.0060077086411165,0.3233431127682424,28,0.6834691351320591
LPP,Eye,C6,-0.3070492465177237,-3.066332391904945,0.00488032713344787,28,0.3123409365406637
LPP,Eye,CB1,-0.23088350673963973,-1.094561041673579,0.2833777469717806,28,0.6834691351320591
LPP,Eye,CB2,0.02828228149255674,0.21177498985984558,0.8338730838793882,28,0.8748832355455876
LPP,Eye,CP1,0.1155473073851414,1.3044168690358815,0.20310176801855992,28,0.6834691351320591
LPP,Eye,CP2,0.08561148023784639,0.8763871682247896,0.38855049864110175,28,0.6834691351320591
LPP,Eye,CP3,0.07325270380215697,0.5284757903218238,0.6014865978108999,28,0.7497444420853292
LPP,Eye,CP4,0.009638358776808437,0.08980983792591948,0.9291012476279877,28,0.9438488864792256
LPP,Eye,CP5,-0.026657211486322746,-0.3100865854586986,0.7588759744340707,28,0.8520712695400092
LPP,Eye,CP6,-0.19910181471932858,-2.173604125168882,0.03902907819313805,27,0.6031416564356277
LPP,Eye,CPZ,0.1289224752221482,1.4225340198103766,0.16632260009714378,28,0.6834691351320591
LPP,Eye,CZ,0.1994430322326943,1.6284632123356175,0.11548541312408464,27,0.6143502995478743
LPP,Eye,F1,0.09650181835502125,0.7576360264442147,0.4552309039145447,28,0.6977506278710662
LPP,Eye,F2,0.10497398095890985,0.8062061928742394,0.4271682094575369,28,0.6834691351320591
LPP,Eye,F3,-0.0830348523383815,-0.6966744205330442,0.49196149484691787,28,0.6996785704489499
LPP,Eye,F4,0.019940925330445298,0.14882403181512657,0.882798490300727,28,0.9112758609555891
LPP,Eye,F5,-0.16161007467187974,-1.15768893773299,0.257129916874743,28,0.6834691351320591
LPP,Eye,F6,-0.1911664540016002,-1.2641569381646742,0.21738983043158833,27,0.6834691351320591
LPP,Eye,F7,-0.3211680497161814,-2.0767189978468834,0.047470952841107514,28,0.6031416564356277
LPP,Eye,F8,0.1421695753843985,0.6673079324411136,0.5102390197749569,28,0.7098977666434183
LPP,Eye,FC1,0.09296828000021987,0.8207205186244764,0.4189929960751906,28,0.6834691351320591
LPP,Eye,FC2,0.07972928857339598,0.7032094064170958,0.4881749396056447,27,0.6996785704489499
LPP,Eye,FC3,-0.051290936604520665,-0.51728799184066,0.60916735919433,28,0.7497444420853292
LPP,Eye,FC4,-0.10688026429862554,-0.9227250336368696,0.36432323924555265,28,0.6834691351320591
LPP,Eye,FC5,-0.16691385297035424,-1.6847811559724168,0.10355732192751316,28,0.6143502995478743
LPP,Eye,FC6,-0.07481274571496478,-0.7486178012323438,0.460559781028524,28,0.6977506278710662
LPP,Eye,FCZ,0.1611281832094158,1.5681082739160246,0.12850244386599466,28,0.6143502995478743
LPP,Eye,FP1,-0.1643912650429079,-0.8975122927810815,0.3787448918629808,24,0.6834691351320591
LPP,Eye,FP2,0.3533291224225558,1.6088923580155345,0.12019675435458152,26,0.6143502995478743
LPP,Eye,FPZ,0.31748259839645937,1.5941037103177629,0.12456376024709803,24,0.6143502995478743
LPP,Eye,FT7,-0.1087112144652718,-0.8218918044870491,0.4183375322357325,28,0.6834691351320591
LPP,Eye,FT8,-0.20953200884654702,-1.5433399004318458,0.1343891280260975,28,0.6143502995478743
LPP,Eye,FZ,0.1453540293826588,1.190538366361292,0.24419725956748037,28,0.6834691351320591
LPP,Eye,M1,-0.2579601266687184,-1.6790866518842071,0.10467302257566173,28,0.6143502995478743
LPP,Eye,M2,-0.1877700312920381,-0.5841829794611291,0.5641319833637398,27,0.7497444420853292
LPP,Eye,O1,0.02924732474466848,0.25400534128459645,0.8014158512287783,28,0.8671952114441409
LPP,Eye,O2,0.07230167748349203,0.6006960657749202,0.5530520166501378,28,0.7497444420853292
LPP,Eye,OZ,0.09978073089794846,0.7347910146401184,0.46880120310087264,28,0.6977506278710662
LPP,Eye,P1,0.2288521077973292,2.268802677980717,0.03148624729679459,28,0.6031416564356277
LPP,Eye,P2,0.12934386531375183,1.2075939324055736,0.23767578295039565,28,0.6834691351320591
LPP,Eye,P3,-0.05043572677137149,-0.5212199206284815,0.6064627181979136,28,0.7497444420853292
LPP,Eye,P4,0.054866336924353436,0.44735246770464593,0.6581889915390522,28,0.7947942539339499
LPP,Eye,P5,-0.07364281554315211,-0.8671420111715036,0.3935056826442886,28,0.6834691351320591
LPP,Eye,P6,0.03383685329377094,0.2627427057030408,0.7947434155979868,28,0.8671952114441409
LPP,Eye,P7,-0.08793570516441436,-0.8132951973099811,0.4231631121143566,28,0.6834691351320591
LPP,Eye,P8,-0.11265707953359391,-1.0629674600605499,0.29721190358681954,28,0.6834691351320591
LPP,Eye,PO3,0.10967218242160114,0.9318875596459872,0.3596532653154332,28,0.6834691351320591
LPP,Eye,PO4,0.1235231716854003,0.8241453440551201,0.41707822293183244,28,0.6834691351320591
LPP,Eye,PO5,-0.0401893927955807,-0.3444874478690081,0.733148586921876,28,0.8510122378563633
LPP,Eye,PO6,0.040743414176601815,0.3394697739870448,0.7368823162464767,28,0.8510122378563633
LPP,Eye,PO7,-0.11535906498342956,-0.9838662952527211,0.3339161445232333,28,0.6834691351320591
LPP,Eye,PO8,0.02947409210557792,0.2388891679024698,0.8129955107288821,28,0.8671952114441409
LPP,Eye,POZ,0.238360918252057,1.824246131568535,0.07920135950535523,28,0.6143502995478743
LPP,Eye,PZ,0.2786320579031643,2.2154298489091304,0.03535219462627322,28,0.6031416564356277
LPP,Eye,T7,-0.24863106192852133,-1.9922478044484708,0.05654453029084009,28,0.6031416564356277
LPP,Eye,T8,-0.14921389376305214,-1.1699140670682535,0.2522594195419938,28,0.6834691351320591
LPP,Eye,TP7,0.003348451993178407,0.03791479119317679,0.9700345703303435,28,0.9700345703303435
LPP,Eye,TP8,-0.08987003422972396,-0.9176204758242863,0.36725182000093676,27,0.6834691351320591
LPP,FSlim,AF3,-0.16597705928821663,-1.6258480043847041,0.11559906579831689,28,0.5693270827728034
LPP,FSlim,AF4,0.015321499626497792,0.13677194350097038,0.8922258310970813,28,0.9962003309938676
LPP,FSlim,C1,-0.13203048946304644,-1.9293583117561328,0.06425766931706031,28,0.5162014758712723
LPP,FSlim,C2,-0.004580348511129594,-0.05143271166831137,0.9593593512732999,28,0.9962003309938676
LPP,FSlim,C3,-0.11848291568699511,-1.8919411089013867,0.06926955409192961,28,0.5162014758712723
LPP,FSlim,C4,0.015839377334649535,0.16789543758601053,0.8679168374965913,28,0.9962003309938676
LPP,FSlim,C5,-0.08271344933970849,-0.7614660455793595,0.4529788792812002,28,0.8526661257057886
LPP,FSlim,C6,0.1862642606620962,2.271891339109883,0.03127470206412026,28,0.5162014758712723
LPP,FSlim,CB1,-0.030987892203512352,-0.17071180136281494,0.8657232397590754,28,0.9962003309938676
LPP,FSlim,CB2,0.03740848286227205,0.2720151031161379,0.7876797127855859,28,0.9962003309938676
LPP,FSlim,CP1,0.01664976689461894,0.21051017333665048,0.8348501327543539,28,0.9962003309938676
LPP,FSlim,CP2,0.07561868851460259,0.9654568804885967,0.34288453961282567,28,0.7628849133744268
LPP,FSlim,CP3,-0.1793979500028508,-1.260401165647417,0.21830906111619824,28,0.7160143663969352
LPP,FSlim,CP4,-0.047502976287759714,-0.514614005132839,0.6110099366253371,28,0.9537716083907701
LPP,FSlim,CP5,-0.11973029790497795,-1.5821847058841352,0.1252523086655487,28,0.5725819824710798
LPP,FSlim,CP6,0.06932088117268684,0.8445855572009783,0.4060470634931117,27,0.8120941269862234
LPP,FSlim,CPZ,-0.07064535011602267,-0.6988558445594961,0.49061873891934604,28,0.8902245998026592
LPP,FSlim,CZ,-0.09894083666640682,-1.215914829826192,0.23494221397399437,27,0.7160143663969352
LPP,FSlim,F1,-0.11773424184447633,-0.9874797839629186,0.3321747090218197,28,0.7628849133744268
LPP,FSlim,F2,-0.001121947989660572,-0.009056872917808038,0.9928403490339618,28,0.9962003309938676
LPP,FSlim,F3,-0.1859030971576955,-1.6719177230549422,0.10609191610779069,28,0.5693270827728034
LPP,FSlim,F4,-0.058272559507317225,-0.6262629695324458,0.5364016325928996,28,0.9278298509715021
LPP,FSlim,F5,-0.26677729498212616,-2.121620197017938,0.04319435261150245,28,0.5162014758712723
LPP,FSlim,F6,0.2828324332192584,1.8713446041875177,0.07259083254439766,27,0.5162014758712723
LPP,FSlim,F7,-0.3146998177159361,-2.689512458647375,0.012116836100114716,28,0.5162014758712723
LPP,FSlim,F8,0.3898520085700284,2.4052889763139436,0.023281529482926416,28,0.5162014758712723
LPP,FSlim,FC1,-0.14396620187524573,-1.3391124897283633,0.19169937340714882,28,0.7160143663969352
LPP,FSlim,FC2,0.002548108431794003,0.022845089201994996,0.9819482707382207,27,0.9962003309938676
LPP,FSlim,FC3,-0.14166240320109222,-1.3467532149373305,0.18925638814830892,28,0.7160143663969352
LPP,FSlim,FC4,0.09230307333305336,0.9359364956767574,0.35760230314426256,28,0.7628849133744268
LPP,FSlim,FC5,-0.1719494937704808,-1.7598240288128562,0.08976490708579646,28,0.5693270827728034
LPP,FSlim,FC6,0.3056111992684571,2.025809160937973,0.05277101083570514,28,0.5162014758712723
LPP,FSlim,FCZ,0.013522280818777968,0.13274756348452688,0.895377425397745,28,0.9962003309938676
LPP,FSlim,FP1,-0.21122806700814903,-1.2349426950851377,0.2293195058390819,24,0.7160143663969352
LPP,FSlim,FP2,0.022756587234324215,0.11881533341120314,0.9063712379910482,26,0.9962003309938676
LPP,FSlim,FPZ,0.23857241388670417,0.961395441108141,0.34635248166068344,24,0.7628849133744268
LPP,FSlim,FT7,-0.07759411923048687,-0.547078588145738,0.5888184215494441,28,0.9421094744791105
LPP,FSlim,FT8,0.2716226386014483,1.6256352412765884,0.11564456368822569,28,0.5693270827728034
LPP,FSlim,FZ,-0.1414281760676817,-1.255647603449835,0.22000184783331,28,0.7160143663969352
LPP,FSlim,M1,0.011594406416070633,0.06981858620880349,0.9448526025675835,28,0.9962003309938676
LPP,FSlim,M2,0.0007817766171705055,0.004808197777139769,0.9962003309938676,27,0.9962003309938676
LPP,FSlim,O1,0.003824667935804864,0.028542412696293228,0.977439471573632,28,0.9962003309938676
LPP,FSlim,O2,0.037424103659997154,0.37136655428653204,0.7132628468387268,28,0.9962003309938676
LPP,FSlim,OZ,0.1897306937502529,1.8816693067897612,0.0707034241593969,28,0.5162014758712723
LPP,FSlim,P1,0.10286629153682827,0.9983424060990769,0.3269771034202619,28,0.7628849133744268
LPP,FSlim,P2,-0.0033004805930250563,-0.03826782232351782,0.9697556976278872,28,0.9962003309938676
LPP,FSlim,P3,-0.0019201673455940815,-0.0282738724204866,0.9776516725769228,28,0.9962003309938676
LPP,FSlim,P4,0.013043469814533692,0.12804789609678488,0.8990600599742972,28,0.9962003309938676
LPP,FSlim,P5,-0.04285137187823025,-0.5699703028163414,0.5734104118594127,28,0.9409811886923695
LPP,FSlim,P6,-0.0430036707066857,-0.3442234803022038,0.7333448441301638,28,0.9962003309938676
LPP,FSlim,P7,0.041399873370175956,0.3631034359925351,0.7193549714659477,28,0.9962003309938676
LPP,FSlim,P8,0.14175870834135046,1.3047886881037314,0.20297686403032936,28,0.7160143663969352
LPP,FSlim,PO3,-0.014417443142349865,-0.1464280882677145,0.8846712865366639,28,0.9962003309938676
LPP,FSlim,PO4,0.07877692134034923,0.682476911831497,0.5007513373889958,28,0.8902245998026592
LPP,FSlim,PO5,-0.01816485846328359,-0.21460462746661396,0.8316882211034008,28,0.9962003309938676
LPP,FSlim,PO6,0.11781367632999472,0.9989310132311601,0.3266970652645709,28,0.7628849133744268
LPP,FSlim,PO7,0.07435881282125485,0.6036812962596732,0.5510941631054131,28,0.9281585904933274
LPP,FSlim,PO8,-0.034025541827713716,-0.27676972172448394,0.7840647500579048,28,0.9962003309938676
LPP,FSlim,POZ,0.12689946844362876,1.0674759783377723,0.2952090237984139,28,0.7628849133744268
LPP,FSlim,PZ,0.08869721710017675,0.8898036608391143,0.38143130646173434,28,0.7874710843080968
LPP,FSlim,T7,-0.11643420762309806,-1.0194728105403426,0.3170270820075742,28,0.7628849133744268
LPP,FSlim,T8,0.16050753999384232,1.1267499420266918,0.2697631026184027,28,0.7628849133744268
LPP,FSlim,TP7,-0.08944477669669519,-0.7747888086449366,0.44519712684144247,28,0.8526661257057886
LPP,FSlim,TP8,0.037396764730027024,0.3659625564674755,0.7173539327342637,27,0.9962003309938676
LPP,Mouth,AF3,0.23427203930565493,1.4928646880830827,0.14706687593151918,28,0.8220514093638841
LPP,Mouth,AF4,0.10688566534865503,0.6931441235248013,0.4941389439167272,28,0.9221357586868129
LPP,Mouth,C1,0.008214855937653106,0.11376708329096974,0.9102641818702782,28,0.9636749698232598
LPP,Mouth,C2,-0.09212708384449911,-1.3126087189045463,0.2003635782054694,28,0.8220514093638841
LPP,Mouth,C3,0.0016594739347466814,0.014355536354364463,0.9886518860358918,28,0.9886518860358918
LPP,Mouth,C4,-0.059543154776314985,-0.8874118351522255,0.38269425196738877,28,0.8445666250314786
LPP,Mouth,C5,-0.08704362645310786,-0.9202398470875839,0.36559676750712755,28,0.8356497543020058
LPP,Mouth,C6,-0.15054209059272022,-1.8902068789012654,0.06950985637152272,28,0.8220514093638841
LPP,Mouth,CB1,0.015528098245472046,0.06772726165820925,0.9465018130946828,28,0.9770341296461242
LPP,Mouth,CB2,0.03810483725939716,0.273132013053348,0.786830082331646,28,0.9607524540807281
LPP,Mouth,CP1,-0.12429473217135434,-1.416509937207229,0.1680611175378754,28,0.8220514093638841
LPP,Mouth,CP2,-0.11464838409624833,-1.230535118953519,0.2291099862019831,28,0.8220514093638841
LPP,Mouth,CP3,-0.026522238785845306,-0.20880225756179224,0.8361698953080468,28,0.9607524540807281
LPP,Mouth,CP4,-0.07326914495033987,-0.7926897334120656,0.4348690129684933,28,0.8977940912897926
LPP,Mouth,CP5,-0.2578553488721278,-2.4800654928160535,0.019666542928195557,28,0.8220514093638841
LPP,Mouth,CP6,-0.059097487602474276,-0.60106145786685,0.5530036577539122,27,0.9221357586868129
LPP,Mouth,CPZ,-0.12412800183557404,-1.3684493589522766,0.1824515245880975,28,0.8220514093638841
LPP,Mouth,CZ,-0.05063270755173879,-0.521831369692114,0.6062052249805304,27,0.9553912465621917
LPP,Mouth,F1,0.28576844633485043,2.1002301969165615,0.04518684751454761,28,0.8220514093638841
LPP,Mouth,F2,0.20978336384912394,1.6497916282264262,0.11057307300830316,28,0.8220514093638841
LPP,Mouth,F3,0.09765800747529345,0.7286541590415704,0.47248651822269166,28,0.9221357586868129
LPP,Mouth,F4,0.05779606269494213,0.42839829437958654,0.671759470239041,28,0.9553912465621917
LPP,Mouth,F5,0.17096006365365884,0.9728949458680888,0.33924157699819396,28,0.8356497543020058
LPP,Mouth,F6,0.08159467215258932,0.6650707521119527,0.5118620403620732,27,0.9221357586868129
LPP,Mouth,F7,-0.03789077178049459,-0.16434731604816208,0.8706819115106598,28,0.9607524540807281
LPP,Mouth,F8,-0.07838981563457717,-0.5910361034105541,0.5594120619647032,28,0.9221357586868129
LPP,Mouth,FC1,0.05575393824058369,0.5872326494342109,0.5619264779497766,28,0.9221357586868129
LPP,Mouth,FC2,0.022205928704645016,0.18019268069787292,0.8583984169065055,27,0.9607524540807281
LPP,Mouth,FC3,0.13294873796196535,0.9446550111250653,0.3532124516249719,28,0.8356497543020058
LPP,Mouth,FC4,0.09057922097210909,0.9324802918191079,0.35935253392468985,28,0.8356497543020058
LPP,Mouth,FC5,0.026062403993061256,0.21953762571126476,0.8278825732494061,28,0.9607524540807281
LPP,Mouth,FC6,0.1747432814300866,2.2917213859348213,0.02994692833273355,28,0.8220514093638841
LPP,Mouth,FCZ,0.019109413018447707,0.17417121797350843,0.863030280335281,28,0.9607524540807281
LPP,Mouth,FP1,0.11201536350507084,0.4528437988813029,0.6549041188676396,24,0.9553912465621917
LPP,Mouth,FP2,0.397155205421318,1.7686570716759988,0.08915273869913833,26,0.8220514093638841
LPP,Mouth,FPZ,0.22948644630900503,0.8029288306102221,0.4302355325320847,24,0.8977940912897926
LPP,Mouth,FT7,0.11201733830199938,0.9290308427629124,0.36110500373131704,28,0.8356497543020058
LPP,Mouth,FT8,-0.11762485132529879,-1.115549379736251,0.2744457702252158,28,0.8220514093638841
LPP,Mouth,FZ,0.04037644603307848,0.35873881299304583,0.7225805125214197,28,0.9607524540807281
LPP,Mouth,M1,-0.2456125737955753,-1.2895243394260139,0.20815330688648837,28,0.8220514093638841
LPP,Mouth,M2,-0.15949361270856965,-0.7150293967855077,0.48096267818858296,27,0.9221357586868129
LPP,Mouth,O1,0.11487959608313884,1.049653812362642,0.30318233292124586,28,0.8356497543020058
LPP,Mouth,O2,-0.025688844705543296,-0.18211548022226257,0.85685253568002,28,0.9607524540807281
LPP,Mouth,OZ,0.24069155421021557,1.5430081273938325,0.13446945133926175,28,0.8220514093638841
LPP,Mouth,P1,-0.15778180481622323,-1.3057281817408295,0.20266152623725214,28,0.8220514093638841
LPP,Mouth,P2,-0.15374883729020608,-1.1054219940392227,0.2787300076193201,28,0.8220514093638841
LPP,Mouth,P3,-0.15202081299771653,-1.604787086170593,0.12017540655428026,28,0.8220514093638841
LPP,Mouth,P4,-0.16616462821017164,-1.1421135886131366,0.2634345310481269,28,0.8220514093638841
LPP,Mouth,P5,-0.10342941452877344,-1.0964157133406944,0.28258017196883517,28,0.8220514093638841
LPP,Mouth,P6,-0.06448198012195847,-0.44544528636698627,0.6595491905533308,28,0.9553912465621917
LPP,Mouth,P7,0.05112099195751896,0.4804086713812478,0.6348064466076705,28,0.9553912465621917
LPP,Mouth,P8,-0.1782470263265599,-1.1314528655000908,0.267814282059082,28,0.8220514093638841
LPP,Mouth,PO3,0.0043250702025955335,0.040912452083927874,0.967666730833969,28,0.983026520212286
LPP,Mouth,PO4,-0.03303392046508435,-0.24124706421551811,0.8111863386383524,28,0.9607524540807281
LPP,Mouth,PO5,0.01981492497788852,0.23439761693601943,0.8164447087251687,28,0.9607524540807281
LPP,Mouth,PO6,0.034182516007602845,0.2475744736838773,0.8063367180909148,28,0.9607524540807281
LPP,Mouth,PO7,0.046095993054220616,0.5076128276014391,0.6158465912103084,28,0.9553912465621917
LPP,Mouth,PO8,-0.014399252499535975,-0.10328172432831673,0.9185027056127946,28,0.9636749698232598
LPP,Mouth,POZ,0.07207378279059495,0.6186133914549355,0.5413553533452985,28,0.9221357586868129
LPP,Mouth,PZ,-0.10720215501780415,-1.2882789872305913,0.20858005258184312,28,0.8220514093638841
LPP,Mouth,T7,-0.013486993917943687,-0.11590019805526329,0.9085893736934766,28,0.9636749698232598
LPP,Mouth,T8,-0.03284918132885933,-0.26512888045828614,0.7929239037217888,28,0.9607524540807281
LPP,Mouth,TP7,-0.0315732763876269,-0.33151912077832124,0.7428119466280942,28,0.9607524540807281
LPP,Mouth,TP8,-0.14497186740921578,-1.2545036165386243,0.22081990782785146,27,0.8220514093638841
LPP,Skin,AF3,0.24934521308538674,1.3828663042080456,0.17803672206714366,28,0.5158836632453805
LPP,Skin,AF4,0.22420942849600087,1.3734743066846904,0.18090313097097052,28,0.5158836632453805
LPP,Skin,C1,-0.12716138509166,-1.4129572302418951,0.1690931459658536,28,0.5158836632453805
LPP,Skin,C2,-0.09546768497603322,-0.8332501207964823,0.4120144310640574,28,0.7072714596803747
LPP,Skin,C3,-0.00801866500303095,-0.08558017708446326,0.9324316245632718,28,0.9472321265404665
LPP,Skin,C4,-0.21888680111673928,-2.8888653181774933,0.007531276182677506,28,0.1205004189228401
LPP,Skin,C5,0.011640022004093867,0.13595816186784393,0.8928629808920086,28,0.9367742750342385
LPP,Skin,C6,-0.032395085324507904,-0.33100633334212043,0.7431949441752488,28,0.8648086623130168
LPP,Skin,CB1,0.13057291563259046,1.0430673164227173,0.30616694933899063,28,0.6300615974384797
LPP,Skin,CB2,-0.07668543300315786,-0.5601897325760815,0.5799688145889316,28,0.8069131333411221
LPP,Skin,CP1,-0.2540444482766095,-2.489945452879755,0.019229649821394412,28,0.24613951771384848
LPP,Skin,CP2,-0.23580398413176634,-2.3157134484079744,0.02840898197014041,28,0.303029141014831
LPP,Skin,CP3,-0.3892950028573495,-1.4793311280400283,0.15062566020218981,28,0.5158836632453805
LPP,Skin,CP4,-0.1422449789653089,-1.38818974086929,0.1764279497267639,28,0.5158836632453805
LPP,Skin,CP5,0.03216537547780069,0.36345362897930805,0.7190963997661022,28,0.8648086623130168
LPP,Skin,CP6,-0.115290705319691,-1.2042554631006126,0.23933970694368825,27,0.5673237497924463
LPP,Skin,CPZ,-0.20185653634636708,-1.8873034767903123,0.06991378230753258,28,0.4346087454874666
LPP,Skin,CZ,-0.24741582920037863,-2.248437227009304,0.033247604141617156,27,0.30397809500907114
LPP,Skin,F1,0.12840911311009895,1.0990477760096373,0.2814510522130341,28,0.619623007651399
LPP,Skin,F2,0.05702185261037883,0.39897608167376913,0.6930489613115383,28,0.8648086623130168
LPP,Skin,F3,0.11348042378916608,0.82813092709389,0.41485681165724636,28,0.7072714596803747
LPP,Skin,F4,0.15325208604902057,1.211254128236922,0.23629333062310975,28,0.5673237497924463
LPP,Skin,F5,0.34312704441780645,1.8919970095061602,0.0692618202678545,28,0.4346087454874666
LPP,Skin,F6,-0.014570182644512885,-0.10787651563870038,0.914921822856899,27,0.9444354300458313
LPP,Skin,F7,0.24544698771947487,1.1449626016924224,0.2622729562522181,28,0.5994810428622127
LPP,Skin,F8,-0.15479221339062552,-0.8573123061921504,0.39881830790122025,28,0.7072714596803747
LPP,Skin,FC1,0.03898498526543618,0.34201152454307193,0.7349901332350733,28,0.8648086623130168
LPP,Skin,FC2,-0.05025141232617973,-0.4197210726091621,0.6781372814745783,27,0.8648086623130168
LPP,Skin,FC3,0.06999981291245592,0.7448952071129038,0.46277016916576513,28,0.7142994253696351
LPP,Skin,FC4,0.03896214000730674,0.4097793269257232,0.6852009445654437,28,0.8648086623130168
LPP,Skin,FC5,0.3091878023713807,1.8283848220807666,0.07856077825525956,28,0.4346087454874666
LPP,Skin,FC6,0.03564597950897786,0.2901232046139653,0.7739385630581429,28,0.8689836497494938
LPP,Skin,FCZ,0.004016355346588836,0.0302777043746197,0.9760682823648871,28,0.9760682823648871
LPP,Skin,FP1,0.8299250782912225,3.505856664959213,0.001900728745286876,24,0.1205004189228401
LPP,Skin,FP2,0.1840602930293554,0.765416583985341,0.45118963558261704,26,0.7142994253696351
LPP,Skin,FPZ,0.4544406552998332,1.9285604030917853,0.06621776056210413,24,0.4346087454874666
LPP,Skin,FT7,0.20506689756365779,1.3407960250542952,0.191158999035314,28,0.5158836632453805
LPP,Skin,FT8,-0.19680201419140678,-1.0162835446429483,0.31851528435205523,28,0.6300615974384797
LPP,Skin,FZ,0.14563320387155373,1.272402854002865,0.21407916428145873,28,0.5480426605605344
LPP,Skin,M1,0.28027176018902294,1.5373583600756504,0.1358433049769122,28,0.5158836632453805
LPP,Skin,M2,0.1737870612498785,0.7849723606445509,0.4395642737796655,27,0.7142994253696351
LPP,Skin,O1,0.07325063440608812,0.5665757575999021,0.5756824267681896,28,0.8069131333411221
LPP,Skin,O2,-0.10155270487435883,-1.078280102559201,0.2904482848365933,28,0.619623007651399
LPP,Skin,OZ,-0.05811143741325326,-0.5177922556439243,0.6088201764185145,28,0.8290317295911687
LPP,Skin,P1,-0.4068263537198574,-2.9975980167736016,0.005779641155762928,28,0.1205004189228401
LPP,Skin,P2,-0.16290412247425187,-1.3768355196446282,0.17987316738071793,28,0.5158836632453805
LPP,Skin,P3,-0.19348102670005976,-1.8096959533267754,0.08148913977889999,28,0.4346087454874666
LPP,Skin,P4,-0.1734589098246188,-1.5193135265513582,0.1403080821286339,28,0.5158836632453805
LPP,Skin,P5,-0.1677137789241114,-1.333663909031397,0.19345637371701768,28,0.5158836632453805
LPP,Skin,P6,-0.12195667875539037,-0.8888781294668114,0.3819196900445189,28,0.7072714596803747
LPP,Skin,P7,-0.1296741756541268,-1.0027681844590173,0.3248755111792161,28,0.6300615974384797
LPP,Skin,P8,0.05211831742468017,0.3667087942682574,0.7166945148396852,28,0.8648086623130168
LPP,Skin,PO3,0.03361046029797241,0.262610620617718,0.7948441680123123,28,0.8752023455361373
LPP,Skin,PO4,-0.10732481024084786,-0.8190259395006583,0.4199424291852225,28,0.7072714596803747
LPP,Skin,PO5,0.026580028962380955,0.18742101627999938,0.8527318875377052,28,0.909580680040219
LPP,Skin,PO6,-0.08128485071265566,-0.7348614583049848,0.468758997898823,28,0.7142994253696351
LPP,Skin,PO7,-0.05951268163219798,-0.34108684260193717,0.7356783083834997,28,0.8648086623130168
LPP,Skin,PO8,-0.02799021756172798,-0.24693411807554022,0.8068271622911266,28,0.8752023455361373
LPP,Skin,POZ,-0.2976940258586411,-2.942442032610403,0.006613224022187099,28,0.1205004189228401
LPP,Skin,PZ,-0.1825743604489423,-1.7613375995909912,0.0895035970687624,28,0.4406330932615995
LPP,Skin,T7,0.1983130614845209,1.4214003919917848,0.16664866358048225,28,0.5158836632453805
LPP,Skin,T8,0.06643777623018339,0.6487352957116851,0.5219895663439257,28,0.7597269925122663
LPP,Skin,TP7,0.08009349403550371,0.64822841791806,0.522312307352183,28,0.7597269925122663
LPP,Skin,TP8,0.03272025074126542,0.3012538644794969,0.7656171103771354,27,0.8689836497494938
LPP,Structural,AF3,-0.055008337898795855,-0.8103675120610606,0.42481435405675205,28,0.7900832838529083
LPP,Structural,AF4,0.0900595678423021,1.2480694884055081,0.2227210250337096,28,0.7278585597726313
LPP,Structural,C1,0.0011900740028741447,0.028859655791929822,0.9771887876900123,28,0.9797104049580613
LPP,Structural,C2,0.035956898483983236,0.567636998109549,0.5749716417107962,28,0.9338765428612966
LPP,Structural,C3,-0.04376811562019426,-0.972518762017024,0.33942518977699004,28,0.7490762808871504
LPP,Structural,C4,-0.04577317690677497,-0.7975735678882638,0.4320767958570592,28,0.7900832838529083
LPP,Structural,C5,-0.10705167838782152,-1.0512335702652387,0.3024695259187116,28,0.7490762808871504
LPP,Structural,C6,-0.06039249292781375,-1.0275448509197307,0.3132819902659465,28,0.7490762808871504
LPP,Structural,CB1,-0.13093569947157602,-1.1619903450099238,0.25540842976943495,28,0.7278585597726313
LPP,Structural,CB2,0.032845382177414395,0.3857229014856991,0.7027243913845354,28,0.9338765428612966
LPP,Structural,CP1,0.06609853713988019,1.4258164412378664,0.16538133976366928,28,0.7278585597726313
LPP,Structural,CP2,0.08061508437622447,1.2694515269577116,0.21511350350738453,28,0.7278585597726313
LPP,Structural,CP3,-0.053072623100346904,-0.8188597154077825,0.4200356325379359,28,0.7900832838529083
LPP,Structural,CP4,-0.018932308755475656,-0.2324860336378885,0.8179138160735419,28,0.9461533675565658
LPP,Structural,CP5,-0.07319375469565037,-1.2609945810086138,0.21809843639705445,28,0.7278585597726313
LPP,Structural,CP6,-0.06489046677332087,-1.0387472028383509,0.30848651187396153,27,0.7490762808871504
LPP,Structural,CPZ,0.02913856255306276,0.3661549852355772,0.7171029451367923,28,0.9338765428612966
LPP,Structural,CZ,0.050251097783143725,0.6611955502008808,0.5143039320817467,27,0.8896068014386971
LPP,Structural,F1,-0.010616211744727525,-0.13195430862861549,0.8959988510031579,28,0.9797104049580613
LPP,Structural,F2,0.051926016484624644,0.5631674553410154,0.577968159414412,28,0.9338765428612966
LPP,Structural,F3,-0.13446897474803846,-1.7089643820266163,0.09892984939894353,28,0.5755918510483987
LPP,Structural,F4,-0.019165817088435955,-0.2130359585481761,0.8328992770678414,28,0.9461533675565658
LPP,Structural,F5,-0.21419368482700293,-2.2166998593208747,0.03525544154874899,28,0.5074956631773658
LPP,Structural,F6,0.045832989608829144,0.42789891688080106,0.6722483122397777,27,0.9338765428612966
LPP,Structural,F7,-0.31793393371605877,-3.7693806490688213,0.0008119790995760344,28,0.0519666623728662
LPP,Structural,F8,0.2660107919772134,1.73776218111102,0.09364796559154664,28,0.5755918510483987
LPP,Structural,FC1,-0.025498960937512926,-0.3539456956324449,0.7261287273783928,28,0.9338765428612966
LPP,Structural,FC2,0.04113869850259501,0.4722887818602442,0.6406608345990271,27,0.9338765428612966
LPP,Structural,FC3,-0.09647666990280646,-1.3369339500118476,0.19240039278959672,28,0.7278585597726313
LPP,Structural,FC4,-0.00728859548278607,-0.09361741098543139,0.9261043366225399,28,0.9797104049580613
LPP,Structural,FC5,-0.1694316733704175,-2.1254638286473346,0.042844739923945885,28,0.5074956631773658
LPP,Structural,FC6,0.11539922677674615,1.2159599700548915,0.2345247758877789,28,0.7278585597726313
LPP,Structural,FCZ,0.08732523201409689,1.3727916403068603,0.18111288182135116,28,0.7278585597726313
LPP,Structural,FP1,-0.18780966602552848,-1.415373127290688,0.1703577100081444,24,0.7278585597726313
LPP,Structural,FP2,0.18804285482844,1.276466695177095,0.2135213530141598,26,0.7278585597726313
LPP,Structural,FPZ,0.2780275061415817,2.092972718618155,0.04757771842287805,24,0.5074956631773658
LPP,Structural,FT7,-0.09315266684787935,-0.8302479484663634,0.41367987486670443,28,0.7900832838529083
LPP,Structural,FT8,0.031045314877450714,0.2354031465507388,0.8156722030119629,28,0.9461533675565658
LPP,Structural,FZ,0.0019629266574885673,0.02566865423878298,0.9797104049580613,28,0.9797104049580613
LPP,Structural,M1,-0.12318286012632387,-1.177672205016999,0.2492040034390248,28,0.7278585597726313
LPP,Structural,M2,-0.09349412733743383,-0.447431949595416,0.6582687680638849,27,0.9338765428612966
LPP,Structural,O1,0.01653599634023668,0.21696308875597273,0.829868218611367,28,0.9461533675565658
LPP,Structural,O2,0.0548628905717446,0.882922396138911,0.38507209142640764,28,0.7900832838529083
LPP,Structural,OZ,0.14475571232410064,1.8035641970496765,0.08247009178890513,28,0.5755918510483987
LPP,Structural,P1,0.1658591996670787,2.3556955561729556,0.02600495225247338,28,0.5074956631773658
LPP,Structural,P2,0.0630216923603634,0.8551874440668982,0.39997269463150803,28,0.7900832838529083
LPP,Structural,P3,-0.026177947058482788,-0.43342995380217886,0.668145713411589,28,0.9338765428612966
LPP,Structural,P4,0.033954903369443575,0.3492766857071301,0.729591049110388,28,0.9338765428612966
LPP,Structural,P5,-0.05824709371069118,-1.0178683258699102,0.3177751771830882,28,0.7490762808871504
LPP,Structural,P6,-0.004583408706457373,-0.07340115587334572,0.9420279861339216,28,0.9797104049580613
LPP,Structural,P7,-0.023267915897119195,-0.29436286091705705,0.7707319402096996,28,0.9461533675565658
LPP,Structural,P8,0.014550814403878296,0.20040229503005016,0.8426678429800664,28,0.9461533675565658
LPP,Structural,PO3,0.04762736963962564,0.7496064260689262,0.45997380874609506,28,0.8177312155486134
LPP,Structural,PO4,0.10115004651287476,1.1466809632306465,0.26157416991828936,28,0.7278585597726313
LPP,Structural,PO5,-0.029177125629432143,-0.44350795822510175,0.6609321086970207,28,0.9338765428612966
LPP,Structural,PO6,0.07927854525329829,0.9885014983933393,0.3316834438075834,28,0.7490762808871504
LPP,Structural,PO7,-0.020500126081087366,-0.32409628460349377,0.7483625259761545,28,0.9391216012249782
LPP,Structural,PO8,-0.002275724861067912,-0.026970194936757667,0.9786818642967149,28,0.9797104049580613
LPP,Structural,POZ,0.18263019334784286,1.9490208214160385,0.06175288945050631,28,0.5645978464046292
LPP,Structural,PZ,0.18366463750167053,2.1353835777514463,0.041954095532979185,28,0.5074956631773658
LPP,Structural,T7,-0.18253263477580975,-1.8704113756821765,0.0723044079797423,28,0.5755918510483987
LPP,Structural,T8,0.005646823115395065,0.05896152621322373,0.9534169876734793,28,0.9797104049580613
LPP,Structural,TP7,-0.0430481623517584,-0.5437592501179159,0.5910692768944911,28,0.9338765428612966
LPP,Structural,TP8,-0.026236634749848473,-0.38031523151572044,0.7068007923056269,27,0.9338765428612966
LPP,Surface,AF3,0.24180862619552082,1.6359448914641164,0.11345694942939782,28,0.3757376711190265
LPP,Surface,AF4,0.16554754692232798,1.492285744400107,0.1472177126174876,28,0.3757376711190265
LPP,Surface,C1,-0.05947326457700345,-1.0259115201811413,0.3140372954519518,28,0.5591889615481369
LPP,Surface,C2,-0.09379738441026618,-1.233489292684297,0.22802402886709564,28,0.47075928540303613
LPP,Surface,C3,-0.0031795955341421345,-0.04056436009436319,0.9679416721731597,28,0.9679416721731597
LPP,Surface,C4,-0.13921497794652712,-2.7322753930699157,0.010954214780990157,28,0.23641708386844904
LPP,Surface,C5,-0.03770180222450698,-0.5564843211134496,0.5824631650983294,28,0.7607682156386343
LPP,Surface,C6,-0.0914685879586141,-1.4752236962466294,0.15171936418139234,28,0.3757376711190265
LPP,Surface,CB1,0.07305050693903126,0.5994822360612597,0.5538491318707276,28,0.754177541270778
LPP,Surface,CB2,-0.01929029787188035,-0.16669519101771837,0.8688520082097931,28,0.9564906225067564
LPP,Surface,CP1,-0.1891695902239819,-2.6706208978778627,0.012666388400481647,28,0.23641708386844904
LPP,Surface,CP2,-0.17522618411400734,-2.175770315902213,0.03849646791806717,28,0.3438575880863757
LPP,Surface,CP3,-0.20790862082159742,-2.301962580385166,0.029281423901891947,28,0.3123351882868474
LPP,Surface,CP4,-0.1077570619578244,-1.4293063455569404,0.1643852311145741,28,0.3757376711190265
LPP,Surface,CP5,-0.11284498669716354,-1.6514800838264945,0.1102256343374427,28,0.3757376711190265
LPP,Surface,CP6,-0.08719409646108268,-1.5041611434480102,0.14459149276740213,27,0.3757376711190265
LPP,Surface,CPZ,-0.16299226909097056,-1.9423112012260528,0.0625978616981086,28,0.3438575880863757
LPP,Surface,CZ,-0.14902426837605867,-1.712617446115293,0.09868604912985385,27,0.3757376711190265
LPP,Surface,F1,0.2070887797224747,2.093021103634624,0.04587658913405559,28,0.3438575880863757
LPP,Surface,F2,0.1334026082297514,1.3185467084207432,0.19839661609644071,28,0.4378408079369726
LPP,Surface,F3,0.10556921563222975,0.9621050080946071,0.34453479818638505,28,0.5653904380494524
LPP,Surface,F4,0.10552407437198134,1.1662045759858226,0.2537300531167331,28,0.5074601062334662
LPP,Surface,F5,0.25704355403573265,1.9276970583113038,0.06447329776619544,28,0.3438575880863757
LPP,Surface,F6,0.03351224475403822,0.3484683278169833,0.7302944345642293,27,0.916447917884523
LPP,Surface,F7,0.10377810796949014,0.7385133422337551,0.46657407409842183,28,0.6944358312162557
LPP,Surface,F8,-0.11659101451260133,-1.0248177634640738,0.314543790870827,28,0.5591889615481369
LPP,Surface,FC1,0.04736946175300994,0.5660096513900612,0.5760617658868177,28,0.7607682156386343
LPP,Surface,FC2,-0.014022741810767361,-0.14425702401629628,0.8864098804153274,27,0.9564906225067564
LPP,Surface,FC3,0.10147427543721065,1.2484814360004635,0.22257255987130609,28,0.47075928540303613
LPP,Surface,FC4,0.06477068048970792,0.8956638098128747,0.3783484321863181,28,0.6053574914981089
LPP,Surface,FC5,0.16762510318222093,1.5647409912981423,0.12929010085403786,28,0.3757376711190265
LPP,Surface,FC6,0.10519463046953227,1.5746459155073134,0.1269844415068417,28,0.3757376711190265
LPP,Surface,FCZ,0.01156288418251827,0.11199592119788757,0.9116551245767522,28,0.9564906225067564
LPP,Surface,FP1,0.4709702208981466,2.63573552590308,0.014776067741778065,24,0.23641708386844904
LPP,Surface,FP2,0.2906077492253366,1.804435241198727,0.08322489201759369,26,0.3757376711190265
LPP,Surface,FPZ,0.34196355080441904,1.4563089018579265,0.15882377930836877,24,0.3757376711190265
LPP,Surface,FT7,0.15854211793282857,1.5400001080488255,0.135199492620981,28,0.3757376711190265
LPP,Surface,FT8,-0.15721343275835273,-1.4364324608023913,0.16236608160001176,28,0.3757376711190265
LPP,Surface,FZ,0.0930048249523161,1.0303557097853469,0.31198511720123545,28,0.5591889615481369
LPP,Surface,M1,0.017329593196723832,0.11229008563551851,0.9114240891590442,28,0.9564906225067564
LPP,Surface,M2,0.00714672427065442,0.054460192634492095,0.9569848471471001,27,0.9679416721731597
LPP,Surface,O1,0.09406511524461345,1.139195411945641,0.26462818714029607,28,0.5132183023326954
LPP,Surface,O2,-0.06362077478995107,-0.6909531594663983,0.49549304131056443,28,0.7047012143083583
LPP,Surface,OZ,0.09129005839848114,0.9880693450693299,0.3318911730961227,28,0.5639070094751478
LPP,Surface,P1,-0.28230407926804035,-3.0156710131877067,0.005528966328939281,28,0.23641708386844904
LPP,Surface,P2,-0.15832647988222898,-1.970508301677459,0.05911361831410571,28,0.3438575880863757
LPP,Surface,P3,-0.17275091984888816,-2.4479872437660943,0.021148901445621125,28,0.2707059385039504
LPP,Surface,P4,-0.16981176901739523,-1.6749763236909887,0.10548459119170125,28,0.3757376711190265
LPP,Surface,P5,-0.13557159672644242,-1.6402130785670868,0.11256140876906723,28,0.3757376711190265
LPP,Surface,P6,-0.09321932943867443,-0.812072765173265,0.42385209217118497,28,0.6616227780233132
LPP,Surface,P7,-0.039276591848303934,-0.4778442864417919,0.6366070843119079,28,0.8148570679192422
LPP,Surface,P8,-0.06306435445093986,-0.6363248562331039,0.529922622139104,28,0.737283648193536
LPP,Surface,PO3,0.01896776525028396,0.21328285990756132,0.8327086344982895,28,0.9481909955001644
LPP,Surface,PO4,-0.07017936535296611,-0.7719712131253048,0.44683612621601865,28,0.6808931447101236
LPP,Surface,PO5,0.023197476970134762,0.2770399737589529,0.7838594228687279,28,0.9465472276150676
LPP,Surface,PO6,-0.023551167352526405,-0.244908869812957,0.8083788141115641,28,0.9481909955001644
LPP,Surface,PO7,-0.0067083442889886635,-0.07355116471175711,0.941909730739439,28,0.9679416721731597
LPP,Surface,PO8,-0.021194735030631965,-0.21657612557346528,0.8301667686421031,28,0.9481909955001644
LPP,Surface,POZ,-0.11281012153402305,-1.4567675114291683,0.15671281117192112,28,0.3757376711190265
LPP,Surface,PZ,-0.14488825773337322,-1.945753702031667,0.062163079115626727,28,0.3438575880863757
LPP,Surface,T7,0.0924130337832886,0.9819962911698196,0.334819786875869,28,0.5639070094751478
LPP,Surface,T8,0.016794297450662042,0.1980589729150295,0.8444826053673339,28,0.9481909955001644
LPP,Surface,TP7,0.024260108823938416,0.2788681758887454,0.7824708428302143,28,0.9465472276150676
LPP,Surface,TP8,-0.05612580833397519,-0.708067600997862,0.48520313854763364,27,0.7047012143083583
LPP,Surface_minus_Structural,AF3,0.2968169640943166,2.082053326528766,0.046943914305950844,28,0.21533370006064181
LPP,Surface_minus_Structural,AF4,0.07548797908002583,0.575393630459351,0.5697898505335485,28,0.7980163896990166
LPP,Surface_minus_Structural,C1,-0.06066333857987759,-0.9519040027250214,0.3495900376581894,28,0.7217342712943265
LPP,Surface_minus_Structural,C2,-0.12975428289424942,-1.2643977670331379,0.21689350012059583,28,0.5338916926045436
LPP,Surface_minus_Structural,C3,0.04058852008605211,0.38468685159885985,0.7034829298077773,28,0.8446296073176305
LPP,Surface_minus_Structural,C4,-0.09344180103975216,-1.447413392647782,0.1592934403539302,28,0.44325131228919706
LPP,Surface_minus_Structural,C5,0.06934987616331457,0.5697252476416653,0.5735742800961682,28,0.7980163896990166
LPP,Surface_minus_Structural,C6,-0.03107609503080034,-0.39252397432643443,0.6977528148318918,28,0.8446296073176305
LPP,Surface_minus_Structural,CB1,0.20398620641060727,1.4993358933190912,0.14538936425012158,28,0.4430913958098944
LPP,Surface_minus_Structural,CB2,-0.05213568004929472,-0.3721907684668731,0.7126562311742507,28,0.8446296073176305
LPP,Surface_minus_Structural,CP1,-0.2552681273638621,-2.7299424630763314,0.011014844417614626,28,0.09520370427930128
LPP,Surface_minus_Structural,CP2,-0.2558412684902318,-2.794474254543993,0.009448710251615809,28,0.09520370427930128
LPP,Surface_minus_Structural,CP3,-0.1548359977212505,-1.3355304789934834,0.1928530605186803,28,0.5142748280498142
LPP,Surface_minus_Structural,CP4,-0.08882475320234874,-1.0909154141775683,0.28495018841940845,28,0.6288555882359359
LPP,Surface_minus_Structural,CP5,-0.03965123200151318,-0.44493599651689425,0.6599126168516847,28,0.8446296073176305
LPP,Surface_minus_Structural,CP6,-0.022303629687761797,-0.3166230949162406,0.7540578391819219,27,0.8617803876364822
LPP,Surface_minus_Structural,CPZ,-0.19213083164403336,-2.0303047896320305,0.052282792093621425,28,0.21533370006064181
LPP,Surface_minus_Structural,CZ,-0.19927536615920244,-1.7823194882620144,0.08638025941698335,27,0.32519627074629026
LPP,Surface_minus_Structural,F1,0.21770499146720226,2.0977039603613843,0.045427491654774194,28,0.21533370006064181
LPP,Surface_minus_Structural,F2,0.08147659174512675,0.5985239520671722,0.5544788511440122,28,0.7980163896990166
LPP,Surface_minus_Structural,F3,0.24003819038026825,1.7498107815555193,0.09151002876249015,28,0.32536899115552054
LPP,Surface_minus_Structural,F4,0.12468989146041731,0.9939426259481806,0.32907557588366537,28,0.7020278952184861
LPP,Surface_minus_Structural,F5,0.4712372388627356,2.69717125046018,0.01190046303491266,28,0.09520370427930128
LPP,Surface_minus_Structural,F6,-0.012320744854790913,-0.09021200439387371,0.9288101306682987,27,0.934828803110782
LPP,Surface_minus_Structural,F7,0.42171204168554893,3.097211926133767,0.004521306279322131,28,0.0831833322231714
LPP,Surface_minus_Structural,F8,-0.3826018064898146,-2.038634884884554,0.05138868955348152,28,0.21533370006064181
LPP,Surface_minus_Structural,FC1,0.07286842269052285,0.7548139957832738,0.4568944912781766,28,0.7497755754308539
LPP,Surface_minus_Structural,FC2,-0.05516144031336235,-0.47447088441947455,0.639125068585033,27,0.834775599784533
LPP,Surface_minus_Structural,FC3,0.19795094534001706,2.3335514968995286,0.027312466669439067,28,0.1589088969858273
LPP,Surface_minus_Structural,FC4,0.07205927597249398,0.8014114642454985,0.4298902851385189,28,0.7497755754308539
LPP,Surface_minus_Structural,FC5,0.3370567765526385,2.4529144019087976,0.020914722503015046,28,0.14872691557699588
LPP,Surface_minus_Structural,FC6,-0.010204596307213888,-0.08253668789993798,0.934828803110782,28,0.934828803110782
LPP,Surface_minus_Structural,FCZ,-0.0757623478315786,-0.6449251568786353,0.5244182219806975,28,0.7980163896990166
LPP,Surface_minus_Structural,FP1,0.6587798869236751,3.3860644197087617,0.0025429259094857837,24,0.08137362910354508
LPP,Surface_minus_Structural,FP2,0.10256489439689666,0.5276299891279367,0.6024080777577214,26,0.8032107703436285
LPP,Surface_minus_Structural,FPZ,0.06393604466283732,0.2714956942131891,0.7884318092546477,24,0.8823064804935403
LPP,Surface_minus_Structural,FT7,0.25169478478070795,1.6738654806378288,0.10570482581526104,28,0.3560583606408793
LPP,Surface_minus_Structural,FT8,-0.1882587476358035,-1.270295928258577,0.2148171819773401,28,0.5338916926045436
LPP,Surface_minus_Structural,FZ,0.09104189829482752,0.8293742117498846,0.41416536681538507,28,0.7497755754308539
LPP,Surface_minus_Structural,M1,0.1405124533230477,0.7582392663665193,0.45487576179022,28,0.7497755754308539
LPP,Surface_minus_Structural,M2,0.10064085160808825,0.4032575589786344,0.6900558777821323,27,0.8446296073176305
LPP,Surface_minus_Structural,O1,0.07752911890437678,0.8308832975525791,0.41332706659716134,28,0.7497755754308539
LPP,Surface_minus_Structural,O2,-0.11848366536169566,-1.1452997591435594,0.2621357410054825,28,0.5991674080125314
LPP,Surface_minus_Structural,OZ,-0.05346565392561948,-0.5315349050369864,0.5993944849899241,28,0.8032107703436285
LPP,Surface_minus_Structural,P1,-0.4481632789351191,-3.4332006379095867,0.0019387406751772795,28,0.08137362910354508
LPP,Surface_minus_Structural,P2,-0.22134817224259237,-2.0161516694522743,0.053833425015160453,28,0.21533370006064181
LPP,Surface_minus_Structural,P3,-0.14657297279040535,-1.5139735719479495,0.14165196336297523,28,0.4430913958098944
LPP,Surface_minus_Structural,P4,-0.20376667238683882,-1.2054421333952499,0.23849132694080855,28,0.5653127749708055
LPP,Surface_minus_Structural,P5,-0.07732450301575122,-0.7917138547200382,0.435428265063478,28,0.7497755754308539
LPP,Surface_minus_Structural,P6,-0.08863592073221704,-0.7739252089955854,0.4456990988668267,28,0.7497755754308539
LPP,Surface_minus_Structural,P7,-0.016008675951184752,-0.1537151219922549,0.8789775148391581,28,0.934828803110782
LPP,Surface_minus_Structural,P8,-0.07761516885481819,-0.6413870664885504,0.5266789337020752,28,0.7980163896990166
LPP,Surface_minus_Structural,PO3,-0.028659604389341682,-0.3172042399913394,0.753528565911989,28,0.8617803876364822
LPP,Surface_minus_Structural,PO4,-0.17132941186584086,-1.449980220063929,0.15858194129838712,28,0.44325131228919706
LPP,Surface_minus_Structural,PO5,0.05237460259956687,0.615711147718453,0.5432410878147316,28,0.7980163896990166
LPP,Surface_minus_Structural,PO6,-0.10282971260582467,-0.9236027851105616,0.36387413823909703,28,0.7277482764781941
LPP,Surface_minus_Structural,PO7,0.01379178179209871,0.1355139227133292,0.8932108285007905,28,0.934828803110782
LPP,Surface_minus_Structural,PO8,-0.01891901016956407,-0.17464949880664055,0.8626580973435947,28,0.934828803110782
LPP,Surface_minus_Structural,POZ,-0.29544031488186595,-3.0406925491003776,0.005198958263948212,28,0.0831833322231714
LPP,Surface_minus_Structural,PZ,-0.3285528952350437,-2.767846522757464,0.01006770764823558,28,0.09520370427930128
LPP,Surface_minus_Structural,T7,0.27494566855909836,2.362017844721481,0.025642273090973514,28,0.1589088969858273
LPP,Surface_minus_Structural,T8,0.011147474335266975,0.10442699732852884,0.9176023783899862,28,0.934828803110782
LPP,Surface_minus_Structural,TP7,0.06730827117569681,0.7230384256853755,0.4758736087812372,28,0.7613977740499795
LPP,Surface_minus_Structural,TP8,-0.02988917358412669,-0.2564912306630027,0.799590247947271,27,0.8823064804935403
N170,Eye,AF3,0.12932359999066895,0.8113274685310438,0.4242724918456844,28,0.7200889101241562
N170,Eye,AF4,0.17349989407499342,1.036613113555285,0.3091115149200461,28,0.6821771363752742
N170,Eye,C1,-0.22025771562078014,-3.1917060656973004,0.0035729945805332143,28,0.22867165315412571
N170,Eye,C2,-0.15134035062030643,-1.8190523553493043,0.08001158816421713,28,0.4058890569829848
N170,Eye,C3,-0.15202106468883225,-2.12654466335928,0.04274688441239126,28,0.30397784471033784
N170,Eye,C4,-0.051470643668758954,-0.7090365169340207,0.4843797183346133,28,0.7207038371362012
N170,Eye,C5,-0.07373048925384518,-1.0885111282615756,0.2859906166621061,28,0.6821771363752742
N170,Eye,C6,0.04427823753893178,0.569750912356382,0.5735571170187824,28,0.7650522506204506
N170,Eye,CB1,-0.0702342345921602,-0.39464495640530894,0.6962051657392127,28,0.7682263897812002
N170,Eye,CB2,0.09425632707669397,0.7576249442077825,0.45523742984099214,28,0.7200889101241562
N170,Eye,CP1,-0.1707514224579258,-2.5355511883919912,0.017326720479972295,28,0.30397784471033784
N170,Eye,CP2,-0.10644389038870739,-1.4689820493282004,0.1533935732510114,28,0.5829758309137054
N170,Eye,CP3,-0.14955179510662003,-2.2496762172986875,0.032825337725179586,28,0.30397784471033784
N170,Eye,CP4,0.021050152692030203,0.26913071591257604,0.7898750911966332,28,0.8287214071571234
N170,Eye,CP5,-0.0016465827043316164,-0.020544944009495192,0.9837597386690887,28,0.9837597386690887
N170,Eye,CP6,0.07114610567628389,0.8752010529102312,0.3894782167215049,27,0.7200889101241562
N170,Eye,CPZ,-0.15312069603766562,-1.8037127049828696,0.08244621469966879,28,0.4058890569829848
N170,Eye,CZ,-0.27002397375325343,-2.451277547399071,0.021269164445777363,27,0.30397784471033784
N170,Eye,F1,-0.030206256959042853,-0.2708801597705632,0.7885433347039712,28,0.8287214071571234
N170,Eye,F2,-0.04702810324468064,-0.44485883722702513,0.659967684673805,28,0.7650522506204506
N170,Eye,F3,-0.09323037490288669,-0.9037036407523942,0.37414533143782464,28,0.7200889101241562
N170,Eye,F4,-0.039221865090758375,-0.41805684754489686,0.6792118728259903,28,0.7650522506204506
N170,Eye,F5,-0.03096916805371543,-0.28450094240624424,0.778197190403459,28,0.8287214071571234
N170,Eye,F6,0.0860175455654062,1.01302043310446,0.32038538174167097,27,0.6834888143822314
N170,Eye,F7,-0.13235680672194422,-1.1384725064947712,0.26492449331474677,28,0.6821771363752742
N170,Eye,F8,0.21023833870620615,2.1860499069852386,0.03765823942008406,28,0.30397784471033784
N170,Eye,FC1,-0.16772631366197094,-1.7584738823061818,0.08999854984116314,28,0.4114219421310315
N170,Eye,FC2,-0.21149797649222818,-2.0169497444808013,0.05413697148571781,27,0.346476617508594
N170,Eye,FC3,-0.23007400753989193,-2.8161117625287178,0.008972290887178574,28,0.2871133083897144
N170,Eye,FC4,-0.1926641056777792,-2.1385156955524205,0.04167633492422081,28,0.30397784471033784
N170,Eye,FC5,-0.08291094131499277,-1.1438820844162108,0.2627130547426253,28,0.6821771363752742
N170,Eye,FC6,0.1290844275372284,1.4456535255940473,0.15978273032314377,28,0.5829758309137054
N170,Eye,FCZ,-0.22510697290479303,-2.189330459677836,0.03739420534571748,28,0.30397784471033784
N170,Eye,FP1,0.17465687706672176,1.072907047039051,0.2944414478007303,24,0.6821771363752742
N170,Eye,FP2,0.35523574123199325,1.6739059370856428,0.1066169566775482,26,0.454899015157539
N170,Eye,FPZ,0.5681210629295091,1.839182812933539,0.07883412970554128,24,0.4058890569829848
N170,Eye,FT7,-0.04929447632599309,-0.4845942233455549,0.6318723725677441,28,0.7650522506204506
N170,Eye,FT8,-0.016601556046528635,-0.17399727004925808,0.863165649068092,28,0.8910097022638369
N170,Eye,FZ,-0.043560483359762495,-0.4508045422885735,0.6557300163469206,28,0.7650522506204506
N170,Eye,M1,0.07316504637793302,0.5949928510463709,0.556802440086175,28,0.7650522506204506
N170,Eye,M2,0.14852486645189544,0.80978109569826,0.4254155639269092,27,0.7200889101241562
N170,Eye,O1,0.05597866783977307,0.5249796558150295,0.6038818398884339,28,0.7650522506204506
N170,Eye,O2,0.09620791853866117,0.7937542108809417,0.4342594868563194,28,0.7200889101241562
N170,Eye,OZ,-0.0032528861913496965,-0.025881579201319543,0.9795421388273077,28,0.9837597386690887
N170,Eye,P1,-0.08090550874721922,-0.9641621630073105,0.3435213464179044,28,0.7092053603466413
N170,Eye,P2,-0.05064549182523775,-0.5649451515882769,0.5767754082818802,28,0.7650522506204506
N170,Eye,P3,0.0295123766736204,0.415064274017961,0.6813746607088388,28,0.7650522506204506
N170,Eye,P4,0.06606555436418546,0.7535954684279274,0.4576139272715416,28,0.7200889101241562
N170,Eye,P5,-0.027970858599810904,-0.41678903519417215,0.6801278048938216,28,0.7650522506204506
N170,Eye,P6,0.10443812944914546,1.2356026106974525,0.22724955059134402,28,0.6821771363752742
N170,Eye,P7,0.049992031785774105,0.519264422443111,0.6078071306267436,28,0.7650522506204506
N170,Eye,P8,0.12689110258424327,1.4307944124993814,0.16396195244447964,28,0.5829758309137054
N170,Eye,PO3,0.042828101771804836,0.48167794282747434,0.6339160433256863,28,0.7650522506204506
N170,Eye,PO4,0.09785629298613184,1.2176576308096165,0.23388919557094529,28,0.6821771363752742
N170,Eye,PO5,0.06087359887138263,0.7285348255531845,0.4725583472689775,28,0.7200889101241562
N170,Eye,PO6,0.10644426552348339,1.1443051926569585,0.2625406571471812,28,0.6821771363752742
N170,Eye,PO7,0.09551202864240046,1.18050097242872,0.24809676352030496,28,0.6821771363752742
N170,Eye,PO8,0.10098643688809816,1.0799981251426425,0.2896963091932313,28,0.6821771363752742
N170,Eye,POZ,0.08442951086695434,0.8611470280868987,0.3967403639814239,28,0.7200889101241562
N170,Eye,PZ,-0.06821919274516038,-0.7455963526299088,0.4623533684653896,28,0.7200889101241562
N170,Eye,T7,-0.08671726398229877,-0.8264606518976447,0.41578685847071906,28,0.7200889101241562
N170,Eye,T8,0.0790434116607261,0.690967958353413,0.49548388803113835,28,0.7207038371362012
N170,Eye,TP7,0.044589924253173,0.44936243163872003,0.6567567805634829,28,0.7650522506204506
N170,Eye,TP8,0.08888530656582892,1.0598023005646364,0.2989811827018479,27,0.6821771363752742
N170,FSlim,AF3,0.10152172873629309,0.4265588928203588,0.673082544299591,28,0.9555587799683452
N170,FSlim,AF4,0.17913363674760158,1.0302980795503962,0.3120116690365453,28,0.9540032503782641
N170,FSlim,C1,-0.034231691096299574,-0.4293463610468589,0.6710779487371084,28,0.9555587799683452
N170,FSlim,C2,0.013039316874473888,0.14159576914587363,0.8884505432929215,28,0.9789916917078325
N170,FSlim,C3,-0.056497074011754966,-1.0754478996419201,0.2916909619557558,28,0.9540032503782641
N170,FSlim,C4,0.046854266958890424,0.6943165392380912,0.4934152070688128,28,0.9540032503782641
N170,FSlim,C5,-0.04183803068179437,-0.7419461697752454,0.4645256658648182,28,0.9540032503782641
N170,FSlim,C6,0.10236935463345727,1.7787454011426065,0.08654446404122418,28,0.9540032503782641
N170,FSlim,CB1,-0.14206533121251502,-0.6793055744353648,0.5027267027129968,28,0.9540032503782641
N170,FSlim,CB2,-0.12434591213559743,-0.7028820865693902,0.48814589571999656,28,0.9540032503782641
N170,FSlim,CP1,-0.007059685740680436,-0.09441661204157362,0.9254754308218803,28,0.9789916917078325
N170,FSlim,CP2,-0.029854516938932176,-0.3657037757322555,0.7174357721898363,28,0.9565810295864484
N170,FSlim,CP3,-0.08405312706294756,-1.0957206080878397,0.28287890352623923,28,0.9540032503782641
N170,FSlim,CP4,-0.03632522503983603,-0.47826656442273474,0.6363104164044202,28,0.9555587799683452
N170,FSlim,CP5,-0.08638678177602042,-1.2809151477840515,0.21111712247005218,28,0.9540032503782641
N170,FSlim,CP6,-0.00041693320769537324,-0.005741412764459663,0.9954628673837118,27,0.9954628673837118
N170,FSlim,CPZ,-0.11246916513069073,-1.1861431518216616,0.24589916134561077,28,0.9540032503782641
N170,FSlim,CZ,-0.025159438921065088,-0.2608760044566564,0.796243356264794,27,0.9619862025920967
N170,FSlim,F1,0.11060265010961615,0.642168563277066,0.5261791335422293,28,0.9540032503782641
N170,FSlim,F2,0.18626898841131087,1.433673649702621,0.16314542040223184,28,0.9540032503782641
N170,FSlim,F3,0.021469491320626033,0.13199423892730494,0.8959675685083712,28,0.9789916917078325
N170,FSlim,F4,0.07991478445298499,0.7198056633451888,0.47782978846985075,28,0.9540032503782641
N170,FSlim,F5,0.06553520901401932,0.3890037435207562,0.700324405782927,28,0.9555587799683452
N170,FSlim,F6,0.28044537080129317,1.91527270721827,0.06651875300736676,27,0.9540032503782641
N170,FSlim,F7,-0.0730303057137628,-0.5581433224203105,0.5813457306992547,28,0.9540032503782641
N170,FSlim,F8,0.25266834990503656,1.7393854114943086,0.09335749068699781,28,0.9540032503782641
N170,FSlim,FC1,-0.0042488913140722095,-0.03858425360158066,0.9695057398584596,28,0.9954628673837118
N170,FSlim,FC2,0.12235522258384049,1.1904483727639699,0.2446263554484889,27,0.9540032503782641
N170,FSlim,FC3,-0.0016509847599749522,-0.016362439580789378,0.9870655581159621,28,0.9954628673837118
N170,FSlim,FC4,0.13171414519575314,1.549398485789065,0.13292920422200782,28,0.9540032503782641
N170,FSlim,FC5,0.04221251521250115,0.5012626242445855,0.6202488336717534,28,0.9555587799683452
N170,FSlim,FC6,0.2049395479350602,1.683819649782295,0.10374500249839343,28,0.9540032503782641
N170,FSlim,FCZ,0.08422768246550204,0.7025271890323928,0.48836358147887604,28,0.9540032503782641
N170,FSlim,FP1,-0.028433451978442863,-0.12930696360143712,0.8982389136566501,24,0.9789916917078325
N170,FSlim,FP2,0.07255485643179596,0.24079755521373486,0.8116758584370816,26,0.9619862025920967
N170,FSlim,FPZ,0.48440476251991577,1.2434376895328965,0.22623233743333565,24,0.9540032503782641
N170,FSlim,FT7,-0.03223602755196327,-0.26000152007451477,0.7968350874756839,28,0.9619862025920967
N170,FSlim,FT8,0.09139397057215652,0.6534650733843856,0.5189832343952624,28,0.9540032503782641
N170,FSlim,FZ,0.09747773767291597,0.7411899894294207,0.46497643307234643,28,0.9540032503782641
N170,FSlim,M1,-0.08390043466235309,-0.6609758007485502,0.5142287562349681,28,0.9540032503782641
N170,FSlim,M2,0.111039998819271,0.9407207159863162,0.3555067078892883,27,0.9540032503782641
N170,FSlim,O1,-0.1486660368732051,-0.8761328741197377,0.3886862553132195,28,0.9540032503782641
N170,FSlim,O2,-0.09216869783237931,-0.584020422200313,0.5640545265398694,28,0.9540032503782641
N170,FSlim,OZ,-0.11828426127729152,-0.8193715342047332,0.4197486922044104,28,0.9540032503782641
N170,FSlim,P1,-0.049188080985479665,-0.4313611138060246,0.6696305849353033,28,0.9555587799683452
N170,FSlim,P2,-0.10050488783225564,-0.8829760424997665,0.38504362132495973,28,0.9540032503782641
N170,FSlim,P3,-0.07432097154412236,-0.8312865169512808,0.41310325720909774,28,0.9540032503782641
N170,FSlim,P4,-0.042388868142170244,-0.38707014878320495,0.7017384790392535,28,0.9555587799683452
N170,FSlim,P5,-0.05704621069444353,-0.5715221215532569,0.5723732564198675,28,0.9540032503782641
N170,FSlim,P6,-0.030861538635694564,-0.26887162030532613,0.7900723818378113,28,0.9619862025920967
N170,FSlim,P7,-0.11227828545279674,-0.9896374938136677,0.3311378121969471,28,0.9540032503782641
N170,FSlim,P8,0.024337299457989032,0.1809907118352838,0.8577266429704674,28,0.9789916917078325
N170,FSlim,PO3,-0.16302144827711196,-0.9937532906947755,0.32916608569126454,28,0.9540032503782641
N170,FSlim,PO4,-0.05941796321240913,-0.4412734513909129,0.66252868077662,28,0.9555587799683452
N170,FSlim,PO5,-0.1557198818707899,-0.9172174863586147,0.3671495203957359,28,0.9540032503782641
N170,FSlim,PO6,-0.015247327721110902,-0.10970349630327814,0.9134558534491956,28,0.9789916917078325
N170,FSlim,PO7,0.010749229514721665,0.08472966865689095,0.9331014561590278,28,0.9789916917078325
N170,FSlim,PO8,-0.03866088940553492,-0.2722607338396048,0.7874928392018552,28,0.9619862025920967
N170,FSlim,POZ,-0.19154629785822716,-1.1397066161242804,0.2644187992626304,28,0.9540032503782641
N170,FSlim,PZ,-0.11514871334068752,-0.8404361668330719,0.40804509227749775,28,0.9540032503782641
N170,FSlim,T7,-0.06221369029030891,-0.6494243300483932,0.5215510157439558,28,0.9540032503782641
N170,FSlim,T8,0.032273225674384995,0.3216693363983275,0.7501803363530318,28,0.9619862025920967
N170,FSlim,TP7,-0.17976882797742796,-1.663263043674002,0.10782629865306094,28,0.9540032503782641
N170,FSlim,TP8,-0.05298058044845283,-0.6113099147468832,0.5463026447397429,27,0.9540032503782641
N170,Mouth,AF3,0.44684545552732763,1.4372392564411178,0.16213873075684668,28,0.4888498800842751
N170,Mouth,AF4,0.22146086144698465,0.8683593381219232,0.3928509221235462,28,0.5714195230887945
N170,Mouth,C1,-0.15179656346658574,-2.0379944721426564,0.051456944977576684,28,0.4888498800842751
N170,Mouth,C2,-0.08630393246620617,-0.9906084670599219,0.3306719289342625,28,0.5197280265968908
N170,Mouth,C3,-0.07894197470109317,-1.0538198443272913,0.30130510945884276,28,0.5174432133146344
N170,Mouth,C4,-0.032119327674083514,-0.4550996744340037,0.6526760133419347,28,0.7633209558384164
N170,Mouth,C5,-0.009716476887332471,-0.13137966792217853,0.896449059238407,28,0.9362629180642695
N170,Mouth,C6,-0.009619485018333842,-0.09929984522163378,0.9216338099695153,28,0.9362629180642695
N170,Mouth,CB1,-0.26701786640021735,-1.1911788427240249,0.2439499872221212,28,0.5174432133146344
N170,Mouth,CB2,-0.2190008953767972,-1.077929759552692,0.29060179954321036,28,0.5174432133146344
N170,Mouth,CP1,-0.2380614146824527,-2.9479446215962035,0.006525194367956262,28,0.41761243954920074
N170,Mouth,CP2,-0.09028778023467629,-0.8350018852842886,0.41104458957717055,28,0.5845967496208648
N170,Mouth,CP3,-0.11055541031748381,-1.756810124921465,0.0902871737141839,28,0.4888498800842751
N170,Mouth,CP4,-0.0640232454881311,-0.6212176534212861,0.5396661767063,28,0.6772281433177099
N170,Mouth,CP5,-0.11709889909618434,-1.3361739475939338,0.1926454172300368,28,0.4888498800842751
N170,Mouth,CP6,-0.042766207824023884,-0.32426160103417845,0.7483343184455306,27,0.8117524810256602
N170,Mouth,CPZ,-0.17544374694479403,-1.7795029220165912,0.08641761025196898,28,0.4888498800842751
N170,Mouth,CZ,-0.14531648423971683,-1.3906022062356675,0.17613522820418462,27,0.4888498800842751
N170,Mouth,F1,0.2998860947305332,1.6910988424558915,0.10233122176421064,28,0.4888498800842751
N170,Mouth,F2,0.21661020431973324,1.6063687505360273,0.1198265971850151,28,0.4888498800842751
N170,Mouth,F3,0.3089134743552569,1.588909130423789,0.12372374270845075,28,0.4888498800842751
N170,Mouth,F4,0.16294844023709354,1.385820837513118,0.1771424269818362,28,0.4888498800842751
N170,Mouth,F5,0.31435243738724233,1.5384179241525298,0.1355847821355038,28,0.4888498800842751
N170,Mouth,F6,0.22734226386540812,1.2963803198803059,0.20623354316055356,27,0.4888498800842751
N170,Mouth,F7,0.24926994397386187,1.1111148164852582,0.2763158647394639,28,0.5174432133146344
N170,Mouth,F8,0.09124684936234304,0.5021673573010824,0.619620748575878,28,0.7496911449850632
N170,Mouth,FC1,0.009451813940696524,0.1175087354304967,0.9073267191462194,28,0.9362629180642695
N170,Mouth,FC2,0.07042190491845422,0.6973773002170801,0.4917561773903842,27,0.6696254330422253
N170,Mouth,FC3,0.11620328711155804,1.137749236624593,0.26522119044941406,28,0.5174432133146344
N170,Mouth,FC4,0.0999064599206795,1.0407280402686745,0.30723190790556415,28,0.5174432133146344
N170,Mouth,FC5,0.10960993107020518,1.347942345229449,0.18887837392055334,28,0.4888498800842751
N170,Mouth,FC6,0.13607144644389033,1.4251466521462388,0.16557306250617532,28,0.4888498800842751
N170,Mouth,FCZ,0.0363207815863572,0.35060214062513956,0.7286075571339202,28,0.8039807526994982
N170,Mouth,FP1,0.15337810539893518,0.7063654872622682,0.4870554561078026,24,0.6696254330422253
N170,Mouth,FP2,0.4859905095164943,1.1067303854042523,0.27894648234078984,26,0.5174432133146344
N170,Mouth,FPZ,0.5735638500399314,1.0724716648954185,0.29463273108672766,24,0.5174432133146344
N170,Mouth,FT7,0.335558526933725,2.0016527512736904,0.05546384198763878,28,0.4888498800842751
N170,Mouth,FT8,0.04107521134535441,0.5004143648561363,0.6208379794407555,28,0.7496911449850632
N170,Mouth,FZ,0.15727377096916204,1.3835312535316762,0.17783514247065513,28,0.4888498800842751
N170,Mouth,M1,-0.04744194107072763,-0.2744045128434103,0.7858624217530127,28,0.8382532498698801
N170,Mouth,M2,0.08154097252408103,0.6293176828418199,0.5346321891009834,27,0.6772281433177099
N170,Mouth,O1,-0.1655590552178722,-1.1817526630870552,0.24760798707688036,28,0.5174432133146344
N170,Mouth,O2,-0.22897204385849473,-1.3829184880074952,0.17802089603912455,28,0.4888498800842751
N170,Mouth,OZ,-0.09810945073982426,-0.674177074307668,0.5059303348444872,28,0.6745737797926497
N170,Mouth,P1,-0.21280436089283675,-2.1827710617339684,0.03792380839554863,28,0.4888498800842751
N170,Mouth,P2,-0.09564684362209548,-0.8692366526329081,0.3923794759328767,28,0.5714195230887945
N170,Mouth,P3,-0.18869275716067427,-2.1737469787983517,0.03866341594914366,28,0.4888498800842751
N170,Mouth,P4,-0.18630926277525864,-1.552138679161401,0.13227317767902208,28,0.4888498800842751
N170,Mouth,P5,-0.10264391464917179,-1.140501713583949,0.2640933692401449,28,0.5174432133146344
N170,Mouth,P6,-0.043144500305965915,-0.45045482656111596,0.6559789464236391,28,0.7633209558384164
N170,Mouth,P7,-0.05511344118758092,-0.3936207129158799,0.6969523746572098,28,0.793726209995645
N170,Mouth,P8,-0.14472926253834767,-1.0005986761499646,0.32590454498370325,28,0.5197280265968908
N170,Mouth,PO3,-0.20427138009110313,-1.5905788140075334,0.12334658995999666,28,0.4888498800842751
N170,Mouth,PO4,-0.2124456783966509,-1.390609724175515,0.17570041098719721,28,0.4888498800842751
N170,Mouth,PO5,-0.1805372464551541,-1.3567073121426274,0.18611018502360024,28,0.4888498800842751
N170,Mouth,PO6,-0.19436100311996324,-1.3087221857933058,0.2016591138999577,28,0.4888498800842751
N170,Mouth,PO7,-0.1175718370537617,-0.985867867418164,0.33295076703863313,28,0.5197280265968908
N170,Mouth,PO8,-0.1990439444369217,-1.3514284999374002,0.187773544159028,28,0.4888498800842751
N170,Mouth,POZ,-0.20967018825837366,-1.2595380005084431,0.21861570540489159,28,0.49969304092546646
N170,Mouth,PZ,-0.20111735135947656,-1.655067242884726,0.10949051634939895,28,0.4888498800842751
N170,Mouth,T7,0.09974145176982686,0.9581560558413649,0.3464858801667504,28,0.5279784840636197
N170,Mouth,T8,0.061565073336336075,0.638054036943997,0.5288134183838425,28,0.6772281433177099
N170,Mouth,TP7,-0.04125695760660835,-0.38000799261497104,0.7069124057773714,28,0.793726209995645
N170,Mouth,TP8,0.006590084452634983,0.05771497439333331,0.9544169506202193,27,0.9544169506202193
N170,Skin,AF3,0.1290057624006414,1.094988399938512,0.28319382500145146,28,0.8748829178616346
N170,Skin,AF4,0.09597445070252283,0.9035940146078929,0.3742024364258776,28,0.8748829178616346
N170,Skin,C1,-0.06780351088173117,-1.1177910255155201,0.27350393031814996,28,0.8748829178616346
N170,Skin,C2,-0.026391514585589162,-0.3008780963628809,0.765812281945779,28,0.9425381931640356
N170,Skin,C3,-0.025388056378596337,-0.3648039138775394,0.718099709227859,28,0.9191676278116596
N170,Skin,C4,-0.07767139335989122,-0.9581663548092836,0.3464807820471305,28,0.8748829178616346
N170,Skin,C5,-0.006759492472768261,-0.10630884136014716,0.9161232575288769,28,0.9672150001071849
N170,Skin,C6,-0.04284400165399693,-0.5284824989181623,0.6014820060298738,28,0.8748829178616346
N170,Skin,CB1,0.004976304056156349,0.04148438107172352,0.9672150001071849,28,0.9672150001071849
N170,Skin,CB2,-0.2132126767128442,-1.564130333128161,0.12943336617101728,28,0.8748829178616346
N170,Skin,CP1,-0.08907263136447292,-1.1400785755496043,0.2642665215120465,28,0.8748829178616346
N170,Skin,CP2,-0.11452664097848886,-1.583562964548474,0.12493774854578138,28,0.8748829178616346
N170,Skin,CP3,-0.03959734057449245,-0.49091840325795827,0.6274507261003716,28,0.8923743660094173
N170,Skin,CP4,-0.04901522678694232,-0.6094572601972786,0.5473162666022423,28,0.8748829178616346
N170,Skin,CP5,0.02468851768767025,0.3078472032005538,0.7605609323643224,28,0.9425381931640356
N170,Skin,CP6,-0.003152078519587873,-0.04211229398374105,0.9667309196580045,27,0.9672150001071849
N170,Skin,CPZ,-0.08196929693299823,-1.2776465766904552,0.21225077184002938,28,0.8748829178616346
N170,Skin,CZ,-0.11902461501235319,-1.58359890280027,0.12537454675966173,27,0.8748829178616346
N170,Skin,F1,0.10048391283208087,0.7645628074918555,0.4511628722741662,28,0.8748829178616346
N170,Skin,F2,-0.02456903211083124,-0.18658508481228095,0.8533808514906325,28,0.9620817905057586
N170,Skin,F3,0.15030219820656363,1.2764881603057425,0.2126536622347608,28,0.8748829178616346
N170,Skin,F4,0.07256017609414091,0.6381491707604402,0.5287524299010253,28,0.8748829178616346
N170,Skin,F5,0.1859142117290297,1.6963677107742448,0.10131802084988925,28,0.8748829178616346
N170,Skin,F6,-0.01981256754069569,-0.18218047279220587,0.8568540946691913,27,0.9620817905057586
N170,Skin,F7,0.1098110403928626,0.8411089150063814,0.407674723666473,28,0.8748829178616346
N170,Skin,F8,-0.09927854932857076,-0.8000452864934446,0.43066783924241847,28,0.8748829178616346
N170,Skin,FC1,0.07500116004271824,0.852669654910842,0.4013432933676887,28,0.8748829178616346
N170,Skin,FC2,-0.013465742893291069,-0.1397914840791954,0.889902023577973,27,0.9653174493049198
N170,Skin,FC3,0.05285392016864371,0.6285389337100825,0.5349324249841991,28,0.8748829178616346
N170,Skin,FC4,0.009602810854480262,0.0971570955288084,0.9233192707863742,28,0.9672150001071849
N170,Skin,FC5,0.06082989479375297,0.7389191456376973,0.4663316507988318,28,0.8748829178616346
N170,Skin,FC6,0.0413715533543785,0.42006456462256186,0.6777624194601857,28,0.912397408555262
N170,Skin,FCZ,0.07811432687196869,0.7414935553370677,0.46479544331708855,28,0.8748829178616346
N170,Skin,FP1,0.42957175216233984,3.0934821751057475,0.005126125969243619,24,0.3280720620315916
N170,Skin,FP2,0.18447618283597633,1.2039563609080004,0.23988244140648243,26,0.8748829178616346
N170,Skin,FPZ,0.31394715884299995,1.8092444875348876,0.08350341348833679,24,0.8748829178616346
N170,Skin,FT7,0.12167286431376897,1.2305022965832046,0.22912207354227657,28,0.8748829178616346
N170,Skin,FT8,-0.11530104186233228,-0.76673496225987,0.44989167537472297,28,0.8748829178616346
N170,Skin,FZ,0.032526872440860354,0.2668921909924906,0.7915801040204702,28,0.9558703142888697
N170,Skin,M1,0.30141299572611174,1.6797150855103005,0.10454940336988733,28,0.8748829178616346
N170,Skin,M2,0.056232935110359525,0.4205195499079079,0.6775613624779658,27,0.912397408555262
N170,Skin,O1,-0.0704336220555584,-0.6116762182072434,0.5458685146569109,28,0.8748829178616346
N170,Skin,O2,-0.1451394589915497,-1.5575980077686757,0.1309740618767948,28,0.8748829178616346
N170,Skin,OZ,-0.013443524188254044,-0.14634335409162566,0.8847375317827577,28,0.9653174493049198
N170,Skin,P1,-0.15853749364384148,-1.4248087242351366,0.1656698591755464,28,0.8748829178616346
N170,Skin,P2,-0.07597194458201655,-0.8870671913379101,0.38287645568166656,28,0.8748829178616346
N170,Skin,P3,-0.07082498955745145,-0.6409538814948698,0.5269560840522611,28,0.8748829178616346
N170,Skin,P4,-0.09159213761312456,-1.0310136564146926,0.3116820945799694,28,0.8748829178616346
N170,Skin,P5,-0.06463342922671077,-0.6085898871792144,0.547882726387158,28,0.8748829178616346
N170,Skin,P6,-0.05140559812910659,-0.5395541665787497,0.5939267467748461,28,0.8748829178616346
N170,Skin,P7,-0.038425340226347374,-0.41044514499012835,0.6847184219642223,28,0.912397408555262
N170,Skin,P8,0.004300100009134736,0.04530365358003573,0.9641986893629022,28,0.9672150001071849
N170,Skin,PO3,-0.09429054332588947,-0.7553562026917162,0.4565745804809049,28,0.8748829178616346
N170,Skin,PO4,-0.03796632675627076,-0.3914263381633566,0.6985542659251225,28,0.912397408555262
N170,Skin,PO5,-0.10631565081847924,-0.8680909843186997,0.39299520093469154,28,0.8748829178616346
N170,Skin,PO6,-0.06773121190727671,-0.6691675981413019,0.5090705420160304,28,0.8748829178616346
N170,Skin,PO7,-0.0733622494159455,-0.6175194144713934,0.542065759849327,28,0.8748829178616346
N170,Skin,PO8,-0.06615059615705894,-0.6730240707013745,0.506652143953845,28,0.8748829178616346
N170,Skin,POZ,-0.05917297721547881,-0.5807489185427981,0.5662260510575479,28,0.8748829178616346
N170,Skin,PZ,-0.06673327453461048,-0.7543724888055883,0.4571550857398904,28,0.8748829178616346
N170,Skin,T7,0.06111288330825033,0.7100567664693967,0.48375699238784353,28,0.8748829178616346
N170,Skin,T8,-0.019384335917557716,-0.197847435137945,0.8446464717629331,28,0.9620817905057586
N170,Skin,TP7,-0.026216029965358895,-0.2309834052686871,0.8190691043839168,28,0.9620817905057586
N170,Skin,TP8,0.04738453216299202,0.5338703414358231,0.5979665577669903,27,0.8748829178616346
N170,Structural,AF3,0.115422664363481,0.6390879234475386,0.5281508162517806,28,0.8858586761413372
N170,Structural,AF4,0.17631676541129743,1.2369522395314512,0.22675598275447081,28,0.8858586761413372
N170,Structural,C1,-0.12724470335853985,-2.8890006157276846,0.007528812697519126,28,0.24092200632061203
N170,Structural,C2,-0.06915051687291625,-1.2505324712213823,0.2218344841893909,28,0.8858586761413372
N170,Structural,C3,-0.10425906935029362,-3.0048192929085737,0.005678210033992034,28,0.24092200632061203
N170,Structural,C4,-0.002308188354934269,-0.04446140375759411,0.9648638201250979,28,0.9801791188572423
N170,Structural,C5,-0.05778425996781976,-1.2407455363535829,0.22537307522695293,28,0.8858586761413372
N170,Structural,C6,0.07332379608619453,1.4571990791036957,0.15659456216877032,28,0.8351709982334418
N170,Structural,CB1,-0.1061497829023376,-0.9190291231805551,0.36621826240285804,28,0.8858586761413372
N170,Structural,CB2,-0.015044792529451723,-0.12792246454478784,0.899158379323219,28,0.9504978367811451
N170,Structural,CP1,-0.0889055540993031,-1.6784221628414984,0.10480386753812336,28,0.6707447522439896
N170,Structural,CP2,-0.06814920366381978,-1.1020244322094404,0.28017800740741144,28,0.8858586761413372
N170,Structural,CP3,-0.11680246108478383,-2.3509462305584887,0.026280471265479673,28,0.32736555006934254
N170,Structural,CP4,-0.007637536173902916,-0.1192715436961696,0.9059432506820289,28,0.9504978367811451
N170,Structural,CP5,-0.04401668224017603,-0.7806077585486542,0.44182371668746545,28,0.8858586761413372
N170,Structural,CP6,0.03536458623429426,0.5686948935402616,0.57444309821138,27,0.8858586761413372
N170,Structural,CPZ,-0.13279493058417816,-2.0329889010366373,0.05199320675633485,28,0.437362711006342
N170,Structural,CZ,-0.14759170633715926,-2.285363977027048,0.030690520319000863,27,0.32736555006934254
N170,Structural,F1,0.04019819657528666,0.34561858032354864,0.7323078102122113,28,0.9026427481895525
N170,Structural,F2,0.06962044258331512,0.7891252942765486,0.4369138272260225,28,0.8858586761413372
N170,Structural,F3,-0.03588044179113033,-0.3094791312698083,0.7593329165054964,28,0.9026427481895525
N170,Structural,F4,0.0203464596811133,0.2627166189678687,0.7947633138604856,28,0.9083009301262692
N170,Structural,F5,0.017283020480151956,0.14953944025868532,0.8822394228471107,28,0.9504978367811451
N170,Structural,F6,0.18323145818334968,2.01216710106086,0.05467033887579275,27,0.437362711006342
N170,Structural,F7,-0.10269355621785348,-1.0522565433845381,0.30200857593895725,28,0.8858586761413372
N170,Structural,F8,0.2314533443056214,2.4182312238071857,0.022615143921514782,28,0.32736555006934254
N170,Structural,FC1,-0.08598760248802159,-1.249831011350042,0.22208669953131363,28,0.8858586761413372
N170,Structural,FC2,-0.044571376954193824,-0.6125894266865917,0.5454690279726842,27,0.8858586761413372
N170,Structural,FC3,-0.11586249614993346,-1.8478914433530893,0.07560119640534273,28,0.5376085077713261
N170,Structural,FC4,-0.030474980241013024,-0.529347501301414,0.6008900845736931,28,0.8858586761413372
N170,Structural,FC5,-0.020349213051245815,-0.30069021957762104,0.7659540093216233,28,0.9026427481895525
N170,Structural,FC6,0.1670119877361443,2.3558030642225356,0.02599874609667303,28,0.32736555006934254
N170,Structural,FCZ,-0.0704396452196455,-1.0161565494252616,0.31857464383347284,28,0.8858586761413372
N170,Structural,FP1,0.07311171254413946,0.47790914120161565,0.637225763906573,24,0.8858586761413372
N170,Structural,FP2,0.21389529883189462,0.9188508505339418,0.3669544460748587,26,0.8858586761413372
N170,Structural,FPZ,0.5262629127247124,1.601682008634255,0.12287264910252724,24,0.7148954129601585
N170,Structural,FT7,-0.04076525193897819,-0.46734844341657084,0.6440005298240216,28,0.8858586761413372
N170,Structural,FT8,0.03739620726281394,0.48343759919288476,0.6326825572268598,28,0.8858586761413372
N170,Structural,FZ,0.026958627156576733,0.32772129408655487,0.7456501073670927,28,0.9026427481895525
N170,Structural,M1,-0.005367694142210037,-0.058486173402750766,0.9537920982251501,28,0.9801791188572423
N170,Structural,M2,0.1297824326355832,1.1228108650272004,0.271779544154303,27,0.8858586761413372
N170,Structural,O1,-0.046343684516716,-0.49256678961244554,0.6263005408410128,28,0.8858586761413372
N170,Structural,O2,0.0020196103531409442,0.01950974421718004,0.9845779275412098,28,0.9845779275412098
N170,Structural,OZ,-0.06076857373432059,-0.5934454927757978,0.5578222338116806,28,0.8858586761413372
N170,Structural,P1,-0.06504679486634943,-0.8402209002060114,0.4081636478995516,28,0.8858586761413372
N170,Structural,P2,-0.0755751898287467,-0.9848565437369435,0.333438300057904,28,0.8858586761413372
N170,Structural,P3,-0.022404297435250988,-0.371484305331106,0.7131761711833139,28,0.9026427481895525
N170,Structural,P4,0.011838343111007604,0.14059269821805212,0.8892353632311585,28,0.9504978367811451
N170,Structural,P5,-0.042508534647127214,-0.7076026847764334,0.4852556565717436,28,0.8858586761413372
N170,Structural,P6,0.03678829540672545,0.4580913162394864,0.6505524652912945,28,0.8858586761413372
N170,Structural,P7,-0.031143126833511312,-0.4054403708942408,0.6883487292387255,28,0.9026427481895525
N170,Structural,P8,0.07561420102111613,0.8643508261970565,0.39500960376245076,28,0.8858586761413372
N170,Structural,PO3,-0.060096673252653554,-0.6448917514847713,0.5244395422356113,28,0.8858586761413372
N170,Structural,PO4,0.019219164886861356,0.23723791477239348,0.8142631166432676,28,0.9142603414941951
N170,Structural,PO5,-0.04742314149970365,-0.5043433457373899,0.6181113317314111,28,0.8858586761413372
N170,Structural,PO6,0.04559846890118625,0.5396345583670498,0.5938720557928651,28,0.8858586761413372
N170,Structural,PO7,0.05313062907856108,0.8961926820729996,0.3780710054319314,28,0.8858586761413372
N170,Structural,PO8,0.031162773741281635,0.3632402421469862,0.7192539539808807,28,0.9026427481895525
N170,Structural,POZ,-0.05355839349563642,-0.4985675682100637,0.6221215326935953,28,0.8858586761413372
N170,Structural,PZ,-0.09168395304292395,-0.981089431165095,0.33525860776484273,28,0.8858586761413372
N170,Structural,T7,-0.07446547713630385,-1.1520548585508519,0.25939760481515245,28,0.8858586761413372
N170,Structural,T8,0.05565831866755555,0.6696215303789773,0.5087855492387758,28,0.8858586761413372
N170,Structural,TP7,-0.06758945186212749,-0.9045069781668131,0.3737270413945011,28,0.8858586761413372
N170,Structural,TP8,0.01795236305868804,0.2878962593454478,0.7757086117253966,27,0.9026427481895525
N170,Surface,AF3,0.28792560896398456,1.4754607205855752,0.15165607745658122,28,0.4696346469441202
N170,Surface,AF4,0.15871765607475372,1.0921022353843597,0.28443760263781864,28,0.5056668491338998
N170,Surface,C1,-0.10980003717415845,-2.2305018804289323,0.034219250883543675,28,0.4696346469441202
N170,Surface,C2,-0.056347723525897675,-0.8484907679885653,0.40362470206795575,28,0.5740440207188704
N170,Surface,C3,-0.052165015539844754,-0.9305170166722493,0.36034926973456805,28,0.5491878627787106
N170,Surface,C4,-0.05489536051698737,-1.1584454743514658,0.2568265247246728,28,0.4741645495209582
N170,Surface,C5,-0.008237984680050362,-0.1408763917095769,0.8890133848987266,28,0.9031247084685476
N170,Surface,C6,-0.02623174333616537,-0.42359494173593504,0.6752167514149235,28,0.758138106851844
N170,Surface,CB1,-0.13102078117203053,-0.9136544894407028,0.36898559530444613,28,0.5491878627787106
N170,Surface,CB2,-0.21610678604482067,-1.4820352463384279,0.14990909397777974,28,0.4696346469441202
N170,Surface,CP1,-0.1635670230234628,-2.8648299818499745,0.007981220280389188,28,0.4696346469441202
N170,Surface,CP2,-0.10240721060658257,-1.5251657627292845,0.13884719243640917,28,0.4696346469441202
N170,Surface,CP3,-0.07507637544598814,-1.4180975151346629,0.16760155846011038,28,0.4696346469441202
N170,Surface,CP4,-0.05651923613753669,-0.7849874612181361,0.4392949030543335,28,0.5981888041590924
N170,Surface,CP5,-0.046205190704257035,-0.7491290622798361,0.4602566941441221,28,0.6136755921921628
N170,Surface,CP6,-0.022959143171805873,-0.34487755617189675,0.7329607666892736,27,0.7818248178018918
N170,Surface,CPZ,-0.12870652193889612,-2.074877649973975,0.0476540963808832,28,0.4696346469441202
N170,Surface,CZ,-0.13217054962603503,-1.9364165340948822,0.06375725994758268,27,0.4696346469441202
N170,Surface,F1,0.20018500378130705,1.4352172497112414,0.16270900123653995,28,0.4696346469441202
N170,Surface,F2,0.096020586104451,0.8869120452125888,0.3829584954993838,28,0.5570305389081947
N170,Surface,F3,0.22960783628091022,1.6164826174696418,0.11761590664571442,28,0.4696346469441202
N170,Surface,F4,0.11775430816561723,1.277399119259599,0.21233678712126683,28,0.4696346469441202
N170,Surface,F5,0.25013332455813597,1.8032358944184859,0.08252289726025308,28,0.4696346469441202
N170,Surface,F6,0.10376484816235622,1.0344406361949383,0.310456505207851,27,0.5093193324634122
N170,Surface,F7,0.17954049218336224,1.1849447055424511,0.24636474078946033,28,0.4741645495209582
N170,Surface,F8,-0.004015849983113864,-0.038868589553540604,0.9692811377685341,28,0.9692811377685341
N170,Surface,FC1,0.0422264869917074,0.5746516129841797,0.5702845334191458,28,0.6758927803486172
N170,Surface,FC2,0.0284780810125816,0.37668530355291024,0.7094642518809346,27,0.7695883410233867
N170,Surface,FC3,0.08452860364010087,1.016691647350408,0.3183245827896326,28,0.5093193324634122
N170,Surface,FC4,0.054754635387579874,0.8234427001558488,0.4174706166077572,28,0.5808286839760101
N170,Surface,FC5,0.08521991293197907,1.3210797481288274,0.19756209674004477,28,0.4696346469441202
N170,Surface,FC6,0.0887214998991344,1.4267036250062974,0.1651276609286186,28,0.4696346469441202
N170,Surface,FCZ,0.057217554229162935,0.6515507822950285,0.5201988534936232,28,0.6527985612468996
N170,Surface,FP1,0.29147492878063747,1.8100254152885047,0.0833786472527789,24,0.4696346469441202
N170,Surface,FP2,0.33523334617623524,1.461086484120936,0.15644743092657712,26,0.4696346469441202
N170,Surface,FPZ,0.4437555044414656,1.3462653514216407,0.19133638544095358,24,0.4696346469441202
N170,Surface,FT7,0.22861569562374692,2.3381706842816734,0.027034877092025712,28,0.4696346469441202
N170,Surface,FT8,-0.03711291525848892,-0.3879741093346961,0.7010772599379764,28,0.7695883410233867
N170,Surface,FZ,0.09490032170501116,0.9182626668022891,0.36661206331193236,28,0.5491878627787106
N170,Surface,M1,0.12698552732769205,1.213469095834782,0.23545966169683502,28,0.47091932339367004
N170,Surface,M2,0.06888695381722029,0.7007623979330291,0.4896757235516175,27,0.6395764552510922
N170,Surface,O1,-0.11799633863671531,-1.152274968223216,0.259308738019274,28,0.4741645495209582
N170,Surface,O2,-0.1870557514250222,-1.7452804822912273,0.0923089889358702,28,0.4696346469441202
N170,Surface,OZ,-0.05577648746403915,-0.5888240138915721,0.5608737449521912,28,0.6758927803486172
N170,Surface,P1,-0.1856709272683391,-2.407861368198497,0.023147662726083738,28,0.4696346469441202
N170,Surface,P2,-0.08580939410205603,-1.2752317619145808,0.21309128934914226,28,0.4696346469441202
N170,Surface,P3,-0.12975887335906286,-1.6447271717312573,0.11162068423970183,28,0.4696346469441202
N170,Surface,P4,-0.13895070019419156,-1.7665798940209967,0.08860353769663504,28,0.4696346469441202
N170,Surface,P5,-0.08363867193794126,-1.0451716636880222,0.30521115302164004,28,0.5093193324634122
N170,Surface,P6,-0.04727504921753627,-0.5860877724353195,0.5626844702020329,28,0.6758927803486172
N170,Surface,P7,-0.046769390706964134,-0.5528426373683358,0.5849197600544159,28,0.6806339026087749
N170,Surface,P8,-0.07021458126460646,-0.6714603802039977,0.5076319663526897,28,0.6497689169314428
N170,Surface,PO3,-0.14928096170849628,-1.407911178095252,0.17056760010160849,28,0.4696346469441202
N170,Surface,PO4,-0.1252060025764608,-1.2862866010620273,0.20926417731501915,28,0.4696346469441202
N170,Surface,PO5,-0.14342644863681664,-1.394583500971159,0.17451087234965187,28,0.4696346469441202
N170,Surface,PO6,-0.13104610751361995,-1.311930396958396,0.2005892264388584,28,0.4696346469441202
N170,Surface,PO7,-0.0954670432348536,-1.0312896053993752,0.31155506507990943,28,0.5093193324634122
N170,Surface,PO8,-0.13259727029699034,-1.255257407585004,0.22014124075505634,28,0.4696346469441202
N170,Surface,POZ,-0.1344215827369263,-1.2278290830908813,0.2301081354969211,28,0.47091932339367004
N170,Surface,PZ,-0.13392531294704355,-1.7605057657647483,0.08964712861879486,28,0.4696346469441202
N170,Surface,T7,0.0804271675390386,1.435744650835152,0.16256010344658178,28,0.4696346469441202
N170,Surface,T8,0.021090368709389178,0.2648284818804184,0.7931528991034127,28,0.8187384764938453
N170,Surface,TP7,-0.03373649378598364,-0.44172523500965744,0.6622057469508594,28,0.7568065679438394
N170,Surface,TP8,0.0269873083078135,0.31686409639206314,0.7538770364924922,27,0.7909529563199917
N170,Surface_minus_Structural,AF3,0.17250294460050355,1.3217861575303473,0.19732985200741335,28,0.6381555012731269
N170,Surface_minus_Structural,AF4,-0.017599109336543732,-0.21391816925233706,0.8322181341506676,28,0.9492280017891269
N170,Surface_minus_Structural,C1,0.017444666184381383,0.29267732927346884,0.7720062836193653,28,0.9322340028611203
N170,Surface_minus_Structural,C2,0.012802793347018572,0.15377925444570956,0.8789274333956624,28,0.9492280017891269
N170,Surface_minus_Structural,C3,0.05209405381044888,0.859418621855611,0.39767609038175444,28,0.7264496497155878
N170,Surface_minus_Structural,C4,-0.052587172162053095,-0.9175453469148617,0.3669808707536804,28,0.7264496497155878
N170,Surface_minus_Structural,C5,0.049546275287769385,0.6870829225365658,0.4978900978453073,28,0.7716862522656096
N170,Surface_minus_Structural,C6,-0.09955553942235991,-1.5209915866265369,0.13988791762393438,28,0.5861004184282537
N170,Surface_minus_Structural,CB1,-0.024870998269692877,-0.18320717672349301,0.8560043073409961,28,0.9492280017891269
N170,Surface_minus_Structural,CB2,-0.201061993515369,-1.5793093275223076,0.12591065552973008,28,0.5861004184282537
N170,Surface_minus_Structural,CP1,-0.07466146892415972,-1.0029257584587636,0.3248008583116326,28,0.7168018942049822
N170,Surface_minus_Structural,CP2,-0.03425800694276279,-0.44973532938304484,0.6564912164272139,28,0.8696959387547827
N170,Surface_minus_Structural,CP3,0.04172608563879565,0.52159530443564,0.6062048011630805,28,0.8541753939422546
N170,Surface_minus_Structural,CP4,-0.04888169996363379,-0.7353861341198387,0.4684447166142838,28,0.7687297913670298
N170,Surface_minus_Structural,CP5,-0.0021885084640810176,-0.030999076160663098,0.975498292028945,28,0.975498292028945
N170,Surface_minus_Structural,CP6,-0.05832372940610013,-1.053490926874779,0.3018085023876991,27,0.7049799580136412
N170,Surface_minus_Structural,CPZ,0.004088408645282032,0.050459567528383806,0.9601276187248693,28,0.975498292028945
N170,Surface_minus_Structural,CZ,0.015421156711124253,0.17630986132908072,0.8614166416262466,27,0.9492280017891269
N170,Surface_minus_Structural,F1,0.1599868072060204,1.5194992365072533,0.1402615323662204,28,0.5861004184282537
N170,Surface_minus_Structural,F2,0.0264001435211359,0.2454386443502783,0.8079728481118161,28,0.9492280017891269
N170,Surface_minus_Structural,F3,0.26548827807204056,2.4882005305321293,0.019306153551898114,28,0.5251843524053093
N170,Surface_minus_Structural,F4,0.09740784848450391,1.0381058686415379,0.308428731630968,28,0.7049799580136412
N170,Surface_minus_Structural,F5,0.2328503040779841,2.1671006175410024,0.03921639622749731,28,0.5861004184282537
N170,Surface_minus_Structural,F6,-0.07946661002099344,-0.6736805543418891,0.5064597187770687,27,0.7716862522656096
N170,Surface_minus_Structural,F7,0.2822340484012157,1.8331653632504044,0.07782639868937473,28,0.5861004184282537
N170,Surface_minus_Structural,F8,-0.23546919428873525,-1.6443483463814992,0.11169937778454977,28,0.5861004184282537
N170,Surface_minus_Structural,FC1,0.12821408947972898,1.399033984609507,0.17318618208679548,28,0.6381555012731269
N170,Surface_minus_Structural,FC2,0.07304945796677544,0.7847144879904525,0.43971282889596347,27,0.7605843526849098
N170,Surface_minus_Structural,FC3,0.20039109979003436,2.3803244210874923,0.02461801651899887,28,0.5251843524053093
N170,Surface_minus_Structural,FC4,0.08522961562859288,1.0692019887900046,0.2944447881866618,28,0.7049799580136412
N170,Surface_minus_Structural,FC5,0.10556912598322486,1.0849373743022614,0.2875421249539561,28,0.7049799580136412
N170,Surface_minus_Structural,FC6,-0.07829048783700987,-0.839378265073242,0.4086279279650181,28,0.7264496497155878
N170,Surface_minus_Structural,FCZ,0.12765719944880846,1.235900313944616,0.22714060913738826,28,0.6381555012731269
N170,Surface_minus_Structural,FP1,0.21836321623649801,1.2202293427955584,0.23474193681100977,24,0.6381555012731269
N170,Surface_minus_Structural,FP2,0.12133804734434069,0.7453152067907501,0.46303134512789734,26,0.7687297913670298
N170,Surface_minus_Structural,FPZ,-0.08250740828324682,-0.5114104858021412,0.6139385643959955,24,0.8541753939422546
N170,Surface_minus_Structural,FT7,0.2693809475627251,2.860964499109795,0.008055913285335723,28,0.5155784502614863
N170,Surface_minus_Structural,FT8,-0.07450912252130286,-0.5977474833838184,0.5549893649215749,28,0.8072572580677453
N170,Surface_minus_Structural,FZ,0.06794169454843442,0.6542634568626814,0.5184767007409564,28,0.7716862522656096
N170,Surface_minus_Structural,M1,0.13235322146990208,0.9295230289141745,0.3608546060353854,28,0.7264496497155878
N170,Surface_minus_Structural,M2,-0.060895478818362915,-0.4310058575175468,0.6700165076988603,27,0.8696959387547827
N170,Surface_minus_Structural,O1,-0.0716526541199993,-0.6877344329455704,0.4974861247460396,28,0.7716862522656096
N170,Surface_minus_Structural,O2,-0.18907536177816311,-1.985886150015173,0.05728597804664882,28,0.5861004184282537
N170,Surface_minus_Structural,OZ,0.004992086270281431,0.047811214367459304,0.962218608229297,28,0.975498292028945
N170,Surface_minus_Structural,P1,-0.12062413240198969,-1.2799223579123336,0.2114609650412783,28,0.6381555012731269
N170,Surface_minus_Structural,P2,-0.010234204273309315,-0.1278352415272096,0.8992267499290694,28,0.9492280017891269
N170,Surface_minus_Structural,P3,-0.10735457592381185,-1.2560191379015877,0.21986918366220287,28,0.6381555012731269
N170,Surface_minus_Structural,P4,-0.15078904330519918,-1.5872186091649338,0.12410657029754855,28,0.5861004184282537
N170,Surface_minus_Structural,P5,-0.04113013729081407,-0.42593070747064443,0.6735346407105879,28,0.8696959387547827
N170,Surface_minus_Structural,P6,-0.08406334462426171,-1.2899324018579832,0.20801362138147744,28,0.6381555012731269
N170,Surface_minus_Structural,P7,-0.015626263873452832,-0.1665683109732649,0.8689508780014734,28,0.9492280017891269
N170,Surface_minus_Structural,P8,-0.14582878228572263,-1.7976833461420068,0.08342038430214056,28,0.5861004184282537
N170,Surface_minus_Structural,PO3,-0.08918428845584278,-0.8521318387048007,0.4016364478374317,28,0.7264496497155878
N170,Surface_minus_Structural,PO4,-0.14442516746332215,-1.4949480859491115,0.14652510460706342,28,0.5861004184282537
N170,Surface_minus_Structural,PO5,-0.09600330713711301,-0.850765971525175,0.40238156874635894,28,0.7264496497155878
N170,Surface_minus_Structural,PO6,-0.17664457641480621,-1.7491694704874692,0.09162277206545337,28,0.5861004184282537
N170,Surface_minus_Structural,PO7,-0.14859767231341467,-1.2032920227167956,0.2393083129774226,28,0.6381555012731269
N170,Surface_minus_Structural,PO8,-0.163760044038272,-1.6994474102489594,0.10072971290627754,28,0.5861004184282537
N170,Surface_minus_Structural,POZ,-0.08086318924128987,-0.8690604583519805,0.3924741291027978,28,0.7264496497155878
N170,Surface_minus_Structural,PZ,-0.04224135990411959,-0.4108423915383884,0.6844305995636037,28,0.8696959387547827
N170,Surface_minus_Structural,T7,0.15489264467534242,1.7827499161788745,0.08587566670671822,28,0.5861004184282537
N170,Surface_minus_Structural,T8,-0.034567949958166366,-0.39590689678544033,0.6952849797306443,28,0.8696959387547827
N170,Surface_minus_Structural,TP7,0.03385295807614385,0.3803957497426533,0.706627950238261,28,0.8696959387547827
N170,Surface_minus_Structural,TP8,0.009034945249125471,0.12085766925127082,0.9047329392052615,27,0.9492280017891269
P2_EPN,Eye,AF3,-0.059517299047142244,-0.46139101848284236,0.6482137189372931,28,0.8216874326999525
P2_EPN,Eye,AF4,0.1407505988492183,0.9678878615977242,0.34169101583439493,28,0.6729891392693614
P2_EPN,Eye,C1,-0.114291906390362,-1.376962857201309,0.17983423849103555,28,0.6729891392693614
P2_EPN,Eye,C2,-0.0068858961097536765,-0.0789028800603126,0.9376917570289209,28,0.9642963292124743
P2_EPN,Eye,C3,-0.06037241022414612,-0.7990443324609817,0.43123807465491515,28,0.7459253183220154
P2_EPN,Eye,C4,0.06880300016367742,1.0033167495081163,0.32461567182086465,28,0.6729891392693614
P2_EPN,Eye,C5,-0.04954635835878026,-0.670250003776912,0.5083911199443701,28,0.8153217213794803
P2_EPN,Eye,C6,0.08798535810886308,1.2212771192420915,0.2325384167244923,28,0.6729891392693614
P2_EPN,Eye,CB1,-0.033533666118605386,-0.17352685122763378,0.8635317568902174,28,0.9642963292124743
P2_EPN,Eye,CB2,0.1644194141106871,1.227628503153357,0.23018225131082062,28,0.6729891392693614
P2_EPN,Eye,CP1,-0.12100513263157688,-1.5393278337233485,0.1353630939110547,28,0.6729891392693614
P2_EPN,Eye,CP2,-0.0029183017189602367,-0.04518001093876394,0.9642963292124743,28,0.9642963292124743
P2_EPN,Eye,CP3,-0.15422864575813036,-2.256916153657133,0.03231250855593355,28,0.6006611808581256
P2_EPN,Eye,CP4,0.15204367298893498,1.9331444147107812,0.06376858617659252,28,0.6006611808581256
P2_EPN,Eye,CP5,0.016693811211745534,0.20352727958945002,0.8402491044210054,28,0.9642963292124743
P2_EPN,Eye,CP6,0.12048797664746974,1.793901274347784,0.08446797855817391,27,0.6006611808581256
P2_EPN,Eye,CPZ,-0.09424744043758,-1.0444507628830415,0.30553835105737365,28,0.6729891392693614
P2_EPN,Eye,CZ,-0.16479882245296767,-1.4005578618812526,0.1731682329130428,27,0.6729891392693614
P2_EPN,Eye,F1,-0.11307956494618811,-0.8216296282848858,0.41848419336551346,28,0.7439718993164683
P2_EPN,Eye,F2,-0.01984987939764119,-0.13899684078490093,0.8904842256080342,28,0.9642963292124743
P2_EPN,Eye,F3,-0.22965777791082345,-1.920579934489433,0.0654042440343883,28,0.6006611808581256
P2_EPN,Eye,F4,0.005808723615202652,0.052416209009998445,0.9585829507998707,28,0.9642963292124743
P2_EPN,Eye,F5,-0.2501746345942692,-1.9012009102774987,0.06799863618845496,28,0.6006611808581256
P2_EPN,Eye,F6,0.041220675080616116,0.4559623163027976,0.652202762916402,27,0.8216874326999525
P2_EPN,Eye,F7,-0.2841391176845266,-2.265281236035539,0.03172901449765029,28,0.6006611808581256
P2_EPN,Eye,F8,0.1436208008058155,1.3285276821732737,0.1951240631629435,28,0.6729891392693614
P2_EPN,Eye,FC1,-0.11447194084720011,-0.9360884561795051,0.35752548023684827,28,0.6729891392693614
P2_EPN,Eye,FC2,-0.11259483892828852,-0.9817279430271462,0.3352815610217586,27,0.6729891392693614
P2_EPN,Eye,FC3,-0.22478349634481634,-2.121524063823382,0.04320312932362702,28,0.6006611808581256
P2_EPN,Eye,FC4,-0.04406247154847475,-0.4919761168331431,0.6267125810779632,28,0.8216874326999525
P2_EPN,Eye,FC5,-0.10844588651266522,-1.4912828905264588,0.14747928950116876,28,0.6729891392693614
P2_EPN,Eye,FC6,0.13575111929832243,1.431141263398299,0.1638634159179275,28,0.6729891392693614
P2_EPN,Eye,FCZ,-0.11273382479570247,-0.9396192536027052,0.35574359283560547,28,0.6729891392693614
P2_EPN,Eye,FP1,-0.10393691785031185,-0.6300882797100816,0.5348472197466282,24,0.8153217213794803
P2_EPN,Eye,FP2,0.08269608662511971,0.5760033112440869,0.5697625114365621,26,0.8216874326999525
P2_EPN,Eye,FPZ,0.08448823635049119,0.4171388341131261,0.6804447525681427,24,0.8216874326999525
P2_EPN,Eye,FT7,-0.09657516437800522,-0.829489772089373,0.41410113526844367,28,0.7439718993164683
P2_EPN,Eye,FT8,0.02748838836174211,0.2639175768521812,0.7938474018178926,28,0.9408561799323172
P2_EPN,Eye,FZ,-0.05510915193809357,-0.4382842568784802,0.6646670175649483,28,0.8216874326999525
P2_EPN,Eye,M1,0.08793449331704087,0.6724639040917216,0.5070030285761792,28,0.8153217213794803
P2_EPN,Eye,M2,0.12478573304012827,0.508289043678711,0.6155364184240965,27,0.8216874326999525
P2_EPN,Eye,O1,0.06750122305972954,0.6283491109457318,0.535054879655284,28,0.8153217213794803
P2_EPN,Eye,O2,0.12464916188351417,1.0096423542522361,0.32162974189637034,28,0.6729891392693614
P2_EPN,Eye,OZ,0.017488751360144886,0.14627618002655735,0.8847900491250349,28,0.9642963292124743
P2_EPN,Eye,P1,-0.12693949620955933,-1.4108779255520698,0.16969949020475153,28,0.6729891392693614
P2_EPN,Eye,P2,-0.040043437316218934,-0.522986608893575,0.6052493222507334,28,0.8216874326999525
P2_EPN,Eye,P3,-0.07458003377894905,-1.0123634677635656,0.320351115193021,28,0.6729891392693614
P2_EPN,Eye,P4,0.10576933619678304,1.0758240350522246,0.2915257091313056,28,0.6729891392693614
P2_EPN,Eye,P5,-0.0810960674361039,-0.9729874534274401,0.3391964350000053,28,0.6729891392693614
P2_EPN,Eye,P6,0.13299606579273687,1.2378122687342117,0.22644188614229174,28,0.6729891392693614
P2_EPN,Eye,P7,0.08276572433485312,0.6436167075613616,0.5252536613901883,28,0.8153217213794803
P2_EPN,Eye,P8,0.2079253116469628,1.8133249839198156,0.08091329413237684,28,0.6006611808581256
P2_EPN,Eye,PO3,-0.012483421530926717,-0.10937599127652617,0.9137131513606802,28,0.9642963292124743
P2_EPN,Eye,PO4,0.11476834632860156,1.041746773322896,0.3067678102528213,28,0.6729891392693614
P2_EPN,Eye,PO5,0.00864409840639718,0.08614321959381849,0.9319882191517773,28,0.9642963292124743
P2_EPN,Eye,PO6,0.17410345092338705,1.4107175938312249,0.16974631580996122,28,0.6729891392693614
P2_EPN,Eye,PO7,0.01564613192866055,0.15254006064743683,0.8798952181067361,28,0.9642963292124743
P2_EPN,Eye,PO8,0.17208707668614737,1.4160984133755599,0.16818040503298726,28,0.6729891392693614
P2_EPN,Eye,POZ,0.04712164685334538,0.4163295200668026,0.6804599052046482,28,0.8216874326999525
P2_EPN,Eye,PZ,-0.04690492872018851,-0.48091262733476664,0.6344528508809512,28,0.8216874326999525
P2_EPN,Eye,T7,-0.044590027359966124,-0.4179975920152313,0.6792546709013416,28,0.8216874326999525
P2_EPN,Eye,T8,0.11867266934449294,1.231574317922367,0.22872753309900612,28,0.6729891392693614
P2_EPN,Eye,TP7,0.08513173725065967,1.0611522924120527,0.29802098359282836,28,0.6729891392693614
P2_EPN,Eye,TP8,0.20823905150986852,2.989740544561484,0.006033799292805454,27,0.38616315473954904
P2_EPN,FSlim,AF3,-0.07200400074862243,-0.5823816125322965,0.5651417888326605,28,0.8220244201202335
P2_EPN,FSlim,AF4,0.18851637301833285,1.7275703171040135,0.09548933045784067,28,0.6236983339684604
P2_EPN,FSlim,C1,-0.07700084549545595,-1.0358368984740642,0.309466970929069,28,0.7033012934702811
P2_EPN,FSlim,C2,0.03605460641441977,0.38270626666603397,0.7049338719156936,28,0.8695370445475361
P2_EPN,FSlim,C3,-0.05883448928653855,-1.1123812912631272,0.27578084714582424,28,0.7033012934702811
P2_EPN,FSlim,C4,0.1285577298578267,1.5799229203263987,0.12576992882302396,28,0.6236983339684604
P2_EPN,FSlim,C5,-0.014812598310347867,-0.202357066080778,0.8411546646192648,28,0.9444543602742622
P2_EPN,FSlim,C6,0.2597120623873409,3.895280671391309,0.0005834686152688299,28,0.03734199137720511
P2_EPN,FSlim,CB1,-0.14549324035443784,-0.8168238947936116,0.4211781768426008,28,0.7647675750350175
P2_EPN,FSlim,CB2,-0.07881884653696267,-0.5547314014195638,0.5836450087380012,28,0.8300729013162683
P2_EPN,FSlim,CP1,-0.06482738904489517,-1.0773165590903795,0.2908706329500623,28,0.7033012934702811
P2_EPN,FSlim,CP2,-0.022486140686371607,-0.27593421003170937,0.7846996403682374,28,0.913105036064858
P2_EPN,FSlim,CP3,-0.11472593994667483,-1.4271246114913292,0.16500739350913854,28,0.7033012934702811
P2_EPN,FSlim,CP4,-0.002244142653246814,-0.03380032020218266,0.9732850233067217,28,0.9732850233067217
P2_EPN,FSlim,CP5,-0.05875246629960916,-0.8445789266208111,0.4057677386488922,28,0.7647675750350175
P2_EPN,FSlim,CP6,0.07119154329079373,1.077889189771308,0.2909826102429495,27,0.7033012934702811
P2_EPN,FSlim,CPZ,-0.17801826915732805,-1.7523450100834281,0.09106565959448773,28,0.6236983339684604
P2_EPN,FSlim,CZ,-0.0795848936864924,-0.7214684389956152,0.4770597156960857,27,0.7832906279053802
P2_EPN,FSlim,F1,-0.05113341181120702,-0.3805717546818278,0.7064988486948731,28,0.8695370445475361
P2_EPN,FSlim,F2,0.13983514275906317,1.2013192678102045,0.24005974082569245,28,0.7033012934702811
P2_EPN,FSlim,F3,-0.0666012480987431,-0.6122507834203365,0.5454939686510051,28,0.8188532625245165
P2_EPN,FSlim,F4,0.12730375527326637,1.2572382779858442,0.2194342900333925,28,0.7033012934702811
P2_EPN,FSlim,F5,-0.008060678704082459,-0.06817726437059833,0.9461469219728665,28,0.961165127083547
P2_EPN,FSlim,F6,0.3724390977084539,2.4011236372620535,0.02379087226909142,27,0.49763126005948854
P2_EPN,FSlim,F7,-0.0915283001469619,-0.8726863329604068,0.39052922285852715,28,0.7647675750350175
P2_EPN,FSlim,F8,0.39198932313681484,2.5003609655754757,0.01877878495625924,28,0.49763126005948854
P2_EPN,FSlim,FC1,-0.0607183549107681,-0.6807996040638273,0.5017955585018842,28,0.7832906279053802
P2_EPN,FSlim,FC2,0.10695326069724047,1.1411238262884933,0.2642203231859566,27,0.7033012934702811
P2_EPN,FSlim,FC3,-0.059144747206371744,-0.6941645753779379,0.49350898112528413,28,0.7832906279053802
P2_EPN,FSlim,FC4,0.18303427703163183,2.064133745822636,0.04873525956874366,28,0.561451034211785
P2_EPN,FSlim,FC5,0.02223510021605677,0.27882474335053364,0.7825038228113382,28,0.913105036064858
P2_EPN,FSlim,FC6,0.32435567537926996,2.2744276169576234,0.031101953753718034,28,0.49763126005948854
P2_EPN,FSlim,FCZ,0.03171237888409207,0.2944108884908823,0.7706956386005976,28,0.913105036064858
P2_EPN,FSlim,FP1,-0.06704517362915678,-0.39884281043600145,0.6936879018333308,24,0.8695370445475361
P2_EPN,FSlim,FP2,-0.02533164661088479,-0.11866494732671182,0.9064891675706873,26,0.961165127083547
P2_EPN,FSlim,FPZ,0.2597974838126007,1.0658770113021527,0.29754092570639756,24,0.7033012934702811
P2_EPN,FSlim,FT7,-0.011203238324728474,-0.09323051289116212,0.9264088112973218,28,0.961165127083547
P2_EPN,FSlim,FT8,0.22682226486005191,1.5964569730581017,0.12202635248303725,28,0.6236983339684604
P2_EPN,FSlim,FZ,-0.028026053192810818,-0.24959179889354863,0.8047921886194979,28,0.9197625012794262
P2_EPN,FSlim,M1,0.08562798444838914,0.6973073467597326,0.49157168842231924,28,0.7832906279053802
P2_EPN,FSlim,M2,0.11895216935571572,0.8962051398880188,0.3783663580803247,27,0.7647675750350175
P2_EPN,FSlim,O1,-0.15788043022900294,-1.0484380194639957,0.30373171685074896,28,0.7033012934702811
P2_EPN,FSlim,O2,-0.12250528968869488,-0.9627028223524604,0.3442400791093062,28,0.7343788354331866
P2_EPN,FSlim,OZ,-0.10286200105880593,-0.8076140435130351,0.4263709597692253,28,0.7647675750350175
P2_EPN,FSlim,P1,-0.12706939134983955,-1.2775043649828242,0.21230020085006385,28,0.7033012934702811
P2_EPN,FSlim,P2,-0.1471937818678073,-1.4448473362856722,0.16000727300242154,28,0.7033012934702811
P2_EPN,FSlim,P3,-0.1274035777516357,-1.5759269597955188,0.12668872408734352,28,0.6236983339684604
P2_EPN,FSlim,P4,-0.06294588985299701,-0.7067009153858995,0.4858070176750007,28,0.7832906279053802
P2_EPN,FSlim,P5,-0.09880411224037525,-1.095930212436522,0.28278879922239253,28,0.7033012934702811
P2_EPN,FSlim,P6,-0.08218827596173058,-0.6050968517375833,0.5501670357586596,28,0.8188532625245165
P2_EPN,FSlim,P7,-0.05504432277168724,-0.5252578532727491,0.6036910779016615,28,0.8399180214283987
P2_EPN,FSlim,P8,0.11326010895314341,1.015923919101772,0.31868339860372114,28,0.7033012934702811
P2_EPN,FSlim,PO3,-0.208190212803319,-1.6125968042776817,0.11846123771199517,28,0.6236983339684604
P2_EPN,FSlim,PO4,-0.0894088725282336,-0.8008991581231545,0.43018176095719735,28,0.7647675750350175
P2_EPN,FSlim,PO5,-0.1405162106672188,-1.0551962904234575,0.30068668026407774,28,0.7033012934702811
P2_EPN,FSlim,PO6,-0.013497512691095876,-0.11532998858479013,0.9090370301181517,28,0.961165127083547
P2_EPN,FSlim,PO7,0.014675994278012037,0.11256799684881919,0.9112058262166083,28,0.961165127083547
P2_EPN,FSlim,PO8,-0.009008968652379771,-0.07883008968135026,0.9377491149250412,28,0.961165127083547
P2_EPN,FSlim,POZ,-0.26458643669225784,-1.9975936898696613,0.0559280051684077,28,0.561451034211785
P2_EPN,FSlim,PZ,-0.15312589128835083,-1.3290326160382024,0.19495962340277637,28,0.7033012934702811
P2_EPN,FSlim,T7,0.05020487126273641,0.4293671800882859,0.6710629860899046,28,0.8695370445475361
P2_EPN,FSlim,T8,0.20141750462030777,1.9517768689990125,0.061408706866913985,28,0.561451034211785
P2_EPN,FSlim,TP7,-0.04100888868994269,-0.40039769338585995,0.6920142177581546,28,0.8695370445475361
P2_EPN,FSlim,TP8,0.032961038585849735,0.46771026493672396,0.6438884924060274,27,0.8695370445475361
P2_EPN,Mouth,AF3,0.47649315042851254,1.4398811588292382,0.1613960318495362,28,0.5398045565458978
P2_EPN,Mouth,AF4,0.24371742799675117,0.8168250332337571,0.421177537388736,28,0.6574478632409537
P2_EPN,Mouth,C1,-0.10369222380570872,-1.5809849267808789,0.12552666489683592,28,0.5398045565458978
P2_EPN,Mouth,C2,-0.09555616661222267,-1.106346975783723,0.27833672446897856,28,0.5398045565458978
P2_EPN,Mouth,C3,-0.04535480091960499,-0.5742416431556298,0.5705579418774787,28,0.7114095592025895
P2_EPN,Mouth,C4,-0.04168815993983659,-0.5630898351570299,0.578020266852104,28,0.7114095592025895
P2_EPN,Mouth,C5,-0.004305722670181743,-0.05303566713380472,0.958093954380546,28,0.958093954380546
P2_EPN,Mouth,C6,-0.06094657522398238,-0.6612184308312095,0.5140755651804022,28,0.6859589589184347
P2_EPN,Mouth,CB1,-0.3036507101806473,-1.1231696479656375,0.27125359708323526,28,0.5398045565458978
P2_EPN,Mouth,CB2,-0.21973837597575271,-1.0141107970565604,0.3195319138674783,28,0.5975822840827794
P2_EPN,Mouth,CP1,-0.2126217119031138,-2.5722702556741215,0.01592293642401235,28,0.5398045565458978
P2_EPN,Mouth,CP2,-0.10583150168357251,-0.9242427010062926,0.36354695624693995,28,0.5975822840827794
P2_EPN,Mouth,CP3,-0.08067098317869223,-1.1292244966346192,0.2687364070638145,28,0.5398045565458978
P2_EPN,Mouth,CP4,-0.09346471029696388,-0.9302564209689854,0.3604817093339023,28,0.5975822840827794
P2_EPN,Mouth,CP5,-0.18311760971365157,-1.7058592687517586,0.09951409067671277,28,0.5398045565458978
P2_EPN,Mouth,CP6,-0.049812799689835485,-0.46622015079263474,0.644940498364965,27,0.7370748552742458
P2_EPN,Mouth,CPZ,-0.15956053708895457,-1.5767726293366127,0.12649381938876203,28,0.5398045565458978
P2_EPN,Mouth,CZ,-0.13736087967667374,-1.2055460760241665,0.23884993007609331,27,0.5398045565458978
P2_EPN,Mouth,F1,0.3901696514956841,1.9394122119958688,0.06296605706302574,28,0.5398045565458978
P2_EPN,Mouth,F2,0.3008300344045526,1.774850836701031,0.08719915393732826,28,0.5398045565458978
P2_EPN,Mouth,F3,0.31133940099362295,1.4825723199161327,0.14976710185376732,28,0.5398045565458978
P2_EPN,Mouth,F4,0.178073913755855,1.3602508534232614,0.18500007909364782,28,0.5398045565458978
P2_EPN,Mouth,F5,0.28474110966838,1.3446694653381548,0.1899202141290037,28,0.5398045565458978
P2_EPN,Mouth,F6,0.23895896504631814,1.4028909123804048,0.17247868432349733,27,0.5398045565458978
P2_EPN,Mouth,F7,0.11483716833551973,0.4712159360312738,0.6412718185096853,28,0.7370748552742458
P2_EPN,Mouth,F8,0.04543080794119798,0.2825475453123784,0.7796784630368094,28,0.8048293811992872
P2_EPN,Mouth,FC1,0.06819511639244773,0.683391139767184,0.5001826903362708,28,0.6859589589184347
P2_EPN,Mouth,FC2,0.06854159004988933,0.6540380662529997,0.5188309051785147,27,0.6859589589184347
P2_EPN,Mouth,FC3,0.1713640425831045,1.5765764752279647,0.12653900580110475,28,0.5398045565458978
P2_EPN,Mouth,FC4,0.14118146862698108,1.4574667655120435,0.1565212523448125,28,0.5398045565458978
P2_EPN,Mouth,FC5,0.06437140990358027,0.6437205566265901,0.5251873279219266,28,0.6859589589184347
P2_EPN,Mouth,FC6,0.13363726772484222,1.787413945094189,0.08510228788518298,28,0.5398045565458978
P2_EPN,Mouth,FCZ,0.08385999078171923,0.7547651326188661,0.4569233278646312,28,0.6818810594952524
P2_EPN,Mouth,FP1,0.1165972991619534,0.4294072241706547,0.6716227338535782,24,0.753701097473968
P2_EPN,Mouth,FP2,0.6170077089539363,1.1876384598014456,0.24613757581093987,26,0.5398045565458978
P2_EPN,Mouth,FPZ,0.7692318112846556,1.1160087018998812,0.27594281160364065,24,0.5398045565458978
P2_EPN,Mouth,FT7,0.26704349630681257,1.572944698675248,0.1273780287014728,28,0.5398045565458978
P2_EPN,Mouth,FT8,0.040497637933186774,0.5221234926898441,0.6058419837273704,28,0.7180349436768835
P2_EPN,Mouth,FZ,0.18929334265530828,1.242148929913992,0.22486306064036723,28,0.5398045565458978
P2_EPN,Mouth,M1,-0.02647706531189695,-0.17974659083164943,0.8586937191240696,28,0.872323778157785
P2_EPN,Mouth,M2,0.09371257773742256,0.5249196907683277,0.6040866615215928,27,0.7180349436768835
P2_EPN,Mouth,O1,-0.10978863881985486,-0.7142495146211367,0.4812027032874563,28,0.6859589589184347
P2_EPN,Mouth,O2,-0.23686644679015556,-1.2836924082875838,0.21015751520680367,28,0.5398045565458978
P2_EPN,Mouth,OZ,-0.06497779864851491,-0.36569942418846724,0.7174389823084945,28,0.7652682477957274
P2_EPN,Mouth,P1,-0.19703083316516254,-1.743597175440415,0.09260735960421496,28,0.5398045565458978
P2_EPN,Mouth,P2,-0.1721196585652681,-1.4304697457062483,0.16405422943260037,28,0.5398045565458978
P2_EPN,Mouth,P3,-0.20446467196312082,-1.7595713413905052,0.08980859536030966,28,0.5398045565458978
P2_EPN,Mouth,P4,-0.23226054501124851,-1.621812610315336,0.11646454256810689,28,0.5398045565458978
P2_EPN,Mouth,P5,-0.16332491841364538,-1.2501756940896278,0.22196273908198597,28,0.5398045565458978
P2_EPN,Mouth,P6,-0.182031159772146,-0.9750488575266012,0.33819156350219,28,0.5975822840827794
P2_EPN,Mouth,P7,-0.10442645696659152,-0.6641861015792523,0.5122038768739929,28,0.6859589589184347
P2_EPN,Mouth,P8,-0.22930641422016865,-1.1956569209182046,0.24222629830346673,28,0.5398045565458978
P2_EPN,Mouth,PO3,-0.1876416817155007,-1.2316505882048698,0.22869948251101574,28,0.5398045565458978
P2_EPN,Mouth,PO4,-0.20988911959244125,-1.222752424453144,0.2319895188723356,28,0.5398045565458978
P2_EPN,Mouth,PO5,-0.14304085500173783,-0.960377715081278,0.34538729921849887,28,0.5975822840827794
P2_EPN,Mouth,PO6,-0.15950704558817333,-0.9230602078969138,0.36415170436294364,28,0.5975822840827794
P2_EPN,Mouth,PO7,-0.1268818593031363,-0.8262829641750653,0.41588587547771727,28,0.6574478632409537
P2_EPN,Mouth,PO8,-0.21474947911398962,-1.109823948532897,0.27686195600791724,28,0.5398045565458978
P2_EPN,Mouth,POZ,-0.13697447500061152,-0.7527071321404775,0.45813883684837264,28,0.6818810594952524
P2_EPN,Mouth,PZ,-0.20248345585924926,-1.6095195269952853,0.11913424235056888,28,0.5398045565458978
P2_EPN,Mouth,T7,0.04077132642634266,0.4127603740496211,0.6830416195857835,28,0.753701097473968
P2_EPN,Mouth,T8,0.041329131115366555,0.38935064103638306,0.7000708291431481,28,0.7593988655112115
P2_EPN,Mouth,TP7,-0.065145385956133,-0.5635404259552368,0.5777178119617502,28,0.7114095592025895
P2_EPN,Mouth,TP8,-0.04791352680481627,-0.33405596194049847,0.7410168870396115,27,0.777460340500576
P2_EPN,Skin,AF3,0.06281893564817828,0.4992387659629807,0.6216548987857228,28,0.9548045490544511
P2_EPN,Skin,AF4,0.017070844510553514,0.15671644075078034,0.8766343175611344,28,0.9548045490544511
P2_EPN,Skin,C1,-0.13426071190994743,-1.9259717237072065,0.06469791121426864,28,0.7981195776800908
P2_EPN,Skin,C2,-0.11035124024997679,-1.367113738539235,0.18286482563246276,28,0.7981195776800908
P2_EPN,Skin,C3,-0.07162386343335979,-0.9346826534083787,0.35823659600610674,28,0.9174665976290713
P2_EPN,Skin,C4,-0.14421619781012587,-2.013522712819123,0.0541258808248772,28,0.7981195776800908
P2_EPN,Skin,C5,-0.03658143907161788,-0.4791217711796396,0.6357097867267676,28,0.9548045490544511
P2_EPN,Skin,C6,-0.01719633512959534,-0.23719633687874103,0.8142950411015254,28,0.9548045490544511
P2_EPN,Skin,CB1,0.04890003485375443,0.3976168178684978,0.6940388899434249,28,0.9548045490544511
P2_EPN,Skin,CB2,0.007835233052084322,0.05679356805977029,0.9551278546565343,28,0.970288614254257
P2_EPN,Skin,CP1,-0.13781715394130065,-1.5677240972498867,0.1285921089306615,28,0.7981195776800908
P2_EPN,Skin,CP2,-0.13685222862946764,-1.684559526006058,0.10360055755016526,28,0.7981195776800908
P2_EPN,Skin,CP3,-0.1326513598526319,-1.3712222218234795,0.18159581239881012,28,0.7981195776800908
P2_EPN,Skin,CP4,-0.06616620032861152,-0.739412968545822,0.46603674509501913,28,0.950618461680339
P2_EPN,Skin,CP5,0.03415899779364547,0.3889440309344999,0.7003680583072813,28,0.9548045490544511
P2_EPN,Skin,CP6,-0.043103968170030434,-0.5875708558076658,0.5618891545152914,27,0.9548045490544511
P2_EPN,Skin,CPZ,-0.12184785364168513,-1.5769852060245564,0.12644486482378942,28,0.7981195776800908
P2_EPN,Skin,CZ,-0.22101374897568052,-3.022291782525207,0.005575023656766841,27,0.3568015140330778
P2_EPN,Skin,F1,-0.02729898777377719,-0.24793467776407396,0.8060608754652646,28,0.9548045490544511
P2_EPN,Skin,F2,-0.11270200378173953,-0.8791899772826381,0.3870562208747645,28,0.9174665976290713
P2_EPN,Skin,F3,0.03123645322382002,0.25142838255018696,0.8033867401141316,28,0.9548045490544511
P2_EPN,Skin,F4,-0.0393664831050328,-0.36828152389622215,0.7155351047059931,28,0.9548045490544511
P2_EPN,Skin,F5,0.18725180326263183,1.3390907373438605,0.19170636315774126,28,0.7981195776800908
P2_EPN,Skin,F6,-0.019590268538040943,-0.1556499467370373,0.8775111189576298,27,0.9548045490544511
P2_EPN,Skin,F7,0.1453227536227402,1.0332537789448517,0.31065192535486447,28,0.9174665976290713
P2_EPN,Skin,F8,-0.06608315699282973,-0.46468306428714884,0.6458840472774364,28,0.9548045490544511
P2_EPN,Skin,FC1,-0.06545521692123518,-0.8813166081395759,0.385924911656575,28,0.9174665976290713
P2_EPN,Skin,FC2,-0.1137846533068838,-1.1909365305440713,0.24443797472969966,27,0.9174665976290713
P2_EPN,Skin,FC3,-0.0352431367829905,-0.379153207874905,0.7075396217188908,28,0.9548045490544511
P2_EPN,Skin,FC4,-0.08770162404426177,-1.016888294440501,0.3182327201428518,28,0.9174665976290713
P2_EPN,Skin,FC5,0.09511451023523991,0.8859287906714662,0.3834786957910673,28,0.9174665976290713
P2_EPN,Skin,FC6,0.05917844181459621,0.5216556675353868,0.6061633319910857,28,0.9548045490544511
P2_EPN,Skin,FCZ,-0.05359734969836459,-0.5974340462521979,0.555195512763375,28,0.9548045490544511
P2_EPN,Skin,FP1,0.34771997153543516,2.272147189843361,0.03274358590117819,24,0.7981195776800908
P2_EPN,Skin,FP2,-0.059540305946915985,-0.37920750571641443,0.70773561276595,26,0.9548045490544511
P2_EPN,Skin,FPZ,0.03965481547777309,0.20747836359772553,0.837462355996139,24,0.9548045490544511
P2_EPN,Skin,FT7,0.11421222061029056,0.9471786431214844,0.3519485247745758,28,0.9174665976290713
P2_EPN,Skin,FT8,-0.046730884938625976,-0.3008830480546356,0.765808546682584,28,0.9548045490544511
P2_EPN,Skin,FZ,-0.11662951937023812,-1.0759782745698934,0.2914579641504331,28,0.9174665976290713
P2_EPN,Skin,M1,0.18875823843876688,1.4171566735880545,0.16787378509467013,28,0.7981195776800908
P2_EPN,Skin,M2,0.22167280664310182,1.7072647731640285,0.0996895316521015,27,0.7981195776800908
P2_EPN,Skin,O1,0.06706605020039282,0.49349101105031845,0.6256560716844142,28,0.9548045490544511
P2_EPN,Skin,O2,0.05770292525822209,0.5371325388811987,0.5955753333964475,28,0.9548045490544511
P2_EPN,Skin,OZ,0.14897155055806963,1.3192347759515037,0.1981696607876449,28,0.7981195776800908
P2_EPN,Skin,P1,-0.15916312901970034,-1.3847124188020592,0.17747751442281517,28,0.7981195776800908
P2_EPN,Skin,P2,-0.018640991044575627,-0.18573539019598037,0.8540406077191285,28,0.9548045490544511
P2_EPN,Skin,P3,-0.07844472761338202,-0.7347193014245753,0.4688441712155885,28,0.950618461680339
P2_EPN,Skin,P4,-0.0662467705556638,-0.6981342683768568,0.49106266818525424,28,0.9523639625410991
P2_EPN,Skin,P5,-0.03694079911154919,-0.33837749084124735,0.737695975271726,28,0.9548045490544511
P2_EPN,Skin,P6,-0.02861398846690209,-0.23180602278879023,0.8184365874349951,28,0.9548045490544511
P2_EPN,Skin,P7,-0.033712375650253326,-0.3083638666127495,0.760172077184316,28,0.9548045490544511
P2_EPN,Skin,P8,0.16092702394937874,1.4158096212831446,0.16826415663296518,28,0.7981195776800908
P2_EPN,Skin,PO3,0.042554063179784066,0.3236673704020683,0.7486836802090715,28,0.9548045490544511
P2_EPN,Skin,PO4,0.10781111471678399,0.983866397899117,0.3339160949670435,28,0.9174665976290713
P2_EPN,Skin,PO5,-0.010727317590726213,-0.0801397423427686,0.9367171776904065,28,0.96693386084171
P2_EPN,Skin,PO6,0.09076535514916473,0.756701569088648,0.4557813673259909,28,0.950618461680339
P2_EPN,Skin,PO7,0.014898269719932213,0.11559923700406809,0.9088256464698093,28,0.9548045490544511
P2_EPN,Skin,PO8,0.10056383128753962,0.8519624063725806,0.4017288306328858,28,0.9182373271608818
P2_EPN,Skin,POZ,0.01786080758369591,0.15052119052624252,0.8814723192145522,28,0.9548045490544511
P2_EPN,Skin,PZ,-0.011326067450133521,-0.11404228306534529,0.9100480858175237,28,0.9548045490544511
P2_EPN,Skin,T7,0.1251627546517709,1.3151199791244441,0.1995298944200227,28,0.7981195776800908
P2_EPN,Skin,T8,0.06793915064582975,0.7239725400397351,0.4753092308401695,28,0.950618461680339
P2_EPN,Skin,TP7,0.0030467532185921476,0.033047953528410993,0.9738794491779668,28,0.9738794491779668
P2_EPN,Skin,TP8,0.10355143909251709,1.0403322818599712,0.30776364186159877,27,0.9174665976290713
P2_EPN,Structural,AF3,-0.06576064989788236,-1.0207006465449129,0.31645542494937956,28,0.5473823566691971
P2_EPN,Structural,AF4,0.16463348593377564,2.2141019122068126,0.03545361649620691,28,0.17538615557400797
P2_EPN,Structural,C1,-0.09564637594290896,-1.9555782454504087,0.06093673365271803,28,0.22171286600374251
P2_EPN,Structural,C2,0.014584355152333047,0.2717617483449944,0.7878724762822771,28,0.8887486434940329
P2_EPN,Structural,C3,-0.05960344975534234,-1.3893819014043955,0.17606924518673295,28,0.375614389731697
P2_EPN,Structural,C4,0.09868036501075209,1.8405148505240552,0.07670889896880509,28,0.2337795016192155
P2_EPN,Structural,C5,-0.03217947833456407,-0.5865048986681556,0.5624082417835884,28,0.7345740300846869
P2_EPN,Structural,C6,0.17384871024810195,3.836558352836924,0.0006808885809923812,28,0.0435768691835124
P2_EPN,Structural,CB1,-0.0895134532365216,-0.9400871919716585,0.35550788314453524,28,0.5688126130312564
P2_EPN,Structural,CB2,0.042800283786862243,0.5467216325804582,0.5890602737462196,28,0.7392128925442756
P2_EPN,Structural,CP1,-0.09291626083823602,-1.9442177257145086,0.062356743563552586,28,0.22171286600374251
P2_EPN,Structural,CP2,-0.012702221202665922,-0.26694251711465494,0.7915417606118731,28,0.8887486434940329
P2_EPN,Structural,CP3,-0.13447729285240265,-2.358110088444358,0.025865893053989827,28,0.17353425535587563
P2_EPN,Structural,CP4,0.07489976516784409,1.4614887965381451,0.15542306695011082,28,0.3430026305105894
P2_EPN,Structural,CP5,-0.02102932754393182,-0.368951793336452,0.7150411950717689,28,0.8634459714074191
P2_EPN,Structural,CP6,0.09583975996913173,1.9934490283005364,0.05680264570160842,27,0.22171286600374251
P2_EPN,Structural,CPZ,-0.13613285479745402,-2.2463776002666247,0.033061420798293946,28,0.17538615557400797
P2_EPN,Structural,CZ,-0.12219185806973011,-1.6247813672404534,0.11627178486565123,27,0.3220116793196634
P2_EPN,Structural,F1,-0.08210648837869758,-1.032649911816863,0.31092939288526955,28,0.5473823566691971
P2_EPN,Structural,F2,0.059992631680711,0.6844509469569467,0.4995239465613521,28,0.7089998828760181
P2_EPN,Structural,F3,-0.14812951300478325,-2.1531709135425565,0.04039841458624555,28,0.18467846667997967
P2_EPN,Structural,F4,0.0665562394442345,0.8996336033549576,0.37626925907301767,28,0.5873471361139788
P2_EPN,Structural,F5,-0.12911765664917585,-1.976352098026,0.05841315227361219,28,0.22171286600374251
P2_EPN,Structural,F6,0.20682988639453506,2.682902649058578,0.012520153611700516,27,0.1521992116704441
P2_EPN,Structural,F7,-0.18783370891574422,-2.554664583896883,0.01658229519739504,28,0.1521992116704441
P2_EPN,Structural,F8,0.26780506197131515,3.3664241611371355,0.002298810671050491,28,0.07356194147361571
P2_EPN,Structural,FC1,-0.0875951478789841,-1.3700476135157058,0.1819579146217948,28,0.3756550495417699
P2_EPN,Structural,FC2,-0.0028207891155240107,-0.03850867927384762,0.9695762774065689,27,0.9854804477236864
P2_EPN,Structural,FC3,-0.14196412177559406,-2.5529775526976666,0.016646788776454823,28,0.1521992116704441
P2_EPN,Structural,FC4,0.06948590274157855,1.168984766384368,0.2526272518010189,28,0.4755336504489768
P2_EPN,Structural,FC5,-0.04310539314830423,-0.708360074889986,0.4847928487217032,28,0.7051532345042956
P2_EPN,Structural,FC6,0.2300533973387962,2.6197846487116396,0.014263000384062814,28,0.1521992116704441
P2_EPN,Structural,FCZ,-0.040510722955805246,-0.6306244156407832,0.5335880642702253,28,0.7129268219846909
P2_EPN,Structural,FP1,-0.08549104573973432,-0.8786580384454504,0.38867413112234267,24,0.5922653426626174
P2_EPN,Structural,FP2,0.028682220007117475,0.22882287278175428,0.8208681112963032,26,0.8969860646775546
P2_EPN,Structural,FPZ,0.17214286008154597,1.9092237843223445,0.06878639337605823,24,0.2287813861827639
P2_EPN,Structural,FT7,-0.053889201351366836,-0.668334740180115,0.509593665817138,28,0.7089998828760181
P2_EPN,Structural,FT8,0.12715532661089698,1.52632638737789,0.13855894165459987,28,0.33659898109422054
P2_EPN,Structural,FZ,-0.04156760256545217,-0.5627349698747223,0.578258522255344,28,0.7392128925442756
P2_EPN,Structural,M1,0.08678123888271501,0.9442808240992967,0.35340011593351445,28,0.5688126130312564
P2_EPN,Structural,M2,0.12186895119792193,1.0779802418998206,0.2909427330872062,27,0.5320095690737485
P2_EPN,Structural,O1,-0.045189603584636695,-0.7101302550438061,0.48371215515911004,28,0.7051532345042956
P2_EPN,Structural,O2,0.0010719360974096612,0.015032080908808462,0.9881171154542562,28,0.9881171154542562
P2_EPN,Structural,OZ,-0.0426866248493305,-0.6289068627237856,0.5346951164885182,28,0.7129268219846909
P2_EPN,Structural,P1,-0.12700444377969947,-2.2118616386399736,0.03562531285097037,28,0.17538615557400797
P2_EPN,Structural,P2,-0.09361860959201307,-1.5085505815595581,0.14302741214890147,28,0.33659898109422054
P2_EPN,Structural,P3,-0.10099180576529236,-1.876081516220934,0.07149418318211372,28,0.2287813861827639
P2_EPN,Structural,P4,0.02141172317189301,0.29886422364590065,0.7673319042470761,28,0.8887486434940329
P2_EPN,Structural,P5,-0.08995008983823959,-1.602170111494788,0.12075437974487378,28,0.3220116793196634
P2_EPN,Structural,P6,0.025403894915503156,0.3106131484651346,0.7584799526639617,28,0.8887486434940329
P2_EPN,Structural,P7,0.013860700781582944,0.1561412117403219,0.8770833240492266,28,0.9202185694942705
P2_EPN,Structural,P8,0.16059271030005307,2.3541928352360677,0.02609184202583342,28,0.17353425535587563
P2_EPN,Structural,PO3,-0.11033681716712285,-1.5114270252438484,0.14229650915289405,28,0.33659898109422054
P2_EPN,Structural,PO4,0.012679736900183985,0.22080044852728226,0.8269090283746207,28,0.8969860646775546
P2_EPN,Structural,PO5,-0.06593605613041084,-0.9623825276528994,0.3443979614576373,28,0.5688126130312564
P2_EPN,Structural,PO6,0.08030296911614561,1.169511181994566,0.2524188395289371,28,0.4755336504489768
P2_EPN,Structural,PO7,0.015161063103336283,0.1849826737007793,0.8546251541507348,28,0.9116001644274505
P2_EPN,Structural,PO8,0.08153905401688379,1.1868124854908049,0.2456394184077748,28,0.4755336504489768
P2_EPN,Structural,POZ,-0.10873239491945623,-1.7014385635705056,0.10035087969714575,28,0.29192983184624216
P2_EPN,Structural,PZ,-0.10001541000426965,-1.492115642852326,0.1472620542287215,28,0.33659898109422054
P2_EPN,Structural,T7,0.0028074219513851417,0.03785434972939054,0.9700823157280037,28,0.9854804477236864
P2_EPN,Structural,T8,0.16004508698240033,2.336837535858414,0.027114727399355568,28,0.17353425535587563
P2_EPN,Structural,TP7,0.022061424280358507,0.37237867268884733,0.7125179618862285,28,0.8634459714074191
P2_EPN,Structural,TP8,0.12060004504785915,2.921637492952008,0.007112593320856186,27,0.1517353241782653
P2_EPN,Surface,AF3,0.2696560430383454,1.366676142621871,0.18300039679588428,28,0.6127635743131287
P2_EPN,Surface,AF4,0.13039413625365234,0.8037834609486724,0.4285423210556714,28,0.7163188963462079
P2_EPN,Surface,C1,-0.11897646785782809,-2.5516360183849898,0.01669824023187733,28,0.2857825259842434
P2_EPN,Surface,C2,-0.10295370343109975,-1.7916084597928772,0.0844118503040846,28,0.4721925747071829
P2_EPN,Surface,C3,-0.058489332176482375,-0.8972731181701329,0.37750466027329554,28,0.7163188963462079
P2_EPN,Surface,C4,-0.09295217887498122,-2.5222866070537315,0.017861407874015214,28,0.2857825259842434
P2_EPN,Surface,C5,-0.020443580870899813,-0.3278880649110609,0.7455254006440541,28,0.8419125272111946
P2_EPN,Surface,C6,-0.03907145517678886,-0.7314458643032393,0.4708079522743506,28,0.7163188963462079
P2_EPN,Surface,CB1,-0.12737533766344641,-0.7946443537144023,0.4337501863013535,28,0.7163188963462079
P2_EPN,Surface,CB2,-0.10595157146183419,-0.7241281238248055,0.47521526714270224,28,0.7163188963462079
P2_EPN,Surface,CP1,-0.17521943292220726,-2.826942806826778,0.008742403042565692,28,0.2857825259842434
P2_EPN,Surface,CP2,-0.12134186515652004,-1.8826491328497545,0.07056554689498548,28,0.4721925747071829
P2_EPN,Surface,CP3,-0.10666117151566208,-1.9122068282177336,0.06651444341325237,28,0.4721925747071829
P2_EPN,Surface,CP4,-0.0798154553127877,-1.37497549936974,0.1804425560737019,28,0.6127635743131287
P2_EPN,Surface,CP5,-0.07447930596000303,-1.1269349826981394,0.2696862308397014,28,0.6813659110902419
P2_EPN,Surface,CP6,-0.046458383929932935,-0.6681809876535023,0.5099068205761856,27,0.7163188963462079
P2_EPN,Surface,CPZ,-0.14070419536531983,-2.0570347451101263,0.04946151387762132,28,0.4721925747071829
P2_EPN,Surface,CZ,-0.1791873143261771,-2.6055660779774246,0.014976183149106035,27,0.2857825259842434
P2_EPN,Surface,F1,0.18143533186095342,1.384609465089863,0.1775086637761291,28,0.6127635743131287
P2_EPN,Surface,F2,0.09406401531140651,0.8790368325194083,0.3871377720848344,28,0.7163188963462079
P2_EPN,Surface,F3,0.1712879271087215,1.2002530365568704,0.24046660183911414,28,0.6691244572914481
P2_EPN,Surface,F4,0.0693537153254111,0.7814361408344384,0.4413447397789327,28,0.7163188963462079
P2_EPN,Surface,F5,0.23599645646550588,1.7252427729807212,0.09591411673739653,28,0.4721925747071829
P2_EPN,Surface,F6,0.10968434825413861,0.9407725982124541,0.3554806140791619,27,0.7163188963462079
P2_EPN,Surface,F7,0.13007996097912994,0.8721595954238164,0.390811378365979,28,0.7163188963462079
P2_EPN,Surface,F8,-0.01032617452581586,-0.09925482498015965,0.921669218547976,28,0.9514004836624268
P2_EPN,Surface,FC1,0.001369949735606278,0.021058374938735802,0.9833539458892414,28,0.9833539458892414
P2_EPN,Surface,FC2,-0.022621531628497244,-0.2961001022010811,0.7695058354491656,27,0.8419125272111946
P2_EPN,Surface,FC3,0.06806045290005698,0.7887493981324254,0.437129808296758,28,0.7163188963462079
P2_EPN,Surface,FC4,0.026739922291359654,0.4215809196889155,0.6766685347049896,28,0.8282720476597591
P2_EPN,Surface,FC5,0.07974296006941008,1.0904219628798926,0.2851635032050616,28,0.6813659110902419
P2_EPN,Surface,FC6,0.09640785476971923,1.4127883111019512,0.169142340187877,28,0.6127635743131287
P2_EPN,Surface,FCZ,0.015131320541677323,0.19342922593929934,0.8480706216781494,28,0.8897790129082224
P2_EPN,Surface,FP1,0.23215863534869427,1.3456183311988203,0.19154198591580188,24,0.6127635743131287
P2_EPN,Surface,FP2,0.2787337015035101,0.9873590348201777,0.3329269814271474,26,0.7163188963462079
P2_EPN,Surface,FPZ,0.40444331338121436,1.0889584070621914,0.2874512437411958,24,0.6813659110902419
P2_EPN,Surface,FT7,0.1906278584585516,1.737910229782649,0.09362144078698244,28,0.4721925747071829
P2_EPN,Surface,FT8,-0.003116623502719609,-0.03088941670680796,0.9755849383617968,28,0.9833539458892414
P2_EPN,Surface,FZ,0.03633191164253507,0.3910152194793709,0.6988545402129218,28,0.8282720476597591
P2_EPN,Surface,M1,0.08114058656343497,0.7428299936290267,0.463999134677228,28,0.7163188963462079
P2_EPN,Surface,M2,0.1576926921902622,1.422890273934444,0.16665659646707015,27,0.6127635743131287
P2_EPN,Surface,O1,-0.021361294309731032,-0.19490131308487962,0.8469294014783959,28,0.8897790129082224
P2_EPN,Surface,O2,-0.08958176076596673,-0.819158170882503,0.4198682950221615,28,0.7163188963462079
P2_EPN,Surface,OZ,0.04199687595477738,0.3913553132681098,0.6986061377749778,28,0.8282720476597591
P2_EPN,Surface,P1,-0.1780969810924314,-2.1718036981210576,0.038824369686821465,28,0.4721925747071829
P2_EPN,Surface,P2,-0.09538032480492187,-1.282302106938285,0.210637478670138,28,0.6127635743131287
P2_EPN,Surface,P3,-0.14145469978825143,-1.7723518439811539,0.08762146275403879,28,0.4721925747071829
P2_EPN,Surface,P4,-0.14925365778345615,-1.7709661276369864,0.08785638729056332,28,0.4721925747071829
P2_EPN,Surface,P5,-0.10013285876259728,-1.139333822606925,0.264571482585855,28,0.6813659110902419
P2_EPN,Surface,P6,-0.10532257411952407,-0.7625970730787196,0.45231511580964956,28,0.7163188963462079
P2_EPN,Surface,P7,-0.06906941630842242,-0.7326368913404377,0.4700928838750254,28,0.7163188963462079
P2_EPN,Surface,P8,-0.03418969513539495,-0.2872181775618931,0.77613811102282,28,0.8419125272111946
P2_EPN,Surface,PO3,-0.07254380926785832,-0.6697259992713396,0.5087199729246833,28,0.7163188963462079
P2_EPN,Surface,PO4,-0.05103900243782863,-0.4845837749366129,0.6318796893143344,28,0.825312247267702
P2_EPN,Surface,PO5,-0.076884086296232,-0.6869371250109746,0.4979805257585287,28,0.7163188963462079
P2_EPN,Surface,PO6,-0.03437084521950433,-0.30942167785943386,0.7593761389802265,28,0.8419125272111946
P2_EPN,Surface,PO7,-0.055991794791602066,-0.5182749420897834,0.6084879367132043,28,0.8113172489509392
P2_EPN,Surface,PO8,-0.057092823913224997,-0.4496750117839451,0.6565341693085757,28,0.8282720476597591
P2_EPN,Surface,POZ,-0.059556833708457824,-0.5302144462687352,0.6002971128632281,28,0.8113172489509392
P2_EPN,Surface,PZ,-0.1069047616546914,-1.300513720454003,0.20441650998085525,28,0.6127635743131287
P2_EPN,Surface,T7,0.08296704053905679,1.3801555589971453,0.17886034458553512,28,0.6127635743131287
P2_EPN,Surface,T8,0.05463414088059815,0.6599855990351491,0.514854206748837,28,0.7163188963462079
P2_EPN,Surface,TP7,-0.03104931636877042,-0.42050656124350083,0.6774434928709198,28,0.8282720476597591
P2_EPN,Surface,TP8,0.027818956143850406,0.3244572832035777,0.7481878851740725,27,0.8419125272111946
P2_EPN,Surface_minus_Structural,AF3,0.3354166929362277,1.6368833794391744,0.11325953139502232,28,0.4908977282475783
P2_EPN,Surface_minus_Structural,AF4,-0.03423934968012326,-0.20591575690343467,0.8384014950087604,28,0.9886629971300382
P2_EPN,Surface_minus_Structural,C1,-0.0233300919149191,-0.3479297988902573,0.7305909252434934,28,0.9724881233033684
P2_EPN,Surface_minus_Structural,C2,-0.1175380585834328,-1.496063241384187,0.14623578037842933,28,0.5849431215137173
P2_EPN,Surface_minus_Structural,C3,0.0011141175788599677,0.014341479651807527,0.9886629971300382,28,0.9886629971300382
P2_EPN,Surface_minus_Structural,C4,-0.19163254388573328,-3.1848514280849223,0.003634810989442507,28,0.20522030549542106
P2_EPN,Surface_minus_Structural,C5,0.011735897463664257,0.14305863274591146,0.8873061809366438,28,0.9886629971300382
P2_EPN,Surface_minus_Structural,C6,-0.21292016542489087,-2.9550521644529035,0.006413134546731908,28,0.20522030549542106
P2_EPN,Surface_minus_Structural,CB1,-0.0378618844269248,-0.2887851024967423,0.7749514732573717,28,0.9724881233033684
P2_EPN,Surface_minus_Structural,CB2,-0.14875185524869644,-0.9780762078829751,0.3367194866158566,28,0.8288479670544162
P2_EPN,Surface_minus_Structural,CP1,-0.08230317208397124,-0.9932233460839441,0.3294195109551659,28,0.8288479670544162
P2_EPN,Surface_minus_Structural,CP2,-0.10863964395385414,-1.3592597004679356,0.18531006093922944,28,0.6976378764770991
P2_EPN,Surface_minus_Structural,CP3,0.027816121336740558,0.3286795249961121,0.7449336642330538,28,0.9724881233033684
P2_EPN,Surface_minus_Structural,CP4,-0.15471522048063177,-2.459879194691525,0.020587766897977457,28,0.2754370428810174
P2_EPN,Surface_minus_Structural,CP5,-0.0534499784160712,-0.6728682076942172,0.5067497619576322,28,0.8690884435024854
P2_EPN,Surface_minus_Structural,CP6,-0.14229814389906467,-2.293892524529852,0.030125926565111275,27,0.2754370428810174
P2_EPN,Surface_minus_Structural,CPZ,-0.004571340567865817,-0.052861210025551025,0.9582316680682564,28,0.9886629971300382
P2_EPN,Surface_minus_Structural,CZ,-0.05699545625644706,-0.6062878728337605,0.5495810093898346,27,0.8690884435024854
P2_EPN,Surface_minus_Structural,F1,0.26354182023965106,1.8958801458324697,0.068726419890799,28,0.4398490873011136
P2_EPN,Surface_minus_Structural,F2,0.03407138363069553,0.25387837602666335,0.8015129246323323,28,0.986477445701332
P2_EPN,Surface_minus_Structural,F3,0.31941744011350476,2.125005264287056,0.04288631733890317,28,0.34309053871122536
P2_EPN,Surface_minus_Structural,F4,0.0027974758811765937,0.03179525943668262,0.9748692049151677,28,0.9886629971300382
P2_EPN,Surface_minus_Structural,F5,0.3651141131146817,2.4002196435326435,0.02354741569380553,28,0.2754370428810174
P2_EPN,Surface_minus_Structural,F6,-0.09714553814039648,-0.7018873436084458,0.4889854526218279,27,0.8690884435024854
P2_EPN,Surface_minus_Structural,F7,0.31791366989487413,2.0163848962283475,0.053807547312394385,28,0.3826314475548045
P2_EPN,Surface_minus_Structural,F8,-0.278131236497131,-2.3561586677996535,0.025978227671575715,28,0.2754370428810174
P2_EPN,Surface_minus_Structural,FC1,0.08896509761459039,1.2295839366601686,0.22946046802455347,28,0.7342734976785711
P2_EPN,Surface_minus_Structural,FC2,-0.01980074251297321,-0.22051132587784256,0.8271953548871374,27,0.9886629971300382
P2_EPN,Surface_minus_Structural,FC3,0.21002457467565105,2.4105729182132034,0.023007318470049592,28,0.2754370428810174
P2_EPN,Surface_minus_Structural,FC4,-0.0427459804502189,-0.5950576057604022,0.5567597841187797,28,0.8690884435024854
P2_EPN,Surface_minus_Structural,FC5,0.12284835321771434,1.1766370339509167,0.24961010208944612,28,0.7607165016059311
P2_EPN,Surface_minus_Structural,FC6,-0.13364554256907699,-1.2551196114534904,0.22019048280306877,28,0.7342734976785711
P2_EPN,Surface_minus_Structural,FCZ,0.055642043497482564,0.6094026112623908,0.5473519474281237,28,0.8690884435024854
P2_EPN,Surface_minus_Structural,FP1,0.3176496810884286,1.6754845772527658,0.10738309696585513,24,0.4908977282475783
P2_EPN,Surface_minus_Structural,FP2,0.2500514814963926,0.8773190803532576,0.3886666604350347,26,0.8577471126842146
P2_EPN,Surface_minus_Structural,FPZ,0.23230045329966845,0.6928355013423787,0.495349734973568,24,0.8690884435024854
P2_EPN,Surface_minus_Structural,FT7,0.24451705980991845,1.7890190953082366,0.08483750470730998,28,0.48367775764675724
P2_EPN,Surface_minus_Structural,FT8,-0.1302719501136166,-0.9417829494343731,0.35465456918884564,28,0.8406626825217082
P2_EPN,Surface_minus_Structural,FZ,0.07789951420798723,0.678277494686958,0.5033680067088007,28,0.8690884435024854
P2_EPN,Surface_minus_Structural,M1,-0.005640652319280025,-0.051960081444294814,0.9589430256205882,28,0.9886629971300382
P2_EPN,Surface_minus_Structural,M2,0.03582374099234027,0.2935150512715548,0.7714586832277147,27,0.9724881233033684
P2_EPN,Surface_minus_Structural,O1,0.02382830927490567,0.18831161106450667,0.8520406023251209,28,0.9886629971300382
P2_EPN,Surface_minus_Structural,O2,-0.09065369686337642,-0.7345902250969174,0.4689215151521384,28,0.8690884435024854
P2_EPN,Surface_minus_Structural,OZ,0.08468350080410787,0.7518990788055672,0.4586166177219862,28,0.8690884435024854
P2_EPN,Surface_minus_Structural,P1,-0.051092537312731966,-0.510661479230986,0.6137382930959048,28,0.9134709478636722
P2_EPN,Surface_minus_Structural,P2,-0.0017617152129087898,-0.019125665502915504,0.9848814955040274,28,0.9886629971300382
P2_EPN,Surface_minus_Structural,P3,-0.040462894022959064,-0.3830244935430685,0.7047006677877972,28,0.9724881233033684
P2_EPN,Surface_minus_Structural,P4,-0.17066538095534917,-1.6284016053947232,0.11505415505802617,28,0.4908977282475783
P2_EPN,Surface_minus_Structural,P5,-0.010182768924357734,-0.09194641523322124,0.9274194306185974,28,0.9886629971300382
P2_EPN,Surface_minus_Structural,P6,-0.13072646903502722,-1.2760492929627247,0.2128064499855538,28,0.7342734976785711
P2_EPN,Surface_minus_Structural,P7,-0.0829301170900054,-0.6356859195236516,0.5303327915585923,28,0.8690884435024854
P2_EPN,Surface_minus_Structural,P8,-0.19478240543544803,-1.7544980043558784,0.09068957955876698,28,0.48367775764675724
P2_EPN,Surface_minus_Structural,PO3,0.03779300789926455,0.2932210150810329,0.7715951596790699,28,0.9724881233033684
P2_EPN,Surface_minus_Structural,PO4,-0.06371873933801261,-0.5498658803541808,0.5869315829359685,28,0.8943719359024281
P2_EPN,Surface_minus_Structural,PO5,-0.010948030165821191,-0.08058990190615303,0.9363625015316654,28,0.9886629971300382
P2_EPN,Surface_minus_Structural,PO6,-0.11467381433564992,-0.9081580255465203,0.37182983005245795,28,0.8498967544056182
P2_EPN,Surface_minus_Structural,PO7,-0.07115285789493837,-0.43911352286142624,0.6640735075793422,28,0.9444600996683978
P2_EPN,Surface_minus_Structural,PO8,-0.13863187793010878,-1.001162932515289,0.3256366936728625,28,0.8288479670544162
P2_EPN,Surface_minus_Structural,POZ,0.049175561210998406,0.46082746412351067,0.6486128934961035,28,0.9434369359943324
P2_EPN,Surface_minus_Structural,PZ,-0.006889351650421712,-0.06501292189479353,0.9486426911377963,28,0.9886629971300382
P2_EPN,Surface_minus_Structural,T7,0.08015961858767164,0.8163977920575878,0.4214175580310095,28,0.8690884435024854
P2_EPN,Surface_minus_Structural,T8,-0.10541094610180216,-1.1211378314900435,0.27210209857233797,28,0.7785420968535611
P2_EPN,Surface_minus_Structural,TP7,-0.05311074064912892,-0.6655436664939235,0.5113489236776275,28,0.8690884435024854
P2_EPN,Surface_minus_Structural,TP8,-0.09278108890400871,-1.1038066072855164,0.2797885660567485,27,0.7785420968535611
