subj,contrast,time_ms,beta_uV
s1,FSlim,0.0,-0.06994696256026536
s1,FSlim,20.0,-0.38359100077912434
s1,FSlim,40.0,-0.28088616664224564
s1,FSlim,60.0,-0.272173474025983
s1,FSlim,80.0,-0.22786217125869612
s1,FSlim,100.0,-0.33678675808025105
s1,FSlim,120.0,-0.6899200373345863
s1,FSlim,140.0,-0.4323180661059216
s1,FSlim,160.0,-0.2075495221756113
s1,FSlim,180.0,-0.04692494291661076
s1,FSlim,200.0,-0.10028796160766154
s1,FSlim,220.0,-0.15469312433834004
s1,FSlim,240.0,-0.07401859405689147
s1,FSlim,260.0,0.07033828237202056
s1,FSlim,280.0,0.15274452381412956
s1,FSlim,300.0,0.15045480313802437
s1,FSlim,320.0,-0.10958733661419892
s1,FSlim,340.0,-0.14761004326894678
s1,FSlim,360.0,-0.11941095751403037
s1,FSlim,380.0,0.10242415459852566
s1,FSlim,400.0,0.32557638306812936
s1,FSlim,420.0,-0.007202087648362542
s1,FSlim,440.0,-0.3779701758419272
s1,FSlim,460.0,-0.3376348771524669
s1,FSlim,480.0,0.16407841612562515
s1,FSlim,500.0,0.28973735512178844
s1,FSlim,520.0,0.04387105182284656
s1,FSlim,540.0,-0.2578970398958231
s1,FSlim,560.0,0.03699933839300565
s1,FSlim,580.0,0.3833098403718483
s1,FSlim,600.0,0.16162449252995664
s1,FSlim,620.0,-0.20011295725288414
s1,FSlim,640.0,-0.10754574588064972
s1,FSlim,660.0,0.051451081149568256
s1,FSlim,680.0,0.08308729991229685
s1,FSlim,700.0,-0.017628543908012034
s1,FSlim,720.0,-0.12304955224965951
s1,FSlim,740.0,-0.30510582925987034
s1,FSlim,760.0,-0.3897030439142172
s1,FSlim,780.0,-0.36419960879405733
s1,FSlim,800.0,-0.24542539473689393
s1,FSlim,820.0,-0.03515707088806197
s1,FSlim,840.0,0.08687479508050255
s1,FSlim,860.0,-0.07317924956249124
s1,FSlim,880.0,-0.1363070648310235
s1,FSlim,900.0,0.05572494659976581
s1,FSlim,920.0,0.047359998294366
s1,FSlim,940.0,0.2505424089187569
s1,FSlim,960.0,0.2560864253628823
s1,FSlim,980.0,0.12800643279038176
s1,Eye,0.0,0.11581898194117927
s1,Eye,20.0,0.2294813257373896
s1,Eye,40.0,0.29343797263941623
s1,Eye,60.0,0.3574709778916905
s1,Eye,80.0,0.2661217557420551
s1,Eye,100.0,-0.027439529680241354
s1,Eye,120.0,0.014241890769057977
s1,Eye,140.0,-0.26326429193581125
s1,Eye,160.0,-0.41841725357088155
s1,Eye,180.0,-0.14398188452519445
s1,Eye,200.0,-0.23842741492704772
s1,Eye,220.0,-0.3155483419689444
s1,Eye,240.0,-0.5610308591785054
s1,Eye,260.0,-0.25486799764953905
s1,Eye,280.0,-0.09399129281860771
s1,Eye,300.0,-0.3744873392774101
s1,Eye,320.0,-0.3892253008705201
s1,Eye,340.0,-0.03710439176904437
s1,Eye,360.0,0.0540555668460026
s1,Eye,380.0,-0.34265722459586867
s1,Eye,400.0,-0.418790745030433
s1,Eye,420.0,-0.31888588089172043
s1,Eye,440.0,-0.5272957617050792
s1,Eye,460.0,-0.6135626557195907
s1,Eye,480.0,-0.5778779899643448
s1,Eye,500.0,-0.6314067368003908
s1,Eye,520.0,-0.6315081231488757
s1,Eye,540.0,-0.34145756052831117
s1,Eye,560.0,-0.17392083735543423
s1,Eye,580.0,-0.04871634397312469
s1,Eye,600.0,-0.3630340570182936
s1,Eye,620.0,-0.8086342320433322
s1,Eye,640.0,-0.4573667900658083
s1,Eye,660.0,-0.08122912661426171
s1,Eye,680.0,0.04961979972854211
s1,Eye,700.0,-0.1817964819195354
s1,Eye,720.0,-0.19573512225346157
s1,Eye,740.0,0.03777108260496076
s1,Eye,760.0,0.20938678017760998
s1,Eye,780.0,0.10798557256707886
s1,Eye,800.0,0.07723690025306337
s1,Eye,820.0,0.32350802688772484
s1,Eye,840.0,0.2660908152134386
s1,Eye,860.0,0.20363954000444062
s1,Eye,880.0,0.19130639849173675
s1,Eye,900.0,0.03850086619700786
s1,Eye,920.0,0.15962603432530129
s1,Eye,940.0,0.37155498848140645
s1,Eye,960.0,0.3175120051772113
s1,Eye,980.0,0.2670596523371705
s1,Mouth,0.0,-0.4070635326667003
s1,Mouth,20.0,-0.6701653848353182
s1,Mouth,40.0,-0.3864740255064406
s1,Mouth,60.0,-0.14952125937487568
s1,Mouth,80.0,-0.23557685727687308
s1,Mouth,100.0,-0.2876760523193743
s1,Mouth,120.0,-0.33737745737097197
s1,Mouth,140.0,-0.4455432940107181
s1,Mouth,160.0,-0.420265277075056
s1,Mouth,180.0,-0.23646841331036633
s1,Mouth,200.0,-0.20622589915755943
s1,Mouth,220.0,-0.22337167868383678
s1,Mouth,240.0,-0.0646936175025831
s1,Mouth,260.0,0.03399227636707805
s1,Mouth,280.0,0.08324916244770267
s1,Mouth,300.0,0.08500894147624069
s1,Mouth,320.0,0.14318513718871306
s1,Mouth,340.0,0.20270476783430158
s1,Mouth,360.0,0.2962696883028364
s1,Mouth,380.0,0.18592858264464776
s1,Mouth,400.0,-0.08785303187240717
s1,Mouth,420.0,0.014902758395941351
s1,Mouth,440.0,-0.23053784954593753
s1,Mouth,460.0,-0.6577383609699172
s1,Mouth,480.0,-0.40093009161754145
s1,Mouth,500.0,0.17573698771385476
s1,Mouth,520.0,-0.1359761949531703
s1,Mouth,540.0,-0.38925550657437913
s1,Mouth,560.0,-0.4358683934061287
s1,Mouth,580.0,0.007949723494411753
s1,Mouth,600.0,0.1659269918209696
s1,Mouth,620.0,-0.40967498173739086
s1,Mouth,640.0,-0.3194220085184399
s1,Mouth,660.0,-0.34861208884587325
s1,Mouth,680.0,-0.2064504807536912
s1,Mouth,700.0,-0.04639492428535397
s1,Mouth,720.0,-0.3136756368503235
s1,Mouth,740.0,-0.5344364217240559
s1,Mouth,760.0,-0.469506769284071
s1,Mouth,780.0,-0.4612347966361303
s1,Mouth,800.0,-0.29064453107280397
s1,Mouth,820.0,-0.09130543430509946
s1,Mouth,840.0,-0.14243493843963598
s1,Mouth,860.0,-0.22561523050234764
s1,Mouth,880.0,-0.2590077185987015
s1,Mouth,900.0,-0.14848002498500468
s1,Mouth,920.0,-0.09920150068854583
s1,Mouth,940.0,0.040255267749044546
s1,Mouth,960.0,0.21717396916238657
s1,Mouth,980.0,0.1264910148049111
s1,Skin,0.0,0.09454293439125774
s1,Skin,20.0,-0.002558779643390116
s1,Skin,40.0,0.04195047553215957
s1,Skin,60.0,0.31816934771564104
s1,Skin,80.0,0.3875599636485053
s1,Skin,100.0,0.3742299187501351
s1,Skin,120.0,0.14969832307893222
s1,Skin,140.0,0.06529490111278714
s1,Skin,160.0,0.226833611519352
s1,Skin,180.0,0.3606830199274259
s1,Skin,200.0,0.03009031326242708
s1,Skin,220.0,-0.23222485069538815
s1,Skin,240.0,-0.12765244584118246
s1,Skin,260.0,0.12014893239531838
s1,Skin,280.0,0.31776139860105235
s1,Skin,300.0,0.16706360271570958
s1,Skin,320.0,-0.10701324810873353
s1,Skin,340.0,-0.04664125221045575
s1,Skin,360.0,0.39691722965178944
s1,Skin,380.0,0.4640966996593994
s1,Skin,400.0,0.027754122090934044
s1,Skin,420.0,-0.20782501672841044
s1,Skin,440.0,0.05508262646259866
s1,Skin,460.0,0.21542491171921194
s1,Skin,480.0,-0.06868448043400915
s1,Skin,500.0,-0.30096237831748085
s1,Skin,520.0,-0.36874858142226224
s1,Skin,540.0,-0.0015513753348455964
s1,Skin,560.0,0.14496953505859525
s1,Skin,580.0,-0.1546424579631293
s1,Skin,600.0,-0.12231279067291673
s1,Skin,620.0,-0.17563346455081508
s1,Skin,640.0,-0.27035597426770985
s1,Skin,660.0,0.018515840555362012
s1,Skin,680.0,0.0335901378895426
s1,Skin,700.0,-0.2907825889403758
s1,Skin,720.0,-0.22259406721068228
s1,Skin,740.0,0.042540550527687265
s1,Skin,760.0,0.15955253606504793
s1,Skin,780.0,0.07460943973971285
s1,Skin,800.0,-0.38996314543771726
s1,Skin,820.0,-0.67682621861281
s1,Skin,840.0,-0.7205959148789114
s1,Skin,860.0,-0.40943209457994384
s1,Skin,880.0,-0.32644825930866117
s1,Skin,900.0,-0.2540324098403199
s1,Skin,920.0,-0.3338335085833992
s1,Skin,940.0,-0.08758028794241854
s1,Skin,960.0,0.015252518900516834
s1,Skin,980.0,0.027504952719631173
s1,Surface,0.0,-0.15626029913772127
s1,Surface,20.0,-0.33636208223935415
s1,Surface,40.0,-0.17226177498714051
s1,Surface,60.0,0.08432404417038268
s1,Surface,80.0,0.07599155318581612
s1,Surface,100.0,0.0432769332153804
s1,Surface,120.0,-0.09383956714601988
s1,Surface,140.0,-0.1901241964489655
s1,Surface,160.0,-0.096715832777852
s1,Surface,180.0,0.06210730330852979
s1,Surface,200.0,-0.08806779294756617
s1,Surface,220.0,-0.22779826468961245
s1,Surface,240.0,-0.09617303167188278
s1,Surface,260.0,0.07707060438119821
s1,Surface,280.0,0.2005052805243775
s1,Surface,300.0,0.12603627209597512
s1,Surface,320.0,0.018085944539989768
s1,Surface,340.0,0.07803175781192291
s1,Surface,360.0,0.3465934589773129
s1,Surface,380.0,0.3250126411520236
s1,Surface,400.0,-0.030049454890736564
s1,Surface,420.0,-0.09646112916623455
s1,Surface,440.0,-0.08772761154166944
s1,Surface,460.0,-0.22115672462535263
s1,Surface,480.0,-0.2348072860257753
s1,Surface,500.0,-0.06261269530181304
s1,Surface,520.0,-0.2523623881877163
s1,Surface,540.0,-0.19540344095461237
s1,Surface,560.0,-0.14544942917376674
s1,Surface,580.0,-0.07334636723435878
s1,Surface,600.0,0.021807100574026433
s1,Surface,620.0,-0.29265422314410294
s1,Surface,640.0,-0.2948889913930749
s1,Surface,660.0,-0.1650481241452556
s1,Surface,680.0,-0.08643017143207431
s1,Surface,700.0,-0.16858875661286488
s1,Surface,720.0,-0.2681348520305029
s1,Surface,740.0,-0.24594793559818434
s1,Surface,760.0,-0.15497711660951152
s1,Surface,780.0,-0.19331267844820874
s1,Surface,800.0,-0.3403038382552606
s1,Surface,820.0,-0.3840658264589547
s1,Surface,840.0,-0.43151542665927367
s1,Surface,860.0,-0.3175236625411457
s1,Surface,880.0,-0.29272798895368135
s1,Surface,900.0,-0.20125621741266228
s1,Surface,920.0,-0.21651750463597252
s1,Surface,940.0,-0.023662510096686996
s1,Surface,960.0,0.1162132440314517
s1,Surface,980.0,0.07699798376227113
s1,Structural,0.0,0.022936009690456956
s1,Structural,20.0,-0.07705483752086736
s1,Structural,40.0,0.006275902998585298
s1,Structural,60.0,0.04264875193285375
s1,Structural,80.0,0.01912979224167949
s1,Structural,100.0,-0.1821131438802462
s1,Structural,120.0,-0.33783907328276414
s1,Structural,140.0,-0.3477911790208664
s1,Structural,160.0,-0.3129833878732464
s1,Structural,180.0,-0.0954534137209026
s1,Structural,200.0,-0.16935768826735464
s1,Structural,220.0,-0.2351207331536422
s1,Structural,240.0,-0.3175247266176984
s1,Structural,260.0,-0.09226485763875925
s1,Structural,280.0,0.029376615497760925
s1,Structural,300.0,-0.11201626806969288
s1,Structural,320.0,-0.24940631874235952
s1,Structural,340.0,-0.09235721751899557
s1,Structural,360.0,-0.032677695334013886
s1,Structural,380.0,-0.1201165349986715
s1,Structural,400.0,-0.046607180981151825
s1,Structural,420.0,-0.1630439842700415
s1,Structural,440.0,-0.45263296877350323
s1,Structural,460.0,-0.4755987664360288
s1,Structural,480.0,-0.20689978691935984
s1,Structural,500.0,-0.1708346908393012
s1,Structural,520.0,-0.2938185356630146
s1,Structural,540.0,-0.2996773002120671
s1,Structural,560.0,-0.06846074948121429
s1,Structural,580.0,0.1672967481993618
s1,Structural,600.0,-0.10070478224416848
s1,Structural,620.0,-0.5043735946481082
s1,Structural,640.0,-0.28245626797322904
s1,Structural,660.0,-0.014889022732346727
s1,Structural,680.0,0.06635354982041948
s1,Structural,700.0,-0.09971251291377371
s1,Structural,720.0,-0.15939233725156055
s1,Structural,740.0,-0.1336673733274548
s1,Structural,760.0,-0.0901581318683036
s1,Structural,780.0,-0.12810701811348923
s1,Structural,800.0,-0.08409424724191528
s1,Structural,820.0,0.14417547799983144
s1,Structural,840.0,0.17648280514697057
s1,Structural,860.0,0.0652301452209747
s1,Structural,880.0,0.027499666830356623
s1,Structural,900.0,0.047112906398386833
s1,Structural,920.0,0.10349301630983364
s1,Structural,940.0,0.31104869870008167
s1,Structural,960.0,0.2867992152700468
s1,Structural,980.0,0.19753304256377613
s1,Surface_minus_Structural,0.0,-0.17919630882817822
s1,Surface_minus_Structural,20.0,-0.25930724471848676
s1,Surface_minus_Structural,40.0,-0.1785376779857258
s1,Surface_minus_Structural,60.0,0.04167529223752893
s1,Surface_minus_Structural,80.0,0.05686176094413663
s1,Surface_minus_Structural,100.0,0.22539007709562658
s1,Surface_minus_Structural,120.0,0.24399950613674426
s1,Surface_minus_Structural,140.0,0.15766698257190093
s1,Surface_minus_Structural,160.0,0.21626755509539441
s1,Surface_minus_Structural,180.0,0.1575607170294324
s1,Surface_minus_Structural,200.0,0.08128989531978847
s1,Surface_minus_Structural,220.0,0.007322468464029758
s1,Surface_minus_Structural,240.0,0.22135169494581564
s1,Surface_minus_Structural,260.0,0.16933546201995747
s1,Surface_minus_Structural,280.0,0.17112866502661656
s1,Surface_minus_Structural,300.0,0.23805254016566801
s1,Surface_minus_Structural,320.0,0.2674922632823493
s1,Surface_minus_Structural,340.0,0.17038897533091849
s1,Surface_minus_Structural,360.0,0.3792711543113268
s1,Surface_minus_Structural,380.0,0.44512917615069514
s1,Surface_minus_Structural,400.0,0.01655772609041526
s1,Surface_minus_Structural,420.0,0.06658285510380695
s1,Surface_minus_Structural,440.0,0.3649053572318338
s1,Surface_minus_Structural,460.0,0.25444204181067615
s1,Surface_minus_Structural,480.0,-0.027907499106415462
s1,Surface_minus_Structural,500.0,0.10822199553748815
s1,Surface_minus_Structural,520.0,0.0414561474752983
s1,Surface_minus_Structural,540.0,0.10427385925745475
s1,Surface_minus_Structural,560.0,-0.07698867969255245
s1,Surface_minus_Structural,580.0,-0.24064311543372058
s1,Surface_minus_Structural,600.0,0.12251188281819492
s1,Surface_minus_Structural,620.0,0.21171937150400522
s1,Surface_minus_Structural,640.0,-0.01243272341984586
s1,Surface_minus_Structural,660.0,-0.1501591014129089
s1,Surface_minus_Structural,680.0,-0.1527837212524938
s1,Surface_minus_Structural,700.0,-0.06887624369909116
s1,Surface_minus_Structural,720.0,-0.10874251477894237
s1,Surface_minus_Structural,740.0,-0.11228056227072955
s1,Surface_minus_Structural,760.0,-0.06481898474120792
s1,Surface_minus_Structural,780.0,-0.0652056603347195
s1,Surface_minus_Structural,800.0,-0.25620959101334534
s1,Surface_minus_Structural,820.0,-0.5282413044587861
s1,Surface_minus_Structural,840.0,-0.6079982318062442
s1,Surface_minus_Structural,860.0,-0.3827538077621204
s1,Surface_minus_Structural,880.0,-0.320227655784038
s1,Surface_minus_Structural,900.0,-0.24836912381104911
s1,Surface_minus_Structural,920.0,-0.3200105209458062
s1,Surface_minus_Structural,940.0,-0.3347112087967687
s1,Surface_minus_Structural,960.0,-0.17058597123859512
s1,Surface_minus_Structural,980.0,-0.120535058801505
s2,FSlim,0.0,-0.16934372082594176
s2,FSlim,20.0,0.2153349949822184
s2,FSlim,40.0,0.25012372731496685
s2,FSlim,60.0,0.325935471719923
s2,FSlim,80.0,0.2597140165513451
s2,FSlim,100.0,0.22192772361216406
s2,FSlim,120.0,0.07147216895817621
s2,FSlim,140.0,0.12936913555805452
s2,FSlim,160.0,0.256017525194515
s2,FSlim,180.0,0.2651694805434837
s2,FSlim,200.0,0.16269552899186107
s2,FSlim,220.0,0.28783090873018236
s2,FSlim,240.0,0.2605682572313863
s2,FSlim,260.0,0.3534642394638363
s2,FSlim,280.0,0.4627212993916539
s2,FSlim,300.0,0.33346915876681316
s2,FSlim,320.0,0.37231057734307427
s2,FSlim,340.0,0.5675272402813695
s2,FSlim,360.0,0.4091044916698382
s2,FSlim,380.0,0.3437553248525858
s2,FSlim,400.0,0.36092008140203014
s2,FSlim,420.0,0.47435318086799494
s2,FSlim,440.0,0.6167222916066571
s2,FSlim,460.0,0.6595353297624704
s2,FSlim,480.0,0.6423976266018062
s2,FSlim,500.0,0.549961112090898
s2,FSlim,520.0,0.7271669204046575
s2,FSlim,540.0,0.6630718437316933
s2,FSlim,560.0,0.44417580013122515
s2,FSlim,580.0,0.435613869695875
s2,FSlim,600.0,0.336476944574994
s2,FSlim,620.0,0.7123924424695118
s2,FSlim,640.0,0.43830348726198015
s2,FSlim,660.0,0.16366827755200825
s2,FSlim,680.0,0.19819279834254355
s2,FSlim,700.0,0.659004768002362
s2,FSlim,720.0,0.8050279830513138
s2,FSlim,740.0,0.6776032607697856
s2,FSlim,760.0,0.5805671848105097
s2,FSlim,780.0,0.4064672898198448
s2,FSlim,800.0,0.4099458178501333
s2,FSlim,820.0,0.5331310397001783
s2,FSlim,840.0,0.6962892266287753
s2,FSlim,860.0,0.7720272760705871
s2,FSlim,880.0,0.8924234668376758
s2,FSlim,900.0,0.9697839281606858
s2,FSlim,920.0,1.0748432372086534
s2,FSlim,940.0,1.0042581378882747
s2,FSlim,960.0,1.0505830960103082
s2,FSlim,980.0,1.0037668154097863
s2,Eye,0.0,0.19305900940516585
s2,Eye,20.0,0.436436393349115
s2,Eye,40.0,0.4817221985740278
s2,Eye,60.0,0.20982218047568374
s2,Eye,80.0,-0.13520453375942154
s2,Eye,100.0,-0.06501448002208253
s2,Eye,120.0,-0.07094681515108316
s2,Eye,140.0,-0.1892000887678479
s2,Eye,160.0,-0.15380942978019818
s2,Eye,180.0,-0.22822266341545816
s2,Eye,200.0,-0.017730030589546864
s2,Eye,220.0,-0.15466531789549948
s2,Eye,240.0,-0.04154758427047163
s2,Eye,260.0,-0.1911611368432805
s2,Eye,280.0,-0.5725234778655213
s2,Eye,300.0,-0.5163453370298685
s2,Eye,320.0,-0.42375691377632363
s2,Eye,340.0,-0.568661680631924
s2,Eye,360.0,-0.41526319756384256
s2,Eye,380.0,-0.3807336324810609
s2,Eye,400.0,-0.5144114722494973
s2,Eye,420.0,-0.24696341427075302
s2,Eye,440.0,-0.4006808665278977
s2,Eye,460.0,-0.6224704665317966
s2,Eye,480.0,-0.5288873661004114
s2,Eye,500.0,-0.4394882271970157
s2,Eye,520.0,-0.5470399217957157
s2,Eye,540.0,-0.918254570151429
s2,Eye,560.0,-0.8595160621726534
s2,Eye,580.0,-0.5403782304177573
s2,Eye,600.0,-0.4187334937636944
s2,Eye,620.0,-0.7241613842313509
s2,Eye,640.0,-0.6234208673140522
s2,Eye,660.0,-0.5884794301450732
s2,Eye,680.0,-0.6470338658529792
s2,Eye,700.0,-0.5433137439472193
s2,Eye,720.0,-0.503176863546763
s2,Eye,740.0,-0.550500189056508
s2,Eye,760.0,-0.5642331524952611
s2,Eye,780.0,-0.67404501415403
s2,Eye,800.0,-0.8104238901583369
s2,Eye,820.0,-0.7938737086177698
s2,Eye,840.0,-0.8630828490978958
s2,Eye,860.0,-0.9512116243366697
s2,Eye,880.0,-1.1076386915971117
s2,Eye,900.0,-1.019309027659983
s2,Eye,920.0,-0.9664904235914007
s2,Eye,940.0,-0.8564762151307905
s2,Eye,960.0,-0.7602796548655226
s2,Eye,980.0,-0.6690940217776591
s2,Mouth,0.0,0.020894187479867883
s2,Mouth,20.0,0.039243328648917136
s2,Mouth,40.0,0.19235871303927005
s2,Mouth,60.0,-0.08574754408822496
s2,Mouth,80.0,0.08477107581716366
s2,Mouth,100.0,0.10479891744313719
s2,Mouth,120.0,-0.1925291194799152
s2,Mouth,140.0,0.07454206953933122
s2,Mouth,160.0,0.2132637689107152
s2,Mouth,180.0,0.2971435971805033
s2,Mouth,200.0,0.021835801761805995
s2,Mouth,220.0,0.0013923983595753309
s2,Mouth,240.0,0.10419639514298798
s2,Mouth,260.0,-0.320299723534021
s2,Mouth,280.0,-0.4463515445548488
s2,Mouth,300.0,-0.5030536027482547
s2,Mouth,320.0,-0.5578037621337478
s2,Mouth,340.0,-0.3970475704591011
s2,Mouth,360.0,-0.35233128872639086
s2,Mouth,380.0,-0.3799926680783764
s2,Mouth,400.0,-0.11987613151362388
s2,Mouth,420.0,-0.25445476057534216
s2,Mouth,440.0,-0.06495935869809819
s2,Mouth,460.0,-0.04999249720416546
s2,Mouth,480.0,-0.08784045794495107
s2,Mouth,500.0,-0.07500923473765428
s2,Mouth,520.0,-0.07634805765924965
s2,Mouth,540.0,-0.1358173137683163
s2,Mouth,560.0,-0.1534857913790373
s2,Mouth,580.0,-0.282106920565042
s2,Mouth,600.0,0.018617677674731055
s2,Mouth,620.0,0.16153146084497508
s2,Mouth,640.0,0.22063332398992522
s2,Mouth,660.0,0.09318165512870827
s2,Mouth,680.0,0.17524173388584283
s2,Mouth,700.0,0.07775772182893771
s2,Mouth,720.0,0.17514366510902638
s2,Mouth,740.0,0.021362921363462822
s2,Mouth,760.0,-0.09524486819167394
s2,Mouth,780.0,-0.273279902695425
s2,Mouth,800.0,-0.4710297790414233
s2,Mouth,820.0,-0.3892450603381666
s2,Mouth,840.0,-0.20293258717408594
s2,Mouth,860.0,-0.17418563528877964
s2,Mouth,880.0,-0.14040930733870421
s2,Mouth,900.0,-0.09623630979167372
s2,Mouth,920.0,-0.16058316439660103
s2,Mouth,940.0,-0.1294837502777254
s2,Mouth,960.0,0.010892588250356688
s2,Mouth,980.0,0.1798332335356326
s2,Skin,0.0,-0.16403992490313563
s2,Skin,20.0,-0.1102726932519737
s2,Skin,40.0,-0.2725260397736407
s2,Skin,60.0,-0.39629487340798375
s2,Skin,80.0,-0.10835154808776082
s2,Skin,100.0,-0.07869568562751932
s2,Skin,120.0,-0.37412547102714033
s2,Skin,140.0,-0.26644160753085444
s2,Skin,160.0,-0.061120117055494416
s2,Skin,180.0,0.1047538187788758
s2,Skin,200.0,0.02906231722703434
s2,Skin,220.0,0.06714706192382147
s2,Skin,240.0,0.39242552419206367
s2,Skin,260.0,0.5929948149558018
s2,Skin,280.0,0.5929312956470975
s2,Skin,300.0,0.25728471030316014
s2,Skin,320.0,0.51458393788443
s2,Skin,340.0,0.6417963998094947
s2,Skin,360.0,0.5277510853012845
s2,Skin,380.0,0.601311844080801
s2,Skin,400.0,0.5756128187733629
s2,Skin,420.0,0.49111951681051996
s2,Skin,440.0,0.4717943680589054
s2,Skin,460.0,0.254554517410781
s2,Skin,480.0,0.29131422060910384
s2,Skin,500.0,0.3785151624792253
s2,Skin,520.0,0.10387503640247286
s2,Skin,540.0,0.421424652966733
s2,Skin,560.0,0.4290799581316029
s2,Skin,580.0,0.023282081403869448
s2,Skin,600.0,0.1586822397598597
s2,Skin,620.0,0.693114904554413
s2,Skin,640.0,0.4074724500890505
s2,Skin,660.0,0.13722901495953582
s2,Skin,680.0,0.2977314215849441
s2,Skin,700.0,0.21073172716296185
s2,Skin,720.0,0.032645467793596936
s2,Skin,740.0,0.12109699447973105
s2,Skin,760.0,0.26120840894393593
s2,Skin,780.0,0.13520233988610303
s2,Skin,800.0,-0.03213694109436739
s2,Skin,820.0,-0.11442569016458934
s2,Skin,840.0,0.07600046258294443
s2,Skin,860.0,0.3032966314431257
s2,Skin,880.0,0.05028347851503512
s2,Skin,900.0,0.024916334721436742
s2,Skin,920.0,0.20371838029308426
s2,Skin,940.0,0.25559174494078635
s2,Skin,960.0,-0.0802500770284576
s2,Skin,980.0,0.10729312144594377
s2,Surface,0.0,-0.07157286871163387
s2,Surface,20.0,-0.03551468230152828
s2,Surface,40.0,-0.04008366336718533
s2,Surface,60.0,-0.24102120874810434
s2,Surface,80.0,-0.01179023613529858
s2,Surface,100.0,0.013051615907808935
s2,Surface,120.0,-0.28332729525352773
s2,Surface,140.0,-0.0959497689957616
s2,Surface,160.0,0.07607182592761039
s2,Surface,180.0,0.20094870797968956
s2,Surface,200.0,0.025449059494420168
s2,Surface,220.0,0.0342697301416984
s2,Surface,240.0,0.2483109596675258
s2,Surface,260.0,0.1363475457108904
s2,Surface,280.0,0.07328987554612432
s2,Surface,300.0,-0.1228844462225473
s2,Surface,320.0,-0.021609912124658903
s2,Surface,340.0,0.12237441467519677
s2,Surface,360.0,0.0877098982874468
s2,Surface,380.0,0.11065958800121228
s2,Surface,400.0,0.22786834362986952
s2,Surface,420.0,0.1183323781175889
s2,Surface,440.0,0.2034175046804036
s2,Surface,460.0,0.10228101010330777
s2,Surface,480.0,0.10173688133207638
s2,Surface,500.0,0.15175296387078552
s2,Surface,520.0,0.013763489371611606
s2,Surface,540.0,0.14280366959920834
s2,Surface,560.0,0.13779708337628277
s2,Surface,580.0,-0.12941241958058627
s2,Surface,600.0,0.08864995871729538
s2,Surface,620.0,0.42732318269969405
s2,Surface,640.0,0.31405288703948786
s2,Surface,660.0,0.11520533504412205
s2,Surface,680.0,0.23648657773539344
s2,Surface,700.0,0.14424472449594977
s2,Surface,720.0,0.10389456645131165
s2,Surface,740.0,0.07122995792159693
s2,Surface,760.0,0.082981770376131
s2,Surface,780.0,-0.06903878140466099
s2,Surface,800.0,-0.25158336006789533
s2,Surface,820.0,-0.25183537525137795
s2,Surface,840.0,-0.06346606229557075
s2,Surface,860.0,0.06455549807717302
s2,Surface,880.0,-0.04506291441183455
s2,Surface,900.0,-0.03565998753511849
s2,Surface,920.0,0.021567607948241613
s2,Surface,940.0,0.06305399733153047
s2,Surface,960.0,-0.034678744389050456
s2,Surface,980.0,0.14356317749078817
s2,Structural,0.0,0.011857644289612043
s2,Structural,20.0,0.3258856941656667
s2,Structural,40.0,0.36592296294449733
s2,Structural,60.0,0.26787882609780334
s2,Structural,80.0,0.062254741395961766
s2,Structural,100.0,0.07845662179504076
s2,Structural,120.0,0.0002626769035465257
s2,Structural,140.0,-0.0299154766048967
s2,Structural,160.0,0.0511040477071584
s2,Structural,180.0,0.018473408564012778
s2,Structural,200.0,0.0724827492011571
s2,Structural,220.0,0.06658279541734144
s2,Structural,240.0,0.10951033648045735
s2,Structural,260.0,0.0811515513102779
s2,Structural,280.0,-0.05490108923693368
s2,Structural,300.0,-0.09143808913152768
s2,Structural,320.0,-0.02572316821662468
s2,Structural,340.0,-0.0005672201752772721
s2,Structural,360.0,-0.0030793529470021785
s2,Structural,380.0,-0.018489153814237547
s2,Structural,400.0,-0.0767456954237336
s2,Structural,420.0,0.11369488329862096
s2,Structural,440.0,0.10802071253937973
s2,Structural,460.0,0.01853243161533691
s2,Structural,480.0,0.056755130250697394
s2,Structural,500.0,0.055236442446941175
s2,Structural,520.0,0.09006349930447088
s2,Structural,540.0,-0.12759136320986786
s2,Structural,560.0,-0.20767013102071413
s2,Structural,580.0,-0.052382180360941166
s2,Structural,600.0,-0.0411282745943502
s2,Structural,620.0,-0.0058844708809195345
s2,Structural,640.0,-0.09255869002603603
s2,Structural,660.0,-0.21240557629653248
s2,Structural,680.0,-0.2244205337552178
s2,Structural,700.0,0.05784551202757132
s2,Structural,720.0,0.1509255597522754
s2,Structural,740.0,0.06355153585663881
s2,Structural,760.0,0.00816701615762433
s2,Structural,780.0,-0.13378886216709257
s2,Structural,800.0,-0.20023903615410182
s2,Structural,820.0,-0.13037133445879578
s2,Structural,840.0,-0.08339681123456022
s2,Structural,860.0,-0.08959217413304132
s2,Structural,880.0,-0.10760761237971794
s2,Structural,900.0,-0.024762549749648588
s2,Structural,920.0,0.05417640680862634
s2,Structural,940.0,0.07389096137874207
s2,Structural,960.0,0.14515172057239278
s2,Structural,980.0,0.1673363968160636
s2,Surface_minus_Structural,0.0,-0.08343051300124592
s2,Surface_minus_Structural,20.0,-0.361400376467195
s2,Surface_minus_Structural,40.0,-0.40600662631168266
s2,Surface_minus_Structural,60.0,-0.5089000348459076
s2,Surface_minus_Structural,80.0,-0.07404497753126035
s2,Surface_minus_Structural,100.0,-0.06540500588723183
s2,Surface_minus_Structural,120.0,-0.28358997215707427
s2,Surface_minus_Structural,140.0,-0.0660342923908649
s2,Surface_minus_Structural,160.0,0.024967778220451986
s2,Surface_minus_Structural,180.0,0.18247529941567678
s2,Surface_minus_Structural,200.0,-0.047033689706736936
s2,Surface_minus_Structural,220.0,-0.03231306527564304
s2,Surface_minus_Structural,240.0,0.13880062318706846
s2,Surface_minus_Structural,260.0,0.055195994400612486
s2,Surface_minus_Structural,280.0,0.128190964783058
s2,Surface_minus_Structural,300.0,-0.03144635709101962
s2,Surface_minus_Structural,320.0,0.004113256091965778
s2,Surface_minus_Structural,340.0,0.12294163485047405
s2,Surface_minus_Structural,360.0,0.09078925123444898
s2,Surface_minus_Structural,380.0,0.12914874181544983
s2,Surface_minus_Structural,400.0,0.3046140390536031
s2,Surface_minus_Structural,420.0,0.004637494818967941
s2,Surface_minus_Structural,440.0,0.09539679214102387
s2,Surface_minus_Structural,460.0,0.08374857848797086
s2,Surface_minus_Structural,480.0,0.04498175108137899
s2,Surface_minus_Structural,500.0,0.09651652142384434
s2,Surface_minus_Structural,520.0,-0.07630000993285928
s2,Surface_minus_Structural,540.0,0.2703950328090762
s2,Surface_minus_Structural,560.0,0.3454672143969969
s2,Surface_minus_Structural,580.0,-0.07703023921964511
s2,Surface_minus_Structural,600.0,0.12977823331164556
s2,Surface_minus_Structural,620.0,0.4332076535806136
s2,Surface_minus_Structural,640.0,0.40661157706552387
s2,Surface_minus_Structural,660.0,0.3276109113406545
s2,Surface_minus_Structural,680.0,0.46090711149061125
s2,Surface_minus_Structural,700.0,0.08639921246837845
s2,Surface_minus_Structural,720.0,-0.04703099330096375
s2,Surface_minus_Structural,740.0,0.007678422064958126
s2,Surface_minus_Structural,760.0,0.07481475421850667
s2,Surface_minus_Structural,780.0,0.06475008076243158
s2,Surface_minus_Structural,800.0,-0.05134432391379351
s2,Surface_minus_Structural,820.0,-0.12146404079258216
s2,Surface_minus_Structural,840.0,0.019930748938989468
s2,Surface_minus_Structural,860.0,0.15414767221021436
s2,Surface_minus_Structural,880.0,0.0625446979678834
s2,Surface_minus_Structural,900.0,-0.0108974377854699
s2,Surface_minus_Structural,920.0,-0.03260879886038473
s2,Surface_minus_Structural,940.0,-0.0108369640472116
s2,Surface_minus_Structural,960.0,-0.17983046496144323
s2,Surface_minus_Structural,980.0,-0.02377321932527543
s3,FSlim,0.0,-0.04655581795864824
s3,FSlim,20.0,-0.184776042390847
s3,FSlim,40.0,-0.15174150055016383
s3,FSlim,60.0,-0.18499772808164905
s3,FSlim,80.0,-0.23267591186489667
s3,FSlim,100.0,-0.3197696342509573
s3,FSlim,120.0,-0.49339837838116984
s3,FSlim,140.0,-0.5904996715460988
s3,FSlim,160.0,-0.6030276545359653
s3,FSlim,180.0,-0.5081115278975064
s3,FSlim,200.0,-0.34629848165440064
s3,FSlim,220.0,-0.6139879439381706
s3,FSlim,240.0,-0.6112030123424188
s3,FSlim,260.0,-0.826750130359399
s3,FSlim,280.0,-0.9856113869454008
s3,FSlim,300.0,-0.6481404085112583
s3,FSlim,320.0,-0.7212148609962993
s3,FSlim,340.0,-0.7137241356123696
s3,FSlim,360.0,-0.7035122788608059
s3,FSlim,380.0,-0.3004059343377632
s3,FSlim,400.0,-0.1832745256450827
s3,FSlim,420.0,-0.4170933245999835
s3,FSlim,440.0,-0.5818105655453089
s3,FSlim,460.0,-0.4849559428296929
s3,FSlim,480.0,-0.30456090063296576
s3,FSlim,500.0,-0.35364990706814925
s3,FSlim,520.0,-0.702012540226012
s3,FSlim,540.0,-0.7856863773431664
s3,FSlim,560.0,-0.9932873717219478
s3,FSlim,580.0,-0.8236365054336195
s3,FSlim,600.0,-0.9745168352591778
s3,FSlim,620.0,-1.0202586852413773
s3,FSlim,640.0,-0.7592933013086625
s3,FSlim,660.0,-0.7528459722575188
s3,FSlim,680.0,-0.7826681152388235
s3,FSlim,700.0,-0.8596373510255024
s3,FSlim,720.0,-0.9132594692695811
s3,FSlim,740.0,-0.7744611619126358
s3,FSlim,760.0,-0.8812975954079993
s3,FSlim,780.0,-1.0496042300908344
s3,FSlim,800.0,-1.132117868334862
s3,FSlim,820.0,-1.0409810071796282
s3,FSlim,840.0,-0.6932246975294358
s3,FSlim,860.0,-0.401781003928915
s3,FSlim,880.0,-0.44256868586854775
s3,FSlim,900.0,-0.6902697688989836
s3,FSlim,920.0,-0.5660261469108029
s3,FSlim,940.0,-0.4658545208552433
s3,FSlim,960.0,-0.6062933506576297
s3,FSlim,980.0,-0.3435659163125265
s3,Eye,0.0,0.03789047407284293
s3,Eye,20.0,0.405489045239247
s3,Eye,40.0,0.6261141919767337
s3,Eye,60.0,0.45495002959486586
s3,Eye,80.0,0.45148723843990735
s3,Eye,100.0,0.4958441440563865
s3,Eye,120.0,0.5117521756473272
s3,Eye,140.0,0.22144796633870778
s3,Eye,160.0,0.11760092387886416
s3,Eye,180.0,0.2685915160910077
s3,Eye,200.0,0.1898036680658927
s3,Eye,220.0,0.237506661839854
s3,Eye,240.0,-0.17570074295531696
s3,Eye,260.0,-0.15211561668541757
s3,Eye,280.0,-0.21913509617432192
s3,Eye,300.0,-0.2798040153915324
s3,Eye,320.0,-0.033415356113819204
s3,Eye,340.0,0.06295829760868027
s3,Eye,360.0,0.40013091541295814
s3,Eye,380.0,0.5135597671072576
s3,Eye,400.0,0.4272456878488085
s3,Eye,420.0,0.5129562809466203
s3,Eye,440.0,0.39295192484446767
s3,Eye,460.0,0.48961050923286675
s3,Eye,480.0,0.1927423221513105
s3,Eye,500.0,0.07165592593111755
s3,Eye,520.0,0.07643825185084815
s3,Eye,540.0,0.11286935374763844
s3,Eye,560.0,0.03539775063434031
s3,Eye,580.0,0.09060475629143572
s3,Eye,600.0,0.28630993188994647
s3,Eye,620.0,-0.1469176936190705
s3,Eye,640.0,-0.12524893757383876
s3,Eye,660.0,-0.049996290202948906
s3,Eye,680.0,0.08467274252866933
s3,Eye,700.0,0.22870993177044882
s3,Eye,720.0,-0.03173040070526045
s3,Eye,740.0,-0.06591040053303138
s3,Eye,760.0,-0.20378991009189507
s3,Eye,780.0,-0.17170359516627182
s3,Eye,800.0,0.05871760048857652
s3,Eye,820.0,-0.20101148271614147
s3,Eye,840.0,0.2676508631339831
s3,Eye,860.0,0.2138206960270606
s3,Eye,880.0,0.12256277275077271
s3,Eye,900.0,0.1397983917845801
s3,Eye,920.0,0.2558847044339164
s3,Eye,940.0,0.11133079557372919
s3,Eye,960.0,0.13246980472191183
s3,Eye,980.0,0.16117275002982326
s3,Mouth,0.0,0.24511327401804278
s3,Mouth,20.0,0.4378141926547962
s3,Mouth,40.0,0.3755721067955452
s3,Mouth,60.0,0.27559167138795027
s3,Mouth,80.0,0.06458961264666484
s3,Mouth,100.0,-0.0697157365663178
s3,Mouth,120.0,-0.16135860078286235
s3,Mouth,140.0,0.024321137613946865
s3,Mouth,160.0,0.19005803096019336
s3,Mouth,180.0,-0.034867865463291764
s3,Mouth,200.0,-0.1698863705282699
s3,Mouth,220.0,-0.34367970465653075
s3,Mouth,240.0,-0.4696672147417973
s3,Mouth,260.0,-0.589629825411434
s3,Mouth,280.0,-0.5965514654585088
s3,Mouth,300.0,-0.7606763428981826
s3,Mouth,320.0,-0.6297026629353574
s3,Mouth,340.0,-0.8515589290570444
s3,Mouth,360.0,-0.7049073840943741
s3,Mouth,380.0,-0.48758519979920956
s3,Mouth,400.0,-0.4307884060051223
s3,Mouth,420.0,-0.25678637002653226
s3,Mouth,440.0,-0.4149032446940797
s3,Mouth,460.0,-0.37487665248496227
s3,Mouth,480.0,-0.3264030113156996
s3,Mouth,500.0,-0.08590035357359341
s3,Mouth,520.0,0.08868010760747994
s3,Mouth,540.0,-0.06692073680442961
s3,Mouth,560.0,-0.16590327040635366
s3,Mouth,580.0,0.18050647141240928
s3,Mouth,600.0,0.127069054485889
s3,Mouth,620.0,0.06157080096108686
s3,Mouth,640.0,-0.0018156236565046724
s3,Mouth,660.0,0.027190706205561133
s3,Mouth,680.0,0.15020523000256553
s3,Mouth,700.0,0.14200682137719128
s3,Mouth,720.0,0.066919620292615
s3,Mouth,740.0,0.24000024798641695
s3,Mouth,760.0,0.3534420819752069
s3,Mouth,780.0,0.01726581735774063
s3,Mouth,800.0,0.0026045393009098694
s3,Mouth,820.0,0.04346121176216361
s3,Mouth,840.0,0.04398724308982649
s3,Mouth,860.0,0.10788202640465472
s3,Mouth,880.0,0.016993614741712237
s3,Mouth,900.0,-0.14210748430021364
s3,Mouth,920.0,-0.07997486881255061
s3,Mouth,940.0,-0.4287982978467608
s3,Mouth,960.0,-0.14517964310750797
s3,Mouth,980.0,-0.09122562500807632
s3,Skin,0.0,0.32671908640374425
s3,Skin,20.0,0.5180271082543618
s3,Skin,40.0,0.3662443477515807
s3,Skin,60.0,0.42217022702670814
s3,Skin,80.0,0.456397685449914
s3,Skin,100.0,0.05534463600572166
s3,Skin,120.0,0.17411295031662294
s3,Skin,140.0,0.26997293722701143
s3,Skin,160.0,0.2824546808011481
s3,Skin,180.0,-0.08764854123127487
s3,Skin,200.0,-0.22835963423655314
s3,Skin,220.0,0.028913864391876345
s3,Skin,240.0,0.03307056100153165
s3,Skin,260.0,-0.06955137671044971
s3,Skin,280.0,-0.12235319994990104
s3,Skin,300.0,-0.15666880299400274
s3,Skin,320.0,-0.33900935852135977
s3,Skin,340.0,-0.2393342691789373
s3,Skin,360.0,-0.3531061723910014
s3,Skin,380.0,-0.11683615664445486
s3,Skin,400.0,-0.036053352995877926
s3,Skin,420.0,-0.43073632160823494
s3,Skin,440.0,-0.22100588195728696
s3,Skin,460.0,-0.40440967039239306
s3,Skin,480.0,-0.4199446476141173
s3,Skin,500.0,-0.7366760949139738
s3,Skin,520.0,-1.0173807472017669
s3,Skin,540.0,-1.1675737140402571
s3,Skin,560.0,-0.7925865936425065
s3,Skin,580.0,-0.8236021189690949
s3,Skin,600.0,-0.6838790837487352
s3,Skin,620.0,-0.3637053588210838
s3,Skin,640.0,-0.511257658231499
s3,Skin,660.0,-0.5647123429713964
s3,Skin,680.0,-0.6568289605639216
s3,Skin,700.0,-0.6937967606455876
s3,Skin,720.0,-0.604962589999866
s3,Skin,740.0,-0.45154724555972914
s3,Skin,760.0,-0.23020499196053773
s3,Skin,780.0,-0.48333143979310605
s3,Skin,800.0,-0.4363832035919675
s3,Skin,820.0,-0.5020804769281109
s3,Skin,840.0,-0.663625572224144
s3,Skin,860.0,-0.4937237511998192
s3,Skin,880.0,-0.285599013112425
s3,Skin,900.0,-0.3203786489467741
s3,Skin,920.0,-0.4876204152870174
s3,Skin,940.0,-0.39997998093594783
s3,Skin,960.0,-0.13833729890399019
s3,Skin,980.0,-0.14904910368601632
s3,Surface,0.0,0.2859161802108935
s3,Surface,20.0,0.477920650454579
s3,Surface,40.0,0.370908227273563
s3,Surface,60.0,0.3488809492073292
s3,Surface,80.0,0.2604936490482894
s3,Surface,100.0,-0.007185550280298068
s3,Surface,120.0,0.006377174766880295
s3,Surface,140.0,0.14714703742047916
s3,Surface,160.0,0.23625635588067073
s3,Surface,180.0,-0.06125820334728332
s3,Surface,200.0,-0.19912300238241154
s3,Surface,220.0,-0.15738292013232721
s3,Surface,240.0,-0.21829832687013281
s3,Surface,260.0,-0.3295906010609419
s3,Surface,280.0,-0.3594523327042049
s3,Surface,300.0,-0.4586725729460927
s3,Surface,320.0,-0.48435601072835854
s3,Surface,340.0,-0.5454465991179909
s3,Surface,360.0,-0.5290067782426877
s3,Surface,380.0,-0.30221067822183223
s3,Surface,400.0,-0.2334208795005001
s3,Surface,420.0,-0.3437613458173836
s3,Surface,440.0,-0.31795456332568334
s3,Surface,460.0,-0.38964316143867767
s3,Surface,480.0,-0.37317382946490846
s3,Surface,500.0,-0.4112882242437836
s3,Surface,520.0,-0.4643503197971435
s3,Surface,540.0,-0.6172472254223433
s3,Surface,560.0,-0.4792449320244301
s3,Surface,580.0,-0.3215478237783428
s3,Surface,600.0,-0.2784050146314231
s3,Surface,620.0,-0.15106727892999847
s3,Surface,640.0,-0.25653664094400186
s3,Surface,660.0,-0.26876081838291765
s3,Surface,680.0,-0.25331186528067806
s3,Surface,700.0,-0.27589496963419813
s3,Surface,720.0,-0.2690214848536255
s3,Surface,740.0,-0.1057734987866561
s3,Surface,760.0,0.061618545007334574
s3,Surface,780.0,-0.2330328112176827
s3,Surface,800.0,-0.2168893321455288
s3,Surface,820.0,-0.22930963258297363
s3,Surface,840.0,-0.30981916456715874
s3,Surface,860.0,-0.19292086239758224
s3,Surface,880.0,-0.1343026991853564
s3,Surface,900.0,-0.23124306662349386
s3,Surface,920.0,-0.28379764204978397
s3,Surface,940.0,-0.41438913939135436
s3,Surface,960.0,-0.14175847100574906
s3,Surface,980.0,-0.12013736434704632
s3,Structural,0.0,-0.004332671942902655
s3,Structural,20.0,0.1103565014242
s3,Structural,40.0,0.23718634571328492
s3,Structural,60.0,0.1349761507566084
s3,Structural,80.0,0.10940566328750534
s3,Structural,100.0,0.0880372549027146
s3,Structural,120.0,0.00917689863307869
s3,Structural,140.0,-0.18452585260369553
s3,Structural,160.0,-0.24271336532855056
s3,Structural,180.0,-0.11976000590324934
s3,Structural,200.0,-0.07824740679425397
s3,Structural,220.0,-0.18824064104915827
s3,Structural,240.0,-0.3934518776488679
s3,Structural,260.0,-0.4894328735224083
s3,Structural,280.0,-0.6023732415598614
s3,Structural,300.0,-0.4639722119513954
s3,Structural,320.0,-0.37731510855505923
s3,Structural,340.0,-0.3253829190018447
s3,Structural,360.0,-0.1516906817239239
s3,Structural,380.0,0.1065769163847472
s3,Structural,400.0,0.1219855811018629
s3,Structural,420.0,0.04793147817331839
s3,Structural,440.0,-0.09442932035042059
s3,Structural,460.0,0.002327283201586927
s3,Structural,480.0,-0.05590928924082762
s3,Structural,500.0,-0.14099699056851583
s3,Structural,520.0,-0.3127871441875819
s3,Structural,540.0,-0.336408511797764
s3,Structural,560.0,-0.4789448105438038
s3,Structural,580.0,-0.3665158745710919
s3,Structural,600.0,-0.34410345168461565
s3,Structural,620.0,-0.583588189430224
s3,Structural,640.0,-0.44227111944125064
s3,Structural,660.0,-0.4014211312302339
s3,Structural,680.0,-0.3489976863550771
s3,Structural,700.0,-0.3154637096275268
s3,Structural,720.0,-0.4724949349874208
s3,Structural,740.0,-0.42018578122283357
s3,Structural,760.0,-0.5425437527499473
s3,Structural,780.0,-0.6106539126285531
s3,Structural,800.0,-0.5367001339231428
s3,Structural,820.0,-0.6209962449478849
s3,Structural,840.0,-0.21278691719772636
s3,Structural,860.0,-0.09398015395092721
s3,Structural,880.0,-0.16000295655888752
s3,Structural,900.0,-0.27523568855720176
s3,Structural,920.0,-0.15507072123844323
s3,Structural,940.0,-0.17726186264075705
s3,Structural,960.0,-0.23691177296785892
s3,Structural,980.0,-0.09119658314135161
s3,Surface_minus_Structural,0.0,0.29024885215379614
s3,Surface_minus_Structural,20.0,0.367564149030379
s3,Surface_minus_Structural,40.0,0.13372188156027806
s3,Surface_minus_Structural,60.0,0.2139047984507208
s3,Surface_minus_Structural,80.0,0.15108798576078408
s3,Surface_minus_Structural,100.0,-0.09522280518301268
s3,Surface_minus_Structural,120.0,-0.0027997238661983948
s3,Surface_minus_Structural,140.0,0.33167289002417466
s3,Surface_minus_Structural,160.0,0.4789697212092213
s3,Surface_minus_Structural,180.0,0.05850180255596602
s3,Surface_minus_Structural,200.0,-0.12087559558815757
s3,Surface_minus_Structural,220.0,0.03085772091683106
s3,Surface_minus_Structural,240.0,0.1751535507787351
s3,Surface_minus_Structural,260.0,0.15984227246146637
s3,Surface_minus_Structural,280.0,0.24292090885565648
s3,Surface_minus_Structural,300.0,0.00529963900530267
s3,Surface_minus_Structural,320.0,-0.10704090217329931
s3,Surface_minus_Structural,340.0,-0.2200636801161462
s3,Surface_minus_Structural,360.0,-0.37731609651876385
s3,Surface_minus_Structural,380.0,-0.40878759460657943
s3,Surface_minus_Structural,400.0,-0.35540646060236303
s3,Surface_minus_Structural,420.0,-0.391692823990702
s3,Surface_minus_Structural,440.0,-0.22352524297526274
s3,Surface_minus_Structural,460.0,-0.3919704446402646
s3,Surface_minus_Structural,480.0,-0.31726454022408085
s3,Surface_minus_Structural,500.0,-0.27029123367526775
s3,Surface_minus_Structural,520.0,-0.15156317560956156
s3,Surface_minus_Structural,540.0,-0.28083871362457935
s3,Surface_minus_Structural,560.0,-0.00030012148062630306
s3,Surface_minus_Structural,580.0,0.044968050792749126
s3,Surface_minus_Structural,600.0,0.06569843705319256
s3,Surface_minus_Structural,620.0,0.43252091050022545
s3,Surface_minus_Structural,640.0,0.18573447849724878
s3,Surface_minus_Structural,660.0,0.13266031284731622
s3,Surface_minus_Structural,680.0,0.09568582107439905
s3,Surface_minus_Structural,700.0,0.03956873999332866
s3,Surface_minus_Structural,720.0,0.2034734501337953
s3,Surface_minus_Structural,740.0,0.31441228243617747
s3,Surface_minus_Structural,760.0,0.6041622977572818
s3,Surface_minus_Structural,780.0,0.37762110141087035
s3,Surface_minus_Structural,800.0,0.31981080177761395
s3,Surface_minus_Structural,820.0,0.3916866123649112
s3,Surface_minus_Structural,840.0,-0.09703224736943239
s3,Surface_minus_Structural,860.0,-0.09894070844665503
s3,Surface_minus_Structural,880.0,0.025700257373531127
s3,Surface_minus_Structural,900.0,0.0439926219337079
s3,Surface_minus_Structural,920.0,-0.12872692081134074
s3,Surface_minus_Structural,940.0,-0.2371272767505973
s3,Surface_minus_Structural,960.0,0.09515330196210986
s3,Surface_minus_Structural,980.0,-0.02894078120569471
s4,FSlim,0.0,0.10717058042092308
s4,FSlim,20.0,0.06522489657486637
s4,FSlim,40.0,-0.034425182343779545
s4,FSlim,60.0,-0.11426735346704585
s4,FSlim,80.0,-0.01662289169910104
s4,FSlim,100.0,0.04528737949774398
s4,FSlim,120.0,0.1396233305147212
s4,FSlim,140.0,0.12536050610011987
s4,FSlim,160.0,0.15636629071905733
s4,FSlim,180.0,0.15602057598891148
s4,FSlim,200.0,0.10278286522356171
s4,FSlim,220.0,0.15946899879956747
s4,FSlim,240.0,0.17168671292418916
s4,FSlim,260.0,0.19995497012264968
s4,FSlim,280.0,0.24366721757217305
s4,FSlim,300.0,0.22242736795226462
s4,FSlim,320.0,0.27758836844920515
s4,FSlim,340.0,0.32722713481224247
s4,FSlim,360.0,0.30407260015307713
s4,FSlim,380.0,0.30249898805723985
s4,FSlim,400.0,0.36891311887872075
s4,FSlim,420.0,0.41642013962615665
s4,FSlim,440.0,0.3149771789483235
s4,FSlim,460.0,0.3282165008907122
s4,FSlim,480.0,0.4249752894433718
s4,FSlim,500.0,0.37571653185664977
s4,FSlim,520.0,0.31522685408999357
s4,FSlim,540.0,0.3702592747249828
s4,FSlim,560.0,0.3449565238721052
s4,FSlim,580.0,0.2815774068338093
s4,FSlim,600.0,0.1853762256854808
s4,FSlim,620.0,0.02820492070788841
s4,FSlim,640.0,0.13473315364861432
s4,FSlim,660.0,0.20922660379343805
s4,FSlim,680.0,0.2187359434323709
s4,FSlim,700.0,0.2775757373310168
s4,FSlim,720.0,0.2660741797770173
s4,FSlim,740.0,0.15084609622740258
s4,FSlim,760.0,0.15110500201595897
s4,FSlim,780.0,0.09109975568768512
s4,FSlim,800.0,0.04764857351679991
s4,FSlim,820.0,0.08564014475693975
s4,FSlim,840.0,0.11072065965451716
s4,FSlim,860.0,0.09565268256466528
s4,FSlim,880.0,0.15519452649206006
s4,FSlim,900.0,0.2656066303057484
s4,FSlim,920.0,0.3398833451300636
s4,FSlim,940.0,0.4056897609521698
s4,FSlim,960.0,0.46862059797456623
s4,FSlim,980.0,0.45166316667871054
s4,Eye,0.0,-0.005952437214709325
s4,Eye,20.0,-0.013550427130954779
s4,Eye,40.0,-0.07693070791268294
s4,Eye,60.0,-0.07103362422111074
s4,Eye,80.0,0.00566162877877531
s4,Eye,100.0,0.04294574170926581
s4,Eye,120.0,0.03519743430372774
s4,Eye,140.0,0.1620896864572446
s4,Eye,160.0,0.2192420836661781
s4,Eye,180.0,0.28505368046923296
s4,Eye,200.0,0.2500035742207546
s4,Eye,220.0,0.10848261978301371
s4,Eye,240.0,0.12824908668830853
s4,Eye,260.0,0.1791342795011448
s4,Eye,280.0,0.17234262234219985
s4,Eye,300.0,0.213486347791581
s4,Eye,320.0,0.2953495373283227
s4,Eye,340.0,0.24554149826304233
s4,Eye,360.0,0.14330907500697257
s4,Eye,380.0,0.20580147484109507
s4,Eye,400.0,0.3055101287981767
s4,Eye,420.0,0.2899558956029398
s4,Eye,440.0,0.37154316446384317
s4,Eye,460.0,0.39351887069022146
s4,Eye,480.0,0.3903382918360946
s4,Eye,500.0,0.3927028113658575
s4,Eye,520.0,0.2975833095518721
s4,Eye,540.0,0.40159251907202265
s4,Eye,560.0,0.48154784295175546
s4,Eye,580.0,0.49474574597803495
s4,Eye,600.0,0.45259494593968275
s4,Eye,620.0,0.37249842926702775
s4,Eye,640.0,0.3588089491833555
s4,Eye,660.0,0.416486122656398
s4,Eye,680.0,0.41037194285472656
s4,Eye,700.0,0.3597852365572443
s4,Eye,720.0,0.27258647348142184
s4,Eye,740.0,0.3100812194581578
s4,Eye,760.0,0.3926456983191331
s4,Eye,780.0,0.449000447327648
s4,Eye,800.0,0.3590580652599529
s4,Eye,820.0,0.2907992623781911
s4,Eye,840.0,0.2735894154576676
s4,Eye,860.0,0.4216531123520344
s4,Eye,880.0,0.47722857899840965
s4,Eye,900.0,0.4481334722314011
s4,Eye,920.0,0.4483949720279737
s4,Eye,940.0,0.42703816742906975
s4,Eye,960.0,0.4792305747220793
s4,Eye,980.0,0.4434342311975254
s4,Mouth,0.0,-0.03054614609034815
s4,Mouth,20.0,-0.07526014532836509
s4,Mouth,40.0,0.02556397511452918
s4,Mouth,60.0,-0.045212116807598055
s4,Mouth,80.0,0.04983129318738253
s4,Mouth,100.0,0.0605351939542758
s4,Mouth,120.0,0.006534554115646227
s4,Mouth,140.0,0.05403718914787994
s4,Mouth,160.0,0.11429935608216145
s4,Mouth,180.0,0.03361973648540095
s4,Mouth,200.0,-0.08527169209924657
s4,Mouth,220.0,-0.0642864101517041
s4,Mouth,240.0,0.01792222760339582
s4,Mouth,260.0,-0.14462320615825722
s4,Mouth,280.0,-0.17651850779425182
s4,Mouth,300.0,-0.11366090531661226
s4,Mouth,320.0,-0.14164023908821816
s4,Mouth,340.0,-0.1754174255523964
s4,Mouth,360.0,-0.11800103705616057
s4,Mouth,380.0,-0.01330737948807155
s4,Mouth,400.0,0.007649965689620106
s4,Mouth,420.0,0.01267430500858048
s4,Mouth,440.0,-0.04678692399644005
s4,Mouth,460.0,-0.14808288340453182
s4,Mouth,480.0,-0.2626871060802619
s4,Mouth,500.0,-0.11155970794577491
s4,Mouth,520.0,0.03848216032218102
s4,Mouth,540.0,-0.01420678649564186
s4,Mouth,560.0,-0.1579695751145273
s4,Mouth,580.0,-0.10213031667545217
s4,Mouth,600.0,0.02628860221066759
s4,Mouth,620.0,0.07546677952451933
s4,Mouth,640.0,0.005070581360690954
s4,Mouth,660.0,-0.1368139587205578
s4,Mouth,680.0,-0.09836177912924819
s4,Mouth,700.0,0.09081428649211055
s4,Mouth,720.0,0.11242275247105597
s4,Mouth,740.0,-0.00809964723471207
s4,Mouth,760.0,-0.09149843459368015
s4,Mouth,780.0,-0.14430971456631467
s4,Mouth,800.0,-0.17523125983142632
s4,Mouth,820.0,-0.1905243390783355
s4,Mouth,840.0,-0.14184818294545087
s4,Mouth,860.0,-0.1430881967738846
s4,Mouth,880.0,-0.165998458037053
s4,Mouth,900.0,-0.10692821168062147
s4,Mouth,920.0,-0.11527297605780984
s4,Mouth,940.0,-0.09193998070807755
s4,Mouth,960.0,-0.06122395446406075
s4,Mouth,980.0,-0.06076310838305293
s4,Skin,0.0,-0.046277346541483425
s4,Skin,20.0,-0.04069073129024452
s4,Skin,40.0,-0.05959446581154459
s4,Skin,60.0,0.011022693770238751
s4,Skin,80.0,-0.006776371934672405
s4,Skin,100.0,-0.11361662791893509
s4,Skin,120.0,-0.12388271031833309
s4,Skin,140.0,-0.13501102111787372
s4,Skin,160.0,-0.1771449624784679
s4,Skin,180.0,-0.25675556954988443
s4,Skin,200.0,-0.2101133803418492
s4,Skin,220.0,-0.06993737309178832
s4,Skin,240.0,-0.06581251111989506
s4,Skin,260.0,-0.024102388962159955
s4,Skin,280.0,-0.04023549154230886
s4,Skin,300.0,-0.0613955050243542
s4,Skin,320.0,-0.04891850941649581
s4,Skin,340.0,0.007225523539081333
s4,Skin,360.0,0.06554336870947888
s4,Skin,380.0,0.14898609785844968
s4,Skin,400.0,0.10275305093291158
s4,Skin,420.0,0.1280763642968169
s4,Skin,440.0,0.03991466865861279
s4,Skin,460.0,0.005206350888303929
s4,Skin,480.0,0.028411912239444836
s4,Skin,500.0,0.13117276585601315
s4,Skin,520.0,0.08735659316146276
s4,Skin,540.0,-0.053399860820561335
s4,Skin,560.0,-0.0482167669680684
s4,Skin,580.0,0.10062830467107284
s4,Skin,600.0,0.1544837933047758
s4,Skin,620.0,0.16731815154252377
s4,Skin,640.0,0.12234552735864204
s4,Skin,660.0,0.09085353553023584
s4,Skin,680.0,0.1305252549976428
s4,Skin,700.0,0.1452934200724291
s4,Skin,720.0,0.11400658570878106
s4,Skin,740.0,0.045781483083103175
s4,Skin,760.0,0.08286375952036984
s4,Skin,780.0,0.10327719189290777
s4,Skin,800.0,0.0938954112838935
s4,Skin,820.0,0.11620812527845245
s4,Skin,840.0,0.10784280088935044
s4,Skin,860.0,0.022955261994792864
s4,Skin,880.0,-0.031882536606904266
s4,Skin,900.0,-0.07662228977740834
s4,Skin,920.0,-0.10112905289179144
s4,Skin,940.0,-0.16322175742786596
s4,Skin,960.0,-0.14863041575932176
s4,Skin,980.0,-0.1194462954836594
s4,Surface,0.0,-0.03841174631591579
s4,Surface,20.0,-0.0579754383093048
s4,Surface,40.0,-0.017015245348507704
s4,Surface,60.0,-0.017094711518679653
s4,Surface,80.0,0.021527460626355063
s4,Surface,100.0,-0.026540716982329647
s4,Surface,120.0,-0.05867407810134343
s4,Surface,140.0,-0.04048691598499689
s4,Surface,160.0,-0.03142280319815322
s4,Surface,180.0,-0.11156791653224174
s4,Surface,200.0,-0.1476925362205479
s4,Surface,220.0,-0.06711189162174622
s4,Surface,240.0,-0.02394514175824962
s4,Surface,260.0,-0.08436279756020859
s4,Surface,280.0,-0.10837699966828035
s4,Surface,300.0,-0.08752820517048324
s4,Surface,320.0,-0.09527937425235698
s4,Surface,340.0,-0.08409595100665754
s4,Surface,360.0,-0.02622883417334084
s4,Surface,380.0,0.06783935918518907
s4,Surface,400.0,0.05520150831126584
s4,Surface,420.0,0.07037533465269868
s4,Surface,440.0,-0.00343612766891363
s4,Surface,460.0,-0.07143826625811395
s4,Surface,480.0,-0.11713759692040854
s4,Surface,500.0,0.009806528955119118
s4,Surface,520.0,0.06291937674182188
s4,Surface,540.0,-0.0338033236581016
s4,Surface,560.0,-0.10309317104129785
s4,Surface,580.0,-0.0007510060021896636
s4,Surface,600.0,0.09038619775772169
s4,Surface,620.0,0.12139246553352155
s4,Surface,640.0,0.0637080543596665
s4,Surface,660.0,-0.022980211595160976
s4,Surface,680.0,0.01608173793419731
s4,Surface,700.0,0.11805385328226983
s4,Surface,720.0,0.11321466908991851
s4,Surface,740.0,0.018840917924195552
s4,Surface,760.0,-0.004317337536655155
s4,Surface,780.0,-0.02051626133670345
s4,Surface,800.0,-0.040667924273766407
s4,Surface,820.0,-0.03715810689994152
s4,Surface,840.0,-0.017002691028050215
s4,Surface,860.0,-0.060066467389545866
s4,Surface,880.0,-0.09894049732197863
s4,Surface,900.0,-0.0917752507290149
s4,Surface,920.0,-0.10820101447480064
s4,Surface,940.0,-0.12758086906797175
s4,Surface,960.0,-0.10492718511169126
s4,Surface,980.0,-0.09010470193335617
s4,Structural,0.0,0.050609071603106875
s4,Structural,20.0,0.025837234721955794
s4,Structural,40.0,-0.055677945128231245
s4,Structural,60.0,-0.0926504888440783
s4,Structural,80.0,-0.005480631460162866
s4,Structural,100.0,0.0441165606035049
s4,Structural,120.0,0.08741038240922447
s4,Structural,140.0,0.14372509627868224
s4,Structural,160.0,0.1878041871926177
s4,Structural,180.0,0.22053712822907223
s4,Structural,200.0,0.17639321972215816
s4,Structural,220.0,0.1339758092912906
s4,Structural,240.0,0.14996789980624886
s4,Structural,260.0,0.18954462481189724
s4,Structural,280.0,0.20800491995718645
s4,Structural,300.0,0.21795685787192282
s4,Structural,320.0,0.28646895288876395
s4,Structural,340.0,0.2863843165376424
s4,Structural,360.0,0.22369083758002484
s4,Structural,380.0,0.2541502314491675
s4,Structural,400.0,0.3372116238384487
s4,Structural,420.0,0.3531880176145482
s4,Structural,440.0,0.34326017170608336
s4,Structural,460.0,0.3608676857904668
s4,Structural,480.0,0.4076567906397332
s4,Structural,500.0,0.38420967161125363
s4,Structural,520.0,0.30640508182093285
s4,Structural,540.0,0.38592589689850276
s4,Structural,560.0,0.4132521834119303
s4,Structural,580.0,0.3881615764059221
s4,Structural,600.0,0.31898558581258174
s4,Structural,620.0,0.2003516749874581
s4,Structural,640.0,0.2467710514159849
s4,Structural,660.0,0.31285636322491805
s4,Structural,680.0,0.31455394314354873
s4,Structural,700.0,0.31868048694413054
s4,Structural,720.0,0.2693303266292196
s4,Structural,740.0,0.2304636578427802
s4,Structural,760.0,0.27187535016754605
s4,Structural,780.0,0.27005010150766656
s4,Structural,800.0,0.2033533193883764
s4,Structural,820.0,0.18821970356756543
s4,Structural,840.0,0.19215503755609237
s4,Structural,860.0,0.25865289745834985
s4,Structural,880.0,0.3162115527452348
s4,Structural,900.0,0.35687005126857474
s4,Structural,920.0,0.3941391585790186
s4,Structural,940.0,0.4163639641906198
s4,Structural,960.0,0.47392558634832277
s4,Structural,980.0,0.447548698938118
s4,Surface_minus_Structural,0.0,-0.08902081791902267
s4,Surface_minus_Structural,20.0,-0.0838126730312606
s4,Surface_minus_Structural,40.0,0.038662699779723544
s4,Surface_minus_Structural,60.0,0.07555577732539864
s4,Surface_minus_Structural,80.0,0.02700809208651793
s4,Surface_minus_Structural,100.0,-0.07065727758583454
s4,Surface_minus_Structural,120.0,-0.1460844605105679
s4,Surface_minus_Structural,140.0,-0.18421201226367911
s4,Surface_minus_Structural,160.0,-0.21922699039077093
s4,Surface_minus_Structural,180.0,-0.33210504476131397
s4,Surface_minus_Structural,200.0,-0.32408575594270606
s4,Surface_minus_Structural,220.0,-0.20108770091303682
s4,Surface_minus_Structural,240.0,-0.1739130415644985
s4,Surface_minus_Structural,260.0,-0.27390742237210586
s4,Surface_minus_Structural,280.0,-0.3163819196254668
s4,Surface_minus_Structural,300.0,-0.3054850630424061
s4,Surface_minus_Structural,320.0,-0.38174832714112095
s4,Surface_minus_Structural,340.0,-0.37048026754429997
s4,Surface_minus_Structural,360.0,-0.24991967175336569
s4,Surface_minus_Structural,380.0,-0.1863108722639784
s4,Surface_minus_Structural,400.0,-0.28201011552718286
s4,Surface_minus_Structural,420.0,-0.2828126829618495
s4,Surface_minus_Structural,440.0,-0.346696299374997
s4,Surface_minus_Structural,460.0,-0.43230595204858074
s4,Surface_minus_Structural,480.0,-0.5247943875601417
s4,Surface_minus_Structural,500.0,-0.3744031426561345
s4,Surface_minus_Structural,520.0,-0.24348570507911096
s4,Surface_minus_Structural,540.0,-0.41972922055660433
s4,Surface_minus_Structural,560.0,-0.5163453544532282
s4,Surface_minus_Structural,580.0,-0.3889125824081118
s4,Surface_minus_Structural,600.0,-0.22859938805486005
s4,Surface_minus_Structural,620.0,-0.07895920945393654
s4,Surface_minus_Structural,640.0,-0.1830629970563184
s4,Surface_minus_Structural,660.0,-0.335836574820079
s4,Surface_minus_Structural,680.0,-0.2984722052093514
s4,Surface_minus_Structural,700.0,-0.2006266336618607
s4,Surface_minus_Structural,720.0,-0.15611565753930107
s4,Surface_minus_Structural,740.0,-0.21162273991858466
s4,Surface_minus_Structural,760.0,-0.2761926877042012
s4,Surface_minus_Structural,780.0,-0.29056636284437
s4,Surface_minus_Structural,800.0,-0.24402124366214278
s4,Surface_minus_Structural,820.0,-0.22537781046750693
s4,Surface_minus_Structural,840.0,-0.20915772858414258
s4,Surface_minus_Structural,860.0,-0.3187193648478957
s4,Surface_minus_Structural,880.0,-0.41515205006721345
s4,Surface_minus_Structural,900.0,-0.4486453019975897
s4,Surface_minus_Structural,920.0,-0.5023401730538193
s4,Surface_minus_Structural,940.0,-0.5439448332585916
s4,Surface_minus_Structural,960.0,-0.578852771460014
s4,Surface_minus_Structural,980.0,-0.5376534008714742
s6,FSlim,0.0,-0.2709786355219142
s6,FSlim,20.0,-0.46988677361590714
s6,FSlim,40.0,-0.11170000445247433
s6,FSlim,60.0,-0.03964070312193978
s6,FSlim,80.0,0.24251726741379945
s6,FSlim,100.0,-0.084034723048739
s6,FSlim,120.0,0.006507026939393959
s6,FSlim,140.0,0.00017695201900520818
s6,FSlim,160.0,0.024386374146367837
s6,FSlim,180.0,-0.17458136151805698
s6,FSlim,200.0,0.002438565917909752
s6,FSlim,220.0,0.2737351817507179
s6,FSlim,240.0,0.2836821482603425
s6,FSlim,260.0,0.19958160469732622
s6,FSlim,280.0,0.16568029167608192
s6,FSlim,300.0,0.426561116989854
s6,FSlim,320.0,-0.04969993608994999
s6,FSlim,340.0,-0.017289759650616132
s6,FSlim,360.0,0.49184481929692103
s6,FSlim,380.0,0.49368308398252914
s6,FSlim,400.0,0.7182234214681963
s6,FSlim,420.0,0.67163142147273
s6,FSlim,440.0,0.6620701362229483
s6,FSlim,460.0,0.70836126704019
s6,FSlim,480.0,0.6739968577753253
s6,FSlim,500.0,0.27426503167773053
s6,FSlim,520.0,0.4776401132291609
s6,FSlim,540.0,0.578592944229962
s6,FSlim,560.0,0.4458107003213994
s6,FSlim,580.0,0.19836015776514526
s6,FSlim,600.0,-0.006529973027705277
s6,FSlim,620.0,0.017737530306509264
s6,FSlim,640.0,0.17835887802347553
s6,FSlim,660.0,0.19184318418496973
s6,FSlim,680.0,0.2681690096684937
s6,FSlim,700.0,0.5663277400822913
s6,FSlim,720.0,0.5136830604498919
s6,FSlim,740.0,0.13835987178524728
s6,FSlim,760.0,-0.34474832916351833
s6,FSlim,780.0,0.12188187684722718
s6,FSlim,800.0,0.5020632175278854
s6,FSlim,820.0,0.34828402375368955
s6,FSlim,840.0,0.13184882430912742
s6,FSlim,860.0,0.2533865105475
s6,FSlim,880.0,0.556875319897004
s6,FSlim,900.0,0.5803617205216982
s6,FSlim,920.0,0.2677193420160259
s6,FSlim,940.0,0.2650003586949513
s6,FSlim,960.0,0.6369337524866222
s6,FSlim,980.0,0.7475443101131477
s6,Eye,0.0,-0.09492197050872964
s6,Eye,20.0,-0.09972317537500927
s6,Eye,40.0,-0.23091864939524948
s6,Eye,60.0,-0.487044625946025
s6,Eye,80.0,-0.30254879825296843
s6,Eye,100.0,-0.025101106831904807
s6,Eye,120.0,-0.18928498850733888
s6,Eye,140.0,-0.030360623573580728
s6,Eye,160.0,0.10665058683424146
s6,Eye,180.0,0.18222745919023975
s6,Eye,200.0,0.05886002265975793
s6,Eye,220.0,-0.005503787662466647
s6,Eye,240.0,-0.23798264164436395
s6,Eye,260.0,-0.247859245969402
s6,Eye,280.0,0.030967168460955458
s6,Eye,300.0,-0.11117963056633573
s6,Eye,320.0,-0.17440912243023463
s6,Eye,340.0,-0.2173282525972047
s6,Eye,360.0,-0.1673714269929909
s6,Eye,380.0,-0.13986393574672673
s6,Eye,400.0,-0.23229831590673267
s6,Eye,420.0,-0.20080697695965288
s6,Eye,440.0,0.002347164245177391
s6,Eye,460.0,-0.1657525974630708
s6,Eye,480.0,-0.4105477009780527
s6,Eye,500.0,-0.3057872517375363
s6,Eye,520.0,-0.1101616257010942
s6,Eye,540.0,-0.24644739478109007
s6,Eye,560.0,-0.16532276194511203
s6,Eye,580.0,-0.05216596458321038
s6,Eye,600.0,0.14831641182309133
s6,Eye,620.0,0.08792321732728817
s6,Eye,640.0,-0.38471226334882264
s6,Eye,660.0,-0.293416161002188
s6,Eye,680.0,0.0809369540531259
s6,Eye,700.0,0.37229961812799156
s6,Eye,720.0,0.20293745574367222
s6,Eye,740.0,-0.03879025250160523
s6,Eye,760.0,-0.0584180970774032
s6,Eye,780.0,-0.1974666106909412
s6,Eye,800.0,-0.19002040527348604
s6,Eye,820.0,0.017358997140642762
s6,Eye,840.0,-0.12798843272844324
s6,Eye,860.0,0.040893071842631246
s6,Eye,880.0,0.14180631270335287
s6,Eye,900.0,-0.11536425490841962
s6,Eye,920.0,-0.46700745567019564
s6,Eye,940.0,-0.2155744801482238
s6,Eye,960.0,0.1611315555690981
s6,Eye,980.0,0.17673392181760958
s6,Mouth,0.0,0.039546734162668885
s6,Mouth,20.0,0.3008133447104253
s6,Mouth,40.0,0.07384961945987772
s6,Mouth,60.0,0.10478675496772058
s6,Mouth,80.0,0.4773044973934069
s6,Mouth,100.0,0.5976855460471034
s6,Mouth,120.0,0.18046586786523053
s6,Mouth,140.0,-0.3818620855278098
s6,Mouth,160.0,0.17235517493701555
s6,Mouth,180.0,0.21339721449061724
s6,Mouth,200.0,-0.14586102090195804
s6,Mouth,220.0,-0.11557033685468229
s6,Mouth,240.0,-0.003166419085065819
s6,Mouth,260.0,0.11391192263983818
s6,Mouth,280.0,0.12292956076519995
s6,Mouth,300.0,0.149805973745052
s6,Mouth,320.0,0.3890998618656553
s6,Mouth,340.0,0.13272262934753026
s6,Mouth,360.0,0.004122609833923152
s6,Mouth,380.0,-0.06698097629828492
s6,Mouth,400.0,0.15259948567935616
s6,Mouth,420.0,0.07231087826693255
s6,Mouth,440.0,0.20947160133275028
s6,Mouth,460.0,0.10795400535501276
s6,Mouth,480.0,0.13417566906331463
s6,Mouth,500.0,0.054562747078838625
s6,Mouth,520.0,0.1031468533482719
s6,Mouth,540.0,0.15508696009639059
s6,Mouth,560.0,0.27189190741484925
s6,Mouth,580.0,-0.00802000639806516
s6,Mouth,600.0,0.305583688443812
s6,Mouth,620.0,0.4333315996363877
s6,Mouth,640.0,0.563677295092205
s6,Mouth,660.0,0.3084198612475948
s6,Mouth,680.0,0.1709606262988202
s6,Mouth,700.0,0.41523714056490474
s6,Mouth,720.0,0.33909220263393686
s6,Mouth,740.0,0.2520595669009148
s6,Mouth,760.0,0.026624276691435855
s6,Mouth,780.0,0.2953054246637151
s6,Mouth,800.0,0.4099022181599207
s6,Mouth,820.0,0.6074989590818891
s6,Mouth,840.0,0.7722633994900315
s6,Mouth,860.0,0.6427437460316834
s6,Mouth,880.0,0.49920972310111356
s6,Mouth,900.0,0.5931372905321575
s6,Mouth,920.0,0.758488155087456
s6,Mouth,940.0,0.8081838507197945
s6,Mouth,960.0,0.7480241294115191
s6,Mouth,980.0,0.41108920615513894
s6,Skin,0.0,-0.26679066735994683
s6,Skin,20.0,0.06568591178640974
s6,Skin,40.0,0.07509052637485976
s6,Skin,60.0,0.01673686639876419
s6,Skin,80.0,0.14075799198775762
s6,Skin,100.0,-0.06320779746198708
s6,Skin,120.0,-0.1184462862888402
s6,Skin,140.0,0.11886650152781518
s6,Skin,160.0,-0.05659282617962765
s6,Skin,180.0,-0.0678006610295806
s6,Skin,200.0,0.21377726244114312
s6,Skin,220.0,0.30028213242259877
s6,Skin,240.0,0.16101449884385016
s6,Skin,260.0,0.1607654561125216
s6,Skin,280.0,0.33110782223112845
s6,Skin,300.0,0.41422960877784115
s6,Skin,320.0,0.26881218449703403
s6,Skin,340.0,0.06261267250632899
s6,Skin,360.0,0.271173208453031
s6,Skin,380.0,0.471061528634959
s6,Skin,400.0,0.18734397138149478
s6,Skin,420.0,-0.2517701656214759
s6,Skin,440.0,-0.42910692308543164
s6,Skin,460.0,0.015722599714360047
s6,Skin,480.0,-0.14363669522740463
s6,Skin,500.0,-0.3540826189568934
s6,Skin,520.0,-0.5058076953754831
s6,Skin,540.0,-0.21885207521565087
s6,Skin,560.0,-0.2937608342733445
s6,Skin,580.0,0.034260359279023475
s6,Skin,600.0,0.05418480103160413
s6,Skin,620.0,0.2908703702017012
s6,Skin,640.0,0.2842886707403792
s6,Skin,660.0,-0.02036545470913298
s6,Skin,680.0,0.15611884494321368
s6,Skin,700.0,0.10194808098524681
s6,Skin,720.0,0.10950375674668694
s6,Skin,740.0,-0.13251884678849019
s6,Skin,760.0,0.06428974767366338
s6,Skin,780.0,0.09611737849397062
s6,Skin,800.0,0.07386272851932925
s6,Skin,820.0,0.34147013592072467
s6,Skin,840.0,0.14410695587630779
s6,Skin,860.0,0.2806555001414615
s6,Skin,880.0,0.41215963044261406
s6,Skin,900.0,0.2627622162918787
s6,Skin,920.0,0.5624018416785905
s6,Skin,940.0,0.6064950909167051
s6,Skin,960.0,0.6678705929337149
s6,Skin,980.0,0.6882609654399611
s6,Surface,0.0,-0.11362196659863898
s6,Surface,20.0,0.18324962824841753
s6,Surface,40.0,0.07447007291736873
s6,Surface,60.0,0.060761810683242386
s6,Surface,80.0,0.3090312446905823
s6,Surface,100.0,0.26723887429255816
s6,Surface,120.0,0.031009790788195164
s6,Surface,140.0,-0.1314977919999973
s6,Surface,160.0,0.057881174378693945
s6,Surface,180.0,0.07279827673051832
s6,Surface,200.0,0.03395812076959254
s6,Surface,220.0,0.09235589778395824
s6,Surface,240.0,0.07892403987939217
s6,Surface,260.0,0.13733868937617988
s6,Surface,280.0,0.2270186914981642
s6,Surface,300.0,0.28201779126144655
s6,Surface,320.0,0.32895602318134465
s6,Surface,340.0,0.09766765092692963
s6,Surface,360.0,0.13764790914347708
s6,Surface,380.0,0.20204027616833703
s6,Surface,400.0,0.16997172853042547
s6,Surface,420.0,-0.08972964367727168
s6,Surface,440.0,-0.10981766087634068
s6,Surface,460.0,0.061838302534686404
s6,Surface,480.0,-0.004730513082045001
s6,Surface,500.0,-0.1497599359390274
s6,Surface,520.0,-0.2013304210136056
s6,Surface,540.0,-0.03188255755963014
s6,Surface,560.0,-0.010934463429247615
s6,Surface,580.0,0.013120176440479157
s6,Surface,600.0,0.17988424473770806
s6,Surface,620.0,0.3621009849190444
s6,Surface,640.0,0.4239829829162921
s6,Surface,660.0,0.1440272032692309
s6,Surface,680.0,0.16353973562101692
s6,Surface,700.0,0.2585926107750758
s6,Surface,720.0,0.2242979796903119
s6,Surface,740.0,0.05977036005621231
s6,Surface,760.0,0.04545701218254962
s6,Surface,780.0,0.19571140157884287
s6,Surface,800.0,0.24188247333962495
s6,Surface,820.0,0.47448454750130686
s6,Surface,840.0,0.4581851776831697
s6,Surface,860.0,0.4616996230865724
s6,Surface,880.0,0.4556846767718638
s6,Surface,900.0,0.4279497534120181
s6,Surface,920.0,0.6604449983830233
s6,Surface,940.0,0.7073394708182498
s6,Surface,960.0,0.707947361172617
s6,Surface,980.0,0.54967508579755
s6,Structural,0.0,-0.18295030301532192
s6,Structural,20.0,-0.2848049744954582
s6,Structural,40.0,-0.17130932692386192
s6,Structural,60.0,-0.26334266453398236
s6,Structural,80.0,-0.030015765419584492
s6,Structural,100.0,-0.054567914940321906
s6,Structural,120.0,-0.09138898078397246
s6,Structural,140.0,-0.01509183577728776
s6,Structural,160.0,0.06551848049030465
s6,Structural,180.0,0.003823048836091386
s6,Structural,200.0,0.03064929428883384
s6,Structural,220.0,0.13411569704412563
s6,Structural,240.0,0.022849753307989273
s6,Structural,260.0,-0.024138820636037894
s6,Structural,280.0,0.09832373006851869
s6,Structural,300.0,0.15769074321175913
s6,Structural,320.0,-0.11205452926009231
s6,Structural,340.0,-0.11730900612391042
s6,Structural,360.0,0.16223669615196507
s6,Structural,380.0,0.1769095741179012
s6,Structural,400.0,0.2429625527807318
s6,Structural,420.0,0.23541222225653857
s6,Structural,440.0,0.3322086502340629
s6,Structural,460.0,0.2713043347885596
s6,Structural,480.0,0.13172457839863627
s6,Structural,500.0,-0.01576111002990288
s6,Structural,520.0,0.18373924376403333
s6,Structural,540.0,0.16607277472443596
s6,Structural,560.0,0.1402439691881437
s6,Structural,580.0,0.07309709659096744
s6,Structural,600.0,0.07089321939769302
s6,Structural,620.0,0.052830373816898715
s6,Structural,640.0,-0.10317669266267356
s6,Structural,660.0,-0.05078648840860912
s6,Structural,680.0,0.1745529818608098
s6,Structural,700.0,0.46931367910514143
s6,Structural,720.0,0.3583102580967821
s6,Structural,740.0,0.049784809641821026
s6,Structural,760.0,-0.20158321312046076
s6,Structural,780.0,-0.037792366921857015
s6,Structural,800.0,0.15602140612719967
s6,Structural,820.0,0.18282151044716616
s6,Structural,840.0,0.001930195790342093
s6,Structural,860.0,0.14713979119506562
s6,Structural,880.0,0.34934081630017844
s6,Structural,900.0,0.2324987328066393
s6,Structural,920.0,-0.09964405682708488
s6,Structural,940.0,0.02471293927336375
s6,Structural,960.0,0.39903265402786015
s6,Structural,980.0,0.46213911596537866
s6,Surface_minus_Structural,0.0,0.06932833641668294
s6,Surface_minus_Structural,20.0,0.4680546027438758
s6,Surface_minus_Structural,40.0,0.24577939984123065
s6,Surface_minus_Structural,60.0,0.32410447521722474
s6,Surface_minus_Structural,80.0,0.3390470101101668
s6,Surface_minus_Structural,100.0,0.3218067892328801
s6,Surface_minus_Structural,120.0,0.12239877157216764
s6,Surface_minus_Structural,140.0,-0.11640595622270955
s6,Surface_minus_Structural,160.0,-0.007637306111610703
s6,Surface_minus_Structural,180.0,0.06897522789442694
s6,Surface_minus_Structural,200.0,0.0033088264807586976
s6,Surface_minus_Structural,220.0,-0.04175979926016739
s6,Surface_minus_Structural,240.0,0.0560742865714029
s6,Surface_minus_Structural,260.0,0.16147751001221777
s6,Surface_minus_Structural,280.0,0.1286949614296455
s6,Surface_minus_Structural,300.0,0.12432704804968742
s6,Surface_minus_Structural,320.0,0.44101055244143694
s6,Surface_minus_Structural,340.0,0.21497665705084004
s6,Surface_minus_Structural,360.0,-0.02458878700848799
s6,Surface_minus_Structural,380.0,0.025130702050435827
s6,Surface_minus_Structural,400.0,-0.07299082425030634
s6,Surface_minus_Structural,420.0,-0.3251418659338102
s6,Surface_minus_Structural,440.0,-0.4420263111104036
s6,Surface_minus_Structural,460.0,-0.20946603225387317
s6,Surface_minus_Structural,480.0,-0.13645509148068127
s6,Surface_minus_Structural,500.0,-0.1339988259091245
s6,Surface_minus_Structural,520.0,-0.38506966477763893
s6,Surface_minus_Structural,540.0,-0.1979553322840661
s6,Surface_minus_Structural,560.0,-0.1511784326173913
s6,Surface_minus_Structural,580.0,-0.059976920150488285
s6,Surface_minus_Structural,600.0,0.10899102534001504
s6,Surface_minus_Structural,620.0,0.3092706111021457
s6,Surface_minus_Structural,640.0,0.5271596755789657
s6,Surface_minus_Structural,660.0,0.19481369167784002
s6,Surface_minus_Structural,680.0,-0.011013246239792884
s6,Surface_minus_Structural,700.0,-0.21072106833006565
s6,Surface_minus_Structural,720.0,-0.13401227840647018
s6,Surface_minus_Structural,740.0,0.009985550414391281
s6,Surface_minus_Structural,760.0,0.2470402253030104
s6,Surface_minus_Structural,780.0,0.23350376850069987
s6,Surface_minus_Structural,800.0,0.08586106721242528
s6,Surface_minus_Structural,820.0,0.2916630370541407
s6,Surface_minus_Structural,840.0,0.4562549818928276
s6,Surface_minus_Structural,860.0,0.3145598318915068
s6,Surface_minus_Structural,880.0,0.10634386047168537
s6,Surface_minus_Structural,900.0,0.19545102060537878
s6,Surface_minus_Structural,920.0,0.7600890552101082
s6,Surface_minus_Structural,940.0,0.6826265315448861
s6,Surface_minus_Structural,960.0,0.3089147071447569
s6,Surface_minus_Structural,980.0,0.08753596983217132
s7,FSlim,0.0,-0.7614836955309014
s7,FSlim,20.0,-0.4740604060285573
s7,FSlim,40.0,-0.4569007972375042
s7,FSlim,60.0,-0.34855663598745956
s7,FSlim,80.0,-0.516419432709696
s7,FSlim,100.0,-0.7228000452315624
s7,FSlim,120.0,-0.4639073217336588
s7,FSlim,140.0,-0.9303904121846691
s7,FSlim,160.0,-1.7607349976625915
s7,FSlim,180.0,-2.24105266966774
s7,FSlim,200.0,-1.9878427310455424
s7,FSlim,220.0,-1.5783185036082106
s7,FSlim,240.0,-0.9610455248975032
s7,FSlim,260.0,-0.7852517397630853
s7,FSlim,280.0,-1.0941964425713153
s7,FSlim,300.0,-1.3163174270420017
s7,FSlim,320.0,-1.4609405753251894
s7,FSlim,340.0,-1.0343029756296938
s7,FSlim,360.0,-0.6437461585480421
s7,FSlim,380.0,-0.7788110484410565
s7,FSlim,400.0,-0.7352814902780279
s7,FSlim,420.0,-0.6090017085988411
s7,FSlim,440.0,-0.5707469961781734
s7,FSlim,460.0,-0.820109226098816
s7,FSlim,480.0,-0.5729818114468002
s7,FSlim,500.0,-0.6777358308595909
s7,FSlim,520.0,-0.6663180470433803
s7,FSlim,540.0,-0.49655641563724295
s7,FSlim,560.0,-0.08676533259352726
s7,FSlim,580.0,-0.2167504594055093
s7,FSlim,600.0,-0.25926507123786224
s7,FSlim,620.0,-0.30467781867340427
s7,FSlim,640.0,-0.08514065795993611
s7,FSlim,660.0,0.22796679723811542
s7,FSlim,680.0,0.14151730222633158
s7,FSlim,700.0,0.042125809062062994
s7,FSlim,720.0,0.15518864085341172
s7,FSlim,740.0,0.42990787359100036
s7,FSlim,760.0,0.3680818983255851
s7,FSlim,780.0,0.5474948849849175
s7,FSlim,800.0,0.5346063469491531
s7,FSlim,820.0,0.3348624068480378
s7,FSlim,840.0,0.36929808798722985
s7,FSlim,860.0,0.5249311170806269
s7,FSlim,880.0,0.5640928861481038
s7,FSlim,900.0,0.2908883090119387
s7,FSlim,920.0,-0.056735020138630965
s7,FSlim,940.0,-0.19153962691318144
s7,FSlim,960.0,-0.030495690670130415
s7,FSlim,980.0,0.23534717282972067
s7,Eye,0.0,-0.6420713667983655
s7,Eye,20.0,-0.7554220990484695
s7,Eye,40.0,-0.6569881118808341
s7,Eye,60.0,-0.18517097871533716
s7,Eye,80.0,-0.43845071973542826
s7,Eye,100.0,-0.8107074111419401
s7,Eye,120.0,-0.9247487302533535
s7,Eye,140.0,-0.9449877302862287
s7,Eye,160.0,-1.02399900327268
s7,Eye,180.0,-0.6202086133293486
s7,Eye,200.0,0.12481613003203965
s7,Eye,220.0,0.6439956147549499
s7,Eye,240.0,0.7605849382981918
s7,Eye,260.0,0.6983971799779699
s7,Eye,280.0,0.9033070201867728
s7,Eye,300.0,0.8640792910779562
s7,Eye,320.0,0.37786420440845353
s7,Eye,340.0,0.3440778750586583
s7,Eye,360.0,0.5425385119550667
s7,Eye,380.0,0.32659215180156964
s7,Eye,400.0,0.4093559261519397
s7,Eye,420.0,0.6499679465926371
s7,Eye,440.0,0.5318911012028906
s7,Eye,460.0,0.41844423187639124
s7,Eye,480.0,-0.14863670693311276
s7,Eye,500.0,0.023797601846252958
s7,Eye,520.0,0.4087614098257142
s7,Eye,540.0,0.4057320269304509
s7,Eye,560.0,-0.10899111458811228
s7,Eye,580.0,-0.16661474144715616
s7,Eye,600.0,-0.1929562294423416
s7,Eye,620.0,-0.0061573485757419055
s7,Eye,640.0,0.4593263024960104
s7,Eye,660.0,0.32935764367047676
s7,Eye,680.0,0.27493652505306254
s7,Eye,700.0,0.4172635986652536
s7,Eye,720.0,0.4315050129723631
s7,Eye,740.0,0.29449298523339396
s7,Eye,760.0,0.04327859700983663
s7,Eye,780.0,-0.04582832876241486
s7,Eye,800.0,0.1408810407664259
s7,Eye,820.0,0.2975309614427609
s7,Eye,840.0,0.3142017796032334
s7,Eye,860.0,0.4418058239789294
s7,Eye,880.0,0.7328459278103161
s7,Eye,900.0,1.0133507908859725
s7,Eye,920.0,1.1258147401357514
s7,Eye,940.0,0.6504082981927908
s7,Eye,960.0,0.267754636559602
s7,Eye,980.0,0.2577022389935415
s7,Mouth,0.0,0.603811038645148
s7,Mouth,20.0,0.5550045519542406
s7,Mouth,40.0,0.3207729573903593
s7,Mouth,60.0,0.10344454053026608
s7,Mouth,80.0,0.26847964320611706
s7,Mouth,100.0,0.49314710620223
s7,Mouth,120.0,-0.06434320879650207
s7,Mouth,140.0,-1.25951907652318
s7,Mouth,160.0,-1.981200151311948
s7,Mouth,180.0,-2.7002045235980527
s7,Mouth,200.0,-3.091203750469893
s7,Mouth,220.0,-3.5251707767259792
s7,Mouth,240.0,-3.168206050385024
s7,Mouth,260.0,-2.4896430383019545
s7,Mouth,280.0,-2.1833466791575424
s7,Mouth,300.0,-1.977942048176295
s7,Mouth,320.0,-1.53063385988082
s7,Mouth,340.0,-1.269949178952965
s7,Mouth,360.0,-0.9459353762463326
s7,Mouth,380.0,-0.40594119693101727
s7,Mouth,400.0,-0.01379749374301259
s7,Mouth,420.0,-0.09652559790339652
s7,Mouth,440.0,-0.3172440088129689
s7,Mouth,460.0,-0.37317606135898634
s7,Mouth,480.0,-0.650288694442627
s7,Mouth,500.0,-1.0379795355923347
s7,Mouth,520.0,-1.036732086389077
s7,Mouth,540.0,-1.3347509221251197
s7,Mouth,560.0,-1.1465555630255613
s7,Mouth,580.0,-0.7975142579679683
s7,Mouth,600.0,-0.7572018316986838
s7,Mouth,620.0,-0.5406854830529095
s7,Mouth,640.0,-0.6445761212232803
s7,Mouth,660.0,-0.767416634053759
s7,Mouth,680.0,-0.6507275581922272
s7,Mouth,700.0,-0.4771895454357117
s7,Mouth,720.0,-0.37358147942159614
s7,Mouth,740.0,-0.08463367388452225
s7,Mouth,760.0,0.06392984195339324
s7,Mouth,780.0,0.07226590371420205
s7,Mouth,800.0,0.006022840623468001
s7,Mouth,820.0,-0.029148787395895576
s7,Mouth,840.0,0.15546616459702758
s7,Mouth,860.0,0.27166137839133087
s7,Mouth,880.0,0.22375261650206266
s7,Mouth,900.0,0.3946832730655334
s7,Mouth,920.0,0.7132868052341225
s7,Mouth,940.0,1.0192398898180248
s7,Mouth,960.0,1.322583038929233
s7,Mouth,980.0,1.4567177778308462
s7,Skin,0.0,-0.16524013281614927
s7,Skin,20.0,-0.010521002398610077
s7,Skin,40.0,0.4447676506719413
s7,Skin,60.0,0.8293244066448066
s7,Skin,80.0,0.6828927589826344
s7,Skin,100.0,0.5957160330718809
s7,Skin,120.0,0.415485359723476
s7,Skin,140.0,0.2496367075403367
s7,Skin,160.0,0.11496842366363708
s7,Skin,180.0,-0.41636330634176644
s7,Skin,200.0,-0.5842687143235923
s7,Skin,220.0,-0.3092177040878942
s7,Skin,240.0,-0.012050701258585206
s7,Skin,260.0,0.18010412216232707
s7,Skin,280.0,0.03689871537323883
s7,Skin,300.0,0.05527853237837485
s7,Skin,320.0,-0.304386732866854
s7,Skin,340.0,-0.5252986847728054
s7,Skin,360.0,-0.3821764086016909
s7,Skin,380.0,-1.0059318406733
s7,Skin,400.0,-0.7975261463293796
s7,Skin,420.0,-0.3942784676684922
s7,Skin,440.0,-0.35417794773126343
s7,Skin,460.0,-0.08518699847966181
s7,Skin,480.0,0.2551635278229858
s7,Skin,500.0,0.42370529835028997
s7,Skin,520.0,0.30176765575728703
s7,Skin,540.0,-0.10330114548021774
s7,Skin,560.0,-0.06472939004058395
s7,Skin,580.0,-0.2253940257155937
s7,Skin,600.0,0.10332969646352755
s7,Skin,620.0,0.030230677817875057
s7,Skin,640.0,-0.18576293897061327
s7,Skin,660.0,-0.022721584864697126
s7,Skin,680.0,-0.04128861835428338
s7,Skin,700.0,-0.23461640967959918
s7,Skin,720.0,-0.33868417670657336
s7,Skin,740.0,-0.39930209455032284
s7,Skin,760.0,-0.5584182256823488
s7,Skin,780.0,-0.8031373165741899
s7,Skin,800.0,-0.7885735587908821
s7,Skin,820.0,-0.6179056535887657
s7,Skin,840.0,-0.27634578243142105
s7,Skin,860.0,-0.04222509553047198
s7,Skin,880.0,0.05442234162486348
s7,Skin,900.0,0.3260680952575727
s7,Skin,920.0,0.24321056431441818
s7,Skin,940.0,0.04642935413374549
s7,Skin,960.0,-0.21602001976780533
s7,Skin,980.0,-0.39355649304586504
s7,Surface,0.0,0.21928545291449936
s7,Surface,20.0,0.27224177477781525
s7,Surface,40.0,0.3827703040311503
s7,Surface,60.0,0.4663844735875363
s7,Surface,80.0,0.4756862010943757
s7,Surface,100.0,0.5444315696370554
s7,Surface,120.0,0.17557107546348696
s7,Surface,140.0,-0.5049411844914217
s7,Surface,160.0,-0.9331158638241555
s7,Surface,180.0,-1.5582839149699095
s7,Surface,200.0,-1.8377362323967428
s7,Surface,220.0,-1.9171942404069366
s7,Surface,240.0,-1.5901283758218046
s7,Surface,260.0,-1.1547694580698138
s7,Surface,280.0,-1.0732239818921518
s7,Surface,300.0,-0.9613317578989601
s7,Surface,320.0,-0.9175102963738371
s7,Surface,340.0,-0.8976239318628852
s7,Surface,360.0,-0.6640558924240118
s7,Surface,380.0,-0.7059365188021587
s7,Surface,400.0,-0.4056618200361961
s7,Surface,420.0,-0.24540203278594436
s7,Surface,440.0,-0.33571097827211616
s7,Surface,460.0,-0.22918152991932408
s7,Surface,480.0,-0.19756258330982063
s7,Surface,500.0,-0.30713711862102233
s7,Surface,520.0,-0.367482215315895
s7,Surface,540.0,-0.7190260338026687
s7,Surface,560.0,-0.6056424765330726
s7,Surface,580.0,-0.511454141841781
s7,Surface,600.0,-0.32693606761757815
s7,Surface,620.0,-0.25522740261751725
s7,Surface,640.0,-0.4151695300969468
s7,Surface,660.0,-0.3950691094592281
s7,Surface,680.0,-0.34600808827325524
s7,Surface,700.0,-0.35590297755765543
s7,Surface,720.0,-0.35613282806408475
s7,Surface,740.0,-0.24196788421742255
s7,Surface,760.0,-0.24724419186447777
s7,Surface,780.0,-0.3654357064299939
s7,Surface,800.0,-0.39127535908370703
s7,Surface,820.0,-0.3235272204923306
s7,Surface,840.0,-0.06043980891719673
s7,Surface,860.0,0.11471814143042944
s7,Surface,880.0,0.13908747906346308
s7,Surface,900.0,0.3603756841615531
s7,Surface,920.0,0.4782486847742703
s7,Surface,940.0,0.5328346219758852
s7,Surface,960.0,0.5532815095807139
s7,Surface,980.0,0.5315806423924906
s7,Structural,0.0,-0.7017775311646335
s7,Structural,20.0,-0.6147412525385134
s7,Structural,40.0,-0.5569444545591691
s7,Structural,60.0,-0.26686380735139836
s7,Structural,80.0,-0.47743507622256215
s7,Structural,100.0,-0.7667537281867512
s7,Structural,120.0,-0.6943280259935061
s7,Structural,140.0,-0.9376890712354489
s7,Structural,160.0,-1.3923670004676358
s7,Structural,180.0,-1.4306306414985444
s7,Structural,200.0,-0.9315133005067514
s7,Structural,220.0,-0.4671614444266303
s7,Structural,240.0,-0.10023029329965566
s7,Structural,260.0,-0.04342727989255768
s7,Structural,280.0,-0.09544471119227127
s7,Structural,300.0,-0.22611906798202275
s7,Structural,320.0,-0.541538185458368
s7,Structural,340.0,-0.34511255028551774
s7,Structural,360.0,-0.05060382329648766
s7,Structural,380.0,-0.22610944831974344
s7,Structural,400.0,-0.1629627820630441
s7,Structural,420.0,0.02048311899689803
s7,Structural,440.0,-0.019427947487641373
s7,Structural,460.0,-0.20083249711121237
s7,Structural,480.0,-0.36080925918995643
s7,Structural,500.0,-0.326969114506669
s7,Structural,520.0,-0.12877831860883304
s7,Structural,540.0,-0.045412194353396024
s7,Structural,560.0,-0.09787822359081977
s7,Structural,580.0,-0.19168260042633273
s7,Structural,600.0,-0.22611065034010192
s7,Structural,620.0,-0.15541758362457309
s7,Structural,640.0,0.18709282226803714
s7,Structural,660.0,0.2786622204542961
s7,Structural,680.0,0.20822691363969706
s7,Structural,700.0,0.22969470386365828
s7,Structural,720.0,0.2933468269128874
s7,Structural,740.0,0.36220042941219716
s7,Structural,760.0,0.20568024766771084
s7,Structural,780.0,0.25083327811125133
s7,Structural,800.0,0.3377436938577895
s7,Structural,820.0,0.31619668414539936
s7,Structural,840.0,0.34174993379523166
s7,Structural,860.0,0.48336847052977816
s7,Structural,880.0,0.64846940697921
s7,Structural,900.0,0.6521195499489556
s7,Structural,920.0,0.5345398599985602
s7,Structural,940.0,0.22943433563980467
s7,Structural,960.0,0.1186294729447358
s7,Structural,980.0,0.2465247059116311
s7,Surface_minus_Structural,0.0,0.9210629840791329
s7,Surface_minus_Structural,20.0,0.8869830273163286
s7,Surface_minus_Structural,40.0,0.9397147585903194
s7,Surface_minus_Structural,60.0,0.7332482809389347
s7,Surface_minus_Structural,80.0,0.9531212773169379
s7,Surface_minus_Structural,100.0,1.3111852978238066
s7,Surface_minus_Structural,120.0,0.869899101456993
s7,Surface_minus_Structural,140.0,0.4327478867440272
s7,Surface_minus_Structural,160.0,0.4592511366434804
s7,Surface_minus_Structural,180.0,-0.12765327347136513
s7,Surface_minus_Structural,200.0,-0.9062229318899914
s7,Surface_minus_Structural,220.0,-1.4500327959803063
s7,Surface_minus_Structural,240.0,-1.4898980825221488
s7,Surface_minus_Structural,260.0,-1.1113421781772561
s7,Surface_minus_Structural,280.0,-0.9777792706998806
s7,Surface_minus_Structural,300.0,-0.7352126899169373
s7,Surface_minus_Structural,320.0,-0.3759721109154691
s7,Surface_minus_Structural,340.0,-0.5525113815773675
s7,Surface_minus_Structural,360.0,-0.613452069127524
s7,Surface_minus_Structural,380.0,-0.47982707048241524
s7,Surface_minus_Structural,400.0,-0.242699037973152
s7,Surface_minus_Structural,420.0,-0.2658851517828424
s7,Surface_minus_Structural,440.0,-0.3162830307844748
s7,Surface_minus_Structural,460.0,-0.028349032808111713
s7,Surface_minus_Structural,480.0,0.1632466758801358
s7,Surface_minus_Structural,500.0,0.01983199588564666
s7,Surface_minus_Structural,520.0,-0.23870389670706194
s7,Surface_minus_Structural,540.0,-0.6736138394492727
s7,Surface_minus_Structural,560.0,-0.5077642529422528
s7,Surface_minus_Structural,580.0,-0.3197715414154482
s7,Surface_minus_Structural,600.0,-0.10082541727747624
s7,Surface_minus_Structural,620.0,-0.09980981899294417
s7,Surface_minus_Structural,640.0,-0.6022623523649839
s7,Surface_minus_Structural,660.0,-0.6737313299135241
s7,Surface_minus_Structural,680.0,-0.5542350019129523
s7,Surface_minus_Structural,700.0,-0.5855976814213137
s7,Surface_minus_Structural,720.0,-0.6494796549769721
s7,Surface_minus_Structural,740.0,-0.6041683136296196
s7,Surface_minus_Structural,760.0,-0.45292443953218864
s7,Surface_minus_Structural,780.0,-0.6162689845412452
s7,Surface_minus_Structural,800.0,-0.7290190529414966
s7,Surface_minus_Structural,820.0,-0.63972390463773
s7,Surface_minus_Structural,840.0,-0.4021897427124284
s7,Surface_minus_Structural,860.0,-0.3686503290993487
s7,Surface_minus_Structural,880.0,-0.5093819279157469
s7,Surface_minus_Structural,900.0,-0.2917438657874025
s7,Surface_minus_Structural,920.0,-0.05629117522428995
s7,Surface_minus_Structural,940.0,0.3034002863360805
s7,Surface_minus_Structural,960.0,0.43465203663597807
s7,Surface_minus_Structural,980.0,0.2850559364808595
s8,FSlim,0.0,0.2158742096186282
s8,FSlim,20.0,0.06515601315485761
s8,FSlim,40.0,-0.003056319262513322
s8,FSlim,60.0,0.02299744420666216
s8,FSlim,80.0,-0.055799014368939685
s8,FSlim,100.0,0.07365970014444707
s8,FSlim,120.0,-0.06973273029084945
s8,FSlim,140.0,-0.1777955599658691
s8,FSlim,160.0,-0.37619102723943687
s8,FSlim,180.0,-0.32957927439741763
s8,FSlim,200.0,-0.3107471232812796
s8,FSlim,220.0,-0.17698185540769837
s8,FSlim,240.0,-0.18530670514735276
s8,FSlim,260.0,-0.2322219089418492
s8,FSlim,280.0,-0.16310236243681805
s8,FSlim,300.0,-0.07243731383864074
s8,FSlim,320.0,-0.04998289332325708
s8,FSlim,340.0,-0.14727865526833883
s8,FSlim,360.0,0.0002622269374251728
s8,FSlim,380.0,0.10996891162305239
s8,FSlim,400.0,-0.06523028539558236
s8,FSlim,420.0,0.07520346596314575
s8,FSlim,440.0,0.04992221207447955
s8,FSlim,460.0,0.06278813758315567
s8,FSlim,480.0,0.08749252952516437
s8,FSlim,500.0,0.09317305016010761
s8,FSlim,520.0,0.014214578421239063
s8,FSlim,540.0,0.070858047386476
s8,FSlim,560.0,-0.010437870484630237
s8,FSlim,580.0,-0.20162765945303365
s8,FSlim,600.0,-0.006141542975837605
s8,FSlim,620.0,0.26701564094342545
s8,FSlim,640.0,0.05388021464958831
s8,FSlim,660.0,-0.1334269165546778
s8,FSlim,680.0,0.009227548129497137
s8,FSlim,700.0,-0.012282189159952037
s8,FSlim,720.0,-0.2615728510974151
s8,FSlim,740.0,-0.3344921914579291
s8,FSlim,760.0,-0.22530717485405008
s8,FSlim,780.0,-0.1694169115157327
s8,FSlim,800.0,-0.22056642361485487
s8,FSlim,820.0,-0.29814169341928964
s8,FSlim,840.0,-0.1571949148354419
s8,FSlim,860.0,-0.14633921213621445
s8,FSlim,880.0,-0.061492930218905034
s8,FSlim,900.0,0.11355058346197033
s8,FSlim,920.0,0.14775590055178361
s8,FSlim,940.0,0.07529909965622551
s8,FSlim,960.0,0.0376892300569914
s8,FSlim,980.0,-0.005562312351950389
s8,Eye,0.0,0.18907552884947113
s8,Eye,20.0,0.1221258200742812
s8,Eye,40.0,-0.011125682585528263
s8,Eye,60.0,-0.30684348705378617
s8,Eye,80.0,-0.11927408603834563
s8,Eye,100.0,-0.06690913381744358
s8,Eye,120.0,-0.16372455208107162
s8,Eye,140.0,-0.06601298405117595
s8,Eye,160.0,-0.0794386228363024
s8,Eye,180.0,-0.21990407192877157
s8,Eye,200.0,-0.3357407654984841
s8,Eye,220.0,-0.15563532348094744
s8,Eye,240.0,-0.10153247684566427
s8,Eye,260.0,-0.22786586290732105
s8,Eye,280.0,-0.39283909733789135
s8,Eye,300.0,-0.3552857702812784
s8,Eye,320.0,-0.5233560115550366
s8,Eye,340.0,-0.4956074579513611
s8,Eye,360.0,-0.40108398047861743
s8,Eye,380.0,-0.48856166483935387
s8,Eye,400.0,-0.5100360018384601
s8,Eye,420.0,0.07752377565786103
s8,Eye,440.0,0.06328057897683938
s8,Eye,460.0,-0.1891205463570757
s8,Eye,480.0,-0.04164318015598821
s8,Eye,500.0,0.1525080131387303
s8,Eye,520.0,-0.02000124721304372
s8,Eye,540.0,-0.13199653691176047
s8,Eye,560.0,0.06075550228067843
s8,Eye,580.0,0.2645038819949955
s8,Eye,600.0,0.08708992901785954
s8,Eye,620.0,-0.27741935795072764
s8,Eye,640.0,-0.20924629615639878
s8,Eye,660.0,-0.021673717705280954
s8,Eye,680.0,0.0845342423131705
s8,Eye,700.0,0.027249372956766063
s8,Eye,720.0,0.05234796314303372
s8,Eye,740.0,-0.027739589382830443
s8,Eye,760.0,-0.03703866242460316
s8,Eye,780.0,-0.19434835215747526
s8,Eye,800.0,-0.04921037152184393
s8,Eye,820.0,-0.13791134758065446
s8,Eye,840.0,-0.14627026945198723
s8,Eye,860.0,-0.12138031477835731
s8,Eye,880.0,-0.08119243303112203
s8,Eye,900.0,-0.15934244554920213
s8,Eye,920.0,-0.35287238879486404
s8,Eye,940.0,-0.23749769798589337
s8,Eye,960.0,-0.07859729111731295
s8,Eye,980.0,-0.1519421172971918
s8,Mouth,0.0,-0.07862504330843706
s8,Mouth,20.0,-0.018163159713050173
s8,Mouth,40.0,0.006268426058699678
s8,Mouth,60.0,0.070120719174043
s8,Mouth,80.0,0.08267384823463124
s8,Mouth,100.0,-0.017442590533716912
s8,Mouth,120.0,-0.2548182402888198
s8,Mouth,140.0,-0.10071424670073537
s8,Mouth,160.0,0.159445742568733
s8,Mouth,180.0,0.04912388244421839
s8,Mouth,200.0,0.12769833455263574
s8,Mouth,220.0,0.04239217065863528
s8,Mouth,240.0,0.09294849166048635
s8,Mouth,260.0,0.1786801042098175
s8,Mouth,280.0,0.19370220160458834
s8,Mouth,300.0,0.1191505422622544
s8,Mouth,320.0,0.0072972442867574525
s8,Mouth,340.0,0.13882817955318688
s8,Mouth,360.0,-0.02030987437601542
s8,Mouth,380.0,-0.16478693092815572
s8,Mouth,400.0,-0.11346855739028187
s8,Mouth,420.0,-0.2108085693307123
s8,Mouth,440.0,0.12245189493664634
s8,Mouth,460.0,0.025463289516983872
s8,Mouth,480.0,-0.15998318579920232
s8,Mouth,500.0,-0.2719236689616194
s8,Mouth,520.0,-0.08079575981789656
s8,Mouth,540.0,-0.0117821017534493
s8,Mouth,560.0,-0.18658771622995185
s8,Mouth,580.0,-0.022626943283073325
s8,Mouth,600.0,-0.0033206059881870365
s8,Mouth,620.0,-0.09299251900947589
s8,Mouth,640.0,-0.30998286310599676
s8,Mouth,660.0,-0.2901804458216533
s8,Mouth,680.0,-0.12355336640276236
s8,Mouth,700.0,0.051636460256209604
s8,Mouth,720.0,-0.0023052465731892846
s8,Mouth,740.0,-0.025122819034679847
s8,Mouth,760.0,-0.0437471618702535
s8,Mouth,780.0,-0.19788658944841503
s8,Mouth,800.0,-0.29129168822884
s8,Mouth,820.0,-0.12594977164183274
s8,Mouth,840.0,0.11843593274526264
s8,Mouth,860.0,0.021678920422083865
s8,Mouth,880.0,-0.0069845345498497635
s8,Mouth,900.0,-0.019224967213570726
s8,Mouth,920.0,-0.032351777101454135
s8,Mouth,940.0,-0.033229867661800826
s8,Mouth,960.0,-0.04931608322989276
s8,Mouth,980.0,0.06257793072061497
s8,Skin,0.0,-0.08467891820494144
s8,Skin,20.0,-0.14798835172609565
s8,Skin,40.0,-0.09569680926568393
s8,Skin,60.0,-0.006701679055331561
s8,Skin,80.0,-0.08597100909704603
s8,Skin,100.0,-0.24245163977844544
s8,Skin,120.0,-0.21396724373812515
s8,Skin,140.0,-0.20195378531522795
s8,Skin,160.0,-0.2997587007106258
s8,Skin,180.0,-0.19202314232296952
s8,Skin,200.0,-0.10830470918667312
s8,Skin,220.0,0.010329759503756197
s8,Skin,240.0,-0.12809737755287579
s8,Skin,260.0,-0.2034119799479581
s8,Skin,280.0,-0.017382395787449684
s8,Skin,300.0,-0.11326445877366363
s8,Skin,320.0,-0.39126279669332886
s8,Skin,340.0,-0.09298014117007736
s8,Skin,360.0,0.14656282361072115
s8,Skin,380.0,0.027191614602850384
s8,Skin,400.0,0.1301573100181879
s8,Skin,420.0,0.1830220675251465
s8,Skin,440.0,0.552667790011236
s8,Skin,460.0,0.5641585421604678
s8,Skin,480.0,0.31065325773277885
s8,Skin,500.0,0.404579311224116
s8,Skin,520.0,0.23790635688822465
s8,Skin,540.0,0.2052454019905789
s8,Skin,560.0,0.12967963848651687
s8,Skin,580.0,0.28942760013584606
s8,Skin,600.0,0.34820964478592403
s8,Skin,620.0,0.46155561757360564
s8,Skin,640.0,0.10690398757619887
s8,Skin,660.0,-0.13860663465192144
s8,Skin,680.0,-0.060842924894998
s8,Skin,700.0,0.07610964499608319
s8,Skin,720.0,0.22358010368334258
s8,Skin,740.0,0.23810408094897964
s8,Skin,760.0,0.1871445522401437
s8,Skin,780.0,0.03713366242764993
s8,Skin,800.0,0.10341432656223216
s8,Skin,820.0,0.052185409506938105
s8,Skin,840.0,0.1612251115568408
s8,Skin,860.0,0.11411710846324113
s8,Skin,880.0,0.1588808112207311
s8,Skin,900.0,0.20091040754159
s8,Skin,920.0,0.10375666170967837
s8,Skin,940.0,0.09260285524910439
s8,Skin,960.0,0.0005099268368528725
s8,Skin,980.0,-0.004412166098554035
s8,Surface,0.0,-0.08165198075668925
s8,Surface,20.0,-0.0830757557195729
s8,Surface,40.0,-0.044714191603492125
s8,Surface,60.0,0.03170952005935572
s8,Surface,80.0,-0.001648580431207393
s8,Surface,100.0,-0.12994711515608118
s8,Surface,120.0,-0.23439274201347246
s8,Surface,140.0,-0.15133401600798166
s8,Surface,160.0,-0.07015647907094641
s8,Surface,180.0,-0.07144962993937556
s8,Surface,200.0,0.00969681268298131
s8,Surface,220.0,0.026360965081195738
s8,Surface,240.0,-0.017574442946194715
s8,Surface,260.0,-0.012365937869070295
s8,Surface,280.0,0.08815990290856933
s8,Surface,300.0,0.0029430417442953827
s8,Surface,320.0,-0.19198277620328572
s8,Surface,340.0,0.022924019191554762
s8,Surface,360.0,0.06312647461735287
s8,Surface,380.0,-0.06879765816265267
s8,Surface,400.0,0.00834437631395301
s8,Surface,420.0,-0.0138932509027829
s8,Surface,440.0,0.33755984247394116
s8,Surface,460.0,0.2948109158387258
s8,Surface,480.0,0.07533503596678827
s8,Surface,500.0,0.0663278211312483
s8,Surface,520.0,0.07855529853516405
s8,Surface,540.0,0.0967316501185648
s8,Surface,560.0,-0.02845403887171749
s8,Surface,580.0,0.13340032842638638
s8,Surface,600.0,0.1724445193988685
s8,Surface,620.0,0.18428154928206486
s8,Surface,640.0,-0.10153943776489895
s8,Surface,660.0,-0.21439354023678736
s8,Surface,680.0,-0.09219814564888018
s8,Surface,700.0,0.0638730526261464
s8,Surface,720.0,0.11063742855507665
s8,Surface,740.0,0.10649063095714989
s8,Surface,760.0,0.0716986951849451
s8,Surface,780.0,-0.08037646351038255
s8,Surface,800.0,-0.09393868083330392
s8,Surface,820.0,-0.03688218106744732
s8,Surface,840.0,0.1398305221510517
s8,Surface,860.0,0.0678980144426625
s8,Surface,880.0,0.07594813833544067
s8,Surface,900.0,0.09084272016400964
s8,Surface,920.0,0.03570244230411212
s8,Surface,940.0,0.02968649379365178
s8,Surface,960.0,-0.024403078196519944
s8,Surface,980.0,0.02908288231103047
s8,Structural,0.0,0.20247486923404967
s8,Structural,20.0,0.09364091661456941
s8,Structural,40.0,-0.007091000924020792
s8,Structural,60.0,-0.141923021423562
s8,Structural,80.0,-0.08753655020364266
s8,Structural,100.0,0.0033752831635017466
s8,Structural,120.0,-0.11672864118596053
s8,Structural,140.0,-0.12190427200852252
s8,Structural,160.0,-0.22781482503786965
s8,Structural,180.0,-0.2747416731630946
s8,Structural,200.0,-0.32324394438988185
s8,Structural,220.0,-0.16630858944432292
s8,Structural,240.0,-0.14341959099650853
s8,Structural,260.0,-0.23004388592458513
s8,Structural,280.0,-0.2779707298873547
s8,Structural,300.0,-0.21386154205995955
s8,Structural,320.0,-0.2866694524391469
s8,Structural,340.0,-0.32144305660984995
s8,Structural,360.0,-0.20041087677059613
s8,Structural,380.0,-0.18929637660815074
s8,Structural,400.0,-0.28763314361702125
s8,Structural,420.0,0.0763636208105034
s8,Structural,440.0,0.05660139552565946
s8,Structural,460.0,-0.06316620438696002
s8,Structural,480.0,0.02292467468458808
s8,Structural,500.0,0.12284053164941897
s8,Structural,520.0,-0.002893334395902329
s8,Structural,540.0,-0.030569244762642236
s8,Structural,560.0,0.025158815898024094
s8,Structural,580.0,0.03143811127098094
s8,Structural,600.0,0.04047419302101097
s8,Structural,620.0,-0.005201858503651097
s8,Structural,640.0,-0.07768304075340524
s8,Structural,660.0,-0.07755031712997938
s8,Structural,680.0,0.04688089522133382
s8,Structural,700.0,0.007483591898407013
s8,Structural,720.0,-0.1046124439771907
s8,Structural,740.0,-0.18111589042037976
s8,Structural,760.0,-0.13117291863932662
s8,Structural,780.0,-0.18188263183660397
s8,Structural,800.0,-0.13488839756834942
s8,Structural,820.0,-0.21802652049997207
s8,Structural,840.0,-0.15173259214371457
s8,Structural,860.0,-0.1338597634572859
s8,Structural,880.0,-0.07134268162501353
s8,Structural,900.0,-0.022895931043615897
s8,Structural,920.0,-0.10255824412154022
s8,Structural,940.0,-0.08109929916483394
s8,Structural,960.0,-0.020454030530160774
s8,Structural,980.0,-0.07875221482457109
s8,Surface_minus_Structural,0.0,-0.2841268499907389
s8,Surface_minus_Structural,20.0,-0.17671667233414232
s8,Surface_minus_Structural,40.0,-0.037623190679471334
s8,Surface_minus_Structural,60.0,0.17363254148291773
s8,Surface_minus_Structural,80.0,0.08588796977243526
s8,Surface_minus_Structural,100.0,-0.13332239831958292
s8,Surface_minus_Structural,120.0,-0.11766410082751193
s8,Surface_minus_Structural,140.0,-0.029429743999459135
s8,Surface_minus_Structural,160.0,0.15765834596692324
s8,Surface_minus_Structural,180.0,0.20329204322371905
s8,Surface_minus_Structural,200.0,0.3329407570728632
s8,Surface_minus_Structural,220.0,0.19266955452551865
s8,Surface_minus_Structural,240.0,0.12584514805031383
s8,Surface_minus_Structural,260.0,0.21767794805551482
s8,Surface_minus_Structural,280.0,0.36613063279592406
s8,Surface_minus_Structural,300.0,0.21680458380425494
s8,Surface_minus_Structural,320.0,0.09468667623586116
s8,Surface_minus_Structural,340.0,0.3443670758014047
s8,Surface_minus_Structural,360.0,0.263537351387949
s8,Surface_minus_Structural,380.0,0.12049871844549807
s8,Surface_minus_Structural,400.0,0.29597751993097426
s8,Surface_minus_Structural,420.0,-0.0902568717132863
s8,Surface_minus_Structural,440.0,0.2809584469482817
s8,Surface_minus_Structural,460.0,0.35797712022568584
s8,Surface_minus_Structural,480.0,0.05241036128220019
s8,Surface_minus_Structural,500.0,-0.05651271051817067
s8,Surface_minus_Structural,520.0,0.08144863293106638
s8,Surface_minus_Structural,540.0,0.12730089488120705
s8,Surface_minus_Structural,560.0,-0.053612854769741584
s8,Surface_minus_Structural,580.0,0.10196221715540545
s8,Surface_minus_Structural,600.0,0.13197032637785755
s8,Surface_minus_Structural,620.0,0.18948340778571596
s8,Surface_minus_Structural,640.0,-0.02385639701149371
s8,Surface_minus_Structural,660.0,-0.13684322310680797
s8,Surface_minus_Structural,680.0,-0.139079040870214
s8,Surface_minus_Structural,700.0,0.056389460727739385
s8,Surface_minus_Structural,720.0,0.21524987253226735
s8,Surface_minus_Structural,740.0,0.2876065213775296
s8,Surface_minus_Structural,760.0,0.2028716138242717
s8,Surface_minus_Structural,780.0,0.10150616832622142
s8,Surface_minus_Structural,800.0,0.040949716735045494
s8,Surface_minus_Structural,820.0,0.18114433943252475
s8,Surface_minus_Structural,840.0,0.2915631142947663
s8,Surface_minus_Structural,860.0,0.2017577778999484
s8,Surface_minus_Structural,880.0,0.1472908199604542
s8,Surface_minus_Structural,900.0,0.11373865120762554
s8,Surface_minus_Structural,920.0,0.13826068642565234
s8,Surface_minus_Structural,940.0,0.11078579295848572
s8,Surface_minus_Structural,960.0,-0.00394904766635917
s8,Surface_minus_Structural,980.0,0.10783509713560156
s9,FSlim,0.0,0.12438937422612405
s9,FSlim,20.0,0.021419619764967424
s9,FSlim,40.0,-0.046763628698905754
s9,FSlim,60.0,-0.10267025583900033
s9,FSlim,80.0,-0.21817448189622643
s9,FSlim,100.0,-0.2727810608654856
s9,FSlim,120.0,-0.13567733740673868
s9,FSlim,140.0,0.008908388011758438
s9,FSlim,160.0,0.18321192156912566
s9,FSlim,180.0,-0.0454735507551344
s9,FSlim,200.0,-0.047106209101540855
s9,FSlim,220.0,0.08093829717411849
s9,FSlim,240.0,0.11508639738405511
s9,FSlim,260.0,-0.07554359256270426
s9,FSlim,280.0,-0.046512435390062626
s9,FSlim,300.0,0.26945537887648097
s9,FSlim,320.0,-0.0028566579690085508
s9,FSlim,340.0,-0.12379300510611294
s9,FSlim,360.0,0.04175262617928145
s9,FSlim,380.0,-0.0761437274859599
s9,FSlim,400.0,0.2557734007501329
s9,FSlim,420.0,0.3007958802135791
s9,FSlim,440.0,-0.11627730655898924
s9,FSlim,460.0,-0.20076982709700567
s9,FSlim,480.0,0.19636182341207636
s9,FSlim,500.0,0.3040937999807975
s9,FSlim,520.0,-0.10626965371345093
s9,FSlim,540.0,-0.1540806142103497
s9,FSlim,560.0,-0.15550311456013868
s9,FSlim,580.0,-0.33613168944745053
s9,FSlim,600.0,-0.4335278361346501
s9,FSlim,620.0,-0.358740701261126
s9,FSlim,640.0,0.14151597808393104
s9,FSlim,660.0,0.27969121380044953
s9,FSlim,680.0,0.08075242431454804
s9,FSlim,700.0,0.09740620566504965
s9,FSlim,720.0,0.15180675802932697
s9,FSlim,740.0,0.3013962087978437
s9,FSlim,760.0,0.20363992474108342
s9,FSlim,780.0,-0.026380210634250778
s9,FSlim,800.0,0.038915534361884885
s9,FSlim,820.0,-0.1597893099483727
s9,FSlim,840.0,-0.1392526491288696
s9,FSlim,860.0,-0.005139136470386607
s9,FSlim,880.0,0.12217064562179475
s9,FSlim,900.0,0.1649398003657917
s9,FSlim,920.0,0.41545938776689595
s9,FSlim,940.0,0.5669769751351729
s9,FSlim,960.0,0.6189498663219103
s9,FSlim,980.0,0.4881093163578275
s9,Eye,0.0,0.026556083886509874
s9,Eye,20.0,-0.18709428308959525
s9,Eye,40.0,-0.08074024836963549
s9,Eye,60.0,-0.20716800593651524
s9,Eye,80.0,-0.3621644961134052
s9,Eye,100.0,-0.24161046720673993
s9,Eye,120.0,-0.058930511159099475
s9,Eye,140.0,-0.08107671597960264
s9,Eye,160.0,-0.05834470230294604
s9,Eye,180.0,-0.15228847792826675
s9,Eye,200.0,-0.3794771491233897
s9,Eye,220.0,-0.38662403403278645
s9,Eye,240.0,-0.3320009097727939
s9,Eye,260.0,-0.10218873320691257
s9,Eye,280.0,-0.05512164449897522
s9,Eye,300.0,-0.025191267680700805
s9,Eye,320.0,0.1354435737518099
s9,Eye,340.0,0.10694501567807338
s9,Eye,360.0,0.03537238475073337
s9,Eye,380.0,0.09820513047909273
s9,Eye,400.0,-0.2216312190792741
s9,Eye,420.0,-0.03809330950040326
s9,Eye,440.0,0.5412110798076287
s9,Eye,460.0,0.18044534047952854
s9,Eye,480.0,-0.1743547523412909
s9,Eye,500.0,0.5070230156494981
s9,Eye,520.0,0.6397287614930677
s9,Eye,540.0,0.06054371188090102
s9,Eye,560.0,-0.012792906214013675
s9,Eye,580.0,0.2833227663975087
s9,Eye,600.0,0.6558646245851361
s9,Eye,620.0,0.2533486104549422
s9,Eye,640.0,0.06786588041985836
s9,Eye,660.0,0.48673639280833947
s9,Eye,680.0,0.5617395625988639
s9,Eye,700.0,0.2668763505760458
s9,Eye,720.0,0.2587331275943236
s9,Eye,740.0,0.11278084407078975
s9,Eye,760.0,0.2856550888049622
s9,Eye,780.0,0.3348338635811823
s9,Eye,800.0,0.1390312194181867
s9,Eye,820.0,0.2924368364526351
s9,Eye,840.0,0.343558750106679
s9,Eye,860.0,0.3765620504348405
s9,Eye,880.0,0.5785158195271156
s9,Eye,900.0,0.5005311754752858
s9,Eye,920.0,0.46371972074163925
s9,Eye,940.0,0.4447538421958293
s9,Eye,960.0,0.48689858435891
s9,Eye,980.0,0.5085475648845211
s9,Mouth,0.0,-0.15491994701097525
s9,Mouth,20.0,-0.24402984112691564
s9,Mouth,40.0,-0.4812431636738115
s9,Mouth,60.0,-0.3962425610549385
s9,Mouth,80.0,-0.43741663362661576
s9,Mouth,100.0,-0.21901501715801455
s9,Mouth,120.0,-0.16817040976913114
s9,Mouth,140.0,-0.14431966167624347
s9,Mouth,160.0,-0.21405502093881115
s9,Mouth,180.0,-0.4763352656592732
s9,Mouth,200.0,-0.20382427144845988
s9,Mouth,220.0,-0.3220107099295059
s9,Mouth,240.0,-0.2926608043003312
s9,Mouth,260.0,-0.36803969486236343
s9,Mouth,280.0,-0.5570607688000915
s9,Mouth,300.0,-0.5604448552474086
s9,Mouth,320.0,-0.3873443424715234
s9,Mouth,340.0,-0.3508511032403259
s9,Mouth,360.0,-0.3878766295457796
s9,Mouth,380.0,-0.43721521074483266
s9,Mouth,400.0,-0.45973426748938595
s9,Mouth,420.0,-0.3672017283444357
s9,Mouth,440.0,-0.43013685101111204
s9,Mouth,460.0,-0.5570420519657058
s9,Mouth,480.0,-0.26761213256278493
s9,Mouth,500.0,-0.2882893028021932
s9,Mouth,520.0,-0.5858140538348184
s9,Mouth,540.0,-0.39918003531690566
s9,Mouth,560.0,-0.2078449394522972
s9,Mouth,580.0,-0.15363238909135302
s9,Mouth,600.0,-0.33268878453751904
s9,Mouth,620.0,-0.5232700680092522
s9,Mouth,640.0,-0.32409179440613745
s9,Mouth,660.0,-0.5004578694950124
s9,Mouth,680.0,-0.16416702634882907
s9,Mouth,700.0,-0.2257518009797886
s9,Mouth,720.0,-0.40840514077942625
s9,Mouth,740.0,-0.3065439748601935
s9,Mouth,760.0,-0.359441707164044
s9,Mouth,780.0,-0.26205277690268836
s9,Mouth,800.0,-0.13939160436361625
s9,Mouth,820.0,-0.15331265734125604
s9,Mouth,840.0,-0.11091091031972952
s9,Mouth,860.0,-0.1155199411365106
s9,Mouth,880.0,-0.1227180032208019
s9,Mouth,900.0,-0.24046430875159486
s9,Mouth,920.0,-0.07215821707813663
s9,Mouth,940.0,-0.40893187636128986
s9,Mouth,960.0,-0.3618900039445856
s9,Mouth,980.0,-0.4570738657939376
s9,Skin,0.0,0.269663335826813
s9,Skin,20.0,0.29645928564715424
s9,Skin,40.0,0.5450260814524273
s9,Skin,60.0,0.3780382869700351
s9,Skin,80.0,0.11318276930403684
s9,Skin,100.0,0.0310657713288484
s9,Skin,120.0,0.05055926267914588
s9,Skin,140.0,-0.024232768123809097
s9,Skin,160.0,-0.11625347913817109
s9,Skin,180.0,0.012312583516548403
s9,Skin,200.0,0.08572827211478834
s9,Skin,220.0,-0.0498669923388147
s9,Skin,240.0,-0.1483635569653475
s9,Skin,260.0,0.11256989292924963
s9,Skin,280.0,0.16176938698852988
s9,Skin,300.0,-0.16561260944682604
s9,Skin,320.0,-0.23622807108887073
s9,Skin,340.0,-0.19258474825890282
s9,Skin,360.0,-0.348778058188204
s9,Skin,380.0,-0.4852716064068583
s9,Skin,400.0,-0.3129529459880681
s9,Skin,420.0,0.04268695179541142
s9,Skin,440.0,-0.36417035754334215
s9,Skin,460.0,-0.625767618984886
s9,Skin,480.0,-0.35085677530674253
s9,Skin,500.0,-0.3838508989671304
s9,Skin,520.0,-0.2654357392341535
s9,Skin,540.0,-0.2182602195487488
s9,Skin,560.0,-0.2763945006756327
s9,Skin,580.0,-0.41862313291897685
s9,Skin,600.0,-0.051597414638935246
s9,Skin,620.0,0.1343064269427628
s9,Skin,640.0,-0.16662360065893245
s9,Skin,660.0,-0.2927600673400321
s9,Skin,680.0,-0.08580715396419322
s9,Skin,700.0,-0.14219823425226832
s9,Skin,720.0,-0.11803911173449153
s9,Skin,740.0,0.18087295030827105
s9,Skin,760.0,0.14502392073293935
s9,Skin,780.0,0.16252467028184725
s9,Skin,800.0,-0.1301497705056576
s9,Skin,820.0,-0.45390037568658714
s9,Skin,840.0,-0.3175044307024458
s9,Skin,860.0,-0.12012350472051345
s9,Skin,880.0,-0.27534084264576725
s9,Skin,900.0,-0.3796586021790353
s9,Skin,920.0,-0.3142282073486609
s9,Skin,940.0,-0.46225469833068383
s9,Skin,960.0,-0.5618380938713984
s9,Skin,980.0,-0.5574250364659149
s9,Surface,0.0,0.05737169440791888
s9,Surface,20.0,0.026214722260119297
s9,Surface,40.0,0.03189145888930789
s9,Surface,60.0,-0.009102137042451691
s9,Surface,80.0,-0.16211693216128947
s9,Surface,100.0,-0.09397462291458308
s9,Surface,120.0,-0.058805573544992634
s9,Surface,140.0,-0.08427621490002628
s9,Surface,160.0,-0.16515425003849113
s9,Surface,180.0,-0.2320113410713624
s9,Surface,200.0,-0.05904799966683577
s9,Surface,220.0,-0.1859388511341603
s9,Surface,240.0,-0.22051218063283934
s9,Surface,260.0,-0.1277349009665569
s9,Surface,280.0,-0.1976456909057808
s9,Surface,300.0,-0.3630287323471173
s9,Surface,320.0,-0.3117862067801971
s9,Surface,340.0,-0.2717179257496144
s9,Surface,360.0,-0.36832734386699184
s9,Surface,380.0,-0.46124340857584545
s9,Surface,400.0,-0.38634360673872703
s9,Surface,420.0,-0.16225738827451214
s9,Surface,440.0,-0.3971536042772271
s9,Surface,460.0,-0.5914048354752959
s9,Surface,480.0,-0.30923445393476373
s9,Surface,500.0,-0.3360701008846618
s9,Surface,520.0,-0.425624896534486
s9,Surface,540.0,-0.30872012743282723
s9,Surface,560.0,-0.24211972006396495
s9,Surface,580.0,-0.2861277610051649
s9,Surface,600.0,-0.19214309958822715
s9,Surface,620.0,-0.19448182053324473
s9,Surface,640.0,-0.24535769753253495
s9,Surface,660.0,-0.39660896841752225
s9,Surface,680.0,-0.12498709015651115
s9,Surface,700.0,-0.18397501761602847
s9,Surface,720.0,-0.2632221262569589
s9,Surface,740.0,-0.06283551227596124
s9,Surface,760.0,-0.10720889321555233
s9,Surface,780.0,-0.04976405331042055
s9,Surface,800.0,-0.13477068743463694
s9,Surface,820.0,-0.30360651651392156
s9,Surface,840.0,-0.21420767051108763
s9,Surface,860.0,-0.11782172292851202
s9,Surface,880.0,-0.19902942293328457
s9,Surface,900.0,-0.31006145546531505
s9,Surface,920.0,-0.19319321221339877
s9,Surface,940.0,-0.43559328734598685
s9,Surface,960.0,-0.461864048907992
s9,Surface,980.0,-0.5072494511299263
s9,Structural,0.0,0.07547272905631697
s9,Structural,20.0,-0.08283733166231391
s9,Structural,40.0,-0.06375193853427062
s9,Structural,60.0,-0.15491913088775777
s9,Structural,80.0,-0.2901694890048158
s9,Structural,100.0,-0.2571957640361128
s9,Structural,120.0,-0.09730392428291908
s9,Structural,140.0,-0.0360841639839221
s9,Structural,160.0,0.06243360963308981
s9,Structural,180.0,-0.09888101434170057
s9,Structural,200.0,-0.21329167911246527
s9,Structural,220.0,-0.15284286842933398
s9,Structural,240.0,-0.10845725619436938
s9,Structural,260.0,-0.08886616288480842
s9,Structural,280.0,-0.05081703994451892
s9,Structural,300.0,0.12213205559789009
s9,Structural,320.0,0.06629345789140068
s9,Structural,340.0,-0.008423994714019778
s9,Structural,360.0,0.03856250546500741
s9,Structural,380.0,0.01103070149656641
s9,Structural,400.0,0.01707109083542939
s9,Structural,420.0,0.13135128535658794
s9,Structural,440.0,0.21246688662431973
s9,Structural,460.0,-0.010162243308738564
s9,Structural,480.0,0.011003535535392739
s9,Structural,500.0,0.40555840781514785
s9,Structural,520.0,0.26672955388980835
s9,Structural,540.0,-0.046768451164724334
s9,Structural,560.0,-0.08414801038707617
s9,Structural,580.0,-0.026404461524970918
s9,Structural,600.0,0.11116839422524297
s9,Structural,620.0,-0.05269604540309189
s9,Structural,640.0,0.1046909292518947
s9,Structural,660.0,0.3832138033043945
s9,Structural,680.0,0.321245993456706
s9,Structural,700.0,0.18214127812054773
s9,Structural,720.0,0.20526994281182528
s9,Structural,740.0,0.20708852643431672
s9,Structural,760.0,0.24464750677302283
s9,Structural,780.0,0.15422682647346575
s9,Structural,800.0,0.08897337689003579
s9,Structural,820.0,0.06632376325213118
s9,Structural,840.0,0.10215305048890472
s9,Structural,860.0,0.18571145698222694
s9,Structural,880.0,0.3503432325744552
s9,Structural,900.0,0.33273548792053875
s9,Structural,920.0,0.4395895542542676
s9,Structural,940.0,0.5058654086655011
s9,Structural,960.0,0.5529242253404101
s9,Structural,980.0,0.4983284406211743
s9,Surface_minus_Structural,0.0,-0.018101034648398087
s9,Surface_minus_Structural,20.0,0.10905205392243321
s9,Surface_minus_Structural,40.0,0.09564339742357851
s9,Surface_minus_Structural,60.0,0.14581699384530608
s9,Surface_minus_Structural,80.0,0.12805255684352634
s9,Surface_minus_Structural,100.0,0.1632211411215297
s9,Surface_minus_Structural,120.0,0.03849835073792644
s9,Surface_minus_Structural,140.0,-0.04819205091610418
s9,Surface_minus_Structural,160.0,-0.22758785967158093
s9,Surface_minus_Structural,180.0,-0.13313032672966182
s9,Surface_minus_Structural,200.0,0.1542436794456295
s9,Surface_minus_Structural,220.0,-0.03309598270482633
s9,Surface_minus_Structural,240.0,-0.11205492443846995
s9,Surface_minus_Structural,260.0,-0.03886873808174848
s9,Surface_minus_Structural,280.0,-0.14682865096126188
s9,Surface_minus_Structural,300.0,-0.4851607879450074
s9,Surface_minus_Structural,320.0,-0.37807966467159776
s9,Surface_minus_Structural,340.0,-0.2632939310355946
s9,Surface_minus_Structural,360.0,-0.40688984933199923
s9,Surface_minus_Structural,380.0,-0.4722741100724119
s9,Surface_minus_Structural,400.0,-0.40341469757415643
s9,Surface_minus_Structural,420.0,-0.2936086736311001
s9,Surface_minus_Structural,440.0,-0.6096204909015468
s9,Surface_minus_Structural,460.0,-0.5812425921665573
s9,Surface_minus_Structural,480.0,-0.32023798947015647
s9,Surface_minus_Structural,500.0,-0.7416285086998097
s9,Surface_minus_Structural,520.0,-0.6923544504242943
s9,Surface_minus_Structural,540.0,-0.2619516762681029
s9,Surface_minus_Structural,560.0,-0.15797170967688878
s9,Surface_minus_Structural,580.0,-0.259723299480194
s9,Surface_minus_Structural,600.0,-0.3033114938134701
s9,Surface_minus_Structural,620.0,-0.14178577513015284
s9,Surface_minus_Structural,640.0,-0.35004862678442966
s9,Surface_minus_Structural,660.0,-0.7798227717219167
s9,Surface_minus_Structural,680.0,-0.4462330836132172
s9,Surface_minus_Structural,700.0,-0.3661162957365762
s9,Surface_minus_Structural,720.0,-0.46849206906878416
s9,Surface_minus_Structural,740.0,-0.2699240387102779
s9,Surface_minus_Structural,760.0,-0.35185639998857515
s9,Surface_minus_Structural,780.0,-0.2039908797838863
s9,Surface_minus_Structural,800.0,-0.22374406432467273
s9,Surface_minus_Structural,820.0,-0.36993027976605275
s9,Surface_minus_Structural,840.0,-0.31636072099999235
s9,Surface_minus_Structural,860.0,-0.30353317991073897
s9,Surface_minus_Structural,880.0,-0.5493726555077398
s9,Surface_minus_Structural,900.0,-0.6427969433858538
s9,Surface_minus_Structural,920.0,-0.6327827664676664
s9,Surface_minus_Structural,940.0,-0.9414586960114879
s9,Surface_minus_Structural,960.0,-1.014788274248402
s9,Surface_minus_Structural,980.0,-1.0055778917511007
s10,FSlim,0.0,0.25902557253176306
s10,FSlim,20.0,0.03894812113228733
s10,FSlim,40.0,-0.3213237824537689
s10,FSlim,60.0,-0.15593284256860795
s10,FSlim,80.0,0.1447127021837052
s10,FSlim,100.0,-0.21159481573106678
s10,FSlim,120.0,-0.32658542142235675
s10,FSlim,140.0,-0.2705227447693133
s10,FSlim,160.0,-0.22665205558278848
s10,FSlim,180.0,-0.48174180580819354
s10,FSlim,200.0,-0.46300512609693467
s10,FSlim,220.0,0.06373803495606525
s10,FSlim,240.0,0.18444052212709683
s10,FSlim,260.0,0.1123853890201387
s10,FSlim,280.0,0.1795765783779706
s10,FSlim,300.0,0.16824460269567734
s10,FSlim,320.0,0.048935307567400776
s10,FSlim,340.0,-0.08706222906397278
s10,FSlim,360.0,0.3238476398682423
s10,FSlim,380.0,0.18230296319342704
s10,FSlim,400.0,-0.5679546815261706
s10,FSlim,420.0,0.09941053391174971
s10,FSlim,440.0,0.584330203636212
s10,FSlim,460.0,0.0142590083806661
s10,FSlim,480.0,-0.2861162432128951
s10,FSlim,500.0,0.5243014173742571
s10,FSlim,520.0,0.9680541503244859
s10,FSlim,540.0,0.26137762345536697
s10,FSlim,560.0,-0.16245760428752776
s10,FSlim,580.0,0.38833673880051356
s10,FSlim,600.0,0.7729533217776173
s10,FSlim,620.0,0.33495072123577996
s10,FSlim,640.0,-0.34128656068055474
s10,FSlim,660.0,0.037072568584933574
s10,FSlim,680.0,0.31032182828675786
s10,FSlim,700.0,0.11442575080668176
s10,FSlim,720.0,0.07696444277356498
s10,FSlim,740.0,0.05264251065412813
s10,FSlim,760.0,-0.0950873678144698
s10,FSlim,780.0,-0.39458940513003865
s10,FSlim,800.0,-0.4576788194381927
s10,FSlim,820.0,-0.25913803109737876
s10,FSlim,840.0,-0.11174949821380173
s10,FSlim,860.0,-0.3695514361720494
s10,FSlim,880.0,-0.4348661641070153
s10,FSlim,900.0,-0.3397742418896463
s10,FSlim,920.0,-0.2960303260241599
s10,FSlim,940.0,-0.20652794245821346
s10,FSlim,960.0,-0.13155981454934124
s10,FSlim,980.0,-0.1412047432757474
s10,Eye,0.0,0.17005601981492496
s10,Eye,20.0,0.286800522843288
s10,Eye,40.0,0.5393551198814622
s10,Eye,60.0,0.2676881958797939
s10,Eye,80.0,0.10339612377419193
s10,Eye,100.0,0.21384914814510314
s10,Eye,120.0,0.327062492883661
s10,Eye,140.0,-0.10902043702946489
s10,Eye,160.0,-0.116975113170953
s10,Eye,180.0,0.14660477847557354
s10,Eye,200.0,0.26410741978133095
s10,Eye,220.0,0.4002587620964509
s10,Eye,240.0,0.1645243772952265
s10,Eye,260.0,0.19191792833310847
s10,Eye,280.0,0.15478872792676893
s10,Eye,300.0,0.08754877384475504
s10,Eye,320.0,-0.1423279371676071
s10,Eye,340.0,-0.32650731641313185
s10,Eye,360.0,-0.20948843903063502
s10,Eye,380.0,-0.6023692118518844
s10,Eye,400.0,-0.6491161724726943
s10,Eye,420.0,-0.37646598385216573
s10,Eye,440.0,-0.4693741993361408
s10,Eye,460.0,-0.6910061206280104
s10,Eye,480.0,-0.2956552965693491
s10,Eye,500.0,-0.35309819578719065
s10,Eye,520.0,-0.8417672688125764
s10,Eye,540.0,-0.7531771973353434
s10,Eye,560.0,0.10931268238624553
s10,Eye,580.0,-0.16447716363941356
s10,Eye,600.0,-0.9162403658008194
s10,Eye,620.0,-0.5366145654074832
s10,Eye,640.0,0.15710837608029796
s10,Eye,660.0,-0.2781272906074219
s10,Eye,680.0,-0.5505087923015566
s10,Eye,700.0,-0.4366415599872644
s10,Eye,720.0,-0.36311855463106274
s10,Eye,740.0,-0.2824220204858487
s10,Eye,760.0,-0.28735876414793377
s10,Eye,780.0,-0.22462420027619762
s10,Eye,800.0,-0.37424927521062323
s10,Eye,820.0,-0.3875798581084112
s10,Eye,840.0,-0.4116967659279678
s10,Eye,860.0,-0.12965979545055825
s10,Eye,880.0,0.04690760718470596
s10,Eye,900.0,0.036821160287148554
s10,Eye,920.0,-0.018486654386765528
s10,Eye,940.0,-0.057137856895688205
s10,Eye,960.0,-0.16281868480325723
s10,Eye,980.0,-0.39208138243680246
s10,Mouth,0.0,-0.150552441220921
s10,Mouth,20.0,0.007954527970771147
s10,Mouth,40.0,0.1569533794487703
s10,Mouth,60.0,0.08035760398398903
s10,Mouth,80.0,0.22119015172423107
s10,Mouth,100.0,0.2669150423856641
s10,Mouth,120.0,0.2250158342493248
s10,Mouth,140.0,0.1979185001451537
s10,Mouth,160.0,0.12193747603525791
s10,Mouth,180.0,0.27902162191633945
s10,Mouth,200.0,0.5373881192190968
s10,Mouth,220.0,0.4407316758003027
s10,Mouth,240.0,0.4922820296205649
s10,Mouth,260.0,0.13134658229643048
s10,Mouth,280.0,0.09750994515047677
s10,Mouth,300.0,0.09799942289944996
s10,Mouth,320.0,0.11380536214989671
s10,Mouth,340.0,0.04989521210702569
s10,Mouth,360.0,-0.16403329205157313
s10,Mouth,380.0,-0.13660118300204302
s10,Mouth,400.0,0.6204272735057066
s10,Mouth,420.0,0.6444720293049893
s10,Mouth,440.0,-0.06068912234499879
s10,Mouth,460.0,-0.13957843575095974
s10,Mouth,480.0,0.5654558159776235
s10,Mouth,500.0,0.5927888021728873
s10,Mouth,520.0,-0.012779497092895331
s10,Mouth,540.0,0.017030860312307508
s10,Mouth,560.0,0.565167692802395
s10,Mouth,580.0,0.9528977565903509
s10,Mouth,600.0,0.6883576485465827
s10,Mouth,620.0,0.3597141288432419
s10,Mouth,640.0,0.28019614562156525
s10,Mouth,660.0,0.2609011000341437
s10,Mouth,680.0,0.23739477567536263
s10,Mouth,700.0,-0.04348059154704517
s10,Mouth,720.0,-0.11533745582843656
s10,Mouth,740.0,0.05143747884483971
s10,Mouth,760.0,-0.07498636611283468
s10,Mouth,780.0,-0.5826235669498451
s10,Mouth,800.0,-0.4629712363809253
s10,Mouth,820.0,-0.11474953874781298
s10,Mouth,840.0,0.18901937784097933
s10,Mouth,860.0,0.3892317949309575
s10,Mouth,880.0,0.29611168142846456
s10,Mouth,900.0,0.17629363430811718
s10,Mouth,920.0,0.17292295974226632
s10,Mouth,940.0,0.45018218640837604
s10,Mouth,960.0,0.3772179347669422
s10,Mouth,980.0,0.097121951662121
s10,Skin,0.0,-0.629081156662066
s10,Skin,20.0,-0.5342571258782711
s10,Skin,40.0,-0.12737952618674583
s10,Skin,60.0,0.021456405758465608
s10,Skin,80.0,0.08232793156354833
s10,Skin,100.0,0.10285468167827871
s10,Skin,120.0,-0.19873533789999026
s10,Skin,140.0,-0.18626136732360693
s10,Skin,160.0,-0.11652537357849611
s10,Skin,180.0,-0.13119074979220274
s10,Skin,200.0,-0.1291624525798383
s10,Skin,220.0,-0.005157603995588931
s10,Skin,240.0,0.12208515689109634
s10,Skin,260.0,0.09382852266167467
s10,Skin,280.0,-0.04797090588354574
s10,Skin,300.0,-0.08143268650333037
s10,Skin,320.0,-0.3123489238282576
s10,Skin,340.0,-0.6522874613557669
s10,Skin,360.0,-0.4663455833296756
s10,Skin,380.0,-0.5347723611043664
s10,Skin,400.0,-0.7562123976448158
s10,Skin,420.0,-0.7604363960159275
s10,Skin,440.0,-0.6352050927189157
s10,Skin,460.0,-0.8839916894843285
s10,Skin,480.0,-1.0008814745733856
s10,Skin,500.0,-0.5462616456869283
s10,Skin,520.0,-0.2915970009697918
s10,Skin,540.0,-0.7478985134942207
s10,Skin,560.0,-0.7933068863691041
s10,Skin,580.0,-0.49589041562357505
s10,Skin,600.0,-0.11718180269955394
s10,Skin,620.0,0.40433126962151217
s10,Skin,640.0,-0.3466862654227302
s10,Skin,660.0,-0.7637794593371448
s10,Skin,680.0,0.0006493412666659926
s10,Skin,700.0,0.4233175024999137
s10,Skin,720.0,0.10483250423425802
s10,Skin,740.0,-0.33353670409393055
s10,Skin,760.0,-0.20135709971403998
s10,Skin,780.0,0.22518701799631075
s10,Skin,800.0,0.13959130320074456
s10,Skin,820.0,-0.08339090860416154
s10,Skin,840.0,-0.11542350597739562
s10,Skin,860.0,-0.0773346224459112
s10,Skin,880.0,-0.2838530006424553
s10,Skin,900.0,-0.45900527095315174
s10,Skin,920.0,-0.25859486635944506
s10,Skin,940.0,0.03203819140101481
s10,Skin,960.0,-0.04636994440804852
s10,Skin,980.0,-0.3160626489475638
s10,Surface,0.0,-0.3898167989414935
s10,Surface,20.0,-0.26315129895375
s10,Surface,40.0,0.014786926631012234
s10,Surface,60.0,0.05090700487122732
s10,Surface,80.0,0.1517590416438897
s10,Surface,100.0,0.1848848620319714
s10,Surface,120.0,0.013140248174667274
s10,Surface,140.0,0.005828566410773381
s10,Surface,160.0,0.0027060512283808985
s10,Surface,180.0,0.07391543606206835
s10,Surface,200.0,0.20411283331962926
s10,Surface,220.0,0.21778703590235687
s10,Surface,240.0,0.3071835932558306
s10,Surface,260.0,0.11258755247905258
s10,Surface,280.0,0.024769519633465516
s10,Surface,300.0,0.008283368198059797
s10,Surface,320.0,-0.09927178083918042
s10,Surface,340.0,-0.3011961246243706
s10,Surface,360.0,-0.31518943769062435
s10,Surface,380.0,-0.33568677205320474
s10,Surface,400.0,-0.06789256206955463
s10,Surface,420.0,-0.05798218335546912
s10,Surface,440.0,-0.34794710753195723
s10,Surface,460.0,-0.5117850626176441
s10,Surface,480.0,-0.21771282929788105
s10,Surface,500.0,0.023263578242979532
s10,Surface,520.0,-0.15218824903134356
s10,Surface,540.0,-0.3654338265909566
s10,Surface,560.0,-0.11406959678335454
s10,Surface,580.0,0.22850367048338793
s10,Surface,600.0,0.28558792292351437
s10,Surface,620.0,0.382022699232377
s10,Surface,640.0,-0.03324505990058246
s10,Surface,660.0,-0.25143917965150053
s10,Surface,680.0,0.11902205847101431
s10,Surface,700.0,0.18991845547643427
s10,Surface,720.0,-0.005252475797089269
s10,Surface,740.0,-0.1410496126245454
s10,Surface,760.0,-0.13817173291343732
s10,Surface,780.0,-0.17871827447676716
s10,Surface,800.0,-0.16168996659009038
s10,Surface,820.0,-0.09907022367598725
s10,Surface,840.0,0.036797935931791856
s10,Surface,860.0,0.15594858624252314
s10,Surface,880.0,0.00612934039300464
s10,Surface,900.0,-0.14135581832251728
s10,Surface,920.0,-0.04283595330858937
s10,Surface,940.0,0.24111018890469543
s10,Surface,960.0,0.16542399517944684
s10,Surface,980.0,-0.1094703486427214
s10,Structural,0.0,0.214540796173344
s10,Structural,20.0,0.16287432198778767
s10,Structural,40.0,0.10901566871384666
s10,Structural,60.0,0.055877676655592984
s10,Structural,80.0,0.12405441297894856
s10,Structural,100.0,0.0011271662070181793
s10,Structural,120.0,0.00023853573065213407
s10,Structural,140.0,-0.1897715908993891
s10,Structural,160.0,-0.17181358437687072
s10,Structural,180.0,-0.16756851366630998
s10,Structural,200.0,-0.09944885315780186
s10,Structural,220.0,0.2319983985262581
s10,Structural,240.0,0.17448244971116167
s10,Structural,260.0,0.15215165867662359
s10,Structural,280.0,0.16718265315236977
s10,Structural,300.0,0.1278966882702162
s10,Structural,320.0,-0.04669631480010317
s10,Structural,340.0,-0.2067847727385523
s10,Structural,360.0,0.05717960041880363
s10,Structural,380.0,-0.2100331243292287
s10,Structural,400.0,-0.6085354269994324
s10,Structural,420.0,-0.13852772497020802
s10,Structural,440.0,0.05747800215003562
s10,Structural,460.0,-0.33837355612367215
s10,Structural,480.0,-0.2908857698911221
s10,Structural,500.0,0.0856016107935332
s10,Structural,520.0,0.0631434407559548
s10,Structural,540.0,-0.2458997869399882
s10,Structural,560.0,-0.026572460950641114
s10,Structural,580.0,0.11192978758055
s10,Structural,600.0,-0.07164352201160101
s10,Structural,620.0,-0.10083192208585162
s10,Structural,640.0,-0.09208909230012839
s10,Structural,660.0,-0.12052736101124417
s10,Structural,680.0,-0.12009348200739936
s10,Structural,700.0,-0.1611079045902913
s10,Structural,720.0,-0.14307705592874886
s10,Structural,740.0,-0.11488975491586029
s10,Structural,760.0,-0.19122306598120178
s10,Structural,780.0,-0.30960680270311813
s10,Structural,800.0,-0.41596404732440795
s10,Structural,820.0,-0.323358944602895
s10,Structural,840.0,-0.26172313207088477
s10,Structural,860.0,-0.2496056158113038
s10,Structural,880.0,-0.19397927846115465
s10,Structural,900.0,-0.15147654080124887
s10,Structural,920.0,-0.15725849020546273
s10,Structural,940.0,-0.13183289967695083
s10,Structural,960.0,-0.14718924967629923
s10,Structural,980.0,-0.2666430628562749
s10,Surface_minus_Structural,0.0,-0.6043575951148376
s10,Surface_minus_Structural,20.0,-0.4260256209415377
s10,Surface_minus_Structural,40.0,-0.09422874208283442
s10,Surface_minus_Structural,60.0,-0.004970671784365666
s10,Surface_minus_Structural,80.0,0.02770462866494114
s10,Surface_minus_Structural,100.0,0.18375769582495322
s10,Surface_minus_Structural,120.0,0.01290171244401514
s10,Surface_minus_Structural,140.0,0.1956001573101625
s10,Surface_minus_Structural,160.0,0.17451963560525163
s10,Surface_minus_Structural,180.0,0.24148394972837833
s10,Surface_minus_Structural,200.0,0.3035616864774311
s10,Surface_minus_Structural,220.0,-0.014211362623901214
s10,Surface_minus_Structural,240.0,0.13270114354466894
s10,Surface_minus_Structural,260.0,-0.039564106197571
s10,Surface_minus_Structural,280.0,-0.14241313351890425
s10,Surface_minus_Structural,300.0,-0.11961332007215639
s10,Surface_minus_Structural,320.0,-0.05257546603907726
s10,Surface_minus_Structural,340.0,-0.09441135188581831
s10,Surface_minus_Structural,360.0,-0.372369038109428
s10,Surface_minus_Structural,380.0,-0.12565364772397605
s10,Surface_minus_Structural,400.0,0.5406428649298778
s10,Surface_minus_Structural,420.0,0.0805455416147389
s10,Surface_minus_Structural,440.0,-0.40542510968199286
s10,Surface_minus_Structural,460.0,-0.17341150649397197
s10,Surface_minus_Structural,480.0,0.07317294059324103
s10,Surface_minus_Structural,500.0,-0.062338032550553674
s10,Surface_minus_Structural,520.0,-0.21533168978729836
s10,Surface_minus_Structural,540.0,-0.11953403965096837
s10,Surface_minus_Structural,560.0,-0.08749713583271343
s10,Surface_minus_Structural,580.0,0.11657388290283793
s10,Surface_minus_Structural,600.0,0.3572314449351154
s10,Surface_minus_Structural,620.0,0.48285462131822865
s10,Surface_minus_Structural,640.0,0.05884403239954593
s10,Surface_minus_Structural,660.0,-0.13091181864025636
s10,Surface_minus_Structural,680.0,0.23911554047841366
s10,Surface_minus_Structural,700.0,0.3510263600667256
s10,Surface_minus_Structural,720.0,0.1378245801316596
s10,Surface_minus_Structural,740.0,-0.02615985770868512
s10,Surface_minus_Structural,760.0,0.05305133306776447
s10,Surface_minus_Structural,780.0,0.13088852822635097
s10,Surface_minus_Structural,800.0,0.25427408073431756
s10,Surface_minus_Structural,820.0,0.22428872092690774
s10,Surface_minus_Structural,840.0,0.29852106800267664
s10,Surface_minus_Structural,860.0,0.405554202053827
s10,Surface_minus_Structural,880.0,0.2001086188541593
s10,Surface_minus_Structural,900.0,0.01012072247873158
s10,Surface_minus_Structural,920.0,0.11442253689687336
s10,Surface_minus_Structural,940.0,0.37294308858164626
s10,Surface_minus_Structural,960.0,0.31261324485574604
s10,Surface_minus_Structural,980.0,0.15717271421355353
s11,FSlim,0.0,-0.2113023040144729
s11,FSlim,20.0,-0.1366467755802287
s11,FSlim,40.0,-0.23074963372371982
s11,FSlim,60.0,0.2082988213611196
s11,FSlim,80.0,0.27612652837510954
s11,FSlim,100.0,0.33908211226335166
s11,FSlim,120.0,0.20861727590612503
s11,FSlim,140.0,0.008416791156337373
s11,FSlim,160.0,0.1376233836512526
s11,FSlim,180.0,-0.191527371048904
s11,FSlim,200.0,-0.21261074737011088
s11,FSlim,220.0,-0.03445434152696074
s11,FSlim,240.0,-0.20751509152388842
s11,FSlim,260.0,-0.26076299408269066
s11,FSlim,280.0,-0.2774052373055142
s11,FSlim,300.0,-0.6050428109427572
s11,FSlim,320.0,-0.5764450166013633
s11,FSlim,340.0,-0.22150101503403088
s11,FSlim,360.0,-0.049747940689015016
s11,FSlim,380.0,-0.35573455814550364
s11,FSlim,400.0,-0.1370453571630704
s11,FSlim,420.0,-0.17300460794443576
s11,FSlim,440.0,-0.3348598613060425
s11,FSlim,460.0,-0.4514346560497494
s11,FSlim,480.0,-0.1569230344461671
s11,FSlim,500.0,-0.14516883178984694
s11,FSlim,520.0,-0.17565527600087558
s11,FSlim,540.0,-0.2557017955374756
s11,FSlim,560.0,-0.086546048575674
s11,FSlim,580.0,-0.0674420635600167
s11,FSlim,600.0,-0.23702811470695878
s11,FSlim,620.0,-0.1421055404269579
s11,FSlim,640.0,-0.23784738439687433
s11,FSlim,660.0,-0.39250503623210736
s11,FSlim,680.0,-0.38902071459868276
s11,FSlim,700.0,-0.7313819529165533
s11,FSlim,720.0,-0.5089643543129065
s11,FSlim,740.0,-0.27436113281097985
s11,FSlim,760.0,-0.1404287321722099
s11,FSlim,780.0,-0.31581610438461
s11,FSlim,800.0,-0.5630521477075336
s11,FSlim,820.0,-0.762591537249369
s11,FSlim,840.0,-0.7527041367106415
s11,FSlim,860.0,-0.5509774081588241
s11,FSlim,880.0,-0.5850021735630113
s11,FSlim,900.0,-0.19983538366046155
s11,FSlim,920.0,0.37661679616462085
s11,FSlim,940.0,0.24911464386505927
s11,FSlim,960.0,0.09480267690543664
s11,FSlim,980.0,-0.007185845019830345
s11,Eye,0.0,-0.23621366042165892
s11,Eye,20.0,-0.27543059577966367
s11,Eye,40.0,-0.1873813713482151
s11,Eye,60.0,-0.2736580784453332
s11,Eye,80.0,-0.43703333842211917
s11,Eye,100.0,-0.022141708883309144
s11,Eye,120.0,0.10110718392309986
s11,Eye,140.0,-0.058632143344595336
s11,Eye,160.0,0.16405110288434038
s11,Eye,180.0,0.14128651828102023
s11,Eye,200.0,0.01759157939455125
s11,Eye,220.0,0.054507669108076334
s11,Eye,240.0,-0.33454753115700137
s11,Eye,260.0,-0.2861501848322582
s11,Eye,280.0,-0.3123674623626191
s11,Eye,300.0,-0.05843432212136146
s11,Eye,320.0,0.09849381760230462
s11,Eye,340.0,0.10590304786742546
s11,Eye,360.0,-0.3534617141212567
s11,Eye,380.0,-0.4560551886044679
s11,Eye,400.0,-0.424235000423915
s11,Eye,420.0,-0.35841226900474843
s11,Eye,440.0,-0.2943275088970431
s11,Eye,460.0,-0.4134466831624445
s11,Eye,480.0,-0.243395330068658
s11,Eye,500.0,-0.37781862104400066
s11,Eye,520.0,-0.7632192663778239
s11,Eye,540.0,-0.327684409347169
s11,Eye,560.0,-0.14467426063803918
s11,Eye,580.0,-0.13983132687351169
s11,Eye,600.0,-0.09877627132048175
s11,Eye,620.0,-0.10948930910216087
s11,Eye,640.0,-0.24545791740079836
s11,Eye,660.0,-0.025163285715500777
s11,Eye,680.0,0.18344504038095974
s11,Eye,700.0,0.11638051663845494
s11,Eye,720.0,-0.10637312406070247
s11,Eye,740.0,-0.31178761223442003
s11,Eye,760.0,-0.45460195320489666
s11,Eye,780.0,-0.48563374672353693
s11,Eye,800.0,-0.36965240360156093
s11,Eye,820.0,-0.360821240027849
s11,Eye,840.0,-0.7478149013250193
s11,Eye,860.0,-0.4902283873007371
s11,Eye,880.0,-0.4386665928904775
s11,Eye,900.0,-0.6080743042550081
s11,Eye,920.0,-0.7650979920639601
s11,Eye,940.0,-0.646696620339777
s11,Eye,960.0,-0.6264306963042185
s11,Eye,980.0,-0.6010623091292315
s11,Mouth,0.0,-0.15564125772706602
s11,Mouth,20.0,0.11887934888439664
s11,Mouth,40.0,0.5742835136925495
s11,Mouth,60.0,0.5361030238456983
s11,Mouth,80.0,0.6450939832600845
s11,Mouth,100.0,0.6179890995504742
s11,Mouth,120.0,0.7696296076641367
s11,Mouth,140.0,0.4030728757363343
s11,Mouth,160.0,0.3354355824654506
s11,Mouth,180.0,0.29250302042978604
s11,Mouth,200.0,0.656288954092074
s11,Mouth,220.0,0.5292792759951653
s11,Mouth,240.0,0.7033716707152193
s11,Mouth,260.0,0.5873529108276188
s11,Mouth,280.0,0.49987414875144
s11,Mouth,300.0,0.7475531639809454
s11,Mouth,320.0,0.5526039986002276
s11,Mouth,340.0,0.43675810591861897
s11,Mouth,360.0,0.20357136731319903
s11,Mouth,380.0,0.3692127912959747
s11,Mouth,400.0,0.7296106320049683
s11,Mouth,420.0,0.3597561266603999
s11,Mouth,440.0,0.10947071580127081
s11,Mouth,460.0,0.3686552792581028
s11,Mouth,480.0,0.26548076896049494
s11,Mouth,500.0,0.1736436225967804
s11,Mouth,520.0,0.1849877827276549
s11,Mouth,540.0,0.3434715565407169
s11,Mouth,560.0,0.344177237200463
s11,Mouth,580.0,0.08693265634063524
s11,Mouth,600.0,0.692702381013664
s11,Mouth,620.0,0.8575429048744108
s11,Mouth,640.0,0.6001646905376958
s11,Mouth,660.0,0.4872893814110125
s11,Mouth,680.0,0.5012791396050444
s11,Mouth,700.0,0.5088553199665675
s11,Mouth,720.0,0.4888644794303399
s11,Mouth,740.0,0.7375410427407034
s11,Mouth,760.0,0.38282294951093365
s11,Mouth,780.0,0.5128170949425822
s11,Mouth,800.0,0.2675315536970372
s11,Mouth,820.0,0.19193589718280235
s11,Mouth,840.0,0.07079558916368828
s11,Mouth,860.0,-0.08346250911668102
s11,Mouth,880.0,-0.01322006568325873
s11,Mouth,900.0,0.46986635101868574
s11,Mouth,920.0,0.5328636990605514
s11,Mouth,940.0,0.43008573372094844
s11,Mouth,960.0,0.40397219855483846
s11,Mouth,980.0,0.28162927173847563
s11,Skin,0.0,-0.0060664391634922266
s11,Skin,20.0,0.0692595109098604
s11,Skin,40.0,0.4224339615587166
s11,Skin,60.0,0.06652181414717816
s11,Skin,80.0,0.25153802681217863
s11,Skin,100.0,0.382609217531641
s11,Skin,120.0,0.5583385968140627
s11,Skin,140.0,0.5822657260642371
s11,Skin,160.0,0.5889413209642594
s11,Skin,180.0,0.17789075545473254
s11,Skin,200.0,0.017207691743122422
s11,Skin,220.0,0.009067715992900474
s11,Skin,240.0,-0.031251543863608414
s11,Skin,260.0,0.14554378628928916
s11,Skin,280.0,0.25143592360165756
s11,Skin,300.0,0.359212398027992
s11,Skin,320.0,0.1221859584354103
s11,Skin,340.0,0.25413575913182374
s11,Skin,360.0,-0.021035504691466228
s11,Skin,380.0,-0.034335080651472394
s11,Skin,400.0,0.1742088141359543
s11,Skin,420.0,0.04657501463613644
s11,Skin,440.0,-0.04886411782129106
s11,Skin,460.0,-0.13300295855402233
s11,Skin,480.0,0.029580662636804173
s11,Skin,500.0,-0.04450607599699678
s11,Skin,520.0,0.014171862868327473
s11,Skin,540.0,0.14338608961539334
s11,Skin,560.0,-0.274136342512896
s11,Skin,580.0,-0.20940613838193947
s11,Skin,600.0,-0.21261103135826342
s11,Skin,620.0,0.4213565604290831
s11,Skin,640.0,0.4066931363996301
s11,Skin,660.0,-0.10864944346855299
s11,Skin,680.0,0.005401486241305473
s11,Skin,700.0,0.19442220917369518
s11,Skin,720.0,0.12343475434477155
s11,Skin,740.0,-0.19093335289235808
s11,Skin,760.0,-0.3291746591481639
s11,Skin,780.0,-0.16090002803788417
s11,Skin,800.0,0.05566752974255069
s11,Skin,820.0,0.12075143484793865
s11,Skin,840.0,-0.041705238751245266
s11,Skin,860.0,0.16085441696299718
s11,Skin,880.0,0.413579458771647
s11,Skin,900.0,0.19875985820590042
s11,Skin,920.0,0.18944510269954806
s11,Skin,940.0,0.30896392340899853
s11,Skin,960.0,0.38576081548080965
s11,Skin,980.0,-0.03647752052774568
s11,Surface,0.0,-0.08085384844527913
s11,Surface,20.0,0.09406942989712852
s11,Surface,40.0,0.49835873762563304
s11,Surface,60.0,0.30131241899643824
s11,Surface,80.0,0.44831600503613156
s11,Surface,100.0,0.5002991585410577
s11,Surface,120.0,0.6639841022390998
s11,Surface,140.0,0.4926693009002857
s11,Surface,160.0,0.462188451714855
s11,Surface,180.0,0.2351968879422593
s11,Surface,200.0,0.3367483229175982
s11,Surface,220.0,0.2691734959940329
s11,Surface,240.0,0.33606006342580547
s11,Surface,260.0,0.366448348558454
s11,Surface,280.0,0.3756550361765488
s11,Surface,300.0,0.5533827810044687
s11,Surface,320.0,0.33739497851781897
s11,Surface,340.0,0.34544693252522135
s11,Surface,360.0,0.0912679313108664
s11,Surface,380.0,0.16743885532225114
s11,Surface,400.0,0.4519097230704613
s11,Surface,420.0,0.20316557064826818
s11,Surface,440.0,0.030303298989989874
s11,Surface,460.0,0.11782616035204024
s11,Surface,480.0,0.14753071579864957
s11,Surface,500.0,0.0645687732998918
s11,Surface,520.0,0.09957982279799119
s11,Surface,540.0,0.24342882307805513
s11,Surface,560.0,0.03502044734378351
s11,Surface,580.0,-0.061236741020652116
s11,Surface,600.0,0.24004567482770028
s11,Surface,620.0,0.639449732651747
s11,Surface,640.0,0.5034289134686629
s11,Surface,660.0,0.18931996897122977
s11,Surface,680.0,0.25334031292317494
s11,Surface,700.0,0.3516387645701313
s11,Surface,720.0,0.3061496168875557
s11,Surface,740.0,0.2733038449241727
s11,Surface,760.0,0.026824145181384873
s11,Surface,780.0,0.17595853345234902
s11,Surface,800.0,0.16159954171979393
s11,Surface,820.0,0.1563436660153705
s11,Surface,840.0,0.014545175206221506
s11,Surface,860.0,0.03869595392315808
s11,Surface,880.0,0.20017969654419412
s11,Surface,900.0,0.3343131046122931
s11,Surface,920.0,0.36115440088004974
s11,Surface,940.0,0.3695248285649735
s11,Surface,960.0,0.39486650701782405
s11,Surface,980.0,0.12257587560536498
s11,Structural,0.0,-0.22375798221806592
s11,Structural,20.0,-0.20603868567994618
s11,Structural,40.0,-0.20906550253596745
s11,Structural,60.0,-0.03267962854210679
s11,Structural,80.0,-0.08045340502350481
s11,Structural,100.0,0.15847020169002127
s11,Structural,120.0,0.15486222991461246
s11,Structural,140.0,-0.02510767609412898
s11,Structural,160.0,0.1508372432677965
s11,Structural,180.0,-0.02512042638394188
s11,Structural,200.0,-0.09750958398777981
s11,Structural,220.0,0.010026663790557798
s11,Structural,240.0,-0.2710313113404449
s11,Structural,260.0,-0.2734565894574744
s11,Structural,280.0,-0.29488634983406664
s11,Structural,300.0,-0.33173856653205935
s11,Structural,320.0,-0.23897559949952932
s11,Structural,340.0,-0.05779898358330271
s11,Structural,360.0,-0.20160482740513586
s11,Structural,380.0,-0.40589487337498575
s11,Structural,400.0,-0.2806401787934927
s11,Structural,420.0,-0.2657084384745921
s11,Structural,440.0,-0.31459368510154284
s11,Structural,460.0,-0.43244066960609695
s11,Structural,480.0,-0.20015918225741253
s11,Structural,500.0,-0.2614937264169238
s11,Structural,520.0,-0.46943727118934975
s11,Structural,540.0,-0.29169310244232227
s11,Structural,560.0,-0.11561015460685659
s11,Structural,580.0,-0.10363669521676419
s11,Structural,600.0,-0.16790219301372028
s11,Structural,620.0,-0.12579742476455938
s11,Structural,640.0,-0.24165265089883636
s11,Structural,660.0,-0.20883416097380408
s11,Structural,680.0,-0.10278783710886151
s11,Structural,700.0,-0.30750071813904917
s11,Structural,720.0,-0.3076687391868045
s11,Structural,740.0,-0.29307437252269997
s11,Structural,760.0,-0.2975153426885533
s11,Structural,780.0,-0.40072492555407346
s11,Structural,800.0,-0.4663522756545473
s11,Structural,820.0,-0.561706388638609
s11,Structural,840.0,-0.7502595190178304
s11,Structural,860.0,-0.5206028977297806
s11,Structural,880.0,-0.5118343832267445
s11,Structural,900.0,-0.40395484395773484
s11,Structural,920.0,-0.19424059794966964
s11,Structural,940.0,-0.19879098823735888
s11,Structural,960.0,-0.26581400969939095
s11,Structural,980.0,-0.30412407707453093
s11,Surface_minus_Structural,0.0,0.1429041337727868
s11,Surface_minus_Structural,20.0,0.30010811557707473
s11,Surface_minus_Structural,40.0,0.7074242401616004
s11,Surface_minus_Structural,60.0,0.33399204753854506
s11,Surface_minus_Structural,80.0,0.5287694100596364
s11,Surface_minus_Structural,100.0,0.3418289568510364
s11,Surface_minus_Structural,120.0,0.5091218723244872
s11,Surface_minus_Structural,140.0,0.5177769769944147
s11,Surface_minus_Structural,160.0,0.31135120844705855
s11,Surface_minus_Structural,180.0,0.2603173143262012
s11,Surface_minus_Structural,200.0,0.434257906905378
s11,Surface_minus_Structural,220.0,0.2591468322034751
s11,Surface_minus_Structural,240.0,0.6070913747662503
s11,Surface_minus_Structural,260.0,0.6399049380159284
s11,Surface_minus_Structural,280.0,0.6705413860106154
s11,Surface_minus_Structural,300.0,0.885121347536528
s11,Surface_minus_Structural,320.0,0.5763705780173483
s11,Surface_minus_Structural,340.0,0.40324591610852406
s11,Surface_minus_Structural,360.0,0.29287275871600227
s11,Surface_minus_Structural,380.0,0.5733337286972369
s11,Surface_minus_Structural,400.0,0.732549901863954
s11,Surface_minus_Structural,420.0,0.46887400912286026
s11,Surface_minus_Structural,440.0,0.3448969840915327
s11,Surface_minus_Structural,460.0,0.5502668299581372
s11,Surface_minus_Structural,480.0,0.3476898980560621
s11,Surface_minus_Structural,500.0,0.3260624997168156
s11,Surface_minus_Structural,520.0,0.5690170939873409
s11,Surface_minus_Structural,540.0,0.5351219255203774
s11,Surface_minus_Structural,560.0,0.1506306019506401
s11,Surface_minus_Structural,580.0,0.042399954196112075
s11,Surface_minus_Structural,600.0,0.40794786784142056
s11,Surface_minus_Structural,620.0,0.7652471574163063
s11,Surface_minus_Structural,640.0,0.7450815643674993
s11,Surface_minus_Structural,660.0,0.39815412994503385
s11,Surface_minus_Structural,680.0,0.35612815003203646
s11,Surface_minus_Structural,700.0,0.6591394827091805
s11,Surface_minus_Structural,720.0,0.6138183560743602
s11,Surface_minus_Structural,740.0,0.5663782174468727
s11,Surface_minus_Structural,760.0,0.32433948786993816
s11,Surface_minus_Structural,780.0,0.5766834590064225
s11,Surface_minus_Structural,800.0,0.6279518173743412
s11,Surface_minus_Structural,820.0,0.7180500546539795
s11,Surface_minus_Structural,840.0,0.7648046942240518
s11,Surface_minus_Structural,860.0,0.5592988516529387
s11,Surface_minus_Structural,880.0,0.7120140797709386
s11,Surface_minus_Structural,900.0,0.7382679485700279
s11,Surface_minus_Structural,920.0,0.5553949988297193
s11,Surface_minus_Structural,940.0,0.5683158168023323
s11,Surface_minus_Structural,960.0,0.660680516717215
s11,Surface_minus_Structural,980.0,0.4266999526798959
s12,FSlim,0.0,-0.21388647168728653
s12,FSlim,20.0,-0.38149976530124313
s12,FSlim,40.0,-0.6286574960035309
s12,FSlim,60.0,-0.47021592607455565
s12,FSlim,80.0,-0.11101721415274646
s12,FSlim,100.0,-0.12521955768556273
s12,FSlim,120.0,0.13451418221128358
s12,FSlim,140.0,0.06898660003061263
s12,FSlim,160.0,0.021828248447829348
s12,FSlim,180.0,0.2379260284414514
s12,FSlim,200.0,0.1197129443956133
s12,FSlim,220.0,-0.1038030611040317
s12,FSlim,240.0,-0.22202693403671714
s12,FSlim,260.0,0.4085226451247401
s12,FSlim,280.0,0.5822467386650554
s12,FSlim,300.0,0.1441025901924966
s12,FSlim,320.0,-0.2201559531892935
s12,FSlim,340.0,0.14278423051766143
s12,FSlim,360.0,0.8013980373347697
s12,FSlim,380.0,0.4468643549626564
s12,FSlim,400.0,-0.6522136573607142
s12,FSlim,420.0,-0.20709355304470234
s12,FSlim,440.0,0.7590014878529963
s12,FSlim,460.0,0.8430067591337236
s12,FSlim,480.0,-0.25809321737507446
s12,FSlim,500.0,-0.7860294890719651
s12,FSlim,520.0,0.2034104573669907
s12,FSlim,540.0,0.9302466375546772
s12,FSlim,560.0,-0.11209189480956297
s12,FSlim,580.0,-1.0805418232185284
s12,FSlim,600.0,-0.2635410192148558
s12,FSlim,620.0,0.6818268470438604
s12,FSlim,640.0,0.502182028985296
s12,FSlim,660.0,-0.27402776752295827
s12,FSlim,680.0,-0.19184992046416732
s12,FSlim,700.0,0.09601662278771554
s12,FSlim,720.0,0.23723783684865923
s12,FSlim,740.0,0.003393917813196517
s12,FSlim,760.0,0.032138434715883735
s12,FSlim,780.0,0.15352734013544728
s12,FSlim,800.0,0.311902467295009
s12,FSlim,820.0,0.17965919892581828
s12,FSlim,840.0,0.325547105869297
s12,FSlim,860.0,0.4400418222171628
s12,FSlim,880.0,0.20507820937697557
s12,FSlim,900.0,0.18961736147462077
s12,FSlim,920.0,0.10477178430664759
s12,FSlim,940.0,-0.08633699452765531
s12,FSlim,960.0,-0.1158818051388051
s12,FSlim,980.0,0.1447087329909629
s12,Eye,0.0,-0.00349229357232686
s12,Eye,20.0,-0.0718223724541562
s12,Eye,40.0,-0.22786602440378773
s12,Eye,60.0,-0.43207396761122496
s12,Eye,80.0,-0.038326692398191295
s12,Eye,100.0,0.281240704665798
s12,Eye,120.0,0.3958553812951418
s12,Eye,140.0,0.10123553086326426
s12,Eye,160.0,0.11716666414609556
s12,Eye,180.0,-0.09335494022802454
s12,Eye,200.0,-0.4560270687551274
s12,Eye,220.0,-0.1773109780965528
s12,Eye,240.0,-0.09579608713634778
s12,Eye,260.0,0.10611457873502186
s12,Eye,280.0,-0.3288341798976242
s12,Eye,300.0,-0.5707164857755122
s12,Eye,320.0,-0.48057457723602115
s12,Eye,340.0,-0.4482210900197611
s12,Eye,360.0,-0.7900128633348614
s12,Eye,380.0,-0.861618591268983
s12,Eye,400.0,-0.036684414882959857
s12,Eye,420.0,0.29910746076153216
s12,Eye,440.0,-0.20309400033647385
s12,Eye,460.0,-1.2168933898768712
s12,Eye,480.0,-0.8785718371988109
s12,Eye,500.0,0.10731026912304427
s12,Eye,520.0,0.18425130486964336
s12,Eye,540.0,-0.8430199016767794
s12,Eye,560.0,-1.0770169288128928
s12,Eye,580.0,-0.06288164976325003
s12,Eye,600.0,0.2984540625801506
s12,Eye,620.0,-0.4735058838949786
s12,Eye,640.0,-0.20087088943512346
s12,Eye,660.0,0.23824412560133046
s12,Eye,680.0,0.7519293248537995
s12,Eye,700.0,0.7619386339730032
s12,Eye,720.0,0.4195471466995231
s12,Eye,740.0,0.38819584244893757
s12,Eye,760.0,0.4500678988538325
s12,Eye,780.0,0.6154026302132627
s12,Eye,800.0,0.6569116349893143
s12,Eye,820.0,0.42693690354412894
s12,Eye,840.0,0.3551478849176193
s12,Eye,860.0,0.3069687182118343
s12,Eye,880.0,0.3519199273842241
s12,Eye,900.0,0.31029900815403366
s12,Eye,920.0,0.14686851057570272
s12,Eye,940.0,0.3555448549492578
s12,Eye,960.0,0.45691427831614717
s12,Eye,980.0,0.15823792993918503
s12,Mouth,0.0,-0.1108783088186633
s12,Mouth,20.0,0.09017726549701409
s12,Mouth,40.0,0.13669737650734143
s12,Mouth,60.0,-0.15999195367518204
s12,Mouth,80.0,-0.33660914441903045
s12,Mouth,100.0,-0.1555297019346228
s12,Mouth,120.0,0.20696187457711984
s12,Mouth,140.0,-0.14101544472362437
s12,Mouth,160.0,-0.6327971008887664
s12,Mouth,180.0,-0.45757231392267794
s12,Mouth,200.0,-0.21133606940817967
s12,Mouth,220.0,-0.48097365661640507
s12,Mouth,240.0,-0.739563630273925
s12,Mouth,260.0,-0.6484037626145828
s12,Mouth,280.0,-0.40365062042839417
s12,Mouth,300.0,-0.7656421963955329
s12,Mouth,320.0,-0.9350292490435415
s12,Mouth,340.0,-0.668002318399802
s12,Mouth,360.0,-0.13024296218448353
s12,Mouth,380.0,-0.19735266065864698
s12,Mouth,400.0,-0.5593475856963306
s12,Mouth,420.0,-0.049606788263290236
s12,Mouth,440.0,-0.15488997065909585
s12,Mouth,460.0,-0.6192113341210574
s12,Mouth,480.0,-0.6057537018738581
s12,Mouth,500.0,0.20279449080023548
s12,Mouth,520.0,0.4434038032058127
s12,Mouth,540.0,-0.8903910771358157
s12,Mouth,560.0,-1.6480955621468294
s12,Mouth,580.0,-0.8624456284822013
s12,Mouth,600.0,0.42930630698980443
s12,Mouth,620.0,0.05006238425931275
s12,Mouth,640.0,-0.5676137042291605
s12,Mouth,660.0,-0.09822378448813351
s12,Mouth,680.0,0.3851852212669561
s12,Mouth,700.0,0.4020766104231693
s12,Mouth,720.0,-0.03644562053171645
s12,Mouth,740.0,0.024027356838302556
s12,Mouth,760.0,0.2517529127834471
s12,Mouth,780.0,-0.07139373222584479
s12,Mouth,800.0,-0.3069170851400226
s12,Mouth,820.0,-0.058321115674357785
s12,Mouth,840.0,0.11042665297670164
s12,Mouth,860.0,0.007680757804341128
s12,Mouth,880.0,-0.025218265100465022
s12,Mouth,900.0,0.08272291941172813
s12,Mouth,920.0,-0.004925039608180866
s12,Mouth,940.0,0.02891934565033826
s12,Mouth,960.0,0.21241723448802782
s12,Mouth,980.0,0.2625187816621007
s12,Skin,0.0,0.1452365188674542
s12,Skin,20.0,0.025536793487225
s12,Skin,40.0,0.2810984775668769
s12,Skin,60.0,0.20375919921791202
s12,Skin,80.0,-0.11842091089069703
s12,Skin,100.0,-0.2998014706069789
s12,Skin,120.0,-0.26392526689614865
s12,Skin,140.0,-0.2206456839369931
s12,Skin,160.0,-0.3133429763189073
s12,Skin,180.0,-0.28393232631117776
s12,Skin,200.0,-0.3497807696971904
s12,Skin,220.0,-0.14965573400741655
s12,Skin,240.0,-0.1850130312979316
s12,Skin,260.0,-0.2370032136297392
s12,Skin,280.0,-0.2947343347818209
s12,Skin,300.0,-0.43371305148313677
s12,Skin,320.0,-0.38557327565421384
s12,Skin,340.0,-0.3740773538469922
s12,Skin,360.0,-0.1370712158863845
s12,Skin,380.0,-0.6541570517572877
s12,Skin,400.0,-0.5875953586217995
s12,Skin,420.0,-0.1300315020446633
s12,Skin,440.0,-0.1688065992486854
s12,Skin,460.0,-0.46531918683755225
s12,Skin,480.0,-0.7887321917983399
s12,Skin,500.0,-0.28966987691601453
s12,Skin,520.0,-0.16182300354972845
s12,Skin,540.0,0.19857617840642183
s12,Skin,560.0,-0.08799032992475625
s12,Skin,580.0,-0.6769953467215463
s12,Skin,600.0,-0.28994710200463136
s12,Skin,620.0,0.8836410664859089
s12,Skin,640.0,0.6568539444697644
s12,Skin,660.0,0.13063963726448938
s12,Skin,680.0,-0.2967056925944559
s12,Skin,700.0,-0.1883981128435276
s12,Skin,720.0,-0.003114924808570202
s12,Skin,740.0,-0.07533248073986962
s12,Skin,760.0,-0.033346287552841955
s12,Skin,780.0,-0.02275061133054821
s12,Skin,800.0,0.12066808589985485
s12,Skin,820.0,0.08330311364571574
s12,Skin,840.0,0.1331790580365141
s12,Skin,860.0,0.18744667394179773
s12,Skin,880.0,0.2969061944875443
s12,Skin,900.0,0.11546764996521222
s12,Skin,920.0,-0.005504439908430872
s12,Skin,940.0,-0.08155631793279598
s12,Skin,960.0,-0.17289129934246217
s12,Skin,980.0,-0.22886410168642315
s12,Surface,0.0,0.01717910502439545
s12,Surface,20.0,0.057857029492119544
s12,Surface,40.0,0.20889792703710916
s12,Surface,60.0,0.02188362277136499
s12,Surface,80.0,-0.22751502765486376
s12,Surface,100.0,-0.22766558627080086
s12,Surface,120.0,-0.028481696159514402
s12,Surface,140.0,-0.18083056433030875
s12,Surface,160.0,-0.47307003860383684
s12,Surface,180.0,-0.3707523201169278
s12,Surface,200.0,-0.280558419552685
s12,Surface,220.0,-0.3153146953119108
s12,Surface,240.0,-0.4622883307859283
s12,Surface,260.0,-0.442703488122161
s12,Surface,280.0,-0.3491924776051075
s12,Surface,300.0,-0.5996776239393349
s12,Surface,320.0,-0.6603012623488776
s12,Surface,340.0,-0.5210398361233971
s12,Surface,360.0,-0.133657089035434
s12,Surface,380.0,-0.4257548562079673
s12,Surface,400.0,-0.573471472159065
s12,Surface,420.0,-0.08981914515397676
s12,Surface,440.0,-0.16184828495389064
s12,Surface,460.0,-0.5422652604793048
s12,Surface,480.0,-0.697242946836099
s12,Surface,500.0,-0.043437693057889526
s12,Surface,520.0,0.14079039982804212
s12,Surface,540.0,-0.3459074493646969
s12,Surface,560.0,-0.8680429460357928
s12,Surface,580.0,-0.7697204876018737
s12,Surface,600.0,0.06967960249258653
s12,Surface,620.0,0.4668517253726108
s12,Surface,640.0,0.044620120120301976
s12,Surface,660.0,0.016207926388177932
s12,Surface,680.0,0.0442397643362501
s12,Surface,700.0,0.10683924878982085
s12,Surface,720.0,-0.019780272670143324
s12,Surface,740.0,-0.025652561950783533
s12,Surface,760.0,0.10920331261530256
s12,Surface,780.0,-0.0470721717781965
s12,Surface,800.0,-0.09312449962008387
s12,Surface,820.0,0.012490998985678979
s12,Surface,840.0,0.12180285550660785
s12,Surface,860.0,0.09756371587306943
s12,Surface,880.0,0.13584396469353963
s12,Surface,900.0,0.09909528468847018
s12,Surface,920.0,-0.005214739758305869
s12,Surface,940.0,-0.02631848614122886
s12,Surface,960.0,0.019762967572782827
s12,Surface,980.0,0.016827339987838766
s12,Structural,0.0,-0.1086893826298067
s12,Structural,20.0,-0.22666106887769966
s12,Structural,40.0,-0.42826176020365936
s12,Structural,60.0,-0.4511449468428903
s12,Structural,80.0,-0.07467195327546888
s12,Structural,100.0,0.07801057349011763
s12,Structural,120.0,0.2651847817532127
s12,Structural,140.0,0.08511106544693844
s12,Structural,160.0,0.06949745629696245
s12,Structural,180.0,0.07228554410671342
s12,Structural,200.0,-0.16815706217975704
s12,Structural,220.0,-0.14055701960029227
s12,Structural,240.0,-0.15891151058653247
s12,Structural,260.0,0.257318611929881
s12,Structural,280.0,0.1267062793837156
s12,Structural,300.0,-0.21330694779150777
s12,Structural,320.0,-0.3503652652126573
s12,Structural,340.0,-0.15271842975104985
s12,Structural,360.0,0.005692586999954119
s12,Structural,380.0,-0.2073771181531633
s12,Structural,400.0,-0.344449036121837
s12,Structural,420.0,0.04600695385841491
s12,Structural,440.0,0.2779537437582612
s12,Structural,460.0,-0.18694331537157383
s12,Structural,480.0,-0.5683325272869427
s12,Structural,500.0,-0.3393596099744604
s12,Structural,520.0,0.19383088111831703
s12,Structural,540.0,0.04361336793894888
s12,Structural,560.0,-0.5945544118112279
s12,Structural,580.0,-0.5717117364908892
s12,Structural,600.0,0.017456521682647413
s12,Structural,620.0,0.10416048157444091
s12,Structural,640.0,0.15065556977508626
s12,Structural,660.0,-0.017891820960813903
s12,Structural,680.0,0.2800397021948161
s12,Structural,700.0,0.42897762838035935
s12,Structural,720.0,0.32839249177409113
s12,Structural,740.0,0.19579488013106705
s12,Structural,760.0,0.24110316678485813
s12,Structural,780.0,0.384464985174355
s12,Structural,800.0,0.48440705114216165
s12,Structural,820.0,0.3032980512349736
s12,Structural,840.0,0.34034749539345815
s12,Structural,860.0,0.37350527021449853
s12,Structural,880.0,0.27849906838059985
s12,Structural,900.0,0.24995818481432722
s12,Structural,920.0,0.12582014744117515
s12,Structural,940.0,0.13460393021080125
s12,Structural,960.0,0.17051623658867104
s12,Structural,980.0,0.15147333146507397
s12,Surface_minus_Structural,0.0,0.12586848765420214
s12,Surface_minus_Structural,20.0,0.28451809836981923
s12,Surface_minus_Structural,40.0,0.6371596872407685
s12,Surface_minus_Structural,60.0,0.4730285696142553
s12,Surface_minus_Structural,80.0,-0.15284307437939487
s12,Surface_minus_Structural,100.0,-0.3056761597609185
s12,Surface_minus_Structural,120.0,-0.2936664779127271
s12,Surface_minus_Structural,140.0,-0.2659416297772472
s12,Surface_minus_Structural,160.0,-0.5425674949007993
s12,Surface_minus_Structural,180.0,-0.4430378642236412
s12,Surface_minus_Structural,200.0,-0.11240135737292797
s12,Surface_minus_Structural,220.0,-0.17475767571161854
s12,Surface_minus_Structural,240.0,-0.3033768201993958
s12,Surface_minus_Structural,260.0,-0.7000221000520419
s12,Surface_minus_Structural,280.0,-0.4758987569888231
s12,Surface_minus_Structural,300.0,-0.3863706761478271
s12,Surface_minus_Structural,320.0,-0.30993599713622033
s12,Surface_minus_Structural,340.0,-0.3683214063723472
s12,Surface_minus_Structural,360.0,-0.13934967603538811
s12,Surface_minus_Structural,380.0,-0.21837773805480404
s12,Surface_minus_Structural,400.0,-0.229022436037228
s12,Surface_minus_Structural,420.0,-0.13582609901239168
s12,Surface_minus_Structural,440.0,-0.43980202871215185
s12,Surface_minus_Structural,460.0,-0.35532194510773096
s12,Surface_minus_Structural,480.0,-0.12891041954915627
s12,Surface_minus_Structural,500.0,0.2959219169165709
s12,Surface_minus_Structural,520.0,-0.053040481290274916
s12,Surface_minus_Structural,540.0,-0.3895208173036458
s12,Surface_minus_Structural,560.0,-0.27348853422456487
s12,Surface_minus_Structural,580.0,-0.19800875111098448
s12,Surface_minus_Structural,600.0,0.05222308080993912
s12,Surface_minus_Structural,620.0,0.3626912437981699
s12,Surface_minus_Structural,640.0,-0.10603544965478429
s12,Surface_minus_Structural,660.0,0.034099747348991835
s12,Surface_minus_Structural,680.0,-0.235799937858566
s12,Surface_minus_Structural,700.0,-0.3221383795905385
s12,Surface_minus_Structural,720.0,-0.34817276444423445
s12,Surface_minus_Structural,740.0,-0.22144744208185058
s12,Surface_minus_Structural,760.0,-0.13189985416955557
s12,Surface_minus_Structural,780.0,-0.4315371569525515
s12,Surface_minus_Structural,800.0,-0.5775315507622455
s12,Surface_minus_Structural,820.0,-0.29080705224929465
s12,Surface_minus_Structural,840.0,-0.2185446398868503
s12,Surface_minus_Structural,860.0,-0.2759415543414291
s12,Surface_minus_Structural,880.0,-0.14265510368706022
s12,Surface_minus_Structural,900.0,-0.15086290012585704
s12,Surface_minus_Structural,920.0,-0.131034887199481
s12,Surface_minus_Structural,940.0,-0.1609224163520301
s12,Surface_minus_Structural,960.0,-0.1507532690158882
s12,Surface_minus_Structural,980.0,-0.13464599147723522
s13,FSlim,0.0,0.033624765083717825
s13,FSlim,20.0,0.23459100242380912
s13,FSlim,40.0,0.3347332016368538
s13,FSlim,60.0,-0.003488827302195907
s13,FSlim,80.0,0.03558761165655086
s13,FSlim,100.0,0.4338165851993631
s13,FSlim,120.0,0.32219061884527356
s13,FSlim,140.0,0.03842516884881142
s13,FSlim,160.0,-0.12606379229223208
s13,FSlim,180.0,-0.30793704469563377
s13,FSlim,200.0,-0.3522518125338744
s13,FSlim,220.0,-0.42430655343786755
s13,FSlim,240.0,-0.45601800036381446
s13,FSlim,260.0,-0.11850826068563547
s13,FSlim,280.0,-0.24853656047341258
s13,FSlim,300.0,-0.4792662997667855
s13,FSlim,320.0,-0.007599278422420424
s13,FSlim,340.0,0.2841723286619807
s13,FSlim,360.0,-0.12508868724397218
s13,FSlim,380.0,-0.3137319307198389
s13,FSlim,400.0,0.014489812759700002
s13,FSlim,420.0,-0.3079035781137676
s13,FSlim,440.0,0.03282944702293336
s13,FSlim,460.0,0.11503643459439755
s13,FSlim,480.0,-0.9026852794233939
s13,FSlim,500.0,-0.22163077632376188
s13,FSlim,520.0,0.2099439596850214
s13,FSlim,540.0,-0.0098533931189764
s13,FSlim,560.0,-0.5324786079224596
s13,FSlim,580.0,-0.37984488505461433
s13,FSlim,600.0,0.707597756257037
s13,FSlim,620.0,-0.044070898343008535
s13,FSlim,640.0,-0.8073710005605578
s13,FSlim,660.0,-0.5738143058721356
s13,FSlim,680.0,-0.17770307399341648
s13,FSlim,700.0,-0.3357144038844654
s13,FSlim,720.0,-0.4463819708103481
s13,FSlim,740.0,-0.5886538892773094
s13,FSlim,760.0,-1.1153086648113717
s13,FSlim,780.0,-0.6122340622902563
s13,FSlim,800.0,-0.20587719792628403
s13,FSlim,820.0,-0.4716749650545681
s13,FSlim,840.0,-0.6301264818877184
s13,FSlim,860.0,-0.11968911939030989
s13,FSlim,880.0,0.4575504661429479
s13,FSlim,900.0,0.0036534804072176907
s13,FSlim,920.0,-0.09357064650577224
s13,FSlim,940.0,0.04977712046955779
s13,FSlim,960.0,-0.0032018565740292715
s13,FSlim,980.0,-0.0964928095764283
s13,Eye,0.0,0.20501116909200484
s13,Eye,20.0,0.17965757625360795
s13,Eye,40.0,0.36510773949136244
s13,Eye,60.0,0.7178661777574002
s13,Eye,80.0,0.10777704464553889
s13,Eye,100.0,-0.08911175103845698
s13,Eye,120.0,0.09807041131491862
s13,Eye,140.0,0.165801998230211
s13,Eye,160.0,-0.05950855928219004
s13,Eye,180.0,-0.4887839992368852
s13,Eye,200.0,0.25779635387902966
s13,Eye,220.0,0.34598505517843026
s13,Eye,240.0,-0.13505625066884974
s13,Eye,260.0,0.12332876965531615
s13,Eye,280.0,-0.058411489986374576
s13,Eye,300.0,-0.0774016725255658
s13,Eye,320.0,0.10030144136892169
s13,Eye,340.0,-0.8571287740192743
s13,Eye,360.0,-0.6705434746457559
s13,Eye,380.0,-0.30920286476792674
s13,Eye,400.0,-0.3651165377905292
s13,Eye,420.0,0.08508041516867235
s13,Eye,440.0,0.22061808501476218
s13,Eye,460.0,0.008409228173534539
s13,Eye,480.0,0.22323240051343857
s13,Eye,500.0,0.36993970479875166
s13,Eye,520.0,0.18524511841147137
s13,Eye,540.0,-0.021801874319000367
s13,Eye,560.0,-0.10118676097024987
s13,Eye,580.0,0.3444027958582758
s13,Eye,600.0,0.5126036572661234
s13,Eye,620.0,0.5997207478462853
s13,Eye,640.0,0.8185292815512092
s13,Eye,660.0,0.40955231196051756
s13,Eye,680.0,0.5084351229037553
s13,Eye,700.0,0.3417669827040606
s13,Eye,720.0,0.6995671476092896
s13,Eye,740.0,0.34519292553207026
s13,Eye,760.0,0.33152448983085336
s13,Eye,780.0,0.016952766937934793
s13,Eye,800.0,0.14771140574846214
s13,Eye,820.0,0.837712654213149
s13,Eye,840.0,0.584083864503243
s13,Eye,860.0,0.41083839960635743
s13,Eye,880.0,0.9572675679746241
s13,Eye,900.0,0.7974927169530426
s13,Eye,920.0,0.7078114881281927
s13,Eye,940.0,0.7887677942528752
s13,Eye,960.0,0.9511243686477898
s13,Eye,980.0,1.1155887417785637
s13,Mouth,0.0,0.25366309317478714
s13,Mouth,20.0,0.11220372413503298
s13,Mouth,40.0,-0.1309166478728968
s13,Mouth,60.0,-0.13747442459742426
s13,Mouth,80.0,-0.4595773958777585
s13,Mouth,100.0,-0.5363571728591158
s13,Mouth,120.0,0.10744551604679624
s13,Mouth,140.0,0.10686508670749112
s13,Mouth,160.0,-0.06864456737284731
s13,Mouth,180.0,0.14413796139452728
s13,Mouth,200.0,0.4835429862757751
s13,Mouth,220.0,0.7659452950480413
s13,Mouth,240.0,0.6963742540641886
s13,Mouth,260.0,0.7408161852179558
s13,Mouth,280.0,0.36953649779747766
s13,Mouth,300.0,0.06643635190560011
s13,Mouth,320.0,0.08325888201924753
s13,Mouth,340.0,0.006405947438008666
s13,Mouth,360.0,0.04670876179926152
s13,Mouth,380.0,-0.24705561453756075
s13,Mouth,400.0,0.056130067402099894
s13,Mouth,420.0,-0.2864135646356468
s13,Mouth,440.0,-0.18108639471401938
s13,Mouth,460.0,0.23373532721806417
s13,Mouth,480.0,0.6674655777473862
s13,Mouth,500.0,0.27310495441584365
s13,Mouth,520.0,0.46483702426683127
s13,Mouth,540.0,0.4851634895250105
s13,Mouth,560.0,0.5871788734709124
s13,Mouth,580.0,0.5571472690746966
s13,Mouth,600.0,0.1706597737067
s13,Mouth,620.0,0.2442323155105517
s13,Mouth,640.0,0.9005528278546973
s13,Mouth,660.0,0.6493099571497036
s13,Mouth,680.0,0.45605976241812657
s13,Mouth,700.0,0.5829047972141117
s13,Mouth,720.0,0.8274238887071406
s13,Mouth,740.0,0.5067044857655028
s13,Mouth,760.0,0.05478033365503118
s13,Mouth,780.0,0.24442276165293372
s13,Mouth,800.0,0.2533665281907294
s13,Mouth,820.0,0.21288775922754488
s13,Mouth,840.0,0.09405051649017873
s13,Mouth,860.0,-0.2273548594659537
s13,Mouth,880.0,0.34676482840793343
s13,Mouth,900.0,0.18399459757503162
s13,Mouth,920.0,0.19479199710451983
s13,Mouth,940.0,0.04244448344886742
s13,Mouth,960.0,0.39467262938417025
s13,Mouth,980.0,0.4907618911560363
s13,Skin,0.0,0.08688138608130952
s13,Skin,20.0,0.3637199431926933
s13,Skin,40.0,0.32987716156194247
s13,Skin,60.0,-0.12344306664963386
s13,Skin,80.0,0.31836562082119557
s13,Skin,100.0,0.42432882832047525
s13,Skin,120.0,0.360873791001154
s13,Skin,140.0,0.6665522827890537
s13,Skin,160.0,0.33640702712107085
s13,Skin,180.0,0.4919457962071905
s13,Skin,200.0,0.30911314200934237
s13,Skin,220.0,-0.2672353575757551
s13,Skin,240.0,-0.20419465845145282
s13,Skin,260.0,0.6233183286219012
s13,Skin,280.0,0.3068614352121348
s13,Skin,300.0,-0.27003719074520943
s13,Skin,320.0,0.22884488831268854
s13,Skin,340.0,0.7447608672953836
s13,Skin,360.0,0.032876635960927464
s13,Skin,380.0,-0.5396870652430685
s13,Skin,400.0,0.6180280394175454
s13,Skin,420.0,0.3861476434060489
s13,Skin,440.0,0.24170195781879725
s13,Skin,460.0,0.7108537125354709
s13,Skin,480.0,0.8275725815349599
s13,Skin,500.0,0.4031843944135034
s13,Skin,520.0,0.1357758405414322
s13,Skin,540.0,0.31935251692362265
s13,Skin,560.0,0.3150933234319455
s13,Skin,580.0,0.43553718019912147
s13,Skin,600.0,0.5647016596113876
s13,Skin,620.0,0.37792410623759204
s13,Skin,640.0,0.4217106609145359
s13,Skin,660.0,0.6313283369845037
s13,Skin,680.0,0.515423013175849
s13,Skin,700.0,0.4262227686999437
s13,Skin,720.0,0.4565646101526511
s13,Skin,740.0,0.8858138929731243
s13,Skin,760.0,0.7165502197326994
s13,Skin,780.0,0.8224458667654639
s13,Skin,800.0,0.9120645190368709
s13,Skin,820.0,1.0342149566483612
s13,Skin,840.0,0.4806898746988678
s13,Skin,860.0,0.1369470941398212
s13,Skin,880.0,0.0717336065126945
s13,Skin,900.0,0.3605916366542114
s13,Skin,920.0,0.5501923910866344
s13,Skin,940.0,0.5631984756300908
s13,Skin,960.0,0.43990916262336005
s13,Skin,980.0,0.5506639858018487
s13,Surface,0.0,0.17027223962804833
s13,Surface,20.0,0.23796183366386314
s13,Surface,40.0,0.09948025684452283
s13,Surface,60.0,-0.13045874562352905
s13,Surface,80.0,-0.07060588752828145
s13,Surface,100.0,-0.05601417226932026
s13,Surface,120.0,0.23415965352397514
s13,Surface,140.0,0.38670868474827236
s13,Surface,160.0,0.13388122987411177
s13,Surface,180.0,0.3180418788008589
s13,Surface,200.0,0.3963280641425587
s13,Surface,220.0,0.2493549687361431
s13,Surface,240.0,0.24608979780636792
s13,Surface,260.0,0.6820672569199284
s13,Surface,280.0,0.33819896650480624
s13,Surface,300.0,-0.10180041941980467
s13,Surface,320.0,0.15605188516596802
s13,Surface,340.0,0.37558340736669615
s13,Surface,360.0,0.03979269888009449
s13,Surface,380.0,-0.39337133989031464
s13,Surface,400.0,0.33707905340982264
s13,Surface,420.0,0.04986703938520104
s13,Surface,440.0,0.030307781552388932
s13,Surface,460.0,0.4722945198767675
s13,Surface,480.0,0.747519079641173
s13,Surface,500.0,0.33814467441467355
s13,Surface,520.0,0.30030643240413174
s13,Surface,540.0,0.4022580032243166
s13,Surface,560.0,0.45113609845142894
s13,Surface,580.0,0.496342224636909
s13,Surface,600.0,0.3676807166590438
s13,Surface,620.0,0.31107821087407184
s13,Surface,640.0,0.6611317443846165
s13,Surface,660.0,0.6403191470671037
s13,Surface,680.0,0.48574138779698783
s13,Surface,700.0,0.5045637829570278
s13,Surface,720.0,0.6419942494298958
s13,Surface,740.0,0.6962591893693135
s13,Surface,760.0,0.3856652766938653
s13,Surface,780.0,0.5334343142091988
s13,Surface,800.0,0.5827155236138002
s13,Surface,820.0,0.623551357937953
s13,Surface,840.0,0.28737019559452326
s13,Surface,860.0,-0.045203882663066255
s13,Surface,880.0,0.20924921746031397
s13,Surface,900.0,0.2722931171146215
s13,Surface,920.0,0.3724921940955771
s13,Surface,940.0,0.30282147953947913
s13,Surface,960.0,0.4172908960037651
s13,Surface,980.0,0.5207129384789425
s13,Structural,0.0,0.11931796708786133
s13,Structural,20.0,0.20712428933870852
s13,Structural,40.0,0.34992047056410813
s13,Structural,60.0,0.35718867522760217
s13,Structural,80.0,0.07168232815104487
s13,Structural,100.0,0.17235241708045307
s13,Structural,120.0,0.2101305150800961
s13,Structural,140.0,0.10211358353951121
s13,Structural,160.0,-0.09278617578721106
s13,Structural,180.0,-0.3983605219662595
s13,Structural,200.0,-0.04722772932742236
s13,Structural,220.0,-0.03916074912971865
s13,Structural,240.0,-0.2955371255163321
s13,Structural,260.0,0.002410254484840342
s13,Structural,280.0,-0.15347402522989356
s13,Structural,300.0,-0.27833398614617566
s13,Structural,320.0,0.046351081473250635
s13,Structural,340.0,-0.2864782226786468
s13,Structural,360.0,-0.39781608094486404
s13,Structural,380.0,-0.3114673977438828
s13,Structural,400.0,-0.1753133625154146
s13,Structural,420.0,-0.11141158147254764
s13,Structural,440.0,0.12672376601884777
s13,Structural,460.0,0.061722831383966045
s13,Structural,480.0,-0.3397264394549777
s13,Structural,500.0,0.07415446423749489
s13,Structural,520.0,0.19759453904824636
s13,Structural,540.0,-0.015827633718988383
s13,Structural,560.0,-0.3168326844463547
s13,Structural,580.0,-0.017721044598169255
s13,Structural,600.0,0.6101007067615802
s13,Structural,620.0,0.27782492475163834
s13,Structural,640.0,0.005579140495325707
s13,Structural,660.0,-0.082130996955809
s13,Structural,680.0,0.1653660244551694
s13,Structural,700.0,0.0030262894097976
s13,Structural,720.0,0.12659258839947077
s13,Structural,740.0,-0.12173048187261959
s13,Structural,760.0,-0.39189208749025917
s13,Structural,780.0,-0.2976406476761608
s13,Structural,800.0,-0.029082896088910945
s13,Structural,820.0,0.18301884457929046
s13,Structural,840.0,-0.023021308692237674
s13,Structural,860.0,0.14557464010802376
s13,Structural,880.0,0.707409017058786
s13,Structural,900.0,0.40057309868013014
s13,Structural,920.0,0.30712042081121027
s13,Structural,940.0,0.41927245736121654
s13,Structural,960.0,0.4739612560368803
s13,Structural,980.0,0.5095479661010677
s13,Surface_minus_Structural,0.0,0.050954272540187
s13,Surface_minus_Structural,20.0,0.03083754432515462
s13,Surface_minus_Structural,40.0,-0.2504402137195853
s13,Surface_minus_Structural,60.0,-0.4876474208511312
s13,Surface_minus_Structural,80.0,-0.1422882156793263
s13,Surface_minus_Structural,100.0,-0.22836658934977333
s13,Surface_minus_Structural,120.0,0.02402913844387905
s13,Surface_minus_Structural,140.0,0.28459510120876114
s13,Surface_minus_Structural,160.0,0.22666740566132282
s13,Surface_minus_Structural,180.0,0.7164024007671184
s13,Surface_minus_Structural,200.0,0.4435557934699811
s13,Surface_minus_Structural,220.0,0.2885157178658617
s13,Surface_minus_Structural,240.0,0.5416269233227
s13,Surface_minus_Structural,260.0,0.6796570024350881
s13,Surface_minus_Structural,280.0,0.4916729917346998
s13,Surface_minus_Structural,300.0,0.176533566726371
s13,Surface_minus_Structural,320.0,0.10970080369271738
s13,Surface_minus_Structural,340.0,0.662061630045343
s13,Surface_minus_Structural,360.0,0.43760877982495855
s13,Surface_minus_Structural,380.0,-0.08190394214643182
s13,Surface_minus_Structural,400.0,0.5123924159252372
s13,Surface_minus_Structural,420.0,0.1612786208577487
s13,Surface_minus_Structural,440.0,-0.09641598446645884
s13,Surface_minus_Structural,460.0,0.41057168849280146
s13,Surface_minus_Structural,480.0,1.0872455190961507
s13,Surface_minus_Structural,500.0,0.26399021017717866
s13,Surface_minus_Structural,520.0,0.10271189335588538
s13,Surface_minus_Structural,540.0,0.418085636943305
s13,Surface_minus_Structural,560.0,0.7679687828977837
s13,Surface_minus_Structural,580.0,0.5140632692350783
s13,Surface_minus_Structural,600.0,-0.24241999010253645
s13,Surface_minus_Structural,620.0,0.0332532861224335
s13,Surface_minus_Structural,640.0,0.6555526038892908
s13,Surface_minus_Structural,660.0,0.7224501440229127
s13,Surface_minus_Structural,680.0,0.32037536334181843
s13,Surface_minus_Structural,700.0,0.5015374935472301
s13,Surface_minus_Structural,720.0,0.5154016610304251
s13,Surface_minus_Structural,740.0,0.8179896712419331
s13,Surface_minus_Structural,760.0,0.7775573641841245
s13,Surface_minus_Structural,780.0,0.8310749618853597
s13,Surface_minus_Structural,800.0,0.6117984197027111
s13,Surface_minus_Structural,820.0,0.44053251335866256
s13,Surface_minus_Structural,840.0,0.31039150428676093
s13,Surface_minus_Structural,860.0,-0.19077852277109003
s13,Surface_minus_Structural,880.0,-0.498159799598472
s13,Surface_minus_Structural,900.0,-0.12827998156550863
s13,Surface_minus_Structural,920.0,0.06537177328436683
s13,Surface_minus_Structural,940.0,-0.11645097782173741
s13,Surface_minus_Structural,960.0,-0.05667036003311515
s13,Surface_minus_Structural,980.0,0.011164972377874838
s14,FSlim,0.0,0.2954368876956176
s14,FSlim,20.0,-0.049785489259044045
s14,FSlim,40.0,-0.40416326797551766
s14,FSlim,60.0,0.18388241839081043
s14,FSlim,80.0,0.7089732744283939
s14,FSlim,100.0,0.13809399450339915
s14,FSlim,120.0,-0.15936491163512648
s14,FSlim,140.0,0.2300369476352224
s14,FSlim,160.0,0.4768814419096331
s14,FSlim,180.0,0.6370625750850467
s14,FSlim,200.0,0.2770213423079387
s14,FSlim,220.0,-0.18783904533126625
s14,FSlim,240.0,0.025984085653227622
s14,FSlim,260.0,0.06730806311393768
s14,FSlim,280.0,0.2122238619881315
s14,FSlim,300.0,0.011891497851881205
s14,FSlim,320.0,0.1584423077223675
s14,FSlim,340.0,0.21984065325760865
s14,FSlim,360.0,0.203012546970264
s14,FSlim,380.0,-0.1444498241598402
s14,FSlim,400.0,-0.4462267356374215
s14,FSlim,420.0,-0.13720959482372408
s14,FSlim,440.0,0.06788546900313186
s14,FSlim,460.0,-0.02010404988951503
s14,FSlim,480.0,-0.03424745093902823
s14,FSlim,500.0,0.3392088369484448
s14,FSlim,520.0,0.5487072788689232
s14,FSlim,540.0,0.09470858149971774
s14,FSlim,560.0,-0.22648972688490476
s14,FSlim,580.0,0.3522026585665956
s14,FSlim,600.0,0.12037063284658722
s14,FSlim,620.0,-0.09659668718904432
s14,FSlim,640.0,-0.148537235599855
s14,FSlim,660.0,0.09351739481531726
s14,FSlim,680.0,0.5395558759000925
s14,FSlim,700.0,0.7168657451798113
s14,FSlim,720.0,0.4377357340848057
s14,FSlim,740.0,0.2369111146041831
s14,FSlim,760.0,-0.011893591760464867
s14,FSlim,780.0,-0.2647040992744621
s14,FSlim,800.0,-0.08534829163592404
s14,FSlim,820.0,-0.4889329478161894
s14,FSlim,840.0,-0.0860009741287528
s14,FSlim,860.0,-0.14618714579249634
s14,FSlim,880.0,-0.026735834985495963
s14,FSlim,900.0,0.08465916831814227
s14,FSlim,920.0,-0.1595050386071518
s14,FSlim,940.0,-0.2767131662937832
s14,FSlim,960.0,-0.11990526352462515
s14,FSlim,980.0,-0.10435369264776129
s14,Eye,0.0,-0.04997876240229658
s14,Eye,20.0,-0.4034473145913657
s14,Eye,40.0,-0.2954502829401965
s14,Eye,60.0,-0.3264797134860011
s14,Eye,80.0,-0.18036036710195913
s14,Eye,100.0,-0.4493583914430471
s14,Eye,120.0,-0.6408258358222515
s14,Eye,140.0,-0.5488768187697066
s14,Eye,160.0,-0.1212094072536501
s14,Eye,180.0,0.08926975235755587
s14,Eye,200.0,-0.1721612131087555
s14,Eye,220.0,-0.44425883847738423
s14,Eye,240.0,-0.4706207649305826
s14,Eye,260.0,-0.4083799296786706
s14,Eye,280.0,-0.4596262594741411
s14,Eye,300.0,-1.114228278733464
s14,Eye,320.0,-1.2021469930134516
s14,Eye,340.0,-0.731297112960158
s14,Eye,360.0,-0.1603454556351946
s14,Eye,380.0,-0.8160373352894066
s14,Eye,400.0,-0.7098923061008735
s14,Eye,420.0,-0.13415175397197943
s14,Eye,440.0,-0.26966248530848497
s14,Eye,460.0,-0.41175900217599604
s14,Eye,480.0,-0.3128244425928449
s14,Eye,500.0,-0.19470019393147925
s14,Eye,520.0,-0.3918097875742768
s14,Eye,540.0,-0.8589166739791882
s14,Eye,560.0,-0.9513515480895397
s14,Eye,580.0,-0.9470529494164479
s14,Eye,600.0,-0.41848495682623243
s14,Eye,620.0,-0.2606865289365166
s14,Eye,640.0,-0.797858736638964
s14,Eye,660.0,-0.8670232048138506
s14,Eye,680.0,-0.8768995976086192
s14,Eye,700.0,-0.671804967740739
s14,Eye,720.0,-0.6514381397281933
s14,Eye,740.0,-0.36497855641527105
s14,Eye,760.0,-0.35345714057056105
s14,Eye,780.0,-0.41547725921673495
s14,Eye,800.0,-0.2374914870901098
s14,Eye,820.0,-0.4158452070004949
s14,Eye,840.0,-0.6010117204971273
s14,Eye,860.0,-0.7258180433684286
s14,Eye,880.0,-0.4169290306496504
s14,Eye,900.0,0.01490682748327593
s14,Eye,920.0,0.11947583538636113
s14,Eye,940.0,-0.021505127455476114
s14,Eye,960.0,-0.3585689593843848
s14,Eye,980.0,-0.10411360691946339
s14,Mouth,0.0,-0.006918737475110126
s14,Mouth,20.0,-0.05129548224835845
s14,Mouth,40.0,-0.28116945999846465
s14,Mouth,60.0,-0.38320159842152274
s14,Mouth,80.0,-0.10292881568216927
s14,Mouth,100.0,0.19240730716530652
s14,Mouth,120.0,0.026037566636240527
s14,Mouth,140.0,-0.12783890064293868
s14,Mouth,160.0,0.2656679076288596
s14,Mouth,180.0,0.4548293856886826
s14,Mouth,200.0,0.40688300758490326
s14,Mouth,220.0,0.3202829256698295
s14,Mouth,240.0,0.3030961047034045
s14,Mouth,260.0,0.06442451642823636
s14,Mouth,280.0,-0.0584220060841007
s14,Mouth,300.0,-0.01900290097033041
s14,Mouth,320.0,0.25067991210353247
s14,Mouth,340.0,-0.13912956493005207
s14,Mouth,360.0,-0.22784878868312702
s14,Mouth,380.0,0.25886279287880587
s14,Mouth,400.0,0.5072488627779063
s14,Mouth,420.0,0.7093240939521566
s14,Mouth,440.0,0.6367138509557151
s14,Mouth,460.0,0.6922246984325033
s14,Mouth,480.0,0.4367389903788716
s14,Mouth,500.0,0.21038458561470563
s14,Mouth,520.0,-0.05455977907029813
s14,Mouth,540.0,-0.13596919543464098
s14,Mouth,560.0,0.42165803108769806
s14,Mouth,580.0,0.3432353420488062
s14,Mouth,600.0,0.21106733926933455
s14,Mouth,620.0,0.48184837418706183
s14,Mouth,640.0,0.21566379865815544
s14,Mouth,660.0,0.17266491019391328
s14,Mouth,680.0,-0.04537239478029825
s14,Mouth,700.0,0.03742256733063645
s14,Mouth,720.0,-0.022918744763150922
s14,Mouth,740.0,-0.3472077532613008
s14,Mouth,760.0,-0.5208350846525404
s14,Mouth,780.0,-0.4757390268344939
s14,Mouth,800.0,0.10868269569521688
s14,Mouth,820.0,0.3384790777046516
s14,Mouth,840.0,0.25947176371222463
s14,Mouth,860.0,0.409214526684398
s14,Mouth,880.0,-0.09255173198478406
s14,Mouth,900.0,-0.4627118119598005
s14,Mouth,920.0,-0.3075148809740055
s14,Mouth,940.0,0.01043808350268366
s14,Mouth,960.0,0.40443693937036784
s14,Mouth,980.0,0.21843820904302258
s14,Skin,0.0,-0.20795936667858278
s14,Skin,20.0,0.3027026032247593
s14,Skin,40.0,0.19535839628948487
s14,Skin,60.0,0.37782322525293954
s14,Skin,80.0,0.8045817795542977
s14,Skin,100.0,0.45707608188961635
s14,Skin,120.0,0.37845845798478783
s14,Skin,140.0,0.2688970477859844
s14,Skin,160.0,0.08948150434700364
s14,Skin,180.0,0.05017275569957613
s14,Skin,200.0,0.011311624954053578
s14,Skin,220.0,-0.21188097227188718
s14,Skin,240.0,-0.1426032116702024
s14,Skin,260.0,0.055681139940813806
s14,Skin,280.0,0.3068417791814021
s14,Skin,300.0,0.04705032002656867
s14,Skin,320.0,-0.22034811870609083
s14,Skin,340.0,0.7605857481911628
s14,Skin,360.0,1.2309036025990827
s14,Skin,380.0,0.29914413436429066
s14,Skin,400.0,-0.47078421392694714
s14,Skin,420.0,-0.1120522470606094
s14,Skin,440.0,0.18016287509423767
s14,Skin,460.0,0.01766922463257876
s14,Skin,480.0,0.01116580720692717
s14,Skin,500.0,0.07904583275633553
s14,Skin,520.0,0.19331414772488242
s14,Skin,540.0,0.35940738551203694
s14,Skin,560.0,-0.14191282238698155
s14,Skin,580.0,-0.33642376313270117
s14,Skin,600.0,-0.0878163033435447
s14,Skin,620.0,-0.4354695183656654
s14,Skin,640.0,-0.774938883772772
s14,Skin,660.0,-0.27255320757842433
s14,Skin,680.0,0.3516702081321772
s14,Skin,700.0,0.3232603409190904
s14,Skin,720.0,-0.5778140303343725
s14,Skin,740.0,-0.6081246969867978
s14,Skin,760.0,0.2202033101050858
s14,Skin,780.0,0.5535128850972457
s14,Skin,800.0,0.30529596457534913
s14,Skin,820.0,-0.19400718798931155
s14,Skin,840.0,-0.053241487200592935
s14,Skin,860.0,0.10456347386782153
s14,Skin,880.0,0.028568350555484956
s14,Skin,900.0,-0.20119214530157142
s14,Skin,920.0,0.04760343711567101
s14,Skin,940.0,-0.028850464540624232
s14,Skin,960.0,0.23060807093089675
s14,Skin,980.0,0.3090312963498312
s14,Surface,0.0,-0.10743905207684645
s14,Surface,20.0,0.12570356048820042
s14,Surface,40.0,-0.04290553185448989
s14,Surface,60.0,-0.0026891865842915974
s14,Surface,80.0,0.3508264819360642
s14,Surface,100.0,0.32474169452746143
s14,Surface,120.0,0.20224801231051417
s14,Surface,140.0,0.07052907357152285
s14,Surface,160.0,0.17757470598793162
s14,Surface,180.0,0.25250107069412936
s14,Surface,200.0,0.20909731626947842
s14,Surface,220.0,0.05420097669897117
s14,Surface,240.0,0.08024644651660104
s14,Surface,260.0,0.060052828184525085
s14,Surface,280.0,0.1242098865486507
s14,Surface,300.0,0.01402370952811913
s14,Surface,320.0,0.015165896698720815
s14,Surface,340.0,0.31072809163055537
s14,Surface,360.0,0.5015274069579778
s14,Surface,380.0,0.27900346362154826
s14,Surface,400.0,0.018232324425479562
s14,Surface,420.0,0.2986359234457736
s14,Surface,440.0,0.4084383630249764
s14,Surface,460.0,0.35494696153254107
s14,Surface,480.0,0.22395239879289938
s14,Surface,500.0,0.14471520918552058
s14,Surface,520.0,0.06937718432729215
s14,Surface,540.0,0.11171909503869798
s14,Surface,560.0,0.13987260435035825
s14,Surface,580.0,0.003405789458052505
s14,Surface,600.0,0.06162551796289492
s14,Surface,620.0,0.023189427910698224
s14,Surface,640.0,-0.27963754255730827
s14,Surface,660.0,-0.049944148692255524
s14,Surface,680.0,0.15314890667593947
s14,Surface,700.0,0.1803414541248634
s14,Surface,720.0,-0.3003663875487617
s14,Surface,740.0,-0.4776662251240493
s14,Surface,760.0,-0.1503158872737273
s14,Surface,780.0,0.0388869291313759
s14,Surface,800.0,0.206989330135283
s14,Surface,820.0,0.07223594485767001
s14,Surface,840.0,0.10311513825581585
s14,Surface,860.0,0.2568890002761098
s14,Surface,880.0,-0.03199169071464955
s14,Surface,900.0,-0.33195197863068593
s14,Surface,920.0,-0.12995572192916724
s14,Surface,940.0,-0.009206190518970286
s14,Surface,960.0,0.3175225051506323
s14,Surface,980.0,0.2637347526964269
s14,Structural,0.0,0.1227290626466605
s14,Structural,20.0,-0.22661640192520485
s14,Structural,40.0,-0.3498067754578571
s14,Structural,60.0,-0.07129864754759532
s14,Structural,80.0,0.26430645366321737
s14,Structural,100.0,-0.15563219846982398
s14,Structural,120.0,-0.400095373728689
s14,Structural,140.0,-0.1594199355672421
s14,Structural,160.0,0.1778360173279915
s14,Structural,180.0,0.3631661637213013
s14,Structural,200.0,0.05243006459959158
s14,Structural,220.0,-0.31604894190432525
s14,Structural,240.0,-0.22231833963867748
s14,Structural,260.0,-0.17053593328236646
s14,Structural,280.0,-0.1237011987430048
s14,Structural,300.0,-0.5511683904407915
s14,Structural,320.0,-0.521852342645542
s14,Structural,340.0,-0.25572822985127464
s14,Structural,360.0,0.021333545667534703
s14,Structural,380.0,-0.4802435797246234
s14,Structural,400.0,-0.5780595208691475
s14,Structural,420.0,-0.13568067439785175
s14,Structural,440.0,-0.10088850815267655
s14,Structural,460.0,-0.21593152603275553
s14,Structural,480.0,-0.1735359467659366
s14,Structural,500.0,0.07225432150848277
s14,Structural,520.0,0.07844874564732321
s14,Structural,540.0,-0.38210404623973526
s14,Structural,560.0,-0.5889206374872222
s14,Structural,580.0,-0.29742514542492615
s14,Structural,600.0,-0.1490571619898226
s14,Structural,620.0,-0.17864160806278045
s14,Structural,640.0,-0.4731979861194095
s14,Structural,660.0,-0.3867529049992667
s14,Structural,680.0,-0.1686718608542634
s14,Structural,700.0,0.022530388719536165
s14,Structural,720.0,-0.1068512028216938
s14,Structural,740.0,-0.06403372090554398
s14,Structural,760.0,-0.18267536616551294
s14,Structural,780.0,-0.34009067924559855
s14,Structural,800.0,-0.16141988936301693
s14,Structural,820.0,-0.4523890774083421
s14,Structural,840.0,-0.34350634731294005
s14,Structural,860.0,-0.4360025945804625
s14,Structural,880.0,-0.2218324328175732
s14,Structural,900.0,0.0497829979007091
s14,Structural,920.0,-0.02001460161039533
s14,Structural,940.0,-0.14910914687462964
s14,Structural,960.0,-0.239237111454505
s14,Structural,980.0,-0.10423364978361234
s14,Surface_minus_Structural,0.0,-0.23016811472350696
s14,Surface_minus_Structural,20.0,0.35231996241340524
s14,Surface_minus_Structural,40.0,0.30690124360336724
s14,Surface_minus_Structural,60.0,0.06860946096330373
s14,Surface_minus_Structural,80.0,0.08652002827284683
s14,Surface_minus_Structural,100.0,0.4803738929972854
s14,Surface_minus_Structural,120.0,0.6023433860392031
s14,Surface_minus_Structural,140.0,0.22994900913876495
s14,Surface_minus_Structural,160.0,-0.0002613113400598832
s14,Surface_minus_Structural,180.0,-0.11066509302717192
s14,Surface_minus_Structural,200.0,0.15666725166988682
s14,Surface_minus_Structural,220.0,0.3702499186032964
s14,Surface_minus_Structural,240.0,0.3025647861552785
s14,Surface_minus_Structural,260.0,0.23058876146689156
s14,Surface_minus_Structural,280.0,0.2479110852916555
s14,Surface_minus_Structural,300.0,0.5651920999689106
s14,Surface_minus_Structural,320.0,0.5370182393442628
s14,Surface_minus_Structural,340.0,0.56645632148183
s14,Surface_minus_Structural,360.0,0.4801938612904431
s14,Surface_minus_Structural,380.0,0.7592470433461717
s14,Surface_minus_Structural,400.0,0.5962918452946271
s14,Surface_minus_Structural,420.0,0.43431659784362536
s14,Surface_minus_Structural,440.0,0.509326871177653
s14,Surface_minus_Structural,460.0,0.5708784875652966
s14,Surface_minus_Structural,480.0,0.39748834555883594
s14,Surface_minus_Structural,500.0,0.07246088767703782
s14,Surface_minus_Structural,520.0,-0.009071561320031063
s14,Surface_minus_Structural,540.0,0.49382314127843324
s14,Surface_minus_Structural,560.0,0.7287932418375804
s14,Surface_minus_Structural,580.0,0.30083093488297863
s14,Surface_minus_Structural,600.0,0.21068267995271753
s14,Surface_minus_Structural,620.0,0.20183103597347868
s14,Surface_minus_Structural,640.0,0.19356044356210123
s14,Surface_minus_Structural,660.0,0.3368087563070111
s14,Surface_minus_Structural,680.0,0.32182076753020283
s14,Surface_minus_Structural,700.0,0.15781106540532724
s14,Surface_minus_Structural,720.0,-0.1935151847270679
s14,Surface_minus_Structural,740.0,-0.41363250421850534
s14,Surface_minus_Structural,760.0,0.03235947889178564
s14,Surface_minus_Structural,780.0,0.3789776083769745
s14,Surface_minus_Structural,800.0,0.36840921949829997
s14,Surface_minus_Structural,820.0,0.5246250222660122
s14,Surface_minus_Structural,840.0,0.4466214855687559
s14,Surface_minus_Structural,860.0,0.6928915948565723
s14,Surface_minus_Structural,880.0,0.18984074210292365
s14,Surface_minus_Structural,900.0,-0.38173497653139504
s14,Surface_minus_Structural,920.0,-0.1099411203187719
s14,Surface_minus_Structural,940.0,0.13990295635565936
s14,Surface_minus_Structural,960.0,0.5567596166051373
s14,Surface_minus_Structural,980.0,0.3679684024800392
s15,FSlim,0.0,0.51774808548964
s15,FSlim,20.0,0.681708673845147
s15,FSlim,40.0,0.3758689254934854
s15,FSlim,60.0,0.2774241389664183
s15,FSlim,80.0,0.24140818038417722
s15,FSlim,100.0,0.12672978666636975
s15,FSlim,120.0,0.29973198017071717
s15,FSlim,140.0,0.38774601462319996
s15,FSlim,160.0,0.4116397680123325
s15,FSlim,180.0,0.18418914375133913
s15,FSlim,200.0,0.11577147080841627
s15,FSlim,220.0,0.12110089493356062
s15,FSlim,240.0,-0.035719617761113376
s15,FSlim,260.0,0.09282243000723803
s15,FSlim,280.0,0.338165177345731
s15,FSlim,300.0,0.2932398831894552
s15,FSlim,320.0,0.5692874432253053
s15,FSlim,340.0,0.49533030761283875
s15,FSlim,360.0,-0.11882813409665718
s15,FSlim,380.0,-0.30562629403886477
s15,FSlim,400.0,0.23770691148214795
s15,FSlim,420.0,0.6669049580039401
s15,FSlim,440.0,0.34833433175820927
s15,FSlim,460.0,-0.02090819430233574
s15,FSlim,480.0,-0.02162937971190443
s15,FSlim,500.0,0.07228953496484643
s15,FSlim,520.0,0.1365912564010791
s15,FSlim,540.0,0.0551985160596903
s15,FSlim,560.0,0.5601083368540829
s15,FSlim,580.0,0.7712666901506566
s15,FSlim,600.0,-0.11586322101304644
s15,FSlim,620.0,-0.3259125569136825
s15,FSlim,640.0,-0.022072862022226553
s15,FSlim,660.0,0.14536337294346205
s15,FSlim,680.0,-0.18796365182035485
s15,FSlim,700.0,-0.054936130383728465
s15,FSlim,720.0,0.1679464483689116
s15,FSlim,740.0,0.07074027289194482
s15,FSlim,760.0,-0.304551598821884
s15,FSlim,780.0,-0.4640919573105097
s15,FSlim,800.0,-0.3475499316886197
s15,FSlim,820.0,-0.21770287630934665
s15,FSlim,840.0,-0.25517102967280536
s15,FSlim,860.0,0.06163596309273317
s15,FSlim,880.0,0.29673056893357164
s15,FSlim,900.0,0.2201605501968863
s15,FSlim,920.0,-0.15086868354783917
s15,FSlim,940.0,0.0017758468082730294
s15,FSlim,960.0,0.4304851673041944
s15,FSlim,980.0,0.33902499259609686
s15,Eye,0.0,0.4040989554970631
s15,Eye,20.0,0.6140710050685395
s15,Eye,40.0,0.5871147601665325
s15,Eye,60.0,0.449564051549192
s15,Eye,80.0,0.7174484730852287
s15,Eye,100.0,0.9269156714682005
s15,Eye,120.0,0.7739723482700178
s15,Eye,140.0,0.6085235075579974
s15,Eye,160.0,0.35610162552592284
s15,Eye,180.0,0.2596612029097936
s15,Eye,200.0,0.3474840043870629
s15,Eye,220.0,0.34831143723411906
s15,Eye,240.0,0.17838605220236142
s15,Eye,260.0,0.5708487598427083
s15,Eye,280.0,0.5976353759039194
s15,Eye,300.0,0.547443383014466
s15,Eye,320.0,0.2307387176391127
s15,Eye,340.0,0.0888183239437682
s15,Eye,360.0,0.3672361217418215
s15,Eye,380.0,0.5620499798868221
s15,Eye,400.0,0.5597818955003756
s15,Eye,420.0,0.11910941961413735
s15,Eye,440.0,-0.36909367481671823
s15,Eye,460.0,0.414394351067205
s15,Eye,480.0,1.1964885510828291
s15,Eye,500.0,0.6972702282696969
s15,Eye,520.0,-0.1879013853253359
s15,Eye,540.0,0.05772090308537342
s15,Eye,560.0,0.5899767527705091
s15,Eye,580.0,0.9412967206942573
s15,Eye,600.0,1.0753557199909296
s15,Eye,620.0,0.8726317874184384
s15,Eye,640.0,0.6020496607904822
s15,Eye,660.0,0.8085364565675415
s15,Eye,680.0,0.8440107248149161
s15,Eye,700.0,0.7487220996839696
s15,Eye,720.0,0.5532552803330335
s15,Eye,740.0,0.4970521123330942
s15,Eye,760.0,0.7407729830088602
s15,Eye,780.0,0.4360238261306263
s15,Eye,800.0,0.2825452095253453
s15,Eye,820.0,0.1544181614664385
s15,Eye,840.0,-0.09373711875195313
s15,Eye,860.0,-0.017992377847550055
s15,Eye,880.0,0.09080684737416778
s15,Eye,900.0,-0.11764196395455878
s15,Eye,920.0,-0.11359656719237238
s15,Eye,940.0,-0.018716513743210247
s15,Eye,960.0,-0.24244305240045172
s15,Eye,980.0,-0.2560959372908953
s15,Mouth,0.0,-0.43206342651467927
s15,Mouth,20.0,-0.4236997584522718
s15,Mouth,40.0,-0.20845170501381693
s15,Mouth,60.0,-0.28878831115938686
s15,Mouth,80.0,-0.4146488164382338
s15,Mouth,100.0,-0.6094944699067824
s15,Mouth,120.0,-0.5711996553056135
s15,Mouth,140.0,-0.38749197852675776
s15,Mouth,160.0,-0.4568472598443916
s15,Mouth,180.0,-0.5816712198966012
s15,Mouth,200.0,-0.4323532695818516
s15,Mouth,220.0,-0.4815898984823731
s15,Mouth,240.0,-0.6681845955544701
s15,Mouth,260.0,-0.511855157451849
s15,Mouth,280.0,-0.21643220146577988
s15,Mouth,300.0,-0.43396177001707226
s15,Mouth,320.0,-0.733961169819531
s15,Mouth,340.0,-0.9278086439815774
s15,Mouth,360.0,-0.5764376231231255
s15,Mouth,380.0,-0.648971749689969
s15,Mouth,400.0,-0.8133255292006552
s15,Mouth,420.0,-0.5286563300349549
s15,Mouth,440.0,0.1098728255081491
s15,Mouth,460.0,0.1947307184756595
s15,Mouth,480.0,-0.09613661780289362
s15,Mouth,500.0,-0.18216764571995497
s15,Mouth,520.0,-0.43225386716138536
s15,Mouth,540.0,-0.6847276426254605
s15,Mouth,560.0,-0.5576956951402542
s15,Mouth,580.0,-0.025307741203255324
s15,Mouth,600.0,0.020397740155967327
s15,Mouth,620.0,-0.31935485572879885
s15,Mouth,640.0,-0.7076499954079867
s15,Mouth,660.0,-0.170373008482275
s15,Mouth,680.0,-0.1907871018664584
s15,Mouth,700.0,-0.42055022742924747
s15,Mouth,720.0,-0.18840669596924337
s15,Mouth,740.0,-0.2071976282925176
s15,Mouth,760.0,0.07985365367418201
s15,Mouth,780.0,0.07706829549223007
s15,Mouth,800.0,-0.1671257963997097
s15,Mouth,820.0,-0.596140588413826
s15,Mouth,840.0,-0.5839740772464141
s15,Mouth,860.0,-0.5486492338158345
s15,Mouth,880.0,-0.3511711081358805
s15,Mouth,900.0,-0.4385909655125022
s15,Mouth,920.0,-0.3409709293885672
s15,Mouth,940.0,-0.11933788014441167
s15,Mouth,960.0,-0.10804129186959864
s15,Mouth,980.0,-0.36580727848627814
s15,Skin,0.0,-0.008370878402253458
s15,Skin,20.0,-0.2012807113814883
s15,Skin,40.0,-0.5706156609267952
s15,Skin,60.0,-0.36111804545323617
s15,Skin,80.0,-0.29507882435777544
s15,Skin,100.0,-0.4362074430300869
s15,Skin,120.0,-0.3896805704636216
s15,Skin,140.0,-0.4227729881264353
s15,Skin,160.0,-0.06700697125775995
s15,Skin,180.0,-0.19918171142005892
s15,Skin,200.0,-0.4351404040188841
s15,Skin,220.0,-0.076294926437025
s15,Skin,240.0,-0.21931124531844515
s15,Skin,260.0,-0.3982754572150724
s15,Skin,280.0,-0.13139523987093266
s15,Skin,300.0,-0.11266375770068168
s15,Skin,320.0,-0.5422676447723588
s15,Skin,340.0,-0.6912299250657867
s15,Skin,360.0,-0.36248229358963624
s15,Skin,380.0,-0.35414851421546395
s15,Skin,400.0,-0.6842395583537034
s15,Skin,420.0,-0.6724106059412621
s15,Skin,440.0,-0.41679648344379094
s15,Skin,460.0,-0.7840368758640892
s15,Skin,480.0,-1.0005203629773094
s15,Skin,500.0,-0.4617573945174119
s15,Skin,520.0,0.0592074413583116
s15,Skin,540.0,-0.49886574603054334
s15,Skin,560.0,-1.474803749269721
s15,Skin,580.0,-0.7194332702637802
s15,Skin,600.0,-0.08303642017666157
s15,Skin,620.0,-0.095373379123831
s15,Skin,640.0,-0.8855311642377055
s15,Skin,660.0,-0.8060223975998946
s15,Skin,680.0,-0.6666070856053676
s15,Skin,700.0,-0.5808025090443005
s15,Skin,720.0,-0.40032871826019845
s15,Skin,740.0,-0.6329553512832778
s15,Skin,760.0,-0.5571698445751784
s15,Skin,780.0,-0.4742495853964749
s15,Skin,800.0,-0.4249677594034804
s15,Skin,820.0,-0.3910116680631173
s15,Skin,840.0,-0.49132143430954134
s15,Skin,860.0,-0.9370520140926215
s15,Skin,880.0,-0.9946899609312934
s15,Skin,900.0,-0.5077378820389605
s15,Skin,920.0,-0.0897122728943125
s15,Skin,940.0,-0.19546563997662075
s15,Skin,960.0,-0.6745112766809687
s15,Skin,980.0,-0.5855264873159026
s15,Surface,0.0,-0.22021715245846638
s15,Surface,20.0,-0.31249023491688005
s15,Surface,40.0,-0.38953368297030605
s15,Surface,60.0,-0.32495317830631154
s15,Surface,80.0,-0.3548638203980046
s15,Surface,100.0,-0.5228509564684346
s15,Surface,120.0,-0.4804401128846175
s15,Surface,140.0,-0.40513248332659657
s15,Surface,160.0,-0.2619271155510758
s15,Surface,180.0,-0.39042646565833006
s15,Surface,200.0,-0.43374683680036785
s15,Surface,220.0,-0.27894241245969903
s15,Surface,240.0,-0.4437479204364576
s15,Surface,260.0,-0.4550653073334607
s15,Surface,280.0,-0.17391372066835625
s15,Surface,300.0,-0.273312763858877
s15,Surface,320.0,-0.6381144072959448
s15,Surface,340.0,-0.809519284523682
s15,Surface,360.0,-0.4694599583563809
s15,Surface,380.0,-0.5015601319527164
s15,Surface,400.0,-0.7487825437771793
s15,Surface,420.0,-0.6005334679881085
s15,Surface,440.0,-0.15346182896782093
s15,Surface,460.0,-0.29465307869421486
s15,Surface,480.0,-0.5483284903901016
s15,Surface,500.0,-0.3219625201186834
s15,Surface,520.0,-0.1865232129015369
s15,Surface,540.0,-0.591796694328002
s15,Surface,560.0,-1.0162497222049875
s15,Surface,580.0,-0.37237050573351776
s15,Surface,600.0,-0.03131934001034713
s15,Surface,620.0,-0.20736411742631491
s15,Surface,640.0,-0.7965905798228461
s15,Surface,660.0,-0.4881977030410848
s15,Surface,680.0,-0.428697093735913
s15,Surface,700.0,-0.500676368236774
s15,Surface,720.0,-0.29436770711472093
s15,Surface,740.0,-0.4200764897878977
s15,Surface,760.0,-0.23865809545049818
s15,Surface,780.0,-0.19859064495212242
s15,Surface,800.0,-0.29604677790159506
s15,Surface,820.0,-0.49357612823847163
s15,Surface,840.0,-0.5376477557779777
s15,Surface,860.0,-0.7428506239542281
s15,Surface,880.0,-0.672930534533587
s15,Surface,900.0,-0.47316442377573137
s15,Surface,920.0,-0.21534160114143985
s15,Surface,940.0,-0.1574017600605162
s15,Surface,960.0,-0.39127628427528366
s15,Surface,980.0,-0.4756668829010904
s15,Structural,0.0,0.46092352049335156
s15,Structural,20.0,0.6478898394568433
s15,Structural,40.0,0.48149184283000895
s15,Structural,60.0,0.3634940952578052
s15,Structural,80.0,0.479428326734703
s15,Structural,100.0,0.5268227290672851
s15,Structural,120.0,0.5368521642203675
s15,Structural,140.0,0.49813476109059873
s15,Structural,160.0,0.38387069676912766
s15,Structural,180.0,0.22192517333056638
s15,Structural,200.0,0.23162773759773958
s15,Structural,220.0,0.23470616608383985
s15,Structural,240.0,0.07133321722062402
s15,Structural,260.0,0.33183559492497317
s15,Structural,280.0,0.46790027662482514
s15,Structural,300.0,0.4203416331019606
s15,Structural,320.0,0.400013080432209
s15,Structural,340.0,0.29207431577830345
s15,Structural,360.0,0.12420399382258217
s15,Structural,380.0,0.1282118429239787
s15,Structural,400.0,0.3987444034912618
s15,Structural,420.0,0.39300718880903873
s15,Structural,440.0,-0.01037967152925448
s15,Structural,460.0,0.19674307838243463
s15,Structural,480.0,0.5874295856854623
s15,Structural,500.0,0.38477988161727167
s15,Structural,520.0,-0.025655064462128396
s15,Structural,540.0,0.05645970957253186
s15,Structural,560.0,0.575042544812296
s15,Structural,580.0,0.856281705422457
s15,Structural,600.0,0.47974624948894157
s15,Structural,620.0,0.27335961525237795
s15,Structural,640.0,0.2899883993841278
s15,Structural,660.0,0.47694991475550175
s15,Structural,680.0,0.32802353649728067
s15,Structural,700.0,0.3468929846501206
s15,Structural,720.0,0.36060086435097255
s15,Structural,740.0,0.2838961926125195
s15,Structural,760.0,0.2181106920934881
s15,Structural,780.0,-0.014034065589941691
s15,Structural,800.0,-0.032502361081637204
s15,Structural,820.0,-0.031642357421454076
s15,Structural,840.0,-0.17445407421237924
s15,Structural,860.0,0.021821792622591558
s15,Structural,880.0,0.1937687081538697
s15,Structural,900.0,0.05125929312116376
s15,Structural,920.0,-0.13223262537010577
s15,Structural,940.0,-0.008470333467468609
s15,Structural,960.0,0.09402105745187134
s15,Structural,980.0,0.04146452765260078
s15,Surface_minus_Structural,0.0,-0.6811406729518179
s15,Surface_minus_Structural,20.0,-0.9603800743737234
s15,Surface_minus_Structural,40.0,-0.871025525800315
s15,Surface_minus_Structural,60.0,-0.6884472735641167
s15,Surface_minus_Structural,80.0,-0.8342921471327076
s15,Surface_minus_Structural,100.0,-1.0496736855357196
s15,Surface_minus_Structural,120.0,-1.017292277104985
s15,Surface_minus_Structural,140.0,-0.9032672444171953
s15,Surface_minus_Structural,160.0,-0.6457978123202035
s15,Surface_minus_Structural,180.0,-0.6123516389888964
s15,Surface_minus_Structural,200.0,-0.6653745743981074
s15,Surface_minus_Structural,220.0,-0.5136485785435388
s15,Surface_minus_Structural,240.0,-0.5150811376570816
s15,Surface_minus_Structural,260.0,-0.7869009022584339
s15,Surface_minus_Structural,280.0,-0.6418139972931813
s15,Surface_minus_Structural,300.0,-0.6936543969608375
s15,Surface_minus_Structural,320.0,-1.0381274877281539
s15,Surface_minus_Structural,340.0,-1.1015936003019855
s15,Surface_minus_Structural,360.0,-0.5936639521789631
s15,Surface_minus_Structural,380.0,-0.6297719748766951
s15,Surface_minus_Structural,400.0,-1.147526947268441
s15,Surface_minus_Structural,420.0,-0.9935406567971472
s15,Surface_minus_Structural,440.0,-0.14308215743856645
s15,Surface_minus_Structural,460.0,-0.4913961570766495
s15,Surface_minus_Structural,480.0,-1.135758076075564
s15,Surface_minus_Structural,500.0,-0.7067424017359552
s15,Surface_minus_Structural,520.0,-0.1608681484394085
s15,Surface_minus_Structural,540.0,-0.6482564039005339
s15,Surface_minus_Structural,560.0,-1.5912922670172835
s15,Surface_minus_Structural,580.0,-1.2286522111559748
s15,Surface_minus_Structural,600.0,-0.5110655894992887
s15,Surface_minus_Structural,620.0,-0.48072373267869284
s15,Surface_minus_Structural,640.0,-1.086578979206974
s15,Surface_minus_Structural,660.0,-0.9651476177965865
s15,Surface_minus_Structural,680.0,-0.7567206302331937
s15,Surface_minus_Structural,700.0,-0.8475693528868946
s15,Surface_minus_Structural,720.0,-0.6549685714656934
s15,Surface_minus_Structural,740.0,-0.7039726824004172
s15,Surface_minus_Structural,760.0,-0.4567687875439863
s15,Surface_minus_Structural,780.0,-0.18455657936218073
s15,Surface_minus_Structural,800.0,-0.2635444168199579
s15,Surface_minus_Structural,820.0,-0.4619337708170176
s15,Surface_minus_Structural,840.0,-0.3631936815655985
s15,Surface_minus_Structural,860.0,-0.7646724165768196
s15,Surface_minus_Structural,880.0,-0.8666992426874567
s15,Surface_minus_Structural,900.0,-0.5244237168968952
s15,Surface_minus_Structural,920.0,-0.08310897577133408
s15,Surface_minus_Structural,940.0,-0.1489314265930476
s15,Surface_minus_Structural,960.0,-0.485297341727155
s15,Surface_minus_Structural,980.0,-0.5171314105536912
s16,FSlim,0.0,-0.015408909017790143
s16,FSlim,20.0,-0.1468822691696493
s16,FSlim,40.0,-0.5373840688088998
s16,FSlim,60.0,-0.7609883201995615
s16,FSlim,80.0,-0.6370559320577355
s16,FSlim,100.0,-0.8145777585067282
s16,FSlim,120.0,-0.7638044873602132
s16,FSlim,140.0,-1.0419118157047045
s16,FSlim,160.0,-0.9342167668021715
s16,FSlim,180.0,-0.9860301189703045
s16,FSlim,200.0,-1.144934869504509
s16,FSlim,220.0,-1.1439275658622559
s16,FSlim,240.0,-0.8386102604631147
s16,FSlim,260.0,-0.34321465977933585
s16,FSlim,280.0,-0.46605060501019463
s16,FSlim,300.0,-0.47872650517269555
s16,FSlim,320.0,-0.24561693514045876
s16,FSlim,340.0,-0.038403364326622974
s16,FSlim,360.0,0.2816841285438371
s16,FSlim,380.0,0.10052930347661751
s16,FSlim,400.0,0.3922284057246589
s16,FSlim,420.0,0.5223507078765874
s16,FSlim,440.0,0.5980969073006178
s16,FSlim,460.0,0.4763699124923917
s16,FSlim,480.0,0.26366441804396734
s16,FSlim,500.0,0.21255471861254763
s16,FSlim,520.0,0.44837111632167675
s16,FSlim,540.0,0.5345072123981645
s16,FSlim,560.0,0.6824239890503744
s16,FSlim,580.0,0.7113571890649866
s16,FSlim,600.0,0.5911293247459696
s16,FSlim,620.0,0.550390920670133
s16,FSlim,640.0,0.551920516061498
s16,FSlim,660.0,0.14014818883610472
s16,FSlim,680.0,-0.1800011993530914
s16,FSlim,700.0,-0.5934353785248985
s16,FSlim,720.0,-0.5765299417502099
s16,FSlim,740.0,-0.3987155519614326
s16,FSlim,760.0,-0.5778630949222515
s16,FSlim,780.0,-0.6137314966983591
s16,FSlim,800.0,-0.5230298877269823
s16,FSlim,820.0,-0.4382731249020412
s16,FSlim,840.0,-0.5637953144007674
s16,FSlim,860.0,-0.5602633316947562
s16,FSlim,880.0,-0.6452886066107208
s16,FSlim,900.0,-0.32039908407681367
s16,FSlim,920.0,-0.12427018970958287
s16,FSlim,940.0,-0.13642580757320735
s16,FSlim,960.0,-0.05343768799922122
s16,FSlim,980.0,0.12334644254443305
s16,Eye,0.0,-0.18446680627057754
s16,Eye,20.0,-0.1114983282330265
s16,Eye,40.0,-0.05458146516692494
s16,Eye,60.0,-0.11599619962604654
s16,Eye,80.0,-0.21038077211918205
s16,Eye,100.0,-0.09030082814811549
s16,Eye,120.0,-0.12147435718431766
s16,Eye,140.0,0.21809818111789253
s16,Eye,160.0,0.09646538400931172
s16,Eye,180.0,-0.024638207243252545
s16,Eye,200.0,0.11158082671277283
s16,Eye,220.0,0.08660409939968514
s16,Eye,240.0,0.17561239669886783
s16,Eye,260.0,0.24368568760784026
s16,Eye,280.0,0.0490595884944596
s16,Eye,300.0,-0.09070479491968839
s16,Eye,320.0,0.14188806197356768
s16,Eye,340.0,0.33440855254372925
s16,Eye,360.0,0.327602896621505
s16,Eye,380.0,0.35104070835452095
s16,Eye,400.0,0.08550968612543725
s16,Eye,420.0,0.10879624038898414
s16,Eye,440.0,0.07925383676765213
s16,Eye,460.0,-0.40302365134810153
s16,Eye,480.0,-0.5962209236138106
s16,Eye,500.0,-0.3665096851841887
s16,Eye,520.0,-0.08014287609677007
s16,Eye,540.0,-0.034514114352948544
s16,Eye,560.0,-0.17465641729628612
s16,Eye,580.0,-0.343062813274685
s16,Eye,600.0,-0.16444843193424316
s16,Eye,620.0,0.0048114468993479265
s16,Eye,640.0,0.20775151671427705
s16,Eye,660.0,0.1515278875036826
s16,Eye,680.0,0.10807257818914369
s16,Eye,700.0,0.24289609841366172
s16,Eye,720.0,0.33997568150933105
s16,Eye,740.0,0.19535154182642442
s16,Eye,760.0,0.31654876643681296
s16,Eye,780.0,0.29023672085105207
s16,Eye,800.0,0.3079074776273815
s16,Eye,820.0,0.30288516153510536
s16,Eye,840.0,0.16750469204103213
s16,Eye,860.0,0.1717297635410474
s16,Eye,880.0,-0.02227768807306878
s16,Eye,900.0,-0.1501368069984932
s16,Eye,920.0,0.22008624273528066
s16,Eye,940.0,0.253863646323674
s16,Eye,960.0,0.201885071525853
s16,Eye,980.0,0.12916885164778072
s16,Mouth,0.0,0.2056939779776716
s16,Mouth,20.0,0.24995138632798702
s16,Mouth,40.0,0.41781352147000844
s16,Mouth,60.0,0.13615740768026627
s16,Mouth,80.0,-0.05147979751077428
s16,Mouth,100.0,0.05910173933839559
s16,Mouth,120.0,-0.002838389688138182
s16,Mouth,140.0,-0.15576225480737677
s16,Mouth,160.0,-0.17236076826125446
s16,Mouth,180.0,-0.24972373779836138
s16,Mouth,200.0,-0.35991017177025947
s16,Mouth,220.0,-0.15964146540300206
s16,Mouth,240.0,-0.03173173690922032
s16,Mouth,260.0,-0.04633897187680741
s16,Mouth,280.0,-0.19818093355559052
s16,Mouth,300.0,-0.053407053265672244
s16,Mouth,320.0,-0.21564690371033862
s16,Mouth,340.0,-0.28740195245795624
s16,Mouth,360.0,-0.46954097752455004
s16,Mouth,380.0,-0.6979254218258238
s16,Mouth,400.0,-1.010045145170027
s16,Mouth,420.0,-1.2681888326482986
s16,Mouth,440.0,-0.7167927969731235
s16,Mouth,460.0,-0.38564006346766627
s16,Mouth,480.0,-0.9027113132511198
s16,Mouth,500.0,-1.2323266623913307
s16,Mouth,520.0,-0.898311377230266
s16,Mouth,540.0,-0.5263725329045492
s16,Mouth,560.0,-0.6439420316138852
s16,Mouth,580.0,-0.5990236005468417
s16,Mouth,600.0,-0.5419974508495784
s16,Mouth,620.0,-0.13945862870465608
s16,Mouth,640.0,0.19794956951084047
s16,Mouth,660.0,0.12181715602523453
s16,Mouth,680.0,-0.09961765979678897
s16,Mouth,700.0,-0.23795790952255547
s16,Mouth,720.0,-0.1919808950918197
s16,Mouth,740.0,-0.22887818407086258
s16,Mouth,760.0,-0.2701476886919099
s16,Mouth,780.0,-0.10147618635004073
s16,Mouth,800.0,-0.33824120495377785
s16,Mouth,820.0,-0.4737443537769501
s16,Mouth,840.0,-0.3769501817998179
s16,Mouth,860.0,-0.4511104338130641
s16,Mouth,880.0,-0.572939901781888
s16,Mouth,900.0,-0.23203910800451305
s16,Mouth,920.0,-0.2538237964928229
s16,Mouth,940.0,-0.29683682926549154
s16,Mouth,960.0,-0.33763093411452494
s16,Mouth,980.0,-0.5085422184006497
s16,Skin,0.0,0.023571355305178898
s16,Skin,20.0,0.0991444182542292
s16,Skin,40.0,-0.28135600080210366
s16,Skin,60.0,-0.45651493609519417
s16,Skin,80.0,-0.35564570334877893
s16,Skin,100.0,-0.36591788109298606
s16,Skin,120.0,-0.4483506966278539
s16,Skin,140.0,-0.8226443629693609
s16,Skin,160.0,-0.7605410057369755
s16,Skin,180.0,-0.84525069613072
s16,Skin,200.0,-0.6064179153530158
s16,Skin,220.0,-0.5063569883163047
s16,Skin,240.0,-0.565912479895611
s16,Skin,260.0,-0.36700952433718637
s16,Skin,280.0,-0.32626446468994086
s16,Skin,300.0,-0.23128693173679626
s16,Skin,320.0,-0.00715783721978519
s16,Skin,340.0,-0.060942085795998524
s16,Skin,360.0,-0.05726654162474748
s16,Skin,380.0,0.13844934056886446
s16,Skin,400.0,0.17165842780436727
s16,Skin,420.0,-0.15589404300874588
s16,Skin,440.0,-0.2910393736242123
s16,Skin,460.0,-0.1217520321410919
s16,Skin,480.0,0.0802823354294672
s16,Skin,500.0,0.11733201332508095
s16,Skin,520.0,-0.11927599280060933
s16,Skin,540.0,-0.32627467109816854
s16,Skin,560.0,-0.2753013588752584
s16,Skin,580.0,-0.257839192859408
s16,Skin,600.0,0.34425116533630634
s16,Skin,620.0,0.7561750007728594
s16,Skin,640.0,0.2022567685436223
s16,Skin,660.0,-0.2695639606536855
s16,Skin,680.0,-0.25102386689318845
s16,Skin,700.0,-0.20055822787505356
s16,Skin,720.0,0.13550941295060714
s16,Skin,740.0,-0.0025173770985219557
s16,Skin,760.0,-0.1810705764638339
s16,Skin,780.0,-0.09000168234701886
s16,Skin,800.0,0.1925466081799114
s16,Skin,820.0,0.36277488319979795
s16,Skin,840.0,0.4234138082084208
s16,Skin,860.0,0.2472127496333304
s16,Skin,880.0,0.14778345871336215
s16,Skin,900.0,0.2513917428642913
s16,Skin,920.0,0.30457967413637094
s16,Skin,940.0,0.1008722537261052
s16,Skin,960.0,0.018882794764759923
s16,Skin,980.0,0.17768182743394023
s16,Surface,0.0,0.11463266664142525
s16,Surface,20.0,0.17454790229110811
s16,Surface,40.0,0.06822876033395239
s16,Surface,60.0,-0.16017876420746396
s16,Surface,80.0,-0.20356275042977662
s16,Surface,100.0,-0.15340807087729524
s16,Surface,120.0,-0.22559454315799604
s16,Surface,140.0,-0.4892033088883688
s16,Surface,160.0,-0.46645088699911497
s16,Surface,180.0,-0.5474872169645407
s16,Surface,200.0,-0.48316404356163767
s16,Surface,220.0,-0.3329992268596534
s16,Surface,240.0,-0.29882210840241563
s16,Surface,260.0,-0.2066742481069969
s16,Surface,280.0,-0.2622226991227657
s16,Surface,300.0,-0.14234699250123425
s16,Surface,320.0,-0.1114023704650619
s16,Surface,340.0,-0.17417201912697738
s16,Surface,360.0,-0.2634037595746488
s16,Surface,380.0,-0.2797380406284797
s16,Surface,400.0,-0.41919335868282986
s16,Surface,420.0,-0.7120414378285223
s16,Surface,440.0,-0.5039160852986679
s16,Surface,460.0,-0.2536960478043791
s16,Surface,480.0,-0.4112144889108263
s16,Surface,500.0,-0.5574973245331248
s16,Surface,520.0,-0.5087936850154376
s16,Surface,540.0,-0.4263236020013589
s16,Surface,560.0,-0.4596216952445718
s16,Surface,580.0,-0.4284313967031248
s16,Surface,600.0,-0.09887314275663603
s16,Surface,620.0,0.30835818603410164
s16,Surface,640.0,0.20010316902723138
s16,Surface,660.0,-0.07387340231422548
s16,Surface,680.0,-0.1753207633449887
s16,Surface,700.0,-0.21925806869880451
s16,Surface,720.0,-0.02823574107060628
s16,Surface,740.0,-0.11569778058469227
s16,Surface,760.0,-0.2256091325778719
s16,Surface,780.0,-0.09573893434852979
s16,Surface,800.0,-0.07284729838693323
s16,Surface,820.0,-0.05548473528857609
s16,Surface,840.0,0.023231813204301455
s16,Surface,860.0,-0.10194884208986685
s16,Surface,880.0,-0.21257822153426292
s16,Surface,900.0,0.009676317429889114
s16,Surface,920.0,0.025377938821774026
s16,Surface,940.0,-0.09798228776969317
s16,Surface,960.0,-0.15937406967488252
s16,Surface,980.0,-0.16543019548335475
s16,Structural,0.0,-0.09993785764418384
s16,Structural,20.0,-0.1291902987013379
s16,Structural,40.0,-0.29598276698791237
s16,Structural,60.0,-0.43849225991280405
s16,Structural,80.0,-0.42371835208845876
s16,Structural,100.0,-0.45243929332742183
s16,Structural,120.0,-0.44263942227226544
s16,Structural,140.0,-0.41190681729340595
s16,Structural,160.0,-0.4188756913964299
s16,Structural,180.0,-0.5053341631067785
s16,Structural,200.0,-0.516677021395868
s16,Structural,220.0,-0.5286617332312854
s16,Structural,240.0,-0.3314989318821234
s16,Structural,260.0,-0.049764486085747794
s16,Structural,280.0,-0.2084955082578675
s16,Structural,300.0,-0.284715650046192
s16,Structural,320.0,-0.05186443658344554
s16,Structural,340.0,0.14800259410855315
s16,Structural,360.0,0.3046435125826711
s16,Structural,380.0,0.22578500591556921
s16,Structural,400.0,0.23886904592504807
s16,Structural,420.0,0.3155734741327858
s16,Structural,440.0,0.338675372034135
s16,Structural,460.0,0.03667313057214508
s16,Structural,480.0,-0.16627825278492164
s16,Structural,500.0,-0.07697748328582053
s16,Structural,520.0,0.18411412011245334
s16,Structural,540.0,0.24999654902260796
s16,Structural,560.0,0.25388378587704413
s16,Structural,580.0,0.18414718789515078
s16,Structural,600.0,0.2133404464058632
s16,Structural,620.0,0.2776011837847404
s16,Structural,640.0,0.3798360163878875
s16,Structural,660.0,0.14583803816989366
s16,Structural,680.0,-0.03596431058197385
s16,Structural,700.0,-0.17526964005561838
s16,Structural,720.0,-0.11827713012043942
s16,Structural,740.0,-0.10168200506750409
s16,Structural,760.0,-0.13065716424271928
s16,Structural,780.0,-0.16174738792365354
s16,Structural,800.0,-0.1075612050498004
s16,Structural,820.0,-0.06769398168346791
s16,Structural,840.0,-0.1981453111798676
s16,Structural,860.0,-0.19426678407685438
s16,Structural,880.0,-0.3337831473418948
s16,Structural,900.0,-0.23526794553765343
s16,Structural,920.0,0.047908026512848895
s16,Structural,940.0,0.05871891937523331
s16,Structural,960.0,0.07422369176331589
s16,Structural,980.0,0.12625764709610687
s16,Surface_minus_Structural,0.0,0.21457052428560908
s16,Surface_minus_Structural,20.0,0.30373820099244603
s16,Surface_minus_Structural,40.0,0.3642115273218648
s16,Surface_minus_Structural,60.0,0.2783134957053401
s16,Surface_minus_Structural,80.0,0.22015560165868214
s16,Surface_minus_Structural,100.0,0.2990312224501266
s16,Surface_minus_Structural,120.0,0.2170448791142694
s16,Surface_minus_Structural,140.0,-0.07729649159496288
s16,Surface_minus_Structural,160.0,-0.04757519560268508
s16,Surface_minus_Structural,180.0,-0.042153053857762246
s16,Surface_minus_Structural,200.0,0.03351297783423035
s16,Surface_minus_Structural,220.0,0.19566250637163202
s16,Surface_minus_Structural,240.0,0.032676823479707795
s16,Surface_minus_Structural,260.0,-0.1569097620212491
s16,Surface_minus_Structural,280.0,-0.05372719086489819
s16,Surface_minus_Structural,300.0,0.14236865754495773
s16,Surface_minus_Structural,320.0,-0.059537933881616364
s16,Surface_minus_Structural,340.0,-0.32217461323553054
s16,Surface_minus_Structural,360.0,-0.5680472721573199
s16,Surface_minus_Structural,380.0,-0.5055230465440489
s16,Surface_minus_Structural,400.0,-0.6580624046078779
s16,Surface_minus_Structural,420.0,-1.027614911961308
s16,Surface_minus_Structural,440.0,-0.8425914573328029
s16,Surface_minus_Structural,460.0,-0.2903691783765242
s16,Surface_minus_Structural,480.0,-0.24493623612590465
s16,Surface_minus_Structural,500.0,-0.4805198412473043
s16,Surface_minus_Structural,520.0,-0.692907805127891
s16,Surface_minus_Structural,540.0,-0.6763201510239668
s16,Surface_minus_Structural,560.0,-0.7135054811216159
s16,Surface_minus_Structural,580.0,-0.6125785845982756
s16,Surface_minus_Structural,600.0,-0.3122135891624992
s16,Surface_minus_Structural,620.0,0.03075700224936123
s16,Surface_minus_Structural,640.0,-0.17973284736065612
s16,Surface_minus_Structural,660.0,-0.21971144048411914
s16,Surface_minus_Structural,680.0,-0.13935645276301484
s16,Surface_minus_Structural,700.0,-0.04398842864318614
s16,Surface_minus_Structural,720.0,0.09004138904983314
s16,Surface_minus_Structural,740.0,-0.014015775517188175
s16,Surface_minus_Structural,760.0,-0.09495196833515263
s16,Surface_minus_Structural,780.0,0.06600845357512375
s16,Surface_minus_Structural,800.0,0.03471390666286718
s16,Surface_minus_Structural,820.0,0.01220924639489182
s16,Surface_minus_Structural,840.0,0.22137712438416907
s16,Surface_minus_Structural,860.0,0.09231794198698753
s16,Surface_minus_Structural,880.0,0.12120492580763187
s16,Surface_minus_Structural,900.0,0.24494426296754254
s16,Surface_minus_Structural,920.0,-0.022530087691074868
s16,Surface_minus_Structural,940.0,-0.15670120714492647
s16,Surface_minus_Structural,960.0,-0.2335977614381984
s16,Surface_minus_Structural,980.0,-0.2916878425794616
s17,FSlim,0.0,0.34328926244363867
s17,FSlim,20.0,0.06282911252170365
s17,FSlim,40.0,0.1376762929738345
s17,FSlim,60.0,0.24963922880885253
s17,FSlim,80.0,0.3001878525374969
s17,FSlim,100.0,0.2720679633582347
s17,FSlim,120.0,0.4688243977850819
s17,FSlim,140.0,0.3267377804636354
s17,FSlim,160.0,0.3805510189317546
s17,FSlim,180.0,0.4068311712891936
s17,FSlim,200.0,0.38859949125332044
s17,FSlim,220.0,0.29375488345649137
s17,FSlim,240.0,0.04171051144718551
s17,FSlim,260.0,-0.012465535031303862
s17,FSlim,280.0,0.05068596627902142
s17,FSlim,300.0,0.041158128329008684
s17,FSlim,320.0,0.08968269360498204
s17,FSlim,340.0,0.2810609650127801
s17,FSlim,360.0,0.11376682321543363
s17,FSlim,380.0,0.47271930570380105
s17,FSlim,400.0,0.36249916061253146
s17,FSlim,420.0,0.4122448211508632
s17,FSlim,440.0,0.5052594940360415
s17,FSlim,460.0,0.34310474021772464
s17,FSlim,480.0,0.12936055424596887
s17,FSlim,500.0,-0.31539698097443225
s17,FSlim,520.0,-0.0858696157259023
s17,FSlim,540.0,-0.18332682994616706
s17,FSlim,560.0,-0.3842171093942442
s17,FSlim,580.0,-0.14684515085747835
s17,FSlim,600.0,0.03671994925237099
s17,FSlim,620.0,0.20884579838898637
s17,FSlim,640.0,0.28045544707609227
s17,FSlim,660.0,0.1768509890305774
s17,FSlim,680.0,0.2642942809689898
s17,FSlim,700.0,0.5233812811429469
s17,FSlim,720.0,0.7657057112836132
s17,FSlim,740.0,0.7385778882079737
s17,FSlim,760.0,0.7226781520192489
s17,FSlim,780.0,0.5014607643606184
s17,FSlim,800.0,0.2581885915716241
s17,FSlim,820.0,0.29566451970066243
s17,FSlim,840.0,0.18512369422713795
s17,FSlim,860.0,0.13098678055237364
s17,FSlim,880.0,0.15096917049820346
s17,FSlim,900.0,0.3420291902956422
s17,FSlim,920.0,0.19549750470381824
s17,FSlim,940.0,0.16342982147143634
s17,FSlim,960.0,0.20182503015587458
s17,FSlim,980.0,0.46271481520579844
s17,Eye,0.0,0.0473671519304541
s17,Eye,20.0,0.01012129717829921
s17,Eye,40.0,0.02220242035616035
s17,Eye,60.0,0.07198537436083742
s17,Eye,80.0,-0.013853242052709287
s17,Eye,100.0,-0.06997677136476364
s17,Eye,120.0,-0.12170268775895618
s17,Eye,140.0,0.12792568872400062
s17,Eye,160.0,0.0038418858575814396
s17,Eye,180.0,-0.2985719080648036
s17,Eye,200.0,-0.11366739288724756
s17,Eye,220.0,-0.012958357763725073
s17,Eye,240.0,-0.16066677303597215
s17,Eye,260.0,-0.04573457078375356
s17,Eye,280.0,0.0366972892757038
s17,Eye,300.0,0.18121286569866582
s17,Eye,320.0,0.1814506894565263
s17,Eye,340.0,0.14436916705278424
s17,Eye,360.0,0.10587789466954188
s17,Eye,380.0,0.0666247403645124
s17,Eye,400.0,0.06088711410466664
s17,Eye,420.0,0.16670768980820372
s17,Eye,440.0,0.21692694689489822
s17,Eye,460.0,0.35317462008540546
s17,Eye,480.0,0.003872215864454881
s17,Eye,500.0,-0.027442800813343833
s17,Eye,520.0,0.30206352762440525
s17,Eye,540.0,0.3028258108863763
s17,Eye,560.0,0.14111266811661116
s17,Eye,580.0,0.2125717827966867
s17,Eye,600.0,0.2406800320145609
s17,Eye,620.0,0.2922661206513659
s17,Eye,640.0,0.10272080915927123
s17,Eye,660.0,0.109463642569055
s17,Eye,680.0,0.3447793806655985
s17,Eye,700.0,0.331591689796961
s17,Eye,720.0,0.1781869960590668
s17,Eye,740.0,0.2418435506067588
s17,Eye,760.0,0.4173667251312625
s17,Eye,780.0,0.21663837063870356
s17,Eye,800.0,-0.0449017904169233
s17,Eye,820.0,0.06395820681606162
s17,Eye,840.0,-0.05914463017067295
s17,Eye,860.0,0.028179894435805403
s17,Eye,880.0,-0.10632898414985154
s17,Eye,900.0,-0.0454567743778847
s17,Eye,920.0,0.17368095573200967
s17,Eye,940.0,0.26170654574215024
s17,Eye,960.0,0.26068077927066635
s17,Eye,980.0,0.2629999102883425
s17,Mouth,0.0,-0.1245171011090558
s17,Mouth,20.0,0.19016601374326775
s17,Mouth,40.0,-0.02770559109261611
s17,Mouth,60.0,-0.08790217633528914
s17,Mouth,80.0,0.14728458014061743
s17,Mouth,100.0,0.19631965099397608
s17,Mouth,120.0,-0.01573337043598226
s17,Mouth,140.0,-0.16559808829284586
s17,Mouth,160.0,-0.07200361537944892
s17,Mouth,180.0,0.09576067754698075
s17,Mouth,200.0,0.19346965987154408
s17,Mouth,220.0,0.18354056797675744
s17,Mouth,240.0,0.028890257305111945
s17,Mouth,260.0,0.20865366711627598
s17,Mouth,280.0,0.052722926182137975
s17,Mouth,300.0,0.07262678942135643
s17,Mouth,320.0,-0.1340270223937727
s17,Mouth,340.0,-0.248169219199199
s17,Mouth,360.0,-0.45371741482657774
s17,Mouth,380.0,-0.543166295563663
s17,Mouth,400.0,-0.6457724622109526
s17,Mouth,420.0,-0.5072158062085794
s17,Mouth,440.0,-0.5523132543248905
s17,Mouth,460.0,-0.5158435870739249
s17,Mouth,480.0,-0.6622359117473329
s17,Mouth,500.0,-0.49850707558601726
s17,Mouth,520.0,-0.3902487246722349
s17,Mouth,540.0,-0.26537621710202425
s17,Mouth,560.0,-0.59808855641476
s17,Mouth,580.0,-0.6651112256947556
s17,Mouth,600.0,-0.5211498679398018
s17,Mouth,620.0,-0.357115152486918
s17,Mouth,640.0,-0.24133256406239936
s17,Mouth,660.0,-0.11683034204583616
s17,Mouth,680.0,-0.07730549986082057
s17,Mouth,700.0,0.15882705137114428
s17,Mouth,720.0,0.10189028819687398
s17,Mouth,740.0,-0.31020410553232
s17,Mouth,760.0,-0.2094800537755136
s17,Mouth,780.0,-0.0356670003534741
s17,Mouth,800.0,-0.020534448879807182
s17,Mouth,820.0,0.029479808876666597
s17,Mouth,840.0,-0.01772294434011538
s17,Mouth,860.0,0.037167854815941606
s17,Mouth,880.0,0.1402590273734596
s17,Mouth,900.0,-0.13789508849134716
s17,Mouth,920.0,-0.027636406728028057
s17,Mouth,940.0,-0.001040890712011966
s17,Mouth,960.0,0.057545307717551196
s17,Mouth,980.0,0.19147072490902872
s17,Skin,0.0,0.038656427722097896
s17,Skin,20.0,0.186154805440955
s17,Skin,40.0,0.21626120744610852
s17,Skin,60.0,0.037235754598957574
s17,Skin,80.0,0.0009780281741701702
s17,Skin,100.0,0.18367079823258767
s17,Skin,120.0,0.379812558494933
s17,Skin,140.0,0.40512012269655256
s17,Skin,160.0,0.28051257579833233
s17,Skin,180.0,0.4847376687146825
s17,Skin,200.0,0.5556399973523298
s17,Skin,220.0,0.8406099767479842
s17,Skin,240.0,0.9558191982663604
s17,Skin,260.0,1.1533268191420825
s17,Skin,280.0,1.1634465650526928
s17,Skin,300.0,0.7939788022377214
s17,Skin,320.0,0.5723872594018484
s17,Skin,340.0,0.4963167535165218
s17,Skin,360.0,0.4684803954233694
s17,Skin,380.0,0.1346208098723821
s17,Skin,400.0,0.03493724019068256
s17,Skin,420.0,0.39680792259565906
s17,Skin,440.0,0.3915876805105486
s17,Skin,460.0,0.022179894495301666
s17,Skin,480.0,-0.13359285249222064
s17,Skin,500.0,0.024095013779530133
s17,Skin,520.0,0.3136945640040181
s17,Skin,540.0,0.011415602020223764
s17,Skin,560.0,0.10346056097860509
s17,Skin,580.0,-0.11416861207218951
s17,Skin,600.0,-0.2101481676418956
s17,Skin,620.0,0.018163993378906063
s17,Skin,640.0,0.1539201236571306
s17,Skin,660.0,0.4856560104245685
s17,Skin,680.0,0.39796708331640696
s17,Skin,700.0,0.2336966893663832
s17,Skin,720.0,0.2626832596150307
s17,Skin,740.0,0.38232278581694373
s17,Skin,760.0,0.5451336294484352
s17,Skin,780.0,0.3963691480918383
s17,Skin,800.0,0.2865534011041672
s17,Skin,820.0,0.1341715773903489
s17,Skin,840.0,0.36675170325149054
s17,Skin,860.0,0.3233247098840387
s17,Skin,880.0,0.13747117507298212
s17,Skin,900.0,0.22517259292722477
s17,Skin,920.0,0.11869797919875982
s17,Skin,940.0,0.19996856245632838
s17,Skin,960.0,0.3612735955835844
s17,Skin,980.0,0.153418901226957
s17,Surface,0.0,-0.042930336693478954
s17,Surface,20.0,0.1881604095921114
s17,Surface,40.0,0.0942778081767462
s17,Surface,60.0,-0.025333210868165784
s17,Surface,80.0,0.0741313041573938
s17,Surface,100.0,0.1899952246132819
s17,Surface,120.0,0.18203959402947537
s17,Surface,140.0,0.11976101720185335
s17,Surface,160.0,0.1042544802094417
s17,Surface,180.0,0.29024917313083165
s17,Surface,200.0,0.37455482861193695
s17,Surface,220.0,0.5120752723623708
s17,Surface,240.0,0.4923547277857362
s17,Surface,260.0,0.6809902431291792
s17,Surface,280.0,0.6080847456174154
s17,Surface,300.0,0.43330279582953896
s17,Surface,320.0,0.21918011850403785
s17,Surface,340.0,0.12407376715866142
s17,Surface,360.0,0.007381490298395826
s17,Surface,380.0,-0.20427274284564045
s17,Surface,400.0,-0.30541761101013504
s17,Surface,420.0,-0.05520394180646018
s17,Surface,440.0,-0.08036278690717097
s17,Surface,460.0,-0.2468318462893116
s17,Surface,480.0,-0.39791438211977675
s17,Surface,500.0,-0.23720603090324355
s17,Surface,520.0,-0.038277080334108426
s17,Surface,540.0,-0.12698030754090023
s17,Surface,560.0,-0.24731399771807744
s17,Surface,580.0,-0.38963991888347255
s17,Surface,600.0,-0.3656490177908487
s17,Surface,620.0,-0.16947557955400597
s17,Surface,640.0,-0.043706220202634385
s17,Surface,660.0,0.1844128341893662
s17,Surface,680.0,0.1603307917277932
s17,Surface,700.0,0.19626187036876375
s17,Surface,720.0,0.18228677390595233
s17,Surface,740.0,0.03605934014231188
s17,Surface,760.0,0.16782678783646082
s17,Surface,780.0,0.18035107386918212
s17,Surface,800.0,0.13300947611218
s17,Surface,820.0,0.08182569313350775
s17,Surface,840.0,0.17451437945568757
s17,Surface,860.0,0.18024628234999016
s17,Surface,880.0,0.13886510122322088
s17,Surface,900.0,0.04363875221793881
s17,Surface,920.0,0.04553078623536588
s17,Surface,940.0,0.09946383587215821
s17,Surface,960.0,0.2094094516505678
s17,Surface,980.0,0.17244481306799286
s17,Structural,0.0,0.19532820718704638
s17,Structural,20.0,0.03647520485000143
s17,Structural,40.0,0.07993935666499742
s17,Structural,60.0,0.16081230158484497
s17,Structural,80.0,0.14316730524239382
s17,Structural,100.0,0.10104559599673552
s17,Structural,120.0,0.17356085501306284
s17,Structural,140.0,0.227331734593818
s17,Structural,160.0,0.192196452394668
s17,Structural,180.0,0.054129631612195
s17,Structural,200.0,0.13746604918303645
s17,Structural,220.0,0.14039826284638315
s17,Structural,240.0,-0.05947813079439332
s17,Structural,260.0,-0.02910005290752871
s17,Structural,280.0,0.043691627777362615
s17,Structural,300.0,0.11118549701383726
s17,Structural,320.0,0.13556669153075418
s17,Structural,340.0,0.21271506603278217
s17,Structural,360.0,0.10982235894248776
s17,Structural,380.0,0.2696720230341567
s17,Structural,400.0,0.21169313735859904
s17,Structural,420.0,0.2894762554795335
s17,Structural,440.0,0.3610932204654699
s17,Structural,460.0,0.34813968015156505
s17,Structural,480.0,0.06661638505521188
s17,Structural,500.0,-0.17141989089388804
s17,Structural,520.0,0.10809695594925148
s17,Structural,540.0,0.05974949047010461
s17,Structural,560.0,-0.12155222063881652
s17,Structural,580.0,0.03286331596960418
s17,Structural,600.0,0.13869999063346594
s17,Structural,620.0,0.2505559595201762
s17,Structural,640.0,0.19158812811768175
s17,Structural,660.0,0.1431573157998162
s17,Structural,680.0,0.30453683081729416
s17,Structural,700.0,0.42748648546995394
s17,Structural,720.0,0.47194635367133997
s17,Structural,740.0,0.4902107194073662
s17,Structural,760.0,0.5700224385752557
s17,Structural,780.0,0.359049567499661
s17,Structural,800.0,0.1066434005773504
s17,Structural,820.0,0.17981136325836203
s17,Structural,840.0,0.0629895320282325
s17,Structural,860.0,0.07958333749408952
s17,Structural,880.0,0.022320093174175965
s17,Structural,900.0,0.14828620795887876
s17,Structural,920.0,0.18458923021791396
s17,Structural,940.0,0.2125681836067933
s17,Structural,960.0,0.23125290471327048
s17,Structural,980.0,0.3628573627470705
s17,Surface_minus_Structural,0.0,-0.23825854388052534
s17,Surface_minus_Structural,20.0,0.15168520474210995
s17,Surface_minus_Structural,40.0,0.014338451511748784
s17,Surface_minus_Structural,60.0,-0.18614551245301075
s17,Surface_minus_Structural,80.0,-0.06903600108500002
s17,Surface_minus_Structural,100.0,0.08894962861654637
s17,Surface_minus_Structural,120.0,0.008478739016412523
s17,Surface_minus_Structural,140.0,-0.10757071739196465
s17,Surface_minus_Structural,160.0,-0.08794197218522631
s17,Surface_minus_Structural,180.0,0.23611954151863665
s17,Surface_minus_Structural,200.0,0.2370887794289005
s17,Surface_minus_Structural,220.0,0.3716770095159877
s17,Surface_minus_Structural,240.0,0.5518328585801295
s17,Surface_minus_Structural,260.0,0.7100902960367079
s17,Surface_minus_Structural,280.0,0.5643931178400529
s17,Surface_minus_Structural,300.0,0.3221172988157017
s17,Surface_minus_Structural,320.0,0.08361342697328367
s17,Surface_minus_Structural,340.0,-0.08864129887412076
s17,Surface_minus_Structural,360.0,-0.10244086864409194
s17,Surface_minus_Structural,380.0,-0.47394476587979717
s17,Surface_minus_Structural,400.0,-0.517110748368734
s17,Surface_minus_Structural,420.0,-0.34468019728599364
s17,Surface_minus_Structural,440.0,-0.44145600737264085
s17,Surface_minus_Structural,460.0,-0.5949715264408766
s17,Surface_minus_Structural,480.0,-0.46453076717498865
s17,Surface_minus_Structural,500.0,-0.06578614000935551
s17,Surface_minus_Structural,520.0,-0.1463740362833599
s17,Surface_minus_Structural,540.0,-0.18672979801100484
s17,Surface_minus_Structural,560.0,-0.12576177707926092
s17,Surface_minus_Structural,580.0,-0.4225032348530767
s17,Surface_minus_Structural,600.0,-0.5043490084243146
s17,Surface_minus_Structural,620.0,-0.4200315390741821
s17,Surface_minus_Structural,640.0,-0.23529434832031615
s17,Surface_minus_Structural,660.0,0.041255518389549994
s17,Surface_minus_Structural,680.0,-0.14420603908950097
s17,Surface_minus_Structural,700.0,-0.2312246151011902
s17,Surface_minus_Structural,720.0,-0.28965957976538764
s17,Surface_minus_Structural,740.0,-0.45415137926505433
s17,Surface_minus_Structural,760.0,-0.4021956507387949
s17,Surface_minus_Structural,780.0,-0.17869849363047888
s17,Surface_minus_Structural,800.0,0.0263660755348296
s17,Surface_minus_Structural,820.0,-0.09798567012485428
s17,Surface_minus_Structural,840.0,0.11152484742745507
s17,Surface_minus_Structural,860.0,0.10066294485590063
s17,Surface_minus_Structural,880.0,0.11654500804904491
s17,Surface_minus_Structural,900.0,-0.10464745574093995
s17,Surface_minus_Structural,920.0,-0.13905844398254807
s17,Surface_minus_Structural,940.0,-0.1131043477346351
s17,Surface_minus_Structural,960.0,-0.02184345306270269
s17,Surface_minus_Structural,980.0,-0.19041254967907761
s19,FSlim,0.0,-0.13011728182800197
s19,FSlim,20.0,0.06422272039063684
s19,FSlim,40.0,0.12516373850253873
s19,FSlim,60.0,-0.0932625545362899
s19,FSlim,80.0,-0.012251486024821692
s19,FSlim,100.0,0.15444334926737344
s19,FSlim,120.0,0.004367089829404383
s19,FSlim,140.0,-0.2019666805589549
s19,FSlim,160.0,0.1374375504587242
s19,FSlim,180.0,0.08456580442235358
s19,FSlim,200.0,-0.265285348111694
s19,FSlim,220.0,-0.16503427878893412
s19,FSlim,240.0,-0.11107123983564626
s19,FSlim,260.0,-0.02273411150438636
s19,FSlim,280.0,-0.3889456648230335
s19,FSlim,300.0,-0.3377185283498652
s19,FSlim,320.0,-0.4531949213050626
s19,FSlim,340.0,-0.14910468745533678
s19,FSlim,360.0,-0.1346439326598464
s19,FSlim,380.0,-0.5432359205447781
s19,FSlim,400.0,-0.23361033806531545
s19,FSlim,420.0,-0.01665614596144275
s19,FSlim,440.0,-0.38939875253760897
s19,FSlim,460.0,-0.28866586337565464
s19,FSlim,480.0,0.09673166517023857
s19,FSlim,500.0,-0.1788720197013533
s19,FSlim,520.0,-0.033641833148079336
s19,FSlim,540.0,0.2361699530232439
s19,FSlim,560.0,-0.0007479347381608922
s19,FSlim,580.0,-0.10117506856531998
s19,FSlim,600.0,-0.12648748674734472
s19,FSlim,620.0,-0.2637936537853862
s19,FSlim,640.0,0.12682609854977794
s19,FSlim,660.0,0.23416412057079328
s19,FSlim,680.0,0.23183260210510995
s19,FSlim,700.0,0.1538857112051643
s19,FSlim,720.0,-0.0074744211093876745
s19,FSlim,740.0,0.07111427455188359
s19,FSlim,760.0,-0.03055108505483433
s19,FSlim,780.0,-0.0816927364180691
s19,FSlim,800.0,0.15940330123576613
s19,FSlim,820.0,0.3294490952644592
s19,FSlim,840.0,0.1654018120443474
s19,FSlim,860.0,-0.1357150109778243
s19,FSlim,880.0,0.05575974896211533
s19,FSlim,900.0,0.23469696863319744
s19,FSlim,920.0,0.26306261873046405
s19,FSlim,940.0,0.19175776520236515
s19,FSlim,960.0,0.2597827140793845
s19,FSlim,980.0,0.17859230884218635
s19,Eye,0.0,0.24202630345928566
s19,Eye,20.0,0.08709659213022912
s19,Eye,40.0,-0.08571062956474759
s19,Eye,60.0,-0.1100584552688677
s19,Eye,80.0,-0.21932985228867735
s19,Eye,100.0,-0.12288415845767295
s19,Eye,120.0,-0.0592122817629038
s19,Eye,140.0,-0.12850308263100768
s19,Eye,160.0,0.0018708390063907065
s19,Eye,180.0,-0.04005082257907361
s19,Eye,200.0,-0.2846276846179882
s19,Eye,220.0,-0.22945785112143746
s19,Eye,240.0,-0.3031914310336601
s19,Eye,260.0,-0.17606782866701792
s19,Eye,280.0,-0.1522681938700865
s19,Eye,300.0,-0.15155525783683685
s19,Eye,320.0,0.003995513942185475
s19,Eye,340.0,-0.25967905252719004
s19,Eye,360.0,-0.17374428335640973
s19,Eye,380.0,0.07578733239185308
s19,Eye,400.0,0.07634281445055568
s19,Eye,420.0,-0.2842431251490549
s19,Eye,440.0,-0.28452638125564544
s19,Eye,460.0,-0.4045744288567954
s19,Eye,480.0,0.10991151396796081
s19,Eye,500.0,0.03458716890092306
s19,Eye,520.0,-0.000822731952608291
s19,Eye,540.0,-0.44031122696715197
s19,Eye,560.0,0.09331195077251742
s19,Eye,580.0,0.2201589654330156
s19,Eye,600.0,0.04521502923240084
s19,Eye,620.0,-0.09914154529100505
s19,Eye,640.0,0.027678989624419337
s19,Eye,660.0,0.48871246165060755
s19,Eye,680.0,0.4972092753250168
s19,Eye,700.0,0.26593078577981794
s19,Eye,720.0,0.48085180718569115
s19,Eye,740.0,0.5434406073524892
s19,Eye,760.0,0.31140512025494554
s19,Eye,780.0,0.028454440601667005
s19,Eye,800.0,0.16880532006009746
s19,Eye,820.0,0.2616735446857208
s19,Eye,840.0,0.09837604974805464
s19,Eye,860.0,0.18094504569865813
s19,Eye,880.0,0.37572768670094414
s19,Eye,900.0,0.6023951237829117
s19,Eye,920.0,0.6867538969488134
s19,Eye,940.0,0.32002655656077594
s19,Eye,960.0,0.1006843516184023
s19,Eye,980.0,0.4209002541438828
s19,Mouth,0.0,0.009728163573766447
s19,Mouth,20.0,-0.1296694481187298
s19,Mouth,40.0,-0.15107965042118737
s19,Mouth,60.0,0.12416433182090499
s19,Mouth,80.0,0.2100485430114307
s19,Mouth,100.0,-0.07487250566866785
s19,Mouth,120.0,0.14132411219531163
s19,Mouth,140.0,0.17243334875832333
s19,Mouth,160.0,0.10543744058400584
s19,Mouth,180.0,-0.17118189733964195
s19,Mouth,200.0,-0.20555620672846264
s19,Mouth,220.0,0.0777449502561388
s19,Mouth,240.0,-0.25745279211831984
s19,Mouth,260.0,-0.49158203531799705
s19,Mouth,280.0,0.0003260807146875308
s19,Mouth,300.0,0.07382781741733521
s19,Mouth,320.0,-0.1704197095619172
s19,Mouth,340.0,-0.10309758656442382
s19,Mouth,360.0,0.21323772886400047
s19,Mouth,380.0,0.00441139266631415
s19,Mouth,400.0,-0.5046576576467561
s19,Mouth,420.0,-0.29796292349268194
s19,Mouth,440.0,0.09487445558218402
s19,Mouth,460.0,0.03875663948644912
s19,Mouth,480.0,-0.21337791667273043
s19,Mouth,500.0,-2.3072289851627792e-05
s19,Mouth,520.0,0.339932648979269
s19,Mouth,540.0,0.25510304549212637
s19,Mouth,560.0,-0.14284680153598384
s19,Mouth,580.0,-0.33527664346983155
s19,Mouth,600.0,-0.2970877104295324
s19,Mouth,620.0,-0.025097946295808943
s19,Mouth,640.0,0.13946363882974888
s19,Mouth,660.0,-0.24914818914656378
s19,Mouth,680.0,-0.32075234742955694
s19,Mouth,700.0,-0.09021607903221185
s19,Mouth,720.0,0.14648390392887625
s19,Mouth,740.0,-0.03738308769830975
s19,Mouth,760.0,-0.10616489419894018
s19,Mouth,780.0,0.0600747843825494
s19,Mouth,800.0,0.37104228825825714
s19,Mouth,820.0,0.17999626765823956
s19,Mouth,840.0,-0.1280797123827232
s19,Mouth,860.0,-0.23250856316719176
s19,Mouth,880.0,-0.17625366430850664
s19,Mouth,900.0,-0.05571250213655299
s19,Mouth,920.0,0.013555230456780809
s19,Mouth,940.0,0.03518554490905733
s19,Mouth,960.0,-0.08079311649133558
s19,Mouth,980.0,0.14481007629493559
s19,Skin,0.0,-0.08731353715722348
s19,Skin,20.0,-0.05324920140578894
s19,Skin,40.0,-0.0581693412573993
s19,Skin,60.0,-0.06568139745104752
s19,Skin,80.0,0.15452643430386168
s19,Skin,100.0,0.1459381243268144
s19,Skin,120.0,-0.062174348846342584
s19,Skin,140.0,-0.27846775257827394
s19,Skin,160.0,0.07842136487544019
s19,Skin,180.0,0.09687373106927179
s19,Skin,200.0,0.28583268846904747
s19,Skin,220.0,0.4922817859868026
s19,Skin,240.0,0.725305975353502
s19,Skin,260.0,0.7469656731038696
s19,Skin,280.0,0.9433705137720594
s19,Skin,300.0,0.8851808112665113
s19,Skin,320.0,0.509450222294183
s19,Skin,340.0,0.6517719757639107
s19,Skin,360.0,0.6066014313896712
s19,Skin,380.0,0.5636059678453789
s19,Skin,400.0,0.4929712410993823
s19,Skin,420.0,0.44499059501811666
s19,Skin,440.0,0.5158995110791037
s19,Skin,460.0,0.3746031265661899
s19,Skin,480.0,0.08064949836310928
s19,Skin,500.0,0.25565588242437187
s19,Skin,520.0,0.3457530889504339
s19,Skin,540.0,0.11812293069749283
s19,Skin,560.0,0.27365115870631684
s19,Skin,580.0,0.2592401710842046
s19,Skin,600.0,0.17623377427982223
s19,Skin,620.0,0.48977355043595744
s19,Skin,640.0,0.4453925842546795
s19,Skin,660.0,0.41509363412099487
s19,Skin,680.0,0.28128422941115144
s19,Skin,700.0,0.41856234310251383
s19,Skin,720.0,0.816851035412786
s19,Skin,740.0,0.7319348960129458
s19,Skin,760.0,0.5256122167202456
s19,Skin,780.0,0.2628690503649748
s19,Skin,800.0,0.2954466701891163
s19,Skin,820.0,0.36721422609649024
s19,Skin,840.0,-0.04835183049056397
s19,Skin,860.0,-0.16258930873804683
s19,Skin,880.0,-0.07256477149793361
s19,Skin,900.0,-0.19790923760432466
s19,Skin,920.0,-0.3877465998507531
s19,Skin,940.0,-0.276203694276026
s19,Skin,960.0,-0.20914269203037253
s19,Skin,980.0,-0.25273896829574544
s19,Surface,0.0,-0.038792686791728516
s19,Surface,20.0,-0.09145932476225938
s19,Surface,40.0,-0.10462449583929334
s19,Surface,60.0,0.029241467184928732
s19,Surface,80.0,0.18228748865764619
s19,Surface,100.0,0.03553280932907328
s19,Surface,120.0,0.03957488167448452
s19,Surface,140.0,-0.0530172019099753
s19,Surface,160.0,0.09192940272972301
s19,Surface,180.0,-0.03715408313518508
s19,Surface,200.0,0.04013824087029241
s19,Surface,220.0,0.2850133681214707
s19,Surface,240.0,0.2339265916175911
s19,Surface,260.0,0.1276918188929363
s19,Surface,280.0,0.47184829724337346
s19,Surface,300.0,0.47950431434192325
s19,Surface,320.0,0.1695152563661329
s19,Surface,340.0,0.27433719459974343
s19,Surface,360.0,0.4099195801268358
s19,Surface,380.0,0.2840086802558465
s19,Surface,400.0,-0.005843208273686895
s19,Surface,420.0,0.07351383576271736
s19,Surface,440.0,0.30538698333064385
s19,Surface,460.0,0.2066798830263195
s19,Surface,480.0,-0.06636420915481057
s19,Surface,500.0,0.1278164050672601
s19,Surface,520.0,0.34284286896485144
s19,Surface,540.0,0.18661298809480958
s19,Surface,560.0,0.0654021785851665
s19,Surface,580.0,-0.03801823619281347
s19,Surface,600.0,-0.06042696807485509
s19,Surface,620.0,0.23233780207007426
s19,Surface,640.0,0.29242811154221415
s19,Surface,660.0,0.08297272248721554
s19,Surface,680.0,-0.019734059009202748
s19,Surface,700.0,0.164173132035151
s19,Surface,720.0,0.4816674696708311
s19,Surface,740.0,0.347275904157318
s19,Surface,760.0,0.20972366126065273
s19,Surface,780.0,0.1614719173737621
s19,Surface,800.0,0.3332444792236867
s19,Surface,820.0,0.27360524687736487
s19,Surface,840.0,-0.08821577143664358
s19,Surface,860.0,-0.1975489359526193
s19,Surface,880.0,-0.12440921790322013
s19,Surface,900.0,-0.12681086987043882
s19,Surface,920.0,-0.18709568469698615
s19,Surface,940.0,-0.12050907468348432
s19,Surface,960.0,-0.14496790426085404
s19,Surface,980.0,-0.053964446000404925
s19,Structural,0.0,0.055954510815641845
s19,Structural,20.0,0.07565965626043297
s19,Structural,40.0,0.01972655446889557
s19,Structural,60.0,-0.1016605049025788
s19,Structural,80.0,-0.11579066915674951
s19,Structural,100.0,0.015779595404850244
s19,Structural,120.0,-0.02742259596674971
s19,Structural,140.0,-0.1652348815949813
s19,Structural,160.0,0.06965419473255745
s19,Structural,180.0,0.022257490921639984
s19,Structural,200.0,-0.2749565163648411
s19,Structural,220.0,-0.1972460649551858
s19,Structural,240.0,-0.20713133543465317
s19,Structural,260.0,-0.09940097008570214
s19,Structural,280.0,-0.27060692934656
s19,Structural,300.0,-0.24463689309335102
s19,Structural,320.0,-0.22459970368143856
s19,Structural,340.0,-0.2043918699912634
s19,Structural,360.0,-0.15419410800812805
s19,Structural,380.0,-0.2337242940764625
s19,Structural,400.0,-0.07863376180737988
s19,Structural,420.0,-0.15044963555524885
s19,Structural,440.0,-0.3369625668966272
s19,Structural,460.0,-0.34662014611622505
s19,Structural,480.0,0.10332158956909969
s19,Structural,500.0,-0.07214242540021512
s19,Structural,520.0,-0.017232282550343814
s19,Structural,540.0,-0.10207063697195404
s19,Structural,560.0,0.04628200801717826
s19,Structural,580.0,0.059491948433847815
s19,Structural,600.0,-0.04063622875747194
s19,Structural,620.0,-0.18146759953819563
s19,Structural,640.0,0.07725254408709864
s19,Structural,660.0,0.3614382911107004
s19,Structural,680.0,0.36452093871506336
s19,Structural,700.0,0.20990824849249112
s19,Structural,720.0,0.23668869303815174
s19,Structural,740.0,0.3072774409521864
s19,Structural,760.0,0.1404270176000556
s19,Structural,780.0,-0.026619147908201045
s19,Structural,800.0,0.1641043106479318
s19,Structural,820.0,0.29556131997509
s19,Structural,840.0,0.13188893089620102
s19,Structural,860.0,0.02261501736041692
s19,Structural,880.0,0.21574371783152974
s19,Structural,900.0,0.4185460462080546
s19,Structural,920.0,0.47490825783963875
s19,Structural,940.0,0.2558921608815705
s19,Structural,960.0,0.18023353284889343
s19,Structural,980.0,0.2997462814930346
s19,Surface_minus_Structural,0.0,-0.09474719760737035
s19,Surface_minus_Structural,20.0,-0.16711898102269235
s19,Surface_minus_Structural,40.0,-0.12435105030818891
s19,Surface_minus_Structural,60.0,0.13090197208750753
s19,Surface_minus_Structural,80.0,0.29807815781439573
s19,Surface_minus_Structural,100.0,0.019753213924223037
s19,Surface_minus_Structural,120.0,0.06699747764123423
s19,Surface_minus_Structural,140.0,0.11221767968500598
s19,Surface_minus_Structural,160.0,0.022275207997165564
s19,Surface_minus_Structural,180.0,-0.05941157405682507
s19,Surface_minus_Structural,200.0,0.31509475723513347
s19,Surface_minus_Structural,220.0,0.48225943307665653
s19,Surface_minus_Structural,240.0,0.4410579270522443
s19,Surface_minus_Structural,260.0,0.22709278897863844
s19,Surface_minus_Structural,280.0,0.7424552265899335
s19,Surface_minus_Structural,300.0,0.7241412074352742
s19,Surface_minus_Structural,320.0,0.39411496004757146
s19,Surface_minus_Structural,340.0,0.47872906459100684
s19,Surface_minus_Structural,360.0,0.5641136881349639
s19,Surface_minus_Structural,380.0,0.517732974332309
s19,Surface_minus_Structural,400.0,0.07279055353369299
s19,Surface_minus_Structural,420.0,0.2239634713179662
s19,Surface_minus_Structural,440.0,0.642349550227271
s19,Surface_minus_Structural,460.0,0.5533000291425445
s19,Surface_minus_Structural,480.0,-0.16968579872391026
s19,Surface_minus_Structural,500.0,0.19995883046747523
s19,Surface_minus_Structural,520.0,0.36007515151519526
s19,Surface_minus_Structural,540.0,0.2886836250667636
s19,Surface_minus_Structural,560.0,0.019120170567988246
s19,Surface_minus_Structural,580.0,-0.09751018462666128
s19,Surface_minus_Structural,600.0,-0.01979073931738315
s19,Surface_minus_Structural,620.0,0.4138054016082699
s19,Surface_minus_Structural,640.0,0.2151755674551155
s19,Surface_minus_Structural,660.0,-0.27846556862348487
s19,Surface_minus_Structural,680.0,-0.3842549977242661
s19,Surface_minus_Structural,700.0,-0.04573511645734013
s19,Surface_minus_Structural,720.0,0.2449787766326794
s19,Surface_minus_Structural,740.0,0.03999846320513162
s19,Surface_minus_Structural,760.0,0.06929664366059712
s19,Surface_minus_Structural,780.0,0.18809106528196315
s19,Surface_minus_Structural,800.0,0.16914016857575492
s19,Surface_minus_Structural,820.0,-0.021956073097725126
s19,Surface_minus_Structural,840.0,-0.2201047023328446
s19,Surface_minus_Structural,860.0,-0.22016395331303623
s19,Surface_minus_Structural,880.0,-0.34015293573474986
s19,Surface_minus_Structural,900.0,-0.5453569160784935
s19,Surface_minus_Structural,920.0,-0.6620039425366249
s19,Surface_minus_Structural,940.0,-0.37640123556505484
s19,Surface_minus_Structural,960.0,-0.32520143710974747
s19,Surface_minus_Structural,980.0,-0.35371072749343957
s20,FSlim,0.0,0.2172301703709853
s20,FSlim,20.0,0.46699228337252435
s20,FSlim,40.0,0.5490089088862604
s20,FSlim,60.0,0.26467311039974956
s20,FSlim,80.0,0.1654161744860086
s20,FSlim,100.0,-0.1030345564994273
s20,FSlim,120.0,-0.035863706575304494
s20,FSlim,140.0,0.017991400778346517
s20,FSlim,160.0,0.28193601564925
s20,FSlim,180.0,-0.06174861752645966
s20,FSlim,200.0,-0.20934721308799892
s20,FSlim,220.0,0.009665554239550699
s20,FSlim,240.0,-0.018816955538291782
s20,FSlim,260.0,0.15662075502592848
s20,FSlim,280.0,0.2148695011918069
s20,FSlim,300.0,0.08998486270446063
s20,FSlim,320.0,0.028266671025483386
s20,FSlim,340.0,0.10440118960664303
s20,FSlim,360.0,0.10943095753089949
s20,FSlim,380.0,-0.035769997519840696
s20,FSlim,400.0,0.1667162874392266
s20,FSlim,420.0,0.03950597143098321
s20,FSlim,440.0,0.17866577261533187
s20,FSlim,460.0,0.2553199881585205
s20,FSlim,480.0,0.6422024759199749
s20,FSlim,500.0,0.4911370345569699
s20,FSlim,520.0,0.13164493950386133
s20,FSlim,540.0,0.12593798277862406
s20,FSlim,560.0,0.14869851872864354
s20,FSlim,580.0,-0.08438807683477054
s20,FSlim,600.0,-0.0615438937743126
s20,FSlim,620.0,-0.059666378488000535
s20,FSlim,640.0,-0.17536738749149702
s20,FSlim,660.0,-0.22154523177443997
s20,FSlim,680.0,0.14095063785823603
s20,FSlim,700.0,0.36542507083457443
s20,FSlim,720.0,0.28164814041368336
s20,FSlim,740.0,-0.14372658318238557
s20,FSlim,760.0,-0.31626187363810854
s20,FSlim,780.0,-0.04320137941512364
s20,FSlim,800.0,-0.288585725316078
s20,FSlim,820.0,-0.4939478569450365
s20,FSlim,840.0,-0.11693019861807163
s20,FSlim,860.0,-0.13701154677412436
s20,FSlim,880.0,0.022286473039919652
s20,FSlim,900.0,-0.12100558135433956
s20,FSlim,920.0,0.27432168599454143
s20,FSlim,940.0,0.5508902841283315
s20,FSlim,960.0,0.47882759862853086
s20,FSlim,980.0,0.44860405144697046
s20,Eye,0.0,-0.546366073439813
s20,Eye,20.0,-0.37462034439072545
s20,Eye,40.0,-0.1524607676152111
s20,Eye,60.0,0.04090988314835955
s20,Eye,80.0,-0.024755711826431624
s20,Eye,100.0,0.07980278455995471
s20,Eye,120.0,0.08312347512041304
s20,Eye,140.0,-0.14662325879781618
s20,Eye,160.0,0.05569201370583582
s20,Eye,180.0,0.5424716470631178
s20,Eye,200.0,0.7737023185252594
s20,Eye,220.0,0.9162904041171803
s20,Eye,240.0,0.8850853452048487
s20,Eye,260.0,0.654599591647727
s20,Eye,280.0,0.7188624872559353
s20,Eye,300.0,0.4219784625545302
s20,Eye,320.0,0.0044442371951935455
s20,Eye,340.0,-0.0816424180726637
s20,Eye,360.0,0.21344218779554958
s20,Eye,380.0,0.22071472846081341
s20,Eye,400.0,0.07291719050503476
s20,Eye,420.0,0.1899966057030289
s20,Eye,440.0,0.2695135983756034
s20,Eye,460.0,-0.08157908611141483
s20,Eye,480.0,-0.09313317405335611
s20,Eye,500.0,-0.495810230258221
s20,Eye,520.0,-0.009602901368904515
s20,Eye,540.0,-0.13296817304860653
s20,Eye,560.0,-0.36230225918057746
s20,Eye,580.0,-0.008071824524712196
s20,Eye,600.0,-0.12112776456748492
s20,Eye,620.0,-0.47712548221786305
s20,Eye,640.0,-0.344856123101347
s20,Eye,660.0,-0.09921461118628802
s20,Eye,680.0,-0.2587151134826782
s20,Eye,700.0,-0.5324138265262595
s20,Eye,720.0,-0.5225026975994006
s20,Eye,740.0,-0.20675903795408868
s20,Eye,760.0,-0.26618895298146034
s20,Eye,780.0,-0.2292567950030194
s20,Eye,800.0,-0.4205141560802949
s20,Eye,820.0,-0.1484715956177646
s20,Eye,840.0,-0.04746567841376409
s20,Eye,860.0,-0.04865209820977842
s20,Eye,880.0,-0.11494716148475631
s20,Eye,900.0,-0.43467075375440345
s20,Eye,920.0,-0.24357593885891715
s20,Eye,940.0,0.032165136544687986
s20,Eye,960.0,0.5025565579037441
s20,Eye,980.0,0.6374154181870192
s20,Mouth,0.0,0.022532340277067422
s20,Mouth,20.0,-0.2015314314010341
s20,Mouth,40.0,-0.36325945271126725
s20,Mouth,60.0,-0.09879408497769462
s20,Mouth,80.0,-0.2195020933277326
s20,Mouth,100.0,-0.4428443714791511
s20,Mouth,120.0,-0.24919759846679881
s20,Mouth,140.0,-0.0027367487740566528
s20,Mouth,160.0,-0.0026727518606800005
s20,Mouth,180.0,-0.2380921230211532
s20,Mouth,200.0,0.0631949459965706
s20,Mouth,220.0,-0.027590646951922468
s20,Mouth,240.0,-0.5103787698681568
s20,Mouth,260.0,-0.7318406974742898
s20,Mouth,280.0,-0.582292143570536
s20,Mouth,300.0,-0.3246694417206892
s20,Mouth,320.0,-0.5448565067786517
s20,Mouth,340.0,-0.7662362295971121
s20,Mouth,360.0,-0.5490873760426914
s20,Mouth,380.0,-0.6171508450819847
s20,Mouth,400.0,-0.23131094080734482
s20,Mouth,420.0,-0.2934368790986167
s20,Mouth,440.0,-0.023309346036192086
s20,Mouth,460.0,0.5794988422583858
s20,Mouth,480.0,0.3677285727040887
s20,Mouth,500.0,0.20564485308690705
s20,Mouth,520.0,0.5224862013217052
s20,Mouth,540.0,0.3013499843726961
s20,Mouth,560.0,0.2642613195726764
s20,Mouth,580.0,0.13668669618068524
s20,Mouth,600.0,-0.05315390389367204
s20,Mouth,620.0,0.15893234901886105
s20,Mouth,640.0,0.11537478444836596
s20,Mouth,660.0,0.15622439133837943
s20,Mouth,680.0,0.23015884245145926
s20,Mouth,700.0,-0.16208342831638523
s20,Mouth,720.0,0.13069557124963804
s20,Mouth,740.0,0.5883062788164728
s20,Mouth,760.0,0.14553368802091582
s20,Mouth,780.0,-0.08158242109123516
s20,Mouth,800.0,-0.14216879678160685
s20,Mouth,820.0,-0.12128723868611452
s20,Mouth,840.0,-0.05249968956507606
s20,Mouth,860.0,0.1301687666351046
s20,Mouth,880.0,0.24437812357757413
s20,Mouth,900.0,-0.006886001378025863
s20,Mouth,920.0,0.2635480472745264
s20,Mouth,940.0,0.17023705137524364
s20,Mouth,960.0,-0.13332950548346256
s20,Mouth,980.0,0.07064454155491465
s20,Skin,0.0,0.11331766560284275
s20,Skin,20.0,0.14882442860461292
s20,Skin,40.0,0.09977468147689347
s20,Skin,60.0,-0.3400276358487193
s20,Skin,80.0,-0.5785012370294145
s20,Skin,100.0,-0.379039130554808
s20,Skin,120.0,-0.5671046897368801
s20,Skin,140.0,-0.44190582321581406
s20,Skin,160.0,-0.05305514850063545
s20,Skin,180.0,-0.22919665187491423
s20,Skin,200.0,-0.29362134891898745
s20,Skin,220.0,-0.289067695027143
s20,Skin,240.0,-0.2240348926982222
s20,Skin,260.0,-0.08519255287293256
s20,Skin,280.0,-0.12841319007161078
s20,Skin,300.0,-0.195933254570201
s20,Skin,320.0,-0.4543658696687174
s20,Skin,340.0,-0.8421306188127453
s20,Skin,360.0,-0.7982316249207013
s20,Skin,380.0,-0.7123268063887217
s20,Skin,400.0,-0.9129693748470628
s20,Skin,420.0,-1.097985587099259
s20,Skin,440.0,-0.945094192266319
s20,Skin,460.0,-0.6546549974148512
s20,Skin,480.0,-0.8614966149926085
s20,Skin,500.0,-0.9592362251037991
s20,Skin,520.0,-1.0936606724240217
s20,Skin,540.0,-0.7825409075017646
s20,Skin,560.0,-0.5822423970470441
s20,Skin,580.0,-0.8565232013545621
s20,Skin,600.0,-0.6973743594363673
s20,Skin,620.0,-0.5698523747585639
s20,Skin,640.0,-0.9228896189315026
s20,Skin,660.0,-1.0273921687044905
s20,Skin,680.0,-0.6133773395576417
s20,Skin,700.0,-0.16992370675439097
s20,Skin,720.0,-0.40396340568075473
s20,Skin,740.0,-0.8140925098010068
s20,Skin,760.0,-0.8509760552001587
s20,Skin,780.0,-0.661339220208355
s20,Skin,800.0,-0.5796923812654563
s20,Skin,820.0,-0.5542279416001967
s20,Skin,840.0,-0.5135322354522189
s20,Skin,860.0,-0.6026083881517639
s20,Skin,880.0,-0.6409966320855928
s20,Skin,900.0,-0.6407793531590584
s20,Skin,920.0,-0.7289258164107193
s20,Skin,940.0,-1.0115096766550102
s20,Skin,960.0,-1.4473021894426392
s20,Skin,980.0,-1.65435772875093
s20,Surface,0.0,0.06792500293995508
s20,Surface,20.0,-0.02635350139821059
s20,Surface,40.0,-0.13174238561718687
s20,Surface,60.0,-0.21941086041320695
s20,Surface,80.0,-0.39900166517857355
s20,Surface,100.0,-0.41094175101697955
s20,Surface,120.0,-0.40815114410183945
s20,Surface,140.0,-0.22232128599493536
s20,Surface,160.0,-0.027863950180657727
s20,Surface,180.0,-0.23364438744803373
s20,Surface,200.0,-0.11521320146120842
s20,Surface,220.0,-0.15832917098953275
s20,Surface,240.0,-0.3672068312831895
s20,Surface,260.0,-0.4085166251736112
s20,Surface,280.0,-0.3553526668210734
s20,Surface,300.0,-0.2603013481454451
s20,Surface,320.0,-0.49961118822368455
s20,Surface,340.0,-0.8041834242049287
s20,Surface,360.0,-0.6736595004816963
s20,Surface,380.0,-0.6647388257353533
s20,Surface,400.0,-0.5721401578272038
s20,Surface,420.0,-0.6957112330989379
s20,Surface,440.0,-0.4842017691512555
s20,Surface,460.0,-0.03757807757823273
s20,Surface,480.0,-0.24688402114425992
s20,Surface,500.0,-0.37679568600844604
s20,Surface,520.0,-0.2855872355511582
s20,Surface,540.0,-0.24059546156453426
s20,Surface,560.0,-0.15899053873718383
s20,Surface,580.0,-0.35991825258693844
s20,Surface,600.0,-0.37526413166501965
s20,Surface,620.0,-0.2054600128698514
s20,Surface,640.0,-0.40375741724156833
s20,Surface,660.0,-0.43558388868305553
s20,Surface,680.0,-0.19160924855309125
s20,Surface,700.0,-0.16600356753538809
s20,Surface,720.0,-0.13663391721555834
s20,Surface,740.0,-0.112893115492267
s20,Surface,760.0,-0.35272118358962146
s20,Surface,780.0,-0.3714608206497951
s20,Surface,800.0,-0.3609305890235316
s20,Surface,820.0,-0.33775759014315565
s20,Surface,840.0,-0.28301596250864747
s20,Surface,860.0,-0.23621981075832965
s20,Surface,880.0,-0.1983092542540093
s20,Surface,900.0,-0.32383267726854215
s20,Surface,920.0,-0.23268888456809644
s20,Surface,940.0,-0.4206363126398833
s20,Surface,960.0,-0.790315847463051
s20,Surface,980.0,-0.7918565935980076
s20,Structural,0.0,-0.16456795153441386
s20,Structural,20.0,0.04618596949089945
s20,Structural,40.0,0.19827407063552466
s20,Structural,60.0,0.15279149677405454
s20,Structural,80.0,0.07033023132978848
s20,Structural,100.0,-0.011615885969736298
s20,Structural,120.0,0.023629884272554275
s20,Structural,140.0,-0.06431592900973483
s20,Structural,160.0,0.16881401467754292
s20,Structural,180.0,0.24036151476832907
s20,Structural,200.0,0.2821775527186302
s20,Structural,220.0,0.46297797917836553
s20,Structural,240.0,0.4331341948332785
s20,Structural,260.0,0.4056101733368277
s20,Structural,280.0,0.4668659942238711
s20,Structural,300.0,0.2559816626294954
s20,Structural,320.0,0.016355454110338466
s20,Structural,340.0,0.011379385766989665
s20,Structural,360.0,0.16143657266322453
s20,Structural,380.0,0.09247236547048636
s20,Structural,400.0,0.11981673897213067
s20,Structural,420.0,0.11475128856700606
s20,Structural,440.0,0.22408968549546765
s20,Structural,460.0,0.08687045102355284
s20,Structural,480.0,0.2745346509333094
s20,Structural,500.0,-0.002336597850625566
s20,Structural,520.0,0.06102101906747841
s20,Structural,540.0,-0.0035150951349912363
s20,Structural,560.0,-0.10680187022596696
s20,Structural,580.0,-0.046229950679741366
s20,Structural,600.0,-0.09133582917089876
s20,Structural,620.0,-0.2683959303529318
s20,Structural,640.0,-0.260111755296422
s20,Structural,660.0,-0.160379921480364
s20,Structural,680.0,-0.0588822378122211
s20,Structural,700.0,-0.08349437784584252
s20,Structural,720.0,-0.12042727859285862
s20,Structural,740.0,-0.17524281056823712
s20,Structural,760.0,-0.29122541330978446
s20,Structural,780.0,-0.1362290872090715
s20,Structural,800.0,-0.35454994069818646
s20,Structural,820.0,-0.32120972628140054
s20,Structural,840.0,-0.08219793851591786
s20,Structural,860.0,-0.09283182249195139
s20,Structural,880.0,-0.04633034422241833
s20,Structural,900.0,-0.2778381675543715
s20,Structural,920.0,0.01537287356781214
s20,Structural,940.0,0.29152771033650976
s20,Structural,960.0,0.4906920782661375
s20,Structural,980.0,0.5430097348169949
s20,Surface_minus_Structural,0.0,0.23249295447436896
s20,Surface_minus_Structural,20.0,-0.07253947088911004
s20,Surface_minus_Structural,40.0,-0.33001645625271153
s20,Surface_minus_Structural,60.0,-0.37220235718726147
s20,Surface_minus_Structural,80.0,-0.46933189650836205
s20,Surface_minus_Structural,100.0,-0.39932586504724327
s20,Surface_minus_Structural,120.0,-0.4317810283743937
s20,Surface_minus_Structural,140.0,-0.15800535698520052
s20,Surface_minus_Structural,160.0,-0.19667796485820066
s20,Surface_minus_Structural,180.0,-0.4740059022163628
s20,Surface_minus_Structural,200.0,-0.3973907541798386
s20,Surface_minus_Structural,220.0,-0.6213071501678983
s20,Surface_minus_Structural,240.0,-0.800341026116468
s20,Surface_minus_Structural,260.0,-0.8141267985104389
s20,Surface_minus_Structural,280.0,-0.8222186610449445
s20,Surface_minus_Structural,300.0,-0.5162830107749405
s20,Surface_minus_Structural,320.0,-0.515966642334023
s20,Surface_minus_Structural,340.0,-0.8155628099719184
s20,Surface_minus_Structural,360.0,-0.8350960731449208
s20,Surface_minus_Structural,380.0,-0.7572111912058396
s20,Surface_minus_Structural,400.0,-0.6919568967993345
s20,Surface_minus_Structural,420.0,-0.810462521665944
s20,Surface_minus_Structural,440.0,-0.7082914546467232
s20,Surface_minus_Structural,460.0,-0.12444852860178557
s20,Surface_minus_Structural,480.0,-0.5214186720775693
s20,Surface_minus_Structural,500.0,-0.3744590881578205
s20,Surface_minus_Structural,520.0,-0.34660825461863665
s20,Surface_minus_Structural,540.0,-0.23708036642954303
s20,Surface_minus_Structural,560.0,-0.05218866851121687
s20,Surface_minus_Structural,580.0,-0.3136883019071971
s20,Surface_minus_Structural,600.0,-0.2839283024941209
s20,Surface_minus_Structural,620.0,0.06293591748308039
s20,Surface_minus_Structural,640.0,-0.14364566194514633
s20,Surface_minus_Structural,660.0,-0.2752039672026915
s20,Surface_minus_Structural,680.0,-0.13272701074087015
s20,Surface_minus_Structural,700.0,-0.08250918968954557
s20,Surface_minus_Structural,720.0,-0.01620663862269972
s20,Surface_minus_Structural,740.0,0.06234969507597013
s20,Surface_minus_Structural,760.0,-0.06149577027983699
s20,Surface_minus_Structural,780.0,-0.23523173344072357
s20,Surface_minus_Structural,800.0,-0.0063806483253451285
s20,Surface_minus_Structural,820.0,-0.016547863861755108
s20,Surface_minus_Structural,840.0,-0.2008180239927296
s20,Surface_minus_Structural,860.0,-0.14338798826637827
s20,Surface_minus_Structural,880.0,-0.15197891003159097
s20,Surface_minus_Structural,900.0,-0.04599450971417063
s20,Surface_minus_Structural,920.0,-0.24806175813590858
s20,Surface_minus_Structural,940.0,-0.712164022976393
s20,Surface_minus_Structural,960.0,-1.2810079257291884
s20,Surface_minus_Structural,980.0,-1.3348663284150026
s21,FSlim,0.0,-0.15149304286073012
s21,FSlim,20.0,-0.25472269630136546
s21,FSlim,40.0,-0.03429579537034566
s21,FSlim,60.0,0.357798458306274
s21,FSlim,80.0,0.5670323795720857
s21,FSlim,100.0,0.1028787236120478
s21,FSlim,120.0,0.21247974523695745
s21,FSlim,140.0,0.1072439387183047
s21,FSlim,160.0,0.12590945121284086
s21,FSlim,180.0,0.11229973789762562
s21,FSlim,200.0,-0.17576884957683261
s21,FSlim,220.0,-0.395525357909243
s21,FSlim,240.0,-0.39044679429402374
s21,FSlim,260.0,-0.5015420651702098
s21,FSlim,280.0,-0.5905643864098479
s21,FSlim,300.0,-0.48726533096963565
s21,FSlim,320.0,-0.2573110572440768
s21,FSlim,340.0,-0.3909446712174445
s21,FSlim,360.0,-0.2507463770939308
s21,FSlim,380.0,-0.1827470452826757
s21,FSlim,400.0,-0.4376964319998605
s21,FSlim,420.0,-0.2964087345373264
s21,FSlim,440.0,-0.3951183807353399
s21,FSlim,460.0,-0.27097963934664204
s21,FSlim,480.0,-0.2153299537698824
s21,FSlim,500.0,-0.45889651659069725
s21,FSlim,520.0,0.09341109376977019
s21,FSlim,540.0,0.400986948202553
s21,FSlim,560.0,0.29558064510252213
s21,FSlim,580.0,-0.3338068018879623
s21,FSlim,600.0,-0.3561360260828368
s21,FSlim,620.0,0.11139793227073014
s21,FSlim,640.0,0.4302900957095352
s21,FSlim,660.0,0.25106630841516
s21,FSlim,680.0,0.0712309577473338
s21,FSlim,700.0,0.18725086011430547
s21,FSlim,720.0,-0.01768754283862861
s21,FSlim,740.0,-0.2086520832160959
s21,FSlim,760.0,-0.15030197818768976
s21,FSlim,780.0,-0.23004019797205102
s21,FSlim,800.0,-0.381858150874375
s21,FSlim,820.0,-0.5135497499171148
s21,FSlim,840.0,-0.2610690339662603
s21,FSlim,860.0,-0.4256341672598935
s21,FSlim,880.0,-0.4477809887443978
s21,FSlim,900.0,-0.6253777323529431
s21,FSlim,920.0,-0.5949374289669895
s21,FSlim,940.0,-0.11343722565280773
s21,FSlim,960.0,0.12262531163753099
s21,FSlim,980.0,-0.057414082905786534
s21,Eye,0.0,0.3292144504030225
s21,Eye,20.0,0.47546816864242836
s21,Eye,40.0,0.30166779387113046
s21,Eye,60.0,0.5606960109455491
s21,Eye,80.0,0.5307315642856704
s21,Eye,100.0,0.7795251103617873
s21,Eye,120.0,0.9157887574271543
s21,Eye,140.0,0.38856567139303716
s21,Eye,160.0,0.4353481904940966
s21,Eye,180.0,0.6471303340008898
s21,Eye,200.0,0.2236659022844986
s21,Eye,220.0,0.250838199211783
s21,Eye,240.0,0.2535529644372428
s21,Eye,260.0,0.10582529922221767
s21,Eye,280.0,0.11970764448465868
s21,Eye,300.0,0.10398091812698029
s21,Eye,320.0,0.3258398364949624
s21,Eye,340.0,0.49087372959054565
s21,Eye,360.0,0.30987002235468597
s21,Eye,380.0,0.12438605716299658
s21,Eye,400.0,0.010914477468602246
s21,Eye,420.0,0.14555946090200766
s21,Eye,440.0,0.2692052220523042
s21,Eye,460.0,0.39994898940949763
s21,Eye,480.0,0.4944093975242795
s21,Eye,500.0,0.6141702877174716
s21,Eye,520.0,0.7048888172550398
s21,Eye,540.0,0.7486285278374503
s21,Eye,560.0,0.8410529582477686
s21,Eye,580.0,0.5768245750092509
s21,Eye,600.0,0.3848361701610734
s21,Eye,620.0,0.9680709173311994
s21,Eye,640.0,0.7121521410867089
s21,Eye,660.0,0.6385935764059781
s21,Eye,680.0,0.6353291146227708
s21,Eye,700.0,0.9411460155957825
s21,Eye,720.0,0.9736703436793996
s21,Eye,740.0,1.1034379402277015
s21,Eye,760.0,1.3459790423652425
s21,Eye,780.0,1.3630962997154525
s21,Eye,800.0,1.4020222684568218
s21,Eye,820.0,1.2717871182472362
s21,Eye,840.0,0.710568968754594
s21,Eye,860.0,0.8207578865568619
s21,Eye,880.0,0.7916577669575894
s21,Eye,900.0,0.7945571022125051
s21,Eye,920.0,0.573396099992333
s21,Eye,940.0,0.23273745648740732
s21,Eye,960.0,0.38911801061133333
s21,Eye,980.0,0.27366945677285565
s21,Mouth,0.0,-0.14517254762130524
s21,Mouth,20.0,-0.0022537348541600416
s21,Mouth,40.0,-0.02724144580678564
s21,Mouth,60.0,0.23620525086202765
s21,Mouth,80.0,0.15201217146956472
s21,Mouth,100.0,0.2789049954355263
s21,Mouth,120.0,0.2032905578788895
s21,Mouth,140.0,0.09415066451339137
s21,Mouth,160.0,-0.3118115756908242
s21,Mouth,180.0,-0.10732601906210068
s21,Mouth,200.0,-0.08495551566966808
s21,Mouth,220.0,-0.12965818272845267
s21,Mouth,240.0,0.004020669356461892
s21,Mouth,260.0,0.18037578398454804
s21,Mouth,280.0,-0.020605539890032547
s21,Mouth,300.0,-0.39034426227650687
s21,Mouth,320.0,-0.23221881327193167
s21,Mouth,340.0,-0.027668244348259274
s21,Mouth,360.0,-0.3229730845663103
s21,Mouth,380.0,-0.6300313366841905
s21,Mouth,400.0,-0.8978559338884414
s21,Mouth,420.0,-0.8095658958719147
s21,Mouth,440.0,-0.651602621950909
s21,Mouth,460.0,-0.7865193512909037
s21,Mouth,480.0,-0.8809137635454412
s21,Mouth,500.0,-0.49012548183189103
s21,Mouth,520.0,-0.3513674661837151
s21,Mouth,540.0,-0.35366940488095
s21,Mouth,560.0,-0.25892767335618805
s21,Mouth,580.0,-0.331225891554913
s21,Mouth,600.0,0.05333279577214245
s21,Mouth,620.0,0.1293953587855911
s21,Mouth,640.0,-0.12692285811145754
s21,Mouth,660.0,-0.293274908586397
s21,Mouth,680.0,0.08088842087873277
s21,Mouth,700.0,0.16870756031389228
s21,Mouth,720.0,0.3401256344479042
s21,Mouth,740.0,-0.000675266610397296
s21,Mouth,760.0,-0.07941806853748606
s21,Mouth,780.0,-0.39675999725329625
s21,Mouth,800.0,-0.47492234006618045
s21,Mouth,820.0,-0.18187009638879775
s21,Mouth,840.0,-0.1691638601336708
s21,Mouth,860.0,-0.44469792947982084
s21,Mouth,880.0,-0.6220418543321413
s21,Mouth,900.0,-0.41100288418628783
s21,Mouth,920.0,-0.2779719782174586
s21,Mouth,940.0,-0.19378211175741403
s21,Mouth,960.0,-0.20533423990435543
s21,Mouth,980.0,-0.05207522416878837
s21,Skin,0.0,0.05381745836219132
s21,Skin,20.0,0.4197286916285176
s21,Skin,40.0,0.6197027515094495
s21,Skin,60.0,0.8565190731975405
s21,Skin,80.0,0.8865881071893367
s21,Skin,100.0,0.5488332994488785
s21,Skin,120.0,0.42606963933288095
s21,Skin,140.0,0.2892080974971685
s21,Skin,160.0,0.33349093914044514
s21,Skin,180.0,0.2687590949234851
s21,Skin,200.0,-0.2836794518815004
s21,Skin,220.0,-0.09191440442221044
s21,Skin,240.0,-0.23219918002072748
s21,Skin,260.0,-0.008873228540679552
s21,Skin,280.0,0.29179096790796555
s21,Skin,300.0,-0.2782266672782309
s21,Skin,320.0,-0.43337755454241644
s21,Skin,340.0,-0.009741244642814395
s21,Skin,360.0,-0.34423682929974975
s21,Skin,380.0,-0.6958196654933203
s21,Skin,400.0,-0.8819337911914442
s21,Skin,420.0,-0.7485397656936017
s21,Skin,440.0,-0.8663303876988259
s21,Skin,460.0,-0.6567870868445473
s21,Skin,480.0,-0.4576191700505296
s21,Skin,500.0,-0.1749447299998637
s21,Skin,520.0,-0.22275268852485997
s21,Skin,540.0,-0.39863748804425814
s21,Skin,560.0,-0.41366438025388086
s21,Skin,580.0,-0.06668880248200043
s21,Skin,600.0,0.4141128334871984
s21,Skin,620.0,0.44575848159852866
s21,Skin,640.0,0.041128091153444304
s21,Skin,660.0,0.1878824995576265
s21,Skin,680.0,0.1310737828048287
s21,Skin,700.0,0.04369288417290512
s21,Skin,720.0,0.2509320160584148
s21,Skin,740.0,0.17511295016569423
s21,Skin,760.0,0.2114219881631005
s21,Skin,780.0,0.42310752974454036
s21,Skin,800.0,0.36763430828040844
s21,Skin,820.0,0.2947070594276474
s21,Skin,840.0,0.28232035350284823
s21,Skin,860.0,0.011854779528934323
s21,Skin,880.0,0.1380930227431883
s21,Skin,900.0,0.1939186102855859
s21,Skin,920.0,0.0807512100969338
s21,Skin,940.0,-0.1065865705587147
s21,Skin,960.0,-0.3977124472041745
s21,Skin,980.0,-0.5329787877646317
s21,Surface,0.0,-0.04567754462955696
s21,Surface,20.0,0.2087374783871788
s21,Surface,40.0,0.29623065285133193
s21,Surface,60.0,0.546362162029784
s21,Surface,80.0,0.5193001393294507
s21,Surface,100.0,0.4138691474422024
s21,Surface,120.0,0.3146800986058852
s21,Surface,140.0,0.19167938100527995
s21,Surface,160.0,0.01083968172481048
s21,Surface,180.0,0.08071653793069221
s21,Surface,200.0,-0.18431748377558424
s21,Surface,220.0,-0.11078629357533155
s21,Surface,240.0,-0.1140892553321328
s21,Surface,260.0,0.08575127772193425
s21,Surface,280.0,0.1355927140089665
s21,Surface,300.0,-0.33428546477736887
s21,Surface,320.0,-0.3327981839071741
s21,Surface,340.0,-0.018704744495536836
s21,Surface,360.0,-0.33360495693303005
s21,Surface,380.0,-0.6629255010887554
s21,Surface,400.0,-0.8898948625399428
s21,Surface,420.0,-0.7790528307827582
s21,Surface,440.0,-0.7589665048248675
s21,Surface,460.0,-0.7216532190677255
s21,Surface,480.0,-0.6692664667979854
s21,Surface,500.0,-0.33253510591587737
s21,Surface,520.0,-0.2870600773542875
s21,Surface,540.0,-0.37615344646260407
s21,Surface,560.0,-0.33629602680503445
s21,Surface,580.0,-0.19895734701845671
s21,Surface,600.0,0.23372281462967043
s21,Surface,620.0,0.2875769201920599
s21,Surface,640.0,-0.042897383479006616
s21,Surface,660.0,-0.05269620451438524
s21,Surface,680.0,0.10598110184178074
s21,Surface,700.0,0.1062002222433987
s21,Surface,720.0,0.2955288252531595
s21,Surface,740.0,0.08721884177764846
s21,Surface,760.0,0.06600195981280722
s21,Surface,780.0,0.013173766245622054
s21,Surface,800.0,-0.053644015892886004
s21,Surface,820.0,0.05641848151942483
s21,Surface,840.0,0.05657824668458872
s21,Surface,860.0,-0.21642157497544326
s21,Surface,880.0,-0.2419744157944765
s21,Surface,900.0,-0.10854213695035096
s21,Surface,920.0,-0.0986103840602624
s21,Surface,940.0,-0.15018434115806437
s21,Surface,960.0,-0.30152334355426497
s21,Surface,980.0,-0.29252700596671005
s21,Structural,0.0,0.08886070377114619
s21,Structural,20.0,0.11037273617053145
s21,Structural,40.0,0.1336859992503924
s21,Structural,60.0,0.45924723462591155
s21,Structural,80.0,0.548881971928878
s21,Structural,100.0,0.4412019169869176
s21,Structural,120.0,0.5641342513320559
s21,Structural,140.0,0.24790480505567092
s21,Structural,160.0,0.28062882085346874
s21,Structural,180.0,0.3797150359492577
s21,Structural,200.0,0.02394852635383299
s21,Structural,220.0,-0.07234357934872998
s21,Structural,240.0,-0.06844691492839047
s21,Structural,260.0,-0.19785838297399608
s21,Structural,280.0,-0.2354283709625946
s21,Structural,300.0,-0.19164220642132768
s21,Structural,320.0,0.03426438962544279
s21,Structural,340.0,0.04996452918655059
s21,Structural,360.0,0.0295618226303776
s21,Structural,380.0,-0.029180494059839565
s21,Structural,400.0,-0.21339097726562914
s21,Structural,420.0,-0.07542463681765937
s21,Structural,440.0,-0.06295657934151785
s21,Structural,460.0,0.0644846750314278
s21,Structural,480.0,0.13953972187719854
s21,Structural,500.0,0.07763688556338719
s21,Structural,520.0,0.399149955512405
s21,Structural,540.0,0.5748077380200016
s21,Structural,560.0,0.5683168016751454
s21,Structural,580.0,0.12150888656064429
s21,Structural,600.0,0.014350072039118311
s21,Structural,620.0,0.5397344248009648
s21,Structural,640.0,0.5712211183981221
s21,Structural,660.0,0.44482994241056906
s21,Structural,680.0,0.35328003618505227
s21,Structural,700.0,0.564198437855044
s21,Structural,720.0,0.4779914004203855
s21,Structural,740.0,0.4473929285058028
s21,Structural,760.0,0.5978385320887764
s21,Structural,780.0,0.5665280508717008
s21,Structural,800.0,0.5100820587912234
s21,Structural,820.0,0.3791186841650607
s21,Structural,840.0,0.22474996739416683
s21,Structural,860.0,0.1975618596484842
s21,Structural,880.0,0.17193838910659578
s21,Structural,900.0,0.08458968492978097
s21,Structural,920.0,-0.010770664487328274
s21,Structural,940.0,0.059650115417299795
s21,Structural,960.0,0.25587166112443216
s21,Structural,980.0,0.10812768693353456
s21,Surface_minus_Structural,0.0,-0.13453824840070316
s21,Surface_minus_Structural,20.0,0.09836474221664734
s21,Surface_minus_Structural,40.0,0.16254465360093953
s21,Surface_minus_Structural,60.0,0.0871149274038725
s21,Surface_minus_Structural,80.0,-0.02958183259942726
s21,Surface_minus_Structural,100.0,-0.027332769544715196
s21,Surface_minus_Structural,120.0,-0.24945415272617066
s21,Surface_minus_Structural,140.0,-0.056225424050390965
s21,Surface_minus_Structural,160.0,-0.26978913912865826
s21,Surface_minus_Structural,180.0,-0.2989984980185655
s21,Surface_minus_Structural,200.0,-0.20826601012941723
s21,Surface_minus_Structural,220.0,-0.038442714226601574
s21,Surface_minus_Structural,240.0,-0.04564234040374232
s21,Surface_minus_Structural,260.0,0.2836096606959303
s21,Surface_minus_Structural,280.0,0.3710210849715611
s21,Surface_minus_Structural,300.0,-0.1426432583560412
s21,Surface_minus_Structural,320.0,-0.36706257353261684
s21,Surface_minus_Structural,340.0,-0.06866927368208742
s21,Surface_minus_Structural,360.0,-0.36316677956340765
s21,Surface_minus_Structural,380.0,-0.6337450070289158
s21,Surface_minus_Structural,400.0,-0.6765038852743136
s21,Surface_minus_Structural,420.0,-0.7036281939650988
s21,Surface_minus_Structural,440.0,-0.6960099254833496
s21,Surface_minus_Structural,460.0,-0.7861378940991532
s21,Surface_minus_Structural,480.0,-0.808806188675184
s21,Surface_minus_Structural,500.0,-0.41017199147926453
s21,Surface_minus_Structural,520.0,-0.6862100328666925
s21,Surface_minus_Structural,540.0,-0.9509611844826057
s21,Surface_minus_Structural,560.0,-0.9046128284801799
s21,Surface_minus_Structural,580.0,-0.320466233579101
s21,Surface_minus_Structural,600.0,0.21937274259055212
s21,Surface_minus_Structural,620.0,-0.2521575046089049
s21,Surface_minus_Structural,640.0,-0.6141185018771287
s21,Surface_minus_Structural,660.0,-0.4975261469249543
s21,Surface_minus_Structural,680.0,-0.24729893434327155
s21,Surface_minus_Structural,700.0,-0.4579982156116453
s21,Surface_minus_Structural,720.0,-0.18246257516722603
s21,Surface_minus_Structural,740.0,-0.3601740867281543
s21,Surface_minus_Structural,760.0,-0.5318365722759691
s21,Surface_minus_Structural,780.0,-0.5533542846260787
s21,Surface_minus_Structural,800.0,-0.5637260746841094
s21,Surface_minus_Structural,820.0,-0.3227002026456359
s21,Surface_minus_Structural,840.0,-0.16817172070957812
s21,Surface_minus_Structural,860.0,-0.41398343462392745
s21,Surface_minus_Structural,880.0,-0.4139128049010723
s21,Surface_minus_Structural,900.0,-0.19313182188013195
s21,Surface_minus_Structural,920.0,-0.08783971957293413
s21,Surface_minus_Structural,940.0,-0.20983445657536415
s21,Surface_minus_Structural,960.0,-0.5573950046786971
s21,Surface_minus_Structural,980.0,-0.4006546929002446
s22,FSlim,0.0,-0.19780391987634555
s22,FSlim,20.0,-0.09160609736916381
s22,FSlim,40.0,0.2306220363498807
s22,FSlim,60.0,0.30445058548986426
s22,FSlim,80.0,0.4253124886580232
s22,FSlim,100.0,0.360310508492886
s22,FSlim,120.0,0.24848470340553203
s22,FSlim,140.0,0.34080206421934317
s22,FSlim,160.0,0.46644282215492117
s22,FSlim,180.0,0.4654521925951248
s22,FSlim,200.0,0.4513577503186384
s22,FSlim,220.0,0.3955476793148909
s22,FSlim,240.0,0.16903128272210372
s22,FSlim,260.0,0.3022977660691831
s22,FSlim,280.0,0.894130151679647
s22,FSlim,300.0,0.855123531676561
s22,FSlim,320.0,0.4424964633324045
s22,FSlim,340.0,0.06081260247043452
s22,FSlim,360.0,0.22830125607494256
s22,FSlim,380.0,0.44764393529507257
s22,FSlim,400.0,0.20631002652461639
s22,FSlim,420.0,0.17804519292601428
s22,FSlim,440.0,0.2624267736655451
s22,FSlim,460.0,0.1213375545113627
s22,FSlim,480.0,0.01579924241454478
s22,FSlim,500.0,0.09561329633905735
s22,FSlim,520.0,0.33468053289174626
s22,FSlim,540.0,0.5481500992025333
s22,FSlim,560.0,0.4978434634988955
s22,FSlim,580.0,0.526039092871692
s22,FSlim,600.0,0.5325669966499089
s22,FSlim,620.0,0.4665033600133687
s22,FSlim,640.0,-0.007033229563859156
s22,FSlim,660.0,-0.3183296635938947
s22,FSlim,680.0,-0.05734803119187043
s22,FSlim,700.0,0.14258165011862767
s22,FSlim,720.0,0.12212809977855493
s22,FSlim,740.0,-0.2754107154798425
s22,FSlim,760.0,-0.23156738284201828
s22,FSlim,780.0,0.08494395200203331
s22,FSlim,800.0,0.21804085150136288
s22,FSlim,820.0,0.23988132957564723
s22,FSlim,840.0,0.3767753237650406
s22,FSlim,860.0,0.2979975916305986
s22,FSlim,880.0,0.12092010960389726
s22,FSlim,900.0,0.03364265589423304
s22,FSlim,920.0,0.01127225291367373
s22,FSlim,940.0,-0.191889181224698
s22,FSlim,960.0,-0.30013002193037513
s22,FSlim,980.0,-0.29872213647466395
s22,Eye,0.0,0.06493621901814957
s22,Eye,20.0,0.5806939285852827
s22,Eye,40.0,0.8339933171523815
s22,Eye,60.0,0.5990530261020173
s22,Eye,80.0,0.45420040077844803
s22,Eye,100.0,0.7953537901805732
s22,Eye,120.0,0.7890647845473104
s22,Eye,140.0,0.2764810305437393
s22,Eye,160.0,-0.1145883587864045
s22,Eye,180.0,-0.32353325019467327
s22,Eye,200.0,-0.3821895859686896
s22,Eye,220.0,-0.5002903455328476
s22,Eye,240.0,-0.8326131871395913
s22,Eye,260.0,-0.9311860499745941
s22,Eye,280.0,-1.08995104233121
s22,Eye,300.0,-0.8097022737213049
s22,Eye,320.0,-0.6993438279764319
s22,Eye,340.0,-0.6761181636414267
s22,Eye,360.0,-0.6245646829080874
s22,Eye,380.0,-0.5653692793909627
s22,Eye,400.0,-0.410791391871563
s22,Eye,420.0,-0.40345833239697215
s22,Eye,440.0,-0.6888933647217993
s22,Eye,460.0,-0.7288998141954237
s22,Eye,480.0,-0.40090056822871567
s22,Eye,500.0,-0.41365604988765936
s22,Eye,520.0,-0.855069713009843
s22,Eye,540.0,-1.4017473820241642
s22,Eye,560.0,-0.6945274832696661
s22,Eye,580.0,-0.22654468304909525
s22,Eye,600.0,-0.5578086532164204
s22,Eye,620.0,-0.7848371925279313
s22,Eye,640.0,-0.35860833831273753
s22,Eye,660.0,0.17287886965096547
s22,Eye,680.0,0.35126538666727114
s22,Eye,700.0,0.09040159884036
s22,Eye,720.0,0.24241613149208388
s22,Eye,740.0,0.4047645588004011
s22,Eye,760.0,0.2568015885291168
s22,Eye,780.0,-0.06734671603168535
s22,Eye,800.0,-0.05434873828178857
s22,Eye,820.0,-0.1684460251053622
s22,Eye,840.0,-0.07847661419453095
s22,Eye,860.0,0.020845774043787346
s22,Eye,880.0,-0.24774545296017897
s22,Eye,900.0,-0.29605983745829323
s22,Eye,920.0,-0.14632447904975443
s22,Eye,940.0,-0.008053997767101806
s22,Eye,960.0,0.05591453625385778
s22,Eye,980.0,0.02274563514586586
s22,Mouth,0.0,-0.21086421522831833
s22,Mouth,20.0,-0.10062492723224614
s22,Mouth,40.0,0.3705523559101271
s22,Mouth,60.0,0.41300169401263853
s22,Mouth,80.0,-0.1566526439307168
s22,Mouth,100.0,-0.17655297280125384
s22,Mouth,120.0,0.3702969431055454
s22,Mouth,140.0,0.3816934182908217
s22,Mouth,160.0,-0.18608077806707554
s22,Mouth,180.0,-0.0009638741075628232
s22,Mouth,200.0,0.2817420068936404
s22,Mouth,220.0,0.38619494863757653
s22,Mouth,240.0,0.13248643558664075
s22,Mouth,260.0,0.21797303674824103
s22,Mouth,280.0,0.5068999993450966
s22,Mouth,300.0,0.20783612981247993
s22,Mouth,320.0,0.1714792539959096
s22,Mouth,340.0,0.24334267878094482
s22,Mouth,360.0,0.3987421064824627
s22,Mouth,380.0,0.0864910461192678
s22,Mouth,400.0,-0.05639150629698721
s22,Mouth,420.0,0.22131564625864353
s22,Mouth,440.0,0.01842794853641916
s22,Mouth,460.0,-0.6962564264292801
s22,Mouth,480.0,-0.501840266200362
s22,Mouth,500.0,0.413296380943581
s22,Mouth,520.0,0.025355138294139268
s22,Mouth,540.0,-0.9171468964054164
s22,Mouth,560.0,-0.7626224358258858
s22,Mouth,580.0,-0.17440697338578098
s22,Mouth,600.0,0.20055223871472297
s22,Mouth,620.0,0.04803497958710595
s22,Mouth,640.0,-0.19002542206494646
s22,Mouth,660.0,0.12498706536160903
s22,Mouth,680.0,0.15505768396637312
s22,Mouth,700.0,0.004623916432684783
s22,Mouth,720.0,-0.27943239255764435
s22,Mouth,740.0,-0.1632812256018753
s22,Mouth,760.0,-0.1107257776832283
s22,Mouth,780.0,-0.2395300736124935
s22,Mouth,800.0,-0.18536813513036174
s22,Mouth,820.0,0.06000726949322202
s22,Mouth,840.0,0.020466370847536552
s22,Mouth,860.0,-0.12811954561472227
s22,Mouth,880.0,-0.27208652534813477
s22,Mouth,900.0,-0.3095205394504136
s22,Mouth,920.0,-0.4151557113854761
s22,Mouth,940.0,-0.3956536008054461
s22,Mouth,960.0,-0.2859265507398514
s22,Mouth,980.0,-0.3400635636502104
s22,Skin,0.0,-0.06935336946471889
s22,Skin,20.0,-0.15481453791848854
s22,Skin,40.0,0.017325422330537594
s22,Skin,60.0,0.25473939710399196
s22,Skin,80.0,0.0861965626636367
s22,Skin,100.0,-0.014446020622677608
s22,Skin,120.0,-0.10612320703132787
s22,Skin,140.0,-0.11989064861597254
s22,Skin,160.0,-0.09734030887724954
s22,Skin,180.0,0.013616376049250867
s22,Skin,200.0,-0.2471041677007702
s22,Skin,220.0,-0.20764065037554053
s22,Skin,240.0,-0.272429170740203
s22,Skin,260.0,-0.3267873543335121
s22,Skin,280.0,-0.36441637380789793
s22,Skin,300.0,-0.3069453941709219
s22,Skin,320.0,-0.3075034535585477
s22,Skin,340.0,-0.5302574160680413
s22,Skin,360.0,-0.852575827600819
s22,Skin,380.0,-0.9685035307552813
s22,Skin,400.0,-0.9739563905267868
s22,Skin,420.0,-0.9637434383412469
s22,Skin,440.0,-0.8756571570956013
s22,Skin,460.0,-0.906067380263306
s22,Skin,480.0,-1.2094831597463527
s22,Skin,500.0,-1.0703078448299332
s22,Skin,520.0,-0.7227229300565016
s22,Skin,540.0,-0.6834954286237558
s22,Skin,560.0,-0.6456656536068726
s22,Skin,580.0,-0.4527781721606936
s22,Skin,600.0,-0.30805047824237014
s22,Skin,620.0,-0.38407832126258046
s22,Skin,640.0,-0.2667085038755179
s22,Skin,660.0,-0.10551866999565762
s22,Skin,680.0,-0.006126425243537362
s22,Skin,700.0,-0.01151842776532909
s22,Skin,720.0,0.087322398025472
s22,Skin,740.0,0.2782880168018403
s22,Skin,760.0,0.27239788240908924
s22,Skin,780.0,0.29300547140605365
s22,Skin,800.0,0.24155709343887558
s22,Skin,820.0,0.3359966461198238
s22,Skin,840.0,-0.00883271556698273
s22,Skin,860.0,-0.17171380712858947
s22,Skin,880.0,-0.17216248183798932
s22,Skin,900.0,-0.04189825752870638
s22,Skin,920.0,0.06662681980830683
s22,Skin,940.0,-0.08268224867460644
s22,Skin,960.0,-0.2671912379615369
s22,Skin,980.0,-0.3034922438264046
s22,Surface,0.0,-0.1401087923465186
s22,Surface,20.0,-0.12771973257536734
s22,Surface,40.0,0.19393888912033233
s22,Surface,60.0,0.33387054555831525
s22,Surface,80.0,-0.03522804063354004
s22,Surface,100.0,-0.09549949671196573
s22,Surface,120.0,0.13208686803710876
s22,Surface,140.0,0.13090138483742458
s22,Surface,160.0,-0.14171054347216255
s22,Surface,180.0,0.006326250970844022
s22,Surface,200.0,0.017318919596435084
s22,Surface,220.0,0.089277149131018
s22,Surface,240.0,-0.06997136757678113
s22,Surface,260.0,-0.054407158792635524
s22,Surface,280.0,0.07124181276859931
s22,Surface,300.0,-0.049554632179221
s22,Surface,320.0,-0.06801209978131904
s22,Surface,340.0,-0.14345736864354824
s22,Surface,360.0,-0.22691686055917812
s22,Surface,380.0,-0.4410062423180067
s22,Surface,400.0,-0.515173948411887
s22,Surface,420.0,-0.37121389604130167
s22,Surface,440.0,-0.4286146042795911
s22,Surface,460.0,-0.8011619033462931
s22,Surface,480.0,-0.8556617129733574
s22,Surface,500.0,-0.3285057319431761
s22,Surface,520.0,-0.34868389588118115
s22,Surface,540.0,-0.8003211625145861
s22,Surface,560.0,-0.7041440447163791
s22,Surface,580.0,-0.31359257277323727
s22,Surface,600.0,-0.053749119763823586
s22,Surface,620.0,-0.16802167083773725
s22,Surface,640.0,-0.22836696297023218
s22,Surface,660.0,0.009734197682975704
s22,Surface,680.0,0.07446562936141787
s22,Surface,700.0,-0.0034472556663221535
s22,Surface,720.0,-0.09605499726608618
s22,Surface,740.0,0.05750339559998249
s22,Surface,760.0,0.08083605236293047
s22,Surface,780.0,0.02673769889678007
s22,Surface,800.0,0.02809447915425692
s22,Surface,820.0,0.1980019578065229
s22,Surface,840.0,0.0058168276402769115
s22,Surface,860.0,-0.14991667637165587
s22,Surface,880.0,-0.22212450359306204
s22,Surface,900.0,-0.17570939848955996
s22,Surface,920.0,-0.17426444578858463
s22,Surface,940.0,-0.23916792474002627
s22,Surface,960.0,-0.27655889435069414
s22,Surface,980.0,-0.3217779037383075
s22,Structural,0.0,-0.066433850429098
s22,Structural,20.0,0.24454391560805944
s22,Structural,40.0,0.5323076767511311
s22,Structural,60.0,0.45175180579594076
s22,Structural,80.0,0.4397564447182356
s22,Structural,100.0,0.5778321493367296
s22,Structural,120.0,0.5187747439764212
s22,Structural,140.0,0.30864154738154126
s22,Structural,160.0,0.17592723168425833
s22,Structural,180.0,0.07095947120022578
s22,Structural,200.0,0.034584082174974384
s22,Structural,220.0,-0.052371333108978346
s22,Structural,240.0,-0.3317909522087438
s22,Structural,260.0,-0.3144441419527055
s22,Structural,280.0,-0.09791044532578147
s22,Structural,300.0,0.022710628977628045
s22,Structural,320.0,-0.1284236823220137
s22,Structural,340.0,-0.3076527805854961
s22,Structural,360.0,-0.19813171341657243
s22,Structural,380.0,-0.05886267204794507
s22,Structural,400.0,-0.1022406826734733
s22,Structural,420.0,-0.11270656973547893
s22,Structural,440.0,-0.2132332955281271
s22,Structural,460.0,-0.3037811298420305
s22,Structural,480.0,-0.19255066290708545
s22,Structural,500.0,-0.159021376774301
s22,Structural,520.0,-0.2601945900590484
s22,Structural,540.0,-0.4267986414108154
s22,Structural,560.0,-0.09834200988538527
s22,Structural,580.0,0.1497472049112984
s22,Structural,600.0,-0.012620828283255725
s22,Structural,620.0,-0.1591669162572813
s22,Structural,640.0,-0.18282078393829834
s22,Structural,660.0,-0.07272539697146461
s22,Structural,680.0,0.14695867773770036
s22,Structural,700.0,0.11649162447949384
s22,Structural,720.0,0.18227211563531942
s22,Structural,740.0,0.06467692166027927
s22,Structural,760.0,0.01261710284354925
s22,Structural,780.0,0.008798617985173979
s22,Structural,800.0,0.08184605660978715
s22,Structural,820.0,0.03571765223514252
s22,Structural,840.0,0.14914935478525482
s22,Structural,860.0,0.15942168283719296
s22,Structural,880.0,-0.06341267167814085
s22,Structural,900.0,-0.1312085907820301
s22,Structural,920.0,-0.06752611306804035
s22,Structural,940.0,-0.0999715894958999
s22,Structural,960.0,-0.12210774283825868
s22,Structural,980.0,-0.13798825066439904
s22,Surface_minus_Structural,0.0,-0.0736749419174206
s22,Surface_minus_Structural,20.0,-0.3722636481834268
s22,Surface_minus_Structural,40.0,-0.3383687876307988
s22,Surface_minus_Structural,60.0,-0.11788126023762552
s22,Surface_minus_Structural,80.0,-0.4749844853517756
s22,Surface_minus_Structural,100.0,-0.6733316460486953
s22,Surface_minus_Structural,120.0,-0.3866878759393124
s22,Surface_minus_Structural,140.0,-0.17774016254411668
s22,Surface_minus_Structural,160.0,-0.3176377751564209
s22,Surface_minus_Structural,180.0,-0.06463322022938175
s22,Surface_minus_Structural,200.0,-0.0172651625785393
s22,Surface_minus_Structural,220.0,0.14164848223999635
s22,Surface_minus_Structural,240.0,0.26181958463196264
s22,Surface_minus_Structural,260.0,0.26003698316006996
s22,Surface_minus_Structural,280.0,0.16915225809438078
s22,Surface_minus_Structural,300.0,-0.07226526115684904
s22,Surface_minus_Structural,320.0,0.06041158254069466
s22,Surface_minus_Structural,340.0,0.16419541194194787
s22,Surface_minus_Structural,360.0,-0.028785147142605688
s22,Surface_minus_Structural,380.0,-0.3821435702700616
s22,Surface_minus_Structural,400.0,-0.4129332657384137
s22,Surface_minus_Structural,420.0,-0.25850732630582274
s22,Surface_minus_Structural,440.0,-0.215381308751464
s22,Surface_minus_Structural,460.0,-0.49738077350426263
s22,Surface_minus_Structural,480.0,-0.6631110500662719
s22,Surface_minus_Structural,500.0,-0.1694843551688751
s22,Surface_minus_Structural,520.0,-0.08848930582213277
s22,Surface_minus_Structural,540.0,-0.37352252110377065
s22,Surface_minus_Structural,560.0,-0.6058020348309938
s22,Surface_minus_Structural,580.0,-0.46333977768453566
s22,Surface_minus_Structural,600.0,-0.04112829148056786
s22,Surface_minus_Structural,620.0,-0.008854754580455954
s22,Surface_minus_Structural,640.0,-0.04554617903193384
s22,Surface_minus_Structural,660.0,0.08245959465444032
s22,Surface_minus_Structural,680.0,-0.07249304837628248
s22,Surface_minus_Structural,700.0,-0.119938880145816
s22,Surface_minus_Structural,720.0,-0.2783271129014056
s22,Surface_minus_Structural,740.0,-0.007173526060296781
s22,Surface_minus_Structural,760.0,0.06821894951938122
s22,Surface_minus_Structural,780.0,0.017939080911606092
s22,Surface_minus_Structural,800.0,-0.05375157745553023
s22,Surface_minus_Structural,820.0,0.1622843055713804
s22,Surface_minus_Structural,840.0,-0.1433325271449779
s22,Surface_minus_Structural,860.0,-0.30933835920884883
s22,Surface_minus_Structural,880.0,-0.1587118319149212
s22,Surface_minus_Structural,900.0,-0.04450080770752987
s22,Surface_minus_Structural,920.0,-0.10673833272054428
s22,Surface_minus_Structural,940.0,-0.13919633524412636
s22,Surface_minus_Structural,960.0,-0.15445115151243546
s22,Surface_minus_Structural,980.0,-0.18378965307390846
s23,FSlim,0.0,0.2661637665714212
s23,FSlim,20.0,0.00663149822752265
s23,FSlim,40.0,-0.013298310002414104
s23,FSlim,60.0,-0.2999011551979393
s23,FSlim,80.0,-0.2501724954526907
s23,FSlim,100.0,-0.07826051292644048
s23,FSlim,120.0,-0.20319957375583392
s23,FSlim,140.0,-0.39052218657363535
s23,FSlim,160.0,-0.36578508994974374
s23,FSlim,180.0,-0.37490743941716176
s23,FSlim,200.0,-0.37456597618452414
s23,FSlim,220.0,-0.24148620672072493
s23,FSlim,240.0,-0.28689595517174055
s23,FSlim,260.0,-0.2758416704557372
s23,FSlim,280.0,-0.3106486845877009
s23,FSlim,300.0,-0.2021222664196055
s23,FSlim,320.0,-0.1360185735631178
s23,FSlim,340.0,-0.05452285299569232
s23,FSlim,360.0,0.11075826010913357
s23,FSlim,380.0,-0.11036443883854177
s23,FSlim,400.0,-0.3450194009077503
s23,FSlim,420.0,-0.08212748038800308
s23,FSlim,440.0,0.29789130116748563
s23,FSlim,460.0,0.3492518687875654
s23,FSlim,480.0,-0.07031754529608365
s23,FSlim,500.0,0.09987995165384017
s23,FSlim,520.0,0.5794421085174288
s23,FSlim,540.0,0.38154909012705085
s23,FSlim,560.0,-0.0271728520550388
s23,FSlim,580.0,0.2415442521115378
s23,FSlim,600.0,0.6339042679731691
s23,FSlim,620.0,0.3736463307171555
s23,FSlim,640.0,0.008436379935884121
s23,FSlim,660.0,-0.02407283601370072
s23,FSlim,680.0,0.05533909140172801
s23,FSlim,700.0,0.20673712396022353
s23,FSlim,720.0,0.01645799421972896
s23,FSlim,740.0,-0.2797677081723303
s23,FSlim,760.0,-0.2694801766842413
s23,FSlim,780.0,-0.10538237328218289
s23,FSlim,800.0,-0.09353007117042053
s23,FSlim,820.0,0.017151327103824762
s23,FSlim,840.0,0.19566365792628598
s23,FSlim,860.0,0.27029516028047773
s23,FSlim,880.0,-0.015176062040605148
s23,FSlim,900.0,-0.30415401970024886
s23,FSlim,920.0,-0.37203602370817335
s23,FSlim,940.0,-0.2854918602581835
s23,FSlim,960.0,-0.18290290975957937
s23,FSlim,980.0,-0.3260902811138657
s23,Eye,0.0,-0.09222279907356006
s23,Eye,20.0,0.27067523991063747
s23,Eye,40.0,0.29994148166050244
s23,Eye,60.0,0.13926981164637417
s23,Eye,80.0,0.18215026336585255
s23,Eye,100.0,0.08064748137588455
s23,Eye,120.0,-0.20534417803300145
s23,Eye,140.0,-0.21701051525099413
s23,Eye,160.0,-0.08768045091324587
s23,Eye,180.0,0.0375784514388435
s23,Eye,200.0,-0.18957399663276656
s23,Eye,220.0,-0.2599419738708763
s23,Eye,240.0,-0.077726928018122
s23,Eye,260.0,-0.12254356727824718
s23,Eye,280.0,-0.21598857709344155
s23,Eye,300.0,-0.16792985120102077
s23,Eye,320.0,-0.04834203840694677
s23,Eye,340.0,-0.32313382560672377
s23,Eye,360.0,-0.39841108147156845
s23,Eye,380.0,-0.3227434774356287
s23,Eye,400.0,-0.31562853759075954
s23,Eye,420.0,-0.2605030020600353
s23,Eye,440.0,-0.2789148679355728
s23,Eye,460.0,-0.06620733783926214
s23,Eye,480.0,0.03836885139849458
s23,Eye,500.0,-0.11786629817559496
s23,Eye,520.0,-0.021030812032156523
s23,Eye,540.0,-0.1375998825985524
s23,Eye,560.0,-0.2166728383222246
s23,Eye,580.0,-0.06414433718689974
s23,Eye,600.0,0.18169669294061597
s23,Eye,620.0,0.22668612489820228
s23,Eye,640.0,0.22395383801075308
s23,Eye,660.0,0.1958010486836545
s23,Eye,680.0,0.1243284546978356
s23,Eye,700.0,0.12197451513557932
s23,Eye,720.0,0.14932026638630888
s23,Eye,740.0,0.14348323470350183
s23,Eye,760.0,0.004572817268484431
s23,Eye,780.0,-0.11736987599557949
s23,Eye,800.0,-0.127172358933967
s23,Eye,820.0,-0.19772106863235867
s23,Eye,840.0,-0.12205994708658463
s23,Eye,860.0,-0.0049336322513558045
s23,Eye,880.0,-0.0732048861432526
s23,Eye,900.0,-0.10519938665778797
s23,Eye,920.0,0.12771619746288582
s23,Eye,940.0,0.07191154656608159
s23,Eye,960.0,0.0006666852491513109
s23,Eye,980.0,0.10409809020286379
s23,Mouth,0.0,-0.15346158506189675
s23,Mouth,20.0,-0.2174046301646693
s23,Mouth,40.0,-0.2541233605413128
s23,Mouth,60.0,-0.04308950767695115
s23,Mouth,80.0,0.021251508990779683
s23,Mouth,100.0,0.12325692109811137
s23,Mouth,120.0,-0.047733088487212305
s23,Mouth,140.0,-0.26869260481553553
s23,Mouth,160.0,-0.268640463714948
s23,Mouth,180.0,-0.13788644228359806
s23,Mouth,200.0,-0.036940215125993575
s23,Mouth,220.0,-0.1833381541089772
s23,Mouth,240.0,-0.3608556716601006
s23,Mouth,260.0,-0.170815961008765
s23,Mouth,280.0,-0.08873360423523736
s23,Mouth,300.0,-0.177850891610343
s23,Mouth,320.0,-0.11891892294208029
s23,Mouth,340.0,0.0954121406175191
s23,Mouth,360.0,-0.12846285632883253
s23,Mouth,380.0,-0.25539246218994693
s23,Mouth,400.0,-0.2720945605833633
s23,Mouth,420.0,-0.2899476227033926
s23,Mouth,440.0,-0.28935865097996694
s23,Mouth,460.0,-0.20673909863141748
s23,Mouth,480.0,-0.06165578305319318
s23,Mouth,500.0,0.19193049957781222
s23,Mouth,520.0,0.08786454414159686
s23,Mouth,540.0,-0.15569199887545077
s23,Mouth,560.0,-0.103499742708629
s23,Mouth,580.0,0.1207142952036334
s23,Mouth,600.0,0.19264737569447205
s23,Mouth,620.0,0.13846413701484042
s23,Mouth,640.0,-0.057895052463750485
s23,Mouth,660.0,-0.042479865574340636
s23,Mouth,680.0,0.09268275359635302
s23,Mouth,700.0,0.10859138569130827
s23,Mouth,720.0,0.3189817111208841
s23,Mouth,740.0,0.19898510650385545
s23,Mouth,760.0,-0.07854054242170984
s23,Mouth,780.0,-0.159644092235026
s23,Mouth,800.0,-0.10375334993517699
s23,Mouth,820.0,-0.16750212101908135
s23,Mouth,840.0,-0.12085989756176069
s23,Mouth,860.0,0.04162714921711502
s23,Mouth,880.0,0.06263539635531643
s23,Mouth,900.0,0.16841514268616772
s23,Mouth,920.0,0.22125867084119527
s23,Mouth,940.0,0.19697441009685973
s23,Mouth,960.0,0.1803371731732272
s23,Mouth,980.0,0.12306826476587811
s23,Skin,0.0,0.45795070510082503
s23,Skin,20.0,0.3793787277327904
s23,Skin,40.0,0.1828758046764243
s23,Skin,60.0,0.3773974033159146
s23,Skin,80.0,0.17514151919382265
s23,Skin,100.0,-0.001817055825678704
s23,Skin,120.0,0.2708740234896593
s23,Skin,140.0,0.22417425911611538
s23,Skin,160.0,-0.029825304580504326
s23,Skin,180.0,-0.12439854981292967
s23,Skin,200.0,-0.35902322093363104
s23,Skin,220.0,-0.2363596402089149
s23,Skin,240.0,-0.06332015045583435
s23,Skin,260.0,-0.2105842313391771
s23,Skin,280.0,-0.19860644312195108
s23,Skin,300.0,-0.07042769648026359
s23,Skin,320.0,-0.16493117143548142
s23,Skin,340.0,-0.4068098961118519
s23,Skin,360.0,-0.41624062588046085
s23,Skin,380.0,-0.22354935613027682
s23,Skin,400.0,-0.19410248078316913
s23,Skin,420.0,-0.08611059414439715
s23,Skin,440.0,-0.11204626786957636
s23,Skin,460.0,-0.31864687397999636
s23,Skin,480.0,-0.39699933563269996
s23,Skin,500.0,-0.30574406751386995
s23,Skin,520.0,-0.31213166152557303
s23,Skin,540.0,-0.5276012939781409
s23,Skin,560.0,-0.403394292407398
s23,Skin,580.0,0.14756120420874996
s23,Skin,600.0,0.6189591810436396
s23,Skin,620.0,0.6159211886988258
s23,Skin,640.0,0.5085904158812193
s23,Skin,660.0,0.5472757042403915
s23,Skin,680.0,0.6775234622544766
s23,Skin,700.0,0.5386334814568481
s23,Skin,720.0,0.39236283124339527
s23,Skin,740.0,0.21189819954588832
s23,Skin,760.0,0.013586278431120473
s23,Skin,780.0,-0.01768363365717658
s23,Skin,800.0,-0.07972760554195393
s23,Skin,820.0,-0.11514945273164276
s23,Skin,840.0,0.054954365688439005
s23,Skin,860.0,0.005199192094052452
s23,Skin,880.0,-0.07451649385479373
s23,Skin,900.0,0.028037887423365382
s23,Skin,920.0,0.1288422507624996
s23,Skin,940.0,0.1162875349310135
s23,Skin,960.0,-0.02096098901563101
s23,Skin,980.0,-0.09439470484724416
s23,Surface,0.0,0.15224456001946413
s23,Surface,20.0,0.08098704878406056
s23,Surface,40.0,-0.03562377793244424
s23,Surface,60.0,0.16715394781948173
s23,Surface,80.0,0.09819651409230117
s23,Surface,100.0,0.060719932636216334
s23,Surface,120.0,0.11157046750122349
s23,Surface,140.0,-0.022259172849710074
s23,Surface,160.0,-0.14923288414772615
s23,Surface,180.0,-0.13114249604826386
s23,Surface,200.0,-0.1979817180298123
s23,Surface,220.0,-0.20984889715894606
s23,Surface,240.0,-0.21208791105796745
s23,Surface,260.0,-0.19070009617397105
s23,Surface,280.0,-0.14367002367859422
s23,Surface,300.0,-0.1241392940453033
s23,Surface,320.0,-0.14192504718878085
s23,Surface,340.0,-0.1556988777471664
s23,Surface,360.0,-0.27235174110464666
s23,Surface,380.0,-0.23947090916011188
s23,Surface,400.0,-0.2330985206832662
s23,Surface,420.0,-0.18802910842389486
s23,Surface,440.0,-0.20070245942477166
s23,Surface,460.0,-0.2626929863057069
s23,Surface,480.0,-0.22932755934294657
s23,Surface,500.0,-0.05690678396802887
s23,Surface,520.0,-0.11213355869198809
s23,Surface,540.0,-0.3416466464267959
s23,Surface,560.0,-0.25344701755801347
s23,Surface,580.0,0.1341377497061917
s23,Surface,600.0,0.40580327836905583
s23,Surface,620.0,0.3771926628568331
s23,Surface,640.0,0.22534768170873443
s23,Surface,660.0,0.25239791933302547
s23,Surface,680.0,0.3851031079254148
s23,Surface,700.0,0.3236124335740782
s23,Surface,720.0,0.3556722711821397
s23,Surface,740.0,0.20544165302487188
s23,Surface,760.0,-0.032477131995294686
s23,Surface,780.0,-0.08866386294610129
s23,Surface,800.0,-0.09174047773856546
s23,Surface,820.0,-0.14132578687536207
s23,Surface,840.0,-0.03295276593666084
s23,Surface,860.0,0.023413170655583737
s23,Surface,880.0,-0.00594054874973865
s23,Surface,900.0,0.09822651505476655
s23,Surface,920.0,0.17505046080184744
s23,Surface,940.0,0.15663097251393662
s23,Surface,960.0,0.0796880920787981
s23,Surface,980.0,0.014336779959316974
s23,Structural,0.0,0.08697048374893057
s23,Structural,20.0,0.13865336906908005
s23,Structural,40.0,0.14332158582904417
s23,Structural,60.0,-0.08031567177578257
s23,Structural,80.0,-0.03401111604341908
s23,Structural,100.0,0.0011934842247220342
s23,Structural,120.0,-0.2042718758944177
s23,Structural,140.0,-0.30376635091231474
s23,Structural,160.0,-0.2267327704314948
s23,Structural,180.0,-0.16866449398915911
s23,Structural,200.0,-0.28206998640864533
s23,Structural,220.0,-0.2507140902958006
s23,Structural,240.0,-0.1823114415949313
s23,Structural,260.0,-0.1991926188669922
s23,Structural,280.0,-0.2633186308405712
s23,Structural,300.0,-0.18502605881031314
s23,Structural,320.0,-0.0921803059850323
s23,Structural,340.0,-0.18882833930120804
s23,Structural,360.0,-0.14382641068121743
s23,Structural,380.0,-0.21655395813708522
s23,Structural,400.0,-0.3303239692492549
s23,Structural,420.0,-0.1713152412240192
s23,Structural,440.0,0.009488216615956419
s23,Structural,460.0,0.14152226547415164
s23,Structural,480.0,-0.015974346948794536
s23,Structural,500.0,-0.008993173260877396
s23,Structural,520.0,0.27920564824263616
s23,Structural,540.0,0.12197460376424922
s23,Structural,560.0,-0.1219228451886317
s23,Structural,580.0,0.08869995746231903
s23,Structural,600.0,0.40780048045689254
s23,Structural,620.0,0.3001662278076789
s23,Structural,640.0,0.1161951089733186
s23,Structural,660.0,0.08586410633497689
s23,Structural,680.0,0.08983377304978181
s23,Structural,700.0,0.16435581954790143
s23,Structural,720.0,0.08288913030301892
s23,Structural,740.0,-0.06814223673441425
s23,Structural,760.0,-0.13245367970787844
s23,Structural,780.0,-0.11137612463888119
s23,Structural,800.0,-0.11035121505219377
s23,Structural,820.0,-0.09028487076426694
s23,Structural,840.0,0.036801855419850676
s23,Structural,860.0,0.13268076401456097
s23,Structural,880.0,-0.044190474091928875
s23,Structural,900.0,-0.20467670317901843
s23,Structural,920.0,-0.12215991312264377
s23,Structural,940.0,-0.10679015684605096
s23,Structural,960.0,-0.09111811225521403
s23,Structural,980.0,-0.11099609545550095
s23,Surface_minus_Structural,0.0,0.06527407627053355
s23,Surface_minus_Structural,20.0,-0.05766632028501949
s23,Surface_minus_Structural,40.0,-0.1789453637614884
s23,Surface_minus_Structural,60.0,0.2474696195952643
s23,Surface_minus_Structural,80.0,0.13220763013572023
s23,Surface_minus_Structural,100.0,0.0595264484114943
s23,Surface_minus_Structural,120.0,0.3158423433956412
s23,Surface_minus_Structural,140.0,0.28150717806260467
s23,Surface_minus_Structural,160.0,0.07749988628376867
s23,Surface_minus_Structural,180.0,0.03752199794089525
s23,Surface_minus_Structural,200.0,0.08408826837883304
s23,Surface_minus_Structural,220.0,0.04086519313685455
s23,Surface_minus_Structural,240.0,-0.029776469463036165
s23,Surface_minus_Structural,260.0,0.008492522693021143
s23,Surface_minus_Structural,280.0,0.119648607161977
s23,Surface_minus_Structural,300.0,0.06088676476500984
s23,Surface_minus_Structural,320.0,-0.049744741203748555
s23,Surface_minus_Structural,340.0,0.033129461554041645
s23,Surface_minus_Structural,360.0,-0.12852533042342923
s23,Surface_minus_Structural,380.0,-0.022916951023026655
s23,Surface_minus_Structural,400.0,0.09722544856598869
s23,Surface_minus_Structural,420.0,-0.016713867199875665
s23,Surface_minus_Structural,440.0,-0.21019067604072808
s23,Surface_minus_Structural,460.0,-0.40421525177985856
s23,Surface_minus_Structural,480.0,-0.21335321239415203
s23,Surface_minus_Structural,500.0,-0.04791361070715147
s23,Surface_minus_Structural,520.0,-0.39133920693462426
s23,Surface_minus_Structural,540.0,-0.4636212501910451
s23,Surface_minus_Structural,560.0,-0.13152417236938177
s23,Surface_minus_Structural,580.0,0.04543779224387266
s23,Surface_minus_Structural,600.0,-0.0019972020878367136
s23,Surface_minus_Structural,620.0,0.07702643504915424
s23,Surface_minus_Structural,640.0,0.10915257273541583
s23,Surface_minus_Structural,660.0,0.1665338129980486
s23,Surface_minus_Structural,680.0,0.295269334875633
s23,Surface_minus_Structural,700.0,0.15925661402617677
s23,Surface_minus_Structural,720.0,0.27278314087912076
s23,Surface_minus_Structural,740.0,0.27358388975928616
s23,Surface_minus_Structural,760.0,0.09997654771258375
s23,Surface_minus_Structural,780.0,0.0227122616927799
s23,Surface_minus_Structural,800.0,0.018610737313628306
s23,Surface_minus_Structural,820.0,-0.051040916111095125
s23,Surface_minus_Structural,840.0,-0.06975462135651152
s23,Surface_minus_Structural,860.0,-0.10926759335897723
s23,Surface_minus_Structural,880.0,0.038249925342190225
s23,Surface_minus_Structural,900.0,0.30290321823378497
s23,Surface_minus_Structural,920.0,0.29721037392449123
s23,Surface_minus_Structural,940.0,0.26342112935998757
s23,Surface_minus_Structural,960.0,0.1708062043340121
s23,Surface_minus_Structural,980.0,0.1253328754148179
s24,FSlim,0.0,-0.24399221309131974
s24,FSlim,20.0,-0.3084078024921312
s24,FSlim,40.0,-0.478736501676819
s24,FSlim,60.0,-0.40378409466203813
s24,FSlim,80.0,-0.387560289578414
s24,FSlim,100.0,-0.32319830266020455
s24,FSlim,120.0,-0.22345544539692888
s24,FSlim,140.0,-0.018687510099284543
s24,FSlim,160.0,0.09349618057556433
s24,FSlim,180.0,-0.0726818290681254
s24,FSlim,200.0,-0.1600113284116815
s24,FSlim,220.0,0.052147860147959524
s24,FSlim,240.0,0.06487286921760899
s24,FSlim,260.0,-0.4003087068790694
s24,FSlim,280.0,-0.44356845248672216
s24,FSlim,300.0,-0.15444260029677803
s24,FSlim,320.0,0.03647335579225061
s24,FSlim,340.0,-0.4421816484618974
s24,FSlim,360.0,-0.440510995924128
s24,FSlim,380.0,-0.1949470106947036
s24,FSlim,400.0,-0.3083968126958417
s24,FSlim,420.0,-0.8130754405768758
s24,FSlim,440.0,-0.7761477120553817
s24,FSlim,460.0,-0.3922343091895032
s24,FSlim,480.0,-0.3147466725656847
s24,FSlim,500.0,-0.3643833154083229
s24,FSlim,520.0,-0.2800315983646568
s24,FSlim,540.0,-0.29928829442007254
s24,FSlim,560.0,-0.04576672630926376
s24,FSlim,580.0,-0.08815079055825603
s24,FSlim,600.0,0.1920179496750754
s24,FSlim,620.0,0.5509397303673483
s24,FSlim,640.0,0.34313147096426017
s24,FSlim,660.0,0.11218080492454657
s24,FSlim,680.0,0.25398929861826525
s24,FSlim,700.0,0.24906255089037396
s24,FSlim,720.0,-0.2654413404000457
s24,FSlim,740.0,-0.12645452010078204
s24,FSlim,760.0,0.23062655047192618
s24,FSlim,780.0,0.17939514624255126
s24,FSlim,800.0,0.005460728477788723
s24,FSlim,820.0,-0.058003313311361576
s24,FSlim,840.0,0.10756733899779716
s24,FSlim,860.0,0.29126467297386804
s24,FSlim,880.0,0.1837150276261772
s24,FSlim,900.0,0.03446075811410043
s24,FSlim,920.0,0.09677284624443808
s24,FSlim,940.0,0.24595459012635726
s24,FSlim,960.0,0.29754156840158985
s24,FSlim,980.0,0.04311306766183083
s24,Eye,0.0,0.2798297149514791
s24,Eye,20.0,0.23432054499146995
s24,Eye,40.0,0.30260569154463357
s24,Eye,60.0,0.8727813852790185
s24,Eye,80.0,0.6587070151120946
s24,Eye,100.0,0.3564093885943542
s24,Eye,120.0,0.6274877438456257
s24,Eye,140.0,0.6551335013447539
s24,Eye,160.0,0.6465290178467697
s24,Eye,180.0,0.40950302662134686
s24,Eye,200.0,0.4393381024647747
s24,Eye,220.0,0.49637571349439297
s24,Eye,240.0,0.43698102612400125
s24,Eye,260.0,0.46136027925882533
s24,Eye,280.0,0.6433985966026512
s24,Eye,300.0,0.43606809772769667
s24,Eye,320.0,0.19412344547673568
s24,Eye,340.0,0.3751969140331438
s24,Eye,360.0,0.7259535180481753
s24,Eye,380.0,0.6192884274533457
s24,Eye,400.0,0.2635580042326287
s24,Eye,420.0,0.369397240808137
s24,Eye,440.0,0.7221525263475559
s24,Eye,460.0,0.7915745312784787
s24,Eye,480.0,0.5883304906895631
s24,Eye,500.0,0.6234997672937332
s24,Eye,520.0,0.4744402966457445
s24,Eye,540.0,0.5031273204380508
s24,Eye,560.0,0.479955195765601
s24,Eye,580.0,0.777000866070595
s24,Eye,600.0,0.9103749807767042
s24,Eye,620.0,0.5153110303892459
s24,Eye,640.0,0.2999467292218181
s24,Eye,660.0,0.6845369422871648
s24,Eye,680.0,0.6525653208309756
s24,Eye,700.0,0.7743875837071839
s24,Eye,720.0,0.6855924658083564
s24,Eye,740.0,0.5190179922882755
s24,Eye,760.0,0.32581235801096387
s24,Eye,780.0,0.1362684467168669
s24,Eye,800.0,0.29978588759878394
s24,Eye,820.0,0.3243836450284376
s24,Eye,840.0,0.3028609713222628
s24,Eye,860.0,0.236505676441775
s24,Eye,880.0,0.2277869209281764
s24,Eye,900.0,0.44207774686473317
s24,Eye,920.0,0.6249341942973805
s24,Eye,940.0,0.34847172559135264
s24,Eye,960.0,0.4309063201418096
s24,Eye,980.0,0.42857805339380417
s24,Mouth,0.0,-0.049246743333786536
s24,Mouth,20.0,0.08972617952395553
s24,Mouth,40.0,0.006721393566308763
s24,Mouth,60.0,-0.08497742249757105
s24,Mouth,80.0,-0.05664692368106381
s24,Mouth,100.0,-0.037964442677347096
s24,Mouth,120.0,-0.0507035494472594
s24,Mouth,140.0,0.01582510210006128
s24,Mouth,160.0,-0.19147208783543612
s24,Mouth,180.0,0.042811333036723784
s24,Mouth,200.0,0.420556905799235
s24,Mouth,220.0,0.2783953650658987
s24,Mouth,240.0,-0.025839219067775684
s24,Mouth,260.0,0.07580869475891008
s24,Mouth,280.0,0.33542495541563094
s24,Mouth,300.0,-0.006220614352142932
s24,Mouth,320.0,-0.10646820973709438
s24,Mouth,340.0,0.30050356162451747
s24,Mouth,360.0,0.18957531249778312
s24,Mouth,380.0,0.009924601537540455
s24,Mouth,400.0,-0.06393024966783815
s24,Mouth,420.0,0.10405823832451915
s24,Mouth,440.0,0.107134613390864
s24,Mouth,460.0,-0.07556268039892766
s24,Mouth,480.0,-0.1712822752456003
s24,Mouth,500.0,0.17168718545432812
s24,Mouth,520.0,0.0773835665210063
s24,Mouth,540.0,-0.30483270315737426
s24,Mouth,560.0,-0.5317680524973141
s24,Mouth,580.0,-0.04410905027304825
s24,Mouth,600.0,0.2382675689042802
s24,Mouth,620.0,0.4295884488115919
s24,Mouth,640.0,0.12948497981972695
s24,Mouth,660.0,0.04630592844540669
s24,Mouth,680.0,0.06998457230421369
s24,Mouth,700.0,0.12627447822198867
s24,Mouth,720.0,0.12082875493192906
s24,Mouth,740.0,0.22750467784773715
s24,Mouth,760.0,0.21126413689167897
s24,Mouth,780.0,0.2500803970435611
s24,Mouth,800.0,0.3586869266417226
s24,Mouth,820.0,0.16060181176709523
s24,Mouth,840.0,0.319981292528511
s24,Mouth,860.0,0.28866373409849705
s24,Mouth,880.0,0.26483518674924184
s24,Mouth,900.0,0.49804400559711914
s24,Mouth,920.0,0.558566291194229
s24,Mouth,940.0,0.3448334557440619
s24,Mouth,960.0,0.23489084381375952
s24,Mouth,980.0,0.5729280569878729
s24,Skin,0.0,0.06758760462649543
s24,Skin,20.0,0.20655310393197876
s24,Skin,40.0,0.2025820227145688
s24,Skin,60.0,0.020614879172065448
s24,Skin,80.0,0.1850815291302214
s24,Skin,100.0,0.12210878513152108
s24,Skin,120.0,-0.1857807054751322
s24,Skin,140.0,-0.1955643848741066
s24,Skin,160.0,-0.36692971671413055
s24,Skin,180.0,-0.3991723824991248
s24,Skin,200.0,-0.20447259706697274
s24,Skin,220.0,-0.13941216544687585
s24,Skin,240.0,-0.2824173044820526
s24,Skin,260.0,-0.2503651643733357
s24,Skin,280.0,-0.36727136543893235
s24,Skin,300.0,-0.29494499523858414
s24,Skin,320.0,-0.08963818810576704
s24,Skin,340.0,-0.012431854817216897
s24,Skin,360.0,-0.5624969564167928
s24,Skin,380.0,-0.6404764018987275
s24,Skin,400.0,-0.2068361422134428
s24,Skin,420.0,-0.2547511052634531
s24,Skin,440.0,-0.32745733715216585
s24,Skin,460.0,-0.5678992466156281
s24,Skin,480.0,-0.9232463808697801
s24,Skin,500.0,-0.6835026443362993
s24,Skin,520.0,-0.498559619490497
s24,Skin,540.0,-0.6819382322743699
s24,Skin,560.0,-0.8810804088370203
s24,Skin,580.0,-0.8373495170989238
s24,Skin,600.0,-0.3859546033444678
s24,Skin,620.0,-0.2676997507528448
s24,Skin,640.0,-0.3574191120481838
s24,Skin,660.0,-0.21297261546712143
s24,Skin,680.0,-0.32927764553194155
s24,Skin,700.0,-0.33803970193515614
s24,Skin,720.0,-0.435955593587687
s24,Skin,740.0,-0.3065254130906256
s24,Skin,760.0,-0.44932297154734935
s24,Skin,780.0,-0.24555143387906322
s24,Skin,800.0,-0.472765129104483
s24,Skin,820.0,-0.23822599975893083
s24,Skin,840.0,0.09745499018584235
s24,Skin,860.0,0.08776661158064838
s24,Skin,880.0,0.094179385493703
s24,Skin,900.0,-0.09718160818434399
s24,Skin,920.0,-0.048123730931026495
s24,Skin,940.0,-0.14515327283997098
s24,Skin,960.0,-0.36729849398912917
s24,Skin,980.0,0.04880004675643007
s24,Surface,0.0,0.00917043064635445
s24,Surface,20.0,0.14813964172796715
s24,Surface,40.0,0.10465170814043878
s24,Surface,60.0,-0.0321812716627528
s24,Surface,80.0,0.0642173027245788
s24,Surface,100.0,0.042072171227086994
s24,Surface,120.0,-0.1182421274611958
s24,Surface,140.0,-0.08986964138702266
s24,Surface,160.0,-0.27920090227478334
s24,Surface,180.0,-0.1781805247312005
s24,Surface,200.0,0.10804215436613113
s24,Surface,220.0,0.06949159980951142
s24,Surface,240.0,-0.15412826177491415
s24,Surface,260.0,-0.08727823480721282
s24,Surface,280.0,-0.015923205011650704
s24,Surface,300.0,-0.15058280479536354
s24,Surface,320.0,-0.09805319892143072
s24,Surface,340.0,0.14403585340365027
s24,Surface,360.0,-0.1864608219595048
s24,Surface,380.0,-0.3152759001805935
s24,Surface,400.0,-0.13538319594064047
s24,Surface,420.0,-0.07534643346946698
s24,Surface,440.0,-0.11016136188065093
s24,Surface,460.0,-0.32173096350727787
s24,Surface,480.0,-0.5472643280576902
s24,Surface,500.0,-0.25590772944098555
s24,Surface,520.0,-0.21058802648474534
s24,Surface,540.0,-0.4933854677158721
s24,Surface,560.0,-0.7064242306671672
s24,Surface,580.0,-0.440729283685986
s24,Surface,600.0,-0.0738435172200938
s24,Surface,620.0,0.08094434902937356
s24,Surface,640.0,-0.11396706611422841
s24,Surface,660.0,-0.08333334351085737
s24,Surface,680.0,-0.12964653661386394
s24,Surface,700.0,-0.10588261185658374
s24,Surface,720.0,-0.15756341932787896
s24,Surface,740.0,-0.03951036762144422
s24,Surface,760.0,-0.11902941732783519
s24,Surface,780.0,0.0022644815822489422
s24,Surface,800.0,-0.0570391012313802
s24,Surface,820.0,-0.0388120939959178
s24,Surface,840.0,0.20871814135717667
s24,Surface,860.0,0.18821517283957273
s24,Surface,880.0,0.17950728612147243
s24,Surface,900.0,0.2004311987063876
s24,Surface,920.0,0.2552212801316012
s24,Surface,940.0,0.09984009145204545
s24,Surface,960.0,-0.06620382508768483
s24,Surface,980.0,0.3108640518721515
s24,Structural,0.0,0.01791875093007969
s24,Structural,20.0,-0.03704362875033061
s24,Structural,40.0,-0.08806540506609273
s24,Structural,60.0,0.23449864530849018
s24,Structural,80.0,0.13557336276684032
s24,Structural,100.0,0.016605542967074838
s24,Structural,120.0,0.2020161492243484
s24,Structural,140.0,0.3182229956227347
s24,Structural,160.0,0.370012599211167
s24,Structural,180.0,0.16841059877661074
s24,Structural,200.0,0.13966338702654663
s24,Structural,220.0,0.27426178682117625
s24,Structural,240.0,0.25092694767080514
s24,Structural,260.0,0.030525786189877974
s24,Structural,280.0,0.09991507205796452
s24,Structural,300.0,0.14081274871545932
s24,Structural,320.0,0.11529840063449315
s24,Structural,340.0,-0.03349236721437679
s24,Structural,360.0,0.14272126106202365
s24,Structural,380.0,0.21217070837932103
s24,Structural,400.0,-0.022419404231606488
s24,Structural,420.0,-0.22183909988436937
s24,Structural,440.0,-0.0269975928539129
s24,Structural,460.0,0.19967011104448773
s24,Structural,480.0,0.1367919090619392
s24,Structural,500.0,0.12955822594270516
s24,Structural,520.0,0.09720434914054385
s24,Structural,540.0,0.1019195130089891
s24,Structural,560.0,0.2170942347281686
s24,Structural,580.0,0.3444250377561695
s24,Structural,600.0,0.5511964652258898
s24,Structural,620.0,0.5331253803782972
s24,Structural,640.0,0.3215391000930391
s24,Structural,660.0,0.39835887360585565
s24,Structural,680.0,0.45327730972462044
s24,Structural,700.0,0.5117250672987789
s24,Structural,720.0,0.21007556270415537
s24,Structural,740.0,0.19628173609374672
s24,Structural,760.0,0.278219454241445
s24,Structural,780.0,0.15783179647970907
s24,Structural,800.0,0.15262330803828633
s24,Structural,820.0,0.133190165858538
s24,Structural,840.0,0.20521415516003
s24,Structural,860.0,0.2638851747078215
s24,Structural,880.0,0.2057509742771768
s24,Structural,900.0,0.2382692524894168
s24,Structural,920.0,0.3608535202709093
s24,Structural,940.0,0.29721315785885494
s24,Structural,960.0,0.3642239442716997
s24,Structural,980.0,0.2358455605278175
s24,Surface_minus_Structural,0.0,-0.008748320283725242
s24,Surface_minus_Structural,20.0,0.18518327047829775
s24,Surface_minus_Structural,40.0,0.1927171132065315
s24,Surface_minus_Structural,60.0,-0.266679916971243
s24,Surface_minus_Structural,80.0,-0.07135606004226151
s24,Surface_minus_Structural,100.0,0.025466628260012156
s24,Surface_minus_Structural,120.0,-0.3202582766855442
s24,Surface_minus_Structural,140.0,-0.4080926370097574
s24,Surface_minus_Structural,160.0,-0.6492135014859504
s24,Surface_minus_Structural,180.0,-0.34659112350781124
s24,Surface_minus_Structural,200.0,-0.0316212326604155
s24,Surface_minus_Structural,220.0,-0.20477018701166483
s24,Surface_minus_Structural,240.0,-0.40505520944571927
s24,Surface_minus_Structural,260.0,-0.1178040209970908
s24,Surface_minus_Structural,280.0,-0.11583827706961522
s24,Surface_minus_Structural,300.0,-0.29139555351082286
s24,Surface_minus_Structural,320.0,-0.21335159955592387
s24,Surface_minus_Structural,340.0,0.17752822061802706
s24,Surface_minus_Structural,360.0,-0.32918208302152846
s24,Surface_minus_Structural,380.0,-0.5274466085599145
s24,Surface_minus_Structural,400.0,-0.11296379170903398
s24,Surface_minus_Structural,420.0,0.14649266641490238
s24,Surface_minus_Structural,440.0,-0.08316376902673803
s24,Surface_minus_Structural,460.0,-0.5214010745517657
s24,Surface_minus_Structural,480.0,-0.6840562371196294
s24,Surface_minus_Structural,500.0,-0.3854659553836907
s24,Surface_minus_Structural,520.0,-0.30779237562528916
s24,Surface_minus_Structural,540.0,-0.5953049807248612
s24,Surface_minus_Structural,560.0,-0.9235184653953358
s24,Surface_minus_Structural,580.0,-0.7851543214421555
s24,Surface_minus_Structural,600.0,-0.6250399824459836
s24,Surface_minus_Structural,620.0,-0.4521810313489236
s24,Surface_minus_Structural,640.0,-0.4355061662072675
s24,Surface_minus_Structural,660.0,-0.481692217116713
s24,Surface_minus_Structural,680.0,-0.5829238463384844
s24,Surface_minus_Structural,700.0,-0.6176076791553626
s24,Surface_minus_Structural,720.0,-0.3676389820320343
s24,Surface_minus_Structural,740.0,-0.23579210371519094
s24,Surface_minus_Structural,760.0,-0.3972488715692802
s24,Surface_minus_Structural,780.0,-0.15556731489746012
s24,Surface_minus_Structural,800.0,-0.20966240926966653
s24,Surface_minus_Structural,820.0,-0.17200225985445577
s24,Surface_minus_Structural,840.0,0.0035039861971466746
s24,Surface_minus_Structural,860.0,-0.07567000186824879
s24,Surface_minus_Structural,880.0,-0.02624368815570438
s24,Surface_minus_Structural,900.0,-0.03783805378302921
s24,Surface_minus_Structural,920.0,-0.10563224013930805
s24,Surface_minus_Structural,940.0,-0.1973730664068095
s24,Surface_minus_Structural,960.0,-0.43042776935938454
s24,Surface_minus_Structural,980.0,0.075018491344334
s25,FSlim,0.0,0.06084651359897322
s25,FSlim,20.0,-0.27098365745476555
s25,FSlim,40.0,-0.4244597368600476
s25,FSlim,60.0,-0.2076348091956626
s25,FSlim,80.0,0.06455417230256577
s25,FSlim,100.0,-0.3428099127492289
s25,FSlim,120.0,-0.255207603615874
s25,FSlim,140.0,0.0007357833664152769
s25,FSlim,160.0,0.05174294722644612
s25,FSlim,180.0,-0.0656418838004172
s25,FSlim,200.0,-0.28891198033647336
s25,FSlim,220.0,-0.22286932099178233
s25,FSlim,240.0,-0.10139327061422057
s25,FSlim,260.0,0.07215531526039312
s25,FSlim,280.0,0.11849036032336875
s25,FSlim,300.0,-0.2071116843569103
s25,FSlim,320.0,-0.16144031296092068
s25,FSlim,340.0,0.03647957806113408
s25,FSlim,360.0,0.13267503372062006
s25,FSlim,380.0,0.22928267278925374
s25,FSlim,400.0,-0.16693656075895594
s25,FSlim,420.0,-0.3738830587659701
s25,FSlim,440.0,-0.0675479186389584
s25,FSlim,460.0,0.18379890235252266
s25,FSlim,480.0,0.3612436788344865
s25,FSlim,500.0,0.06784412175244242
s25,FSlim,520.0,0.025732645720684552
s25,FSlim,540.0,-0.0018216843321656878
s25,FSlim,560.0,0.12096922791783618
s25,FSlim,580.0,0.27847907941873196
s25,FSlim,600.0,0.25840273634103406
s25,FSlim,620.0,0.0813240091568958
s25,FSlim,640.0,-0.3911596619885348
s25,FSlim,660.0,-0.7670613773174589
s25,FSlim,680.0,-0.47122415957133534
s25,FSlim,700.0,-0.13934165101299548
s25,FSlim,720.0,-0.34524986141393976
s25,FSlim,740.0,-0.27044520072709133
s25,FSlim,760.0,-0.4118178121880218
s25,FSlim,780.0,-0.38681581224719525
s25,FSlim,800.0,-0.4162390788278064
s25,FSlim,820.0,-0.3257435382300423
s25,FSlim,840.0,-0.14046421535720888
s25,FSlim,860.0,0.09358919942454905
s25,FSlim,880.0,0.09522830523909831
s25,FSlim,900.0,-0.15133368081386425
s25,FSlim,920.0,-0.371086074988647
s25,FSlim,940.0,-0.42216219179170056
s25,FSlim,960.0,-0.3978350657812827
s25,FSlim,980.0,-0.2241282553110029
s25,Eye,0.0,-0.007601357593993982
s25,Eye,20.0,0.1555758973547842
s25,Eye,40.0,0.34082601495385245
s25,Eye,60.0,0.5713865424449709
s25,Eye,80.0,0.5560897780306941
s25,Eye,100.0,0.34335118767835593
s25,Eye,120.0,0.5737851006951646
s25,Eye,140.0,0.6605180237955637
s25,Eye,160.0,0.40240078826052766
s25,Eye,180.0,0.2978821853492985
s25,Eye,200.0,0.279848536775775
s25,Eye,220.0,0.33980358898781204
s25,Eye,240.0,0.2627279694374375
s25,Eye,260.0,0.18310301904059229
s25,Eye,280.0,0.2894985282949821
s25,Eye,300.0,0.40653007530799257
s25,Eye,320.0,0.1258665929064654
s25,Eye,340.0,-0.14416273634035248
s25,Eye,360.0,-0.031152979831691734
s25,Eye,380.0,-0.09123899339587621
s25,Eye,400.0,-0.15219882261187273
s25,Eye,420.0,-0.10406148102783147
s25,Eye,440.0,-0.07722052037077094
s25,Eye,460.0,-0.14394630221430846
s25,Eye,480.0,-0.02217763732743297
s25,Eye,500.0,0.034861415996424346
s25,Eye,520.0,0.06165189171919716
s25,Eye,540.0,-0.0604873413262306
s25,Eye,560.0,0.1417026673561337
s25,Eye,580.0,-0.3517317688264037
s25,Eye,600.0,-0.5207464389762441
s25,Eye,620.0,0.0474188336159309
s25,Eye,640.0,0.2190986601763705
s25,Eye,660.0,0.07338535626920312
s25,Eye,680.0,0.15752744240781769
s25,Eye,700.0,0.2738941338884849
s25,Eye,720.0,0.38129812035147337
s25,Eye,740.0,0.37664269441210685
s25,Eye,760.0,0.020566196624027755
s25,Eye,780.0,-0.16209598916532103
s25,Eye,800.0,-0.1535936471854274
s25,Eye,820.0,-0.0720118649986399
s25,Eye,840.0,-0.1262810401330132
s25,Eye,860.0,-0.032163707681436865
s25,Eye,880.0,-0.2401230290452004
s25,Eye,900.0,-0.19398499243688463
s25,Eye,920.0,0.0034431976177633147
s25,Eye,940.0,0.2701248595932233
s25,Eye,960.0,0.3164345173477904
s25,Eye,980.0,0.17345168536241218
s25,Mouth,0.0,-0.16912244865946852
s25,Mouth,20.0,-0.15476347128676343
s25,Mouth,40.0,-0.32367482705513306
s25,Mouth,60.0,-0.3159555946185788
s25,Mouth,80.0,-0.24923618928915403
s25,Mouth,100.0,-0.10794977312509764
s25,Mouth,120.0,0.0470016051974409
s25,Mouth,140.0,-0.015050672907867272
s25,Mouth,160.0,-0.15120039440319755
s25,Mouth,180.0,-0.2242828583893382
s25,Mouth,200.0,-0.32667685411877256
s25,Mouth,220.0,-0.4919093173201776
s25,Mouth,240.0,-0.37369960813731107
s25,Mouth,260.0,-0.030019068938600645
s25,Mouth,280.0,-0.019868183120408243
s25,Mouth,300.0,0.019118666188469913
s25,Mouth,320.0,-0.3433038110350366
s25,Mouth,340.0,-0.590969248724813
s25,Mouth,360.0,-0.051069930759563786
s25,Mouth,380.0,0.4081000107269275
s25,Mouth,400.0,0.10563868722148767
s25,Mouth,420.0,-0.16608194471328114
s25,Mouth,440.0,0.22285994813016116
s25,Mouth,460.0,0.6521559405585919
s25,Mouth,480.0,0.16958910361105714
s25,Mouth,500.0,-0.4408061695264476
s25,Mouth,520.0,-0.4309900426343015
s25,Mouth,540.0,-0.2951931319434571
s25,Mouth,560.0,-0.1284672178655259
s25,Mouth,580.0,-0.5288009528509325
s25,Mouth,600.0,-0.7350323105151102
s25,Mouth,620.0,-0.5111265281026723
s25,Mouth,640.0,0.22442251865361734
s25,Mouth,660.0,0.4695549036688403
s25,Mouth,680.0,-0.12908709823397976
s25,Mouth,700.0,-0.41798011599999174
s25,Mouth,720.0,-0.11075172203369868
s25,Mouth,740.0,-0.07174685803845318
s25,Mouth,760.0,-0.12168061697143867
s25,Mouth,780.0,-0.3241480116497978
s25,Mouth,800.0,-0.5996144385452697
s25,Mouth,820.0,-0.7175320424260943
s25,Mouth,840.0,-0.7332462539196534
s25,Mouth,860.0,-0.37278470002532854
s25,Mouth,880.0,-0.26406238316454506
s25,Mouth,900.0,-0.366397791445903
s25,Mouth,920.0,-0.22500378756351624
s25,Mouth,940.0,-0.08168617925016144
s25,Mouth,960.0,-0.14705688104361697
s25,Mouth,980.0,-0.25759616441060246
s25,Skin,0.0,-0.15222541840908657
s25,Skin,20.0,-0.14800768361809252
s25,Skin,40.0,-0.007550568304242861
s25,Skin,60.0,-0.0035303690617503602
s25,Skin,80.0,-0.11447906676692327
s25,Skin,100.0,-0.07665818249594859
s25,Skin,120.0,0.12608399051117375
s25,Skin,140.0,0.3275015365711847
s25,Skin,160.0,0.11645175431208916
s25,Skin,180.0,0.02448766105140976
s25,Skin,200.0,-0.07685677697108181
s25,Skin,220.0,0.04243484663410939
s25,Skin,240.0,0.1824471766456517
s25,Skin,260.0,0.1833919799658457
s25,Skin,280.0,0.44396879809818435
s25,Skin,300.0,0.6160363661472387
s25,Skin,320.0,0.30928369653573545
s25,Skin,340.0,0.267256500140946
s25,Skin,360.0,0.4636323924236324
s25,Skin,380.0,0.4503239945366271
s25,Skin,400.0,0.44589393686354417
s25,Skin,420.0,0.19847892773946293
s25,Skin,440.0,0.0021719041655175603
s25,Skin,460.0,0.31817019143133535
s25,Skin,480.0,0.3745229847066014
s25,Skin,500.0,0.23226339471407298
s25,Skin,520.0,0.17167687393690936
s25,Skin,540.0,0.13632604381488306
s25,Skin,560.0,0.3862002558231215
s25,Skin,580.0,0.15616202309782495
s25,Skin,600.0,-0.036475235679702546
s25,Skin,620.0,0.12050936107092759
s25,Skin,640.0,0.3154303527232114
s25,Skin,660.0,0.3433358080138489
s25,Skin,680.0,0.38904447471533865
s25,Skin,700.0,0.32279371517240196
s25,Skin,720.0,0.4049650701988763
s25,Skin,740.0,0.6588047661460065
s25,Skin,760.0,0.6149163592841647
s25,Skin,780.0,0.2397880966493251
s25,Skin,800.0,0.1794329641801888
s25,Skin,820.0,0.3213445056709473
s25,Skin,840.0,0.44787602721128394
s25,Skin,860.0,0.4961592786589738
s25,Skin,880.0,0.25100309825739564
s25,Skin,900.0,0.10201938912239127
s25,Skin,920.0,0.10395535931327077
s25,Skin,940.0,0.4183447783494132
s25,Skin,960.0,0.5258004629213182
s25,Skin,980.0,0.4592517089770862
s25,Surface,0.0,-0.16067393353427756
s25,Surface,20.0,-0.15138557745242798
s25,Surface,40.0,-0.16561269767968795
s25,Surface,60.0,-0.15974298184016458
s25,Surface,80.0,-0.18185762802803865
s25,Surface,100.0,-0.09230397781052312
s25,Surface,120.0,0.08654279785430732
s25,Surface,140.0,0.1562254318316587
s25,Surface,160.0,-0.01737432004555419
s25,Surface,180.0,-0.09989759866896422
s25,Surface,200.0,-0.2017668155449272
s25,Surface,220.0,-0.2247372353430341
s25,Surface,240.0,-0.09562621574582969
s25,Surface,260.0,0.07668645551362252
s25,Surface,280.0,0.21205030748888806
s25,Surface,300.0,0.3175775161678543
s25,Surface,320.0,-0.017010057249650573
s25,Surface,340.0,-0.16185637429193353
s25,Surface,360.0,0.2062812308320343
s25,Surface,380.0,0.4292120026317773
s25,Surface,400.0,0.2757663120425159
s25,Surface,420.0,0.0161984915130909
s25,Surface,440.0,0.11251592614783937
s25,Surface,460.0,0.4851630659949636
s25,Surface,480.0,0.2720560441588293
s25,Surface,500.0,-0.1042713874061873
s25,Surface,520.0,-0.1296565843486961
s25,Surface,540.0,-0.07943354406428701
s25,Surface,560.0,0.1288665189787978
s25,Surface,580.0,-0.1863194648765538
s25,Surface,600.0,-0.3857537730974064
s25,Surface,620.0,-0.19530858351587238
s25,Surface,640.0,0.26992643568841435
s25,Surface,660.0,0.40644535584134456
s25,Surface,680.0,0.12997868824067943
s25,Surface,700.0,-0.04759320041379489
s25,Surface,720.0,0.14710667408258882
s25,Surface,740.0,0.29352895405377666
s25,Surface,760.0,0.246617871156363
s25,Surface,780.0,-0.04217995750023634
s25,Surface,800.0,-0.21009073718254045
s25,Surface,820.0,-0.19809376837757348
s25,Surface,840.0,-0.1426851133541847
s25,Surface,860.0,0.06168728931682263
s25,Surface,880.0,-0.006529642453574708
s25,Surface,900.0,-0.13218920116175586
s25,Surface,920.0,-0.06052421412512274
s25,Surface,940.0,0.1683292995496259
s25,Surface,960.0,0.18937179093885062
s25,Surface,980.0,0.10082777228324188
s25,Structural,0.0,0.02662257800248962
s25,Structural,20.0,-0.05770388004999068
s25,Structural,40.0,-0.041816860953097584
s25,Structural,60.0,0.18187586662465416
s25,Structural,80.0,0.31032197516662996
s25,Structural,100.0,0.0002706374645635168
s25,Structural,120.0,0.1592887485396453
s25,Structural,140.0,0.33062690358098945
s25,Structural,160.0,0.2270718677434869
s25,Structural,180.0,0.11612015077444066
s25,Structural,200.0,-0.0045317217803491905
s25,Structural,220.0,0.058467133998014856
s25,Structural,240.0,0.08066734941160845
s25,Structural,260.0,0.12762916715049272
s25,Structural,280.0,0.20399444430917543
s25,Structural,300.0,0.09970919547554113
s25,Structural,320.0,-0.01778686002722764
s25,Structural,340.0,-0.0538415791396092
s25,Structural,360.0,0.05076102694446416
s25,Structural,380.0,0.06902183969668876
s25,Structural,400.0,-0.15956769168541435
s25,Structural,420.0,-0.2389722698969008
s25,Structural,440.0,-0.07238421950486468
s25,Structural,460.0,0.019926300069107103
s25,Structural,480.0,0.16953302075352678
s25,Structural,500.0,0.05135276887443338
s25,Structural,520.0,0.043692268719940856
s25,Structural,540.0,-0.031154512829198143
s25,Structural,560.0,0.13133594763698495
s25,Structural,580.0,-0.036626344703835884
s25,Structural,600.0,-0.131171851317605
s25,Structural,620.0,0.06437142138641336
s25,Structural,640.0,-0.08603050090608215
s25,Structural,660.0,-0.3468380105241279
s25,Structural,680.0,-0.15684835858175883
s25,Structural,700.0,0.0672762414377447
s25,Structural,720.0,0.018024129468766803
s25,Structural,740.0,0.05309874684250776
s25,Structural,760.0,-0.19562580778199704
s25,Structural,780.0,-0.27445590070625814
s25,Structural,800.0,-0.28491636300661694
s25,Structural,820.0,-0.1988777016143411
s25,Structural,840.0,-0.13337262774511105
s25,Structural,860.0,0.03071274587155609
s25,Structural,880.0,-0.07244736190305104
s25,Structural,900.0,-0.17265933662537444
s25,Structural,920.0,-0.18382143868544185
s25,Structural,940.0,-0.07601866609923863
s25,Structural,960.0,-0.04070027421674616
s25,Structural,980.0,-0.025338284974295355
s25,Surface_minus_Structural,0.0,-0.18729651153676719
s25,Surface_minus_Structural,20.0,-0.0936816974024373
s25,Surface_minus_Structural,40.0,-0.12379583672659036
s25,Surface_minus_Structural,60.0,-0.3416188484648187
s25,Surface_minus_Structural,80.0,-0.4921796031946686
s25,Surface_minus_Structural,100.0,-0.09257461527508663
s25,Surface_minus_Structural,120.0,-0.07274595068533798
s25,Surface_minus_Structural,140.0,-0.17440147174933074
s25,Surface_minus_Structural,160.0,-0.2444461877890411
s25,Surface_minus_Structural,180.0,-0.21601774944340488
s25,Surface_minus_Structural,200.0,-0.197235093764578
s25,Surface_minus_Structural,220.0,-0.283204369341049
s25,Surface_minus_Structural,240.0,-0.17629356515743816
s25,Surface_minus_Structural,260.0,-0.0509427116368702
s25,Surface_minus_Structural,280.0,0.00805586317971263
s25,Surface_minus_Structural,300.0,0.21786832069231316
s25,Surface_minus_Structural,320.0,0.0007768027775770653
s25,Surface_minus_Structural,340.0,-0.10801479515232433
s25,Surface_minus_Structural,360.0,0.15552020388757015
s25,Surface_minus_Structural,380.0,0.36019016293508854
s25,Surface_minus_Structural,400.0,0.43533400372793024
s25,Surface_minus_Structural,420.0,0.2551707614099917
s25,Surface_minus_Structural,440.0,0.18490014565270405
s25,Surface_minus_Structural,460.0,0.4652367659258565
s25,Surface_minus_Structural,480.0,0.1025230234053025
s25,Surface_minus_Structural,500.0,-0.15562415628062068
s25,Surface_minus_Structural,520.0,-0.17334885306863695
s25,Surface_minus_Structural,540.0,-0.04827903123508887
s25,Surface_minus_Structural,560.0,-0.0024694286581871394
s25,Surface_minus_Structural,580.0,-0.1496931201727179
s25,Surface_minus_Structural,600.0,-0.2545819217798014
s25,Surface_minus_Structural,620.0,-0.2596800049022857
s25,Surface_minus_Structural,640.0,0.3559569365944965
s25,Surface_minus_Structural,660.0,0.7532833663654724
s25,Surface_minus_Structural,680.0,0.28682704682243826
s25,Surface_minus_Structural,700.0,-0.11486944185153959
s25,Surface_minus_Structural,720.0,0.12908254461382201
s25,Surface_minus_Structural,740.0,0.2404302072112689
s25,Surface_minus_Structural,760.0,0.44224367893836003
s25,Surface_minus_Structural,780.0,0.2322759432060218
s25,Surface_minus_Structural,800.0,0.07482562582407648
s25,Surface_minus_Structural,820.0,0.0007839332367676199
s25,Surface_minus_Structural,840.0,-0.009312485609073662
s25,Surface_minus_Structural,860.0,0.03097454344526654
s25,Surface_minus_Structural,880.0,0.06591771944947633
s25,Surface_minus_Structural,900.0,0.04047013546361858
s25,Surface_minus_Structural,920.0,0.12329722456031911
s25,Surface_minus_Structural,940.0,0.24434796564886452
s25,Surface_minus_Structural,960.0,0.23007206515559678
s25,Surface_minus_Structural,980.0,0.12616605725753724
s26,FSlim,0.0,-0.4097635636844237
s26,FSlim,20.0,-0.4872413593966288
s26,FSlim,40.0,-0.4700705955588206
s26,FSlim,60.0,-0.14726861400452362
s26,FSlim,80.0,-0.04504992417691098
s26,FSlim,100.0,-0.16503752497974672
s26,FSlim,120.0,0.012166685575449115
s26,FSlim,140.0,-0.009006527835961953
s26,FSlim,160.0,0.13368464285102816
s26,FSlim,180.0,0.3330997578026551
s26,FSlim,200.0,0.2863947952966063
s26,FSlim,220.0,0.20026337691376783
s26,FSlim,240.0,0.4317239219569542
s26,FSlim,260.0,0.41184725539255496
s26,FSlim,280.0,0.4381259654043931
s26,FSlim,300.0,0.7929096008946722
s26,FSlim,320.0,0.5550383042370475
s26,FSlim,340.0,0.7882733953640066
s26,FSlim,360.0,0.9345842022528068
s26,FSlim,380.0,0.8800467612125032
s26,FSlim,400.0,0.7754393162656946
s26,FSlim,420.0,0.7777818699211277
s26,FSlim,440.0,0.9866715425308517
s26,FSlim,460.0,1.239095016977207
s26,FSlim,480.0,1.1158123613438118
s26,FSlim,500.0,0.8401695644504446
s26,FSlim,520.0,0.838001801151247
s26,FSlim,540.0,0.7853696961611947
s26,FSlim,560.0,0.6006801441165389
s26,FSlim,580.0,0.3104904561002995
s26,FSlim,600.0,-0.03585743779697276
s26,FSlim,620.0,0.045692152452853255
s26,FSlim,640.0,0.6023250808309782
s26,FSlim,660.0,0.5698978507199237
s26,FSlim,680.0,0.34479388592370397
s26,FSlim,700.0,0.4448547658525941
s26,FSlim,720.0,0.38533743923147523
s26,FSlim,740.0,-0.010119873958347347
s26,FSlim,760.0,-0.05238869902346999
s26,FSlim,780.0,0.024147491544477595
s26,FSlim,800.0,0.2733952334290346
s26,FSlim,820.0,0.6894576809702504
s26,FSlim,840.0,0.8797429056153345
s26,FSlim,860.0,1.1214805986019467
s26,FSlim,880.0,0.8058558354165879
s26,FSlim,900.0,0.5475030879758875
s26,FSlim,920.0,0.489520185645409
s26,FSlim,940.0,0.4012653194989131
s26,FSlim,960.0,0.5023445583894672
s26,FSlim,980.0,0.6059843423786024
s26,Eye,0.0,0.40859186690558014
s26,Eye,20.0,0.13360279338935516
s26,Eye,40.0,0.26984407714798353
s26,Eye,60.0,0.3809333328883823
s26,Eye,80.0,0.4631025834482795
s26,Eye,100.0,0.17653848540225786
s26,Eye,120.0,-0.03657432408337785
s26,Eye,140.0,-0.1270011955606248
s26,Eye,160.0,-0.16242707488528713
s26,Eye,180.0,-0.04212128802834483
s26,Eye,200.0,-0.15150704340650656
s26,Eye,220.0,0.03639120679070984
s26,Eye,240.0,0.07821669824399718
s26,Eye,260.0,-0.026953508822383232
s26,Eye,280.0,0.011395198969597786
s26,Eye,300.0,-0.07543390781943948
s26,Eye,320.0,-0.14373582239689414
s26,Eye,340.0,-0.323701123261689
s26,Eye,360.0,-0.5660046809809671
s26,Eye,380.0,-0.6369687028921625
s26,Eye,400.0,-0.34628864827835615
s26,Eye,420.0,-0.0016216627170950737
s26,Eye,440.0,0.1464900066804164
s26,Eye,460.0,0.3670731674655607
s26,Eye,480.0,0.41527094522893676
s26,Eye,500.0,0.5221060774891172
s26,Eye,520.0,0.47611879170523436
s26,Eye,540.0,0.8199225613549894
s26,Eye,560.0,0.7845656276305792
s26,Eye,580.0,0.9573858766596036
s26,Eye,600.0,0.8780866316863367
s26,Eye,620.0,0.4673804066346859
s26,Eye,640.0,0.7398834993836053
s26,Eye,660.0,0.7985166791766938
s26,Eye,680.0,0.7560612984646895
s26,Eye,700.0,0.8278299587467155
s26,Eye,720.0,1.0585170561010142
s26,Eye,740.0,1.087584816998142
s26,Eye,760.0,0.9244140154446969
s26,Eye,780.0,0.8664023940816106
s26,Eye,800.0,0.5029637675488037
s26,Eye,820.0,0.27254889038290986
s26,Eye,840.0,0.32169349934775715
s26,Eye,860.0,0.3656147861106731
s26,Eye,880.0,0.5508896649067995
s26,Eye,900.0,0.688786818055274
s26,Eye,920.0,0.6232248491478856
s26,Eye,940.0,0.6596961158122402
s26,Eye,960.0,0.6689197753232641
s26,Eye,980.0,0.7393412149032228
s26,Mouth,0.0,-0.2655240071965876
s26,Mouth,20.0,-0.06852107038806086
s26,Mouth,40.0,-0.028176030059952673
s26,Mouth,60.0,-0.1379036293892278
s26,Mouth,80.0,-0.3720156331504588
s26,Mouth,100.0,-0.29055716202323223
s26,Mouth,120.0,-0.12120786688991757
s26,Mouth,140.0,0.06727998445586854
s26,Mouth,160.0,0.1946617908264584
s26,Mouth,180.0,0.22707204149398574
s26,Mouth,200.0,0.008890005964865548
s26,Mouth,220.0,0.08818442770022789
s26,Mouth,240.0,0.38806144697122086
s26,Mouth,260.0,0.49739800045861415
s26,Mouth,280.0,0.17912591590106655
s26,Mouth,300.0,-0.07291691176209701
s26,Mouth,320.0,-0.041198342992920634
s26,Mouth,340.0,0.005465110279998436
s26,Mouth,360.0,0.2263304103727205
s26,Mouth,380.0,0.5745334650444847
s26,Mouth,400.0,0.6781362242358886
s26,Mouth,420.0,0.5473535359506078
s26,Mouth,440.0,0.5850265152782572
s26,Mouth,460.0,0.45229905588195146
s26,Mouth,480.0,0.5016755096145202
s26,Mouth,500.0,0.710599792874545
s26,Mouth,520.0,0.6234130652289772
s26,Mouth,540.0,1.0381569627916027
s26,Mouth,560.0,1.1062754062828066
s26,Mouth,580.0,1.1151460148146208
s26,Mouth,600.0,1.3363192461331102
s26,Mouth,620.0,1.5721525000134955
s26,Mouth,640.0,1.4364135894712673
s26,Mouth,660.0,1.2692161418187653
s26,Mouth,680.0,1.2178068928934773
s26,Mouth,700.0,1.2938725650313263
s26,Mouth,720.0,1.188459094647284
s26,Mouth,740.0,1.1175968133088938
s26,Mouth,760.0,0.7066017867302651
s26,Mouth,780.0,0.5314064577052221
s26,Mouth,800.0,0.6144613007222554
s26,Mouth,820.0,0.38535559825893706
s26,Mouth,840.0,0.24740222862245242
s26,Mouth,860.0,0.395450844183803
s26,Mouth,880.0,0.5638778729172873
s26,Mouth,900.0,0.746179395012359
s26,Mouth,920.0,0.8560861524053118
s26,Mouth,940.0,0.836364750722119
s26,Mouth,960.0,0.9273570360330642
s26,Mouth,980.0,0.8645822344235348
s26,Skin,0.0,-0.28021742092415886
s26,Skin,20.0,-0.7871600917768846
s26,Skin,40.0,-0.5069245168309231
s26,Skin,60.0,-0.05512194972388121
s26,Skin,80.0,0.12937132654173544
s26,Skin,100.0,0.08595282706831739
s26,Skin,120.0,-0.1716421717110025
s26,Skin,140.0,0.15633176975422095
s26,Skin,160.0,0.665571081991427
s26,Skin,180.0,0.5985280027242513
s26,Skin,200.0,0.3678359445415324
s26,Skin,220.0,0.26456725185504604
s26,Skin,240.0,0.21740224759088117
s26,Skin,260.0,0.5170141840807385
s26,Skin,280.0,0.6428668554600082
s26,Skin,300.0,0.5660322279202563
s26,Skin,320.0,0.572519184573161
s26,Skin,340.0,0.5667539532819604
s26,Skin,360.0,0.8492960061668604
s26,Skin,380.0,0.9608373804637457
s26,Skin,400.0,0.7139037061225457
s26,Skin,420.0,0.49107661753684434
s26,Skin,440.0,0.40638103962973315
s26,Skin,460.0,0.03161392805674258
s26,Skin,480.0,-0.14729018954066955
s26,Skin,500.0,0.317802358183419
s26,Skin,520.0,0.3668672796928538
s26,Skin,540.0,0.142492548077263
s26,Skin,560.0,-0.031781114460926074
s26,Skin,580.0,-0.039463895418380364
s26,Skin,600.0,0.10881066287271904
s26,Skin,620.0,0.05454545646870638
s26,Skin,640.0,-0.012246984929530025
s26,Skin,660.0,-0.14284489142031326
s26,Skin,680.0,-0.23462723401954144
s26,Skin,700.0,-0.055170681797397966
s26,Skin,720.0,-0.41157077912929696
s26,Skin,740.0,-0.44597438987984445
s26,Skin,760.0,-0.46496189569470064
s26,Skin,780.0,-0.5619939521137721
s26,Skin,800.0,-0.6615084698280419
s26,Skin,820.0,-0.2809383470032008
s26,Skin,840.0,-0.12967070726213498
s26,Skin,860.0,-0.25900302284308035
s26,Skin,880.0,-0.25169286271799884
s26,Skin,900.0,-0.3114437422545078
s26,Skin,920.0,-0.3835420838326963
s26,Skin,940.0,-0.6112177509187546
s26,Skin,960.0,-0.5401530141233435
s26,Skin,980.0,-0.44275369218089267
s26,Surface,0.0,-0.2728707140603732
s26,Surface,20.0,-0.42784058108247275
s26,Surface,40.0,-0.2675502734454379
s26,Surface,60.0,-0.0965127895565545
s26,Surface,80.0,-0.12132215330436169
s26,Surface,100.0,-0.10230216747745742
s26,Surface,120.0,-0.14642501930046004
s26,Surface,140.0,0.11180587710504475
s26,Surface,160.0,0.4301164364089427
s26,Surface,180.0,0.41280002210911854
s26,Surface,200.0,0.18836297525319898
s26,Surface,220.0,0.17637583977763696
s26,Surface,240.0,0.302731847281051
s26,Surface,260.0,0.5072060922696764
s26,Surface,280.0,0.41099638568053737
s26,Surface,300.0,0.24655765807907964
s26,Surface,320.0,0.2656604207901202
s26,Surface,340.0,0.2861095317809794
s26,Surface,360.0,0.5378132082697904
s26,Surface,380.0,0.7676854227541152
s26,Surface,400.0,0.6960199651792172
s26,Surface,420.0,0.519215076743726
s26,Surface,440.0,0.4957037774539952
s26,Surface,460.0,0.24195649196934702
s26,Surface,480.0,0.17719266003692535
s26,Surface,500.0,0.514201075528982
s26,Surface,520.0,0.4951401724609155
s26,Surface,540.0,0.5903247554344329
s26,Surface,560.0,0.5372471459109402
s26,Surface,580.0,0.5378410596981202
s26,Surface,600.0,0.7225649545029146
s26,Surface,620.0,0.813348978241101
s26,Surface,640.0,0.7120833022708686
s26,Surface,660.0,0.563185625199226
s26,Surface,680.0,0.49158982943696794
s26,Surface,700.0,0.6193509416169641
s26,Surface,720.0,0.3884441577589935
s26,Surface,740.0,0.33581121171452466
s26,Surface,760.0,0.12081994551778222
s26,Surface,780.0,-0.01529374720427501
s26,Surface,800.0,-0.023523584552893273
s26,Surface,820.0,0.05220862562786813
s26,Surface,840.0,0.058865760680158724
s26,Surface,860.0,0.06822391067036132
s26,Surface,880.0,0.15609250509964423
s26,Surface,900.0,0.21736782637892557
s26,Surface,920.0,0.23627203428630777
s26,Surface,940.0,0.1125734999016822
s26,Surface,960.0,0.19360201095486035
s26,Surface,980.0,0.21091427112132105
s26,Structural,0.0,-0.0005858483894217725
s26,Structural,20.0,-0.17681928300363683
s26,Structural,40.0,-0.10011325920541853
s26,Structural,60.0,0.11683235944192935
s26,Structural,80.0,0.20902632963568424
s26,Structural,100.0,0.005750480211255571
s26,Structural,120.0,-0.012203819253964368
s26,Structural,140.0,-0.06800386169829338
s26,Structural,160.0,-0.014371216017129484
s26,Structural,180.0,0.14548923488715515
s26,Structural,200.0,0.06744387594504986
s26,Structural,220.0,0.11832729185223884
s26,Structural,240.0,0.25497031010047566
s26,Structural,260.0,0.19244687328508586
s26,Structural,280.0,0.22476058218699543
s26,Structural,300.0,0.35873784653761637
s26,Structural,320.0,0.20565124092007667
s26,Structural,340.0,0.23228613605115883
s26,Structural,360.0,0.18428976063591984
s26,Structural,380.0,0.1215390291601704
s26,Structural,400.0,0.21457533399366924
s26,Structural,420.0,0.38808010360201634
s26,Structural,440.0,0.566580774605634
s26,Structural,460.0,0.8030840922213839
s26,Structural,480.0,0.7655416532863742
s26,Structural,500.0,0.6811378209697809
s26,Structural,520.0,0.6570602964282407
s26,Structural,540.0,0.802646128758092
s26,Structural,560.0,0.692622885873559
s26,Structural,580.0,0.6339381663799516
s26,Structural,600.0,0.421114596944682
s26,Structural,620.0,0.25653627954376956
s26,Structural,640.0,0.6711042901072918
s26,Structural,660.0,0.6842072649483087
s26,Structural,680.0,0.5504275921941968
s26,Structural,700.0,0.6363423622996548
s26,Structural,720.0,0.7219272476662447
s26,Structural,740.0,0.5387324715198973
s26,Structural,760.0,0.43601265821061347
s26,Structural,780.0,0.4452749428130441
s26,Structural,800.0,0.38817950048891914
s26,Structural,820.0,0.48100328567658013
s26,Structural,840.0,0.6007182024815458
s26,Structural,860.0,0.7435476923563099
s26,Structural,880.0,0.6783727501616936
s26,Structural,900.0,0.6181449530155807
s26,Structural,920.0,0.5563725173966473
s26,Structural,940.0,0.5304807176555766
s26,Structural,960.0,0.5856321668563657
s26,Structural,980.0,0.6726627786409126
s26,Surface_minus_Structural,0.0,-0.27228486567095145
s26,Surface_minus_Structural,20.0,-0.2510212980788359
s26,Surface_minus_Structural,40.0,-0.1674370142400194
s26,Surface_minus_Structural,60.0,-0.21334514899848384
s26,Surface_minus_Structural,80.0,-0.33034848294004593
s26,Surface_minus_Structural,100.0,-0.10805264768871299
s26,Surface_minus_Structural,120.0,-0.13422120004649568
s26,Surface_minus_Structural,140.0,0.17980973880333811
s26,Surface_minus_Structural,160.0,0.4444876524260722
s26,Surface_minus_Structural,180.0,0.2673107872219634
s26,Surface_minus_Structural,200.0,0.12091909930814912
s26,Surface_minus_Structural,220.0,0.058048547925398125
s26,Surface_minus_Structural,240.0,0.04776153718057535
s26,Surface_minus_Structural,260.0,0.3147592189845905
s26,Surface_minus_Structural,280.0,0.18623580349354193
s26,Surface_minus_Structural,300.0,-0.11218018845853672
s26,Surface_minus_Structural,320.0,0.06000917987004353
s26,Surface_minus_Structural,340.0,0.05382339572982059
s26,Surface_minus_Structural,360.0,0.35352344763387056
s26,Surface_minus_Structural,380.0,0.6461463935939449
s26,Surface_minus_Structural,400.0,0.4814446311855479
s26,Surface_minus_Structural,420.0,0.1311349731417097
s26,Surface_minus_Structural,440.0,-0.07087699715163887
s26,Surface_minus_Structural,460.0,-0.5611276002520369
s26,Surface_minus_Structural,480.0,-0.5883489932494489
s26,Surface_minus_Structural,500.0,-0.16693674544079895
s26,Surface_minus_Structural,520.0,-0.1619201239673252
s26,Surface_minus_Structural,540.0,-0.2123213733236592
s26,Surface_minus_Structural,560.0,-0.15537573996261878
s26,Surface_minus_Structural,580.0,-0.09609710668183136
s26,Surface_minus_Structural,600.0,0.3014503575582326
s26,Surface_minus_Structural,620.0,0.5568126986973314
s26,Surface_minus_Structural,640.0,0.0409790121635768
s26,Surface_minus_Structural,660.0,-0.12102163974908275
s26,Surface_minus_Structural,680.0,-0.05883776275722885
s26,Surface_minus_Structural,700.0,-0.01699142068269066
s26,Surface_minus_Structural,720.0,-0.33348308990725123
s26,Surface_minus_Structural,740.0,-0.20292125980537268
s26,Surface_minus_Structural,760.0,-0.3151927126928312
s26,Surface_minus_Structural,780.0,-0.4605686900173191
s26,Surface_minus_Structural,800.0,-0.4117030850418124
s26,Surface_minus_Structural,820.0,-0.42879466004871203
s26,Surface_minus_Structural,840.0,-0.5418524418013871
s26,Surface_minus_Structural,860.0,-0.6753237816859485
s26,Surface_minus_Structural,880.0,-0.5222802450620494
s26,Surface_minus_Structural,900.0,-0.4007771266366551
s26,Surface_minus_Structural,920.0,-0.3201004831103395
s26,Surface_minus_Structural,940.0,-0.4179072177538944
s26,Surface_minus_Structural,960.0,-0.3920301559015053
s26,Surface_minus_Structural,980.0,-0.46174850751959157
s27,FSlim,0.0,0.12383491045042277
s27,FSlim,20.0,0.20572459393204362
s27,FSlim,40.0,0.03820561797826563
s27,FSlim,60.0,-0.14972937032679676
s27,FSlim,80.0,-0.22768889494929323
s27,FSlim,100.0,-0.10157531069625778
s27,FSlim,120.0,0.11320354875125277
s27,FSlim,140.0,-0.09747031336101475
s27,FSlim,160.0,-0.14600996350947226
s27,FSlim,180.0,0.08537486943514622
s27,FSlim,200.0,0.24674496183304673
s27,FSlim,220.0,-0.1135231848812068
s27,FSlim,240.0,-0.12915708302733392
s27,FSlim,260.0,0.06636338253047125
s27,FSlim,280.0,0.14246681342844197
s27,FSlim,300.0,0.10237242099643815
s27,FSlim,320.0,-0.22121619932801323
s27,FSlim,340.0,0.031892225035056454
s27,FSlim,360.0,-0.06938298934020626
s27,FSlim,380.0,-0.30913692962622696
s27,FSlim,400.0,0.3133637417313231
s27,FSlim,420.0,0.40135457581980577
s27,FSlim,440.0,-0.148086575779448
s27,FSlim,460.0,-0.25829564956312334
s27,FSlim,480.0,-0.08089101244106259
s27,FSlim,500.0,0.04268028134943977
s27,FSlim,520.0,-0.1047133116694356
s27,FSlim,540.0,-0.21349433869800744
s27,FSlim,560.0,0.009643559043155614
s27,FSlim,580.0,0.071557958666769
s27,FSlim,600.0,-0.37352393077223234
s27,FSlim,620.0,-0.29227867225240634
s27,FSlim,640.0,-0.16155885213873578
s27,FSlim,660.0,-0.21340650157493588
s27,FSlim,680.0,-0.18938438959012452
s27,FSlim,700.0,-0.17217341186367383
s27,FSlim,720.0,-0.23770149851111516
s27,FSlim,740.0,-0.24670315900655893
s27,FSlim,760.0,-0.1007071068269631
s27,FSlim,780.0,-0.3295556822326137
s27,FSlim,800.0,-0.5321334046992972
s27,FSlim,820.0,-0.443328438077262
s27,FSlim,840.0,-0.37123729180749804
s27,FSlim,860.0,-0.43513764645850883
s27,FSlim,880.0,-0.38370825356276733
s27,FSlim,900.0,-0.19613958566883188
s27,FSlim,920.0,-0.2782652421944644
s27,FSlim,940.0,-0.18089932029054936
s27,FSlim,960.0,-0.13558350271788472
s27,FSlim,980.0,0.004435285900851682
s27,Eye,0.0,0.03881774897631558
s27,Eye,20.0,-0.26753054662903886
s27,Eye,40.0,-0.2503925454710027
s27,Eye,60.0,-0.13913276563862575
s27,Eye,80.0,-0.4083655807831335
s27,Eye,100.0,-0.36806533758102983
s27,Eye,120.0,-0.1587608985226709
s27,Eye,140.0,-0.08928228212510826
s27,Eye,160.0,-0.1089414842196009
s27,Eye,180.0,-0.020700336335591436
s27,Eye,200.0,0.2084547529016989
s27,Eye,220.0,0.19424613746183533
s27,Eye,240.0,0.22141090336362296
s27,Eye,260.0,0.4335899662637851
s27,Eye,280.0,0.7189509348491914
s27,Eye,300.0,0.6083567842057841
s27,Eye,320.0,0.5149303581277432
s27,Eye,340.0,0.4066265534318031
s27,Eye,360.0,0.4644813833803774
s27,Eye,380.0,0.49041846983487786
s27,Eye,400.0,0.3482487772322271
s27,Eye,420.0,0.15948206420988023
s27,Eye,440.0,0.5288581962602696
s27,Eye,460.0,0.42056333812908153
s27,Eye,480.0,0.3631510684285886
s27,Eye,500.0,0.31425812878872705
s27,Eye,520.0,0.5153905305303994
s27,Eye,540.0,0.3232016886425032
s27,Eye,560.0,0.2604486106663192
s27,Eye,580.0,0.5098938701919815
s27,Eye,600.0,0.39867206835316876
s27,Eye,620.0,0.09177132023835419
s27,Eye,640.0,0.3099148746117185
s27,Eye,660.0,0.44829991808407055
s27,Eye,680.0,0.49569145740730813
s27,Eye,700.0,0.32172400196098017
s27,Eye,720.0,0.36672336303503145
s27,Eye,740.0,0.6018775627539188
s27,Eye,760.0,0.7011678195878916
s27,Eye,780.0,0.598141368422965
s27,Eye,800.0,0.5790282796685268
s27,Eye,820.0,0.5266266897534738
s27,Eye,840.0,0.3620649058703873
s27,Eye,860.0,0.4338806983645618
s27,Eye,880.0,0.6351145334810689
s27,Eye,900.0,0.6705373383528178
s27,Eye,920.0,0.6017453910351258
s27,Eye,940.0,0.5442225632768507
s27,Eye,960.0,0.3774364553744832
s27,Eye,980.0,0.462346271938647
s27,Mouth,0.0,-0.16712700945687958
s27,Mouth,20.0,0.09027504767126285
s27,Mouth,40.0,0.23215309985430224
s27,Mouth,60.0,0.08798865192663163
s27,Mouth,80.0,0.020432977498511477
s27,Mouth,100.0,0.23241410942047025
s27,Mouth,120.0,0.20355934526246933
s27,Mouth,140.0,0.09287164044678935
s27,Mouth,160.0,0.16891275030544184
s27,Mouth,180.0,0.150097539546609
s27,Mouth,200.0,0.3607417463077112
s27,Mouth,220.0,0.24391600745341716
s27,Mouth,240.0,0.12638970957058196
s27,Mouth,260.0,0.21729652515632175
s27,Mouth,280.0,0.42992411064891833
s27,Mouth,300.0,0.2950950490993406
s27,Mouth,320.0,0.06819642091512068
s27,Mouth,340.0,0.011957993853401322
s27,Mouth,360.0,0.5711265861247443
s27,Mouth,380.0,0.2836196289230146
s27,Mouth,400.0,0.3287249297153052
s27,Mouth,420.0,0.35190439595815576
s27,Mouth,440.0,0.32088861577328764
s27,Mouth,460.0,0.18319977412273183
s27,Mouth,480.0,0.06325775091013564
s27,Mouth,500.0,0.5307562082254769
s27,Mouth,520.0,0.30924611276452824
s27,Mouth,540.0,-0.1339017275137345
s27,Mouth,560.0,-0.1498826997560365
s27,Mouth,580.0,0.1494233942222218
s27,Mouth,600.0,0.05840639961619212
s27,Mouth,620.0,-0.22769506872586662
s27,Mouth,640.0,-0.14074830383440085
s27,Mouth,660.0,0.16960066954034433
s27,Mouth,680.0,0.5208508120864382
s27,Mouth,700.0,0.22388611967604824
s27,Mouth,720.0,0.025954039047081268
s27,Mouth,740.0,0.21190903658315619
s27,Mouth,760.0,0.3220548880731256
s27,Mouth,780.0,0.2382324873155644
s27,Mouth,800.0,0.5085425937495056
s27,Mouth,820.0,0.5533062278469671
s27,Mouth,840.0,0.519405672752405
s27,Mouth,860.0,0.46818832642297453
s27,Mouth,880.0,0.5164182921832011
s27,Mouth,900.0,0.41367943449968936
s27,Mouth,920.0,0.27056825029883225
s27,Mouth,940.0,0.18477815771747122
s27,Mouth,960.0,0.19387930604026982
s27,Mouth,980.0,0.13302328727713833
s27,Skin,0.0,0.003338852389985922
s27,Skin,20.0,0.11778562538552848
s27,Skin,40.0,-0.07269111759339804
s27,Skin,60.0,-0.08720095265948204
s27,Skin,80.0,-0.03878350290662591
s27,Skin,100.0,-0.045501623263471985
s27,Skin,120.0,-0.029183367424606574
s27,Skin,140.0,-0.08439779354589176
s27,Skin,160.0,-0.15384784072124935
s27,Skin,180.0,-0.2087035466522311
s27,Skin,200.0,-0.01579827520292776
s27,Skin,220.0,-0.10854171011271771
s27,Skin,240.0,-0.2785681351865833
s27,Skin,260.0,0.06083297389148228
s27,Skin,280.0,0.12284324290130551
s27,Skin,300.0,-0.17959131599763464
s27,Skin,320.0,-0.11118663007196297
s27,Skin,340.0,0.379483303144034
s27,Skin,360.0,0.2510716913371579
s27,Skin,380.0,-0.15125839620738632
s27,Skin,400.0,0.10853029729385325
s27,Skin,420.0,0.016097451251676907
s27,Skin,440.0,-0.3041336971516182
s27,Skin,460.0,-0.40779005138037344
s27,Skin,480.0,-0.07776317422219606
s27,Skin,500.0,0.00297820908682242
s27,Skin,520.0,-0.25611140982538894
s27,Skin,540.0,-0.024607328057815663
s27,Skin,560.0,0.005455315204935418
s27,Skin,580.0,-0.29431347260794655
s27,Skin,600.0,-0.401747850198946
s27,Skin,620.0,0.19575075831251115
s27,Skin,640.0,0.03350542151023467
s27,Skin,660.0,-0.23902748741588495
s27,Skin,680.0,-0.08753088619197825
s27,Skin,700.0,0.07748038255258743
s27,Skin,720.0,0.11693122538851056
s27,Skin,740.0,0.25823385730831777
s27,Skin,760.0,0.16552025380639024
s27,Skin,780.0,0.05435184113361363
s27,Skin,800.0,0.033767876516273804
s27,Skin,820.0,0.04566028718751619
s27,Skin,840.0,-0.11992413981508634
s27,Skin,860.0,-0.18491049799057793
s27,Skin,880.0,0.010540811701112485
s27,Skin,900.0,0.21681573593009784
s27,Skin,920.0,0.29056889347932996
s27,Skin,940.0,0.05943009295485374
s27,Skin,960.0,-0.023488765668879974
s27,Skin,980.0,-0.17439640444976937
s27,Surface,0.0,-0.08189407853344682
s27,Surface,20.0,0.10403033652839566
s27,Surface,40.0,0.0797309911304521
s27,Surface,60.0,0.00039384963357479846
s27,Surface,80.0,-0.009175262704057217
s27,Surface,100.0,0.09345624307849913
s27,Surface,120.0,0.08718798891893137
s27,Surface,140.0,0.004236923450448793
s27,Surface,160.0,0.007532454792096244
s27,Surface,180.0,-0.02930300355281104
s27,Surface,200.0,0.17247173555239173
s27,Surface,220.0,0.06768714867034972
s27,Surface,240.0,-0.07608921280800067
s27,Surface,260.0,0.13906474952390202
s27,Surface,280.0,0.27638367677511194
s27,Surface,300.0,0.05775186655085297
s27,Surface,320.0,-0.021495104578421145
s27,Surface,340.0,0.19572064849871768
s27,Surface,360.0,0.4110991387309511
s27,Surface,380.0,0.06618061635781415
s27,Surface,400.0,0.2186276135045792
s27,Surface,420.0,0.18400092360491632
s27,Surface,440.0,0.008377459310834723
s27,Surface,460.0,-0.1122951386288208
s27,Surface,480.0,-0.007252711656030211
s27,Surface,500.0,0.26686720865614966
s27,Surface,520.0,0.02656735146956965
s27,Surface,540.0,-0.07925452778577508
s27,Surface,560.0,-0.07221369227555054
s27,Surface,580.0,-0.07244503919286237
s27,Surface,600.0,-0.17167072529137695
s27,Surface,620.0,-0.015972155206677732
s27,Surface,640.0,-0.05362144116208309
s27,Surface,660.0,-0.03471340893777031
s27,Surface,680.0,0.21665996294723
s27,Surface,700.0,0.15068325111431785
s27,Surface,720.0,0.07144263221779591
s27,Surface,740.0,0.23507144694573698
s27,Surface,760.0,0.24378757093975792
s27,Surface,780.0,0.14629216422458902
s27,Surface,800.0,0.2711552351328897
s27,Surface,820.0,0.2994832575172417
s27,Surface,840.0,0.19974076646865935
s27,Surface,860.0,0.1416389142161983
s27,Surface,880.0,0.2634795519421568
s27,Surface,900.0,0.3152475852148936
s27,Surface,920.0,0.28056857188908113
s27,Surface,940.0,0.12210412533616248
s27,Surface,960.0,0.08519527018569492
s27,Surface,980.0,-0.020686558586315518
s27,Structural,0.0,0.08132632971336917
s27,Structural,20.0,-0.03090297634849762
s27,Structural,40.0,-0.10609346374636854
s27,Structural,60.0,-0.14443106798271127
s27,Structural,80.0,-0.31802723786621334
s27,Structural,100.0,-0.2348203241386438
s27,Structural,120.0,-0.02277867488570906
s27,Structural,140.0,-0.0933762977430615
s27,Structural,160.0,-0.1274757238645366
s27,Structural,180.0,0.032337266549777394
s27,Structural,200.0,0.22759985736737282
s27,Structural,220.0,0.040361476290314266
s27,Structural,240.0,0.04612691016814452
s27,Structural,260.0,0.24997667439712817
s27,Structural,280.0,0.43070887413881664
s27,Structural,300.0,0.35536460260111113
s27,Structural,320.0,0.146857079399865
s27,Structural,340.0,0.21925938923342977
s27,Structural,360.0,0.19754919702008558
s27,Structural,380.0,0.09064077010432545
s27,Structural,400.0,0.3308062594817751
s27,Structural,420.0,0.280418320014843
s27,Structural,440.0,0.19038581024041082
s27,Structural,460.0,0.0811338442829791
s27,Structural,480.0,0.141130027993763
s27,Structural,500.0,0.17846920506908343
s27,Structural,520.0,0.2053386094304819
s27,Structural,540.0,0.054853674972247884
s27,Structural,560.0,0.1350460848547374
s27,Structural,580.0,0.29072591442937523
s27,Structural,600.0,0.012574068790468212
s27,Structural,620.0,-0.10025367600702607
s27,Structural,640.0,0.07417801123649137
s27,Structural,660.0,0.11744670825456734
s27,Structural,680.0,0.15315353390859182
s27,Structural,700.0,0.07477529504865317
s27,Structural,720.0,0.06451093226195814
s27,Structural,740.0,0.17758720187367993
s27,Structural,760.0,0.30023035638046425
s27,Structural,780.0,0.1342928430951756
s27,Structural,800.0,0.023447437484614808
s27,Structural,820.0,0.0416491258381059
s27,Structural,840.0,-0.004586192968555364
s27,Structural,860.0,-0.0006284740469735262
s27,Structural,880.0,0.1257031399591508
s27,Structural,900.0,0.23719887634199296
s27,Structural,920.0,0.1617400744203307
s27,Structural,940.0,0.18166162149315068
s27,Structural,960.0,0.12092647632829925
s27,Structural,980.0,0.23339077891974935
s27,Surface_minus_Structural,0.0,-0.163220408246816
s27,Surface_minus_Structural,20.0,0.13493331287689328
s27,Surface_minus_Structural,40.0,0.18582445487682064
s27,Surface_minus_Structural,60.0,0.14482491761628608
s27,Surface_minus_Structural,80.0,0.3088519751621561
s27,Surface_minus_Structural,100.0,0.32827656721714293
s27,Surface_minus_Structural,120.0,0.10996666380464043
s27,Surface_minus_Structural,140.0,0.09761322119351029
s27,Surface_minus_Structural,160.0,0.13500817865663284
s27,Surface_minus_Structural,180.0,-0.061640270102588435
s27,Surface_minus_Structural,200.0,-0.055128121814981085
s27,Surface_minus_Structural,220.0,0.027325672380035457
s27,Surface_minus_Structural,240.0,-0.12221612297614519
s27,Surface_minus_Structural,260.0,-0.11091192487322615
s27,Surface_minus_Structural,280.0,-0.1543251973637047
s27,Surface_minus_Structural,300.0,-0.2976127360502582
s27,Surface_minus_Structural,320.0,-0.16835218397828616
s27,Surface_minus_Structural,340.0,-0.0235387407347121
s27,Surface_minus_Structural,360.0,0.21354994171086553
s27,Surface_minus_Structural,380.0,-0.024460153746511296
s27,Surface_minus_Structural,400.0,-0.1121786459771959
s27,Surface_minus_Structural,420.0,-0.09641739640992669
s27,Surface_minus_Structural,440.0,-0.1820083509295761
s27,Surface_minus_Structural,460.0,-0.19342898291179988
s27,Surface_minus_Structural,480.0,-0.1483827396497932
s27,Surface_minus_Structural,500.0,0.08839800358706623
s27,Surface_minus_Structural,520.0,-0.17877125796091226
s27,Surface_minus_Structural,540.0,-0.13410820275802296
s27,Surface_minus_Structural,560.0,-0.20725977713028793
s27,Surface_minus_Structural,580.0,-0.3631709536222376
s27,Surface_minus_Structural,600.0,-0.18424479408184516
s27,Surface_minus_Structural,620.0,0.08428152080034834
s27,Surface_minus_Structural,640.0,-0.12779945239857446
s27,Surface_minus_Structural,660.0,-0.15216011719233763
s27,Surface_minus_Structural,680.0,0.06350642903863818
s27,Surface_minus_Structural,700.0,0.07590795606566468
s27,Surface_minus_Structural,720.0,0.0069316999558377695
s27,Surface_minus_Structural,740.0,0.057484245072057044
s27,Surface_minus_Structural,760.0,-0.05644278544070633
s27,Surface_minus_Structural,780.0,0.011999321129413404
s27,Surface_minus_Structural,800.0,0.24770779764827489
s27,Surface_minus_Structural,820.0,0.2578341316791358
s27,Surface_minus_Structural,840.0,0.2043269594372147
s27,Surface_minus_Structural,860.0,0.1422673882631718
s27,Surface_minus_Structural,880.0,0.13777641198300597
s27,Surface_minus_Structural,900.0,0.07804870887290064
s27,Surface_minus_Structural,920.0,0.11882849746875043
s27,Surface_minus_Structural,940.0,-0.0595574961569882
s27,Surface_minus_Structural,960.0,-0.03573120614260433
s27,Surface_minus_Structural,980.0,-0.25407733750606487
s28,FSlim,0.0,0.0746116210064802
s28,FSlim,20.0,0.11550409611855511
s28,FSlim,40.0,0.07457584926225452
s28,FSlim,60.0,0.037119109863673005
s28,FSlim,80.0,0.09066515695887045
s28,FSlim,100.0,0.1375336644815129
s28,FSlim,120.0,0.2492963727244839
s28,FSlim,140.0,0.3699450007451102
s28,FSlim,160.0,0.5130936014078287
s28,FSlim,180.0,0.35553047278885486
s28,FSlim,200.0,-0.015236066664278194
s28,FSlim,220.0,-0.11855396188786678
s28,FSlim,240.0,-0.1643832920362654
s28,FSlim,260.0,-0.18980743600364386
s28,FSlim,280.0,-0.44808110291754794
s28,FSlim,300.0,-0.5427848040705198
s28,FSlim,320.0,-0.5463907387562654
s28,FSlim,340.0,-0.40786423454103626
s28,FSlim,360.0,-0.3631572740173503
s28,FSlim,380.0,-0.5324125201779177
s28,FSlim,400.0,-0.4836895574874279
s28,FSlim,420.0,-0.16842213622007818
s28,FSlim,440.0,-0.001960189982855208
s28,FSlim,460.0,-0.17938706367741422
s28,FSlim,480.0,-0.10512031585710027
s28,FSlim,500.0,-0.0320350967988792
s28,FSlim,520.0,-0.16720622906264448
s28,FSlim,540.0,-0.1562119082328484
s28,FSlim,560.0,-0.03853651020865794
s28,FSlim,580.0,-0.0973367194510501
s28,FSlim,600.0,-0.2190553226026576
s28,FSlim,620.0,-0.25747992788974555
s28,FSlim,640.0,-0.2307139376012664
s28,FSlim,660.0,-0.2724535007252094
s28,FSlim,680.0,-0.317692800720852
s28,FSlim,700.0,-0.42973000120555394
s28,FSlim,720.0,-0.3742084721815654
s28,FSlim,740.0,-0.28728038386103144
s28,FSlim,760.0,-0.3762621307741804
s28,FSlim,780.0,-0.5078131460681519
s28,FSlim,800.0,-0.44600559341018087
s28,FSlim,820.0,-0.4826281247911143
s28,FSlim,840.0,-0.682121728939739
s28,FSlim,860.0,-0.415409291223799
s28,FSlim,880.0,-0.23561949653995617
s28,FSlim,900.0,-0.26230998527319904
s28,FSlim,920.0,-0.3208730660685741
s28,FSlim,940.0,-0.29336211232407566
s28,FSlim,960.0,-0.21939646645153849
s28,FSlim,980.0,-0.11188215006065141
s28,Eye,0.0,0.16980519830105512
s28,Eye,20.0,0.12563259766056195
s28,Eye,40.0,0.1384370334548624
s28,Eye,60.0,0.3724747468231694
s28,Eye,80.0,0.3175822477977782
s28,Eye,100.0,0.21383523999536688
s28,Eye,120.0,0.1807081389756653
s28,Eye,140.0,0.07776242077302403
s28,Eye,160.0,0.2654462296137304
s28,Eye,180.0,0.33885678810121256
s28,Eye,200.0,0.2633576719966389
s28,Eye,220.0,0.3483624990908639
s28,Eye,240.0,0.4805909375792553
s28,Eye,260.0,0.25059131501091364
s28,Eye,280.0,0.0764907903490238
s28,Eye,300.0,0.1329760916919039
s28,Eye,320.0,0.07727634291187452
s28,Eye,340.0,0.004899060853965347
s28,Eye,360.0,-0.10133618765113343
s28,Eye,380.0,-0.10241691083939437
s28,Eye,400.0,-0.03181937480893655
s28,Eye,420.0,0.08724840479174249
s28,Eye,440.0,0.23129556944289448
s28,Eye,460.0,0.23958944511175806
s28,Eye,480.0,0.15349300605643817
s28,Eye,500.0,0.10540920273503487
s28,Eye,520.0,0.05581053129404212
s28,Eye,540.0,-0.13898627595213944
s28,Eye,560.0,0.003109601523743108
s28,Eye,580.0,-0.011710180326048758
s28,Eye,600.0,-0.09784110997879916
s28,Eye,620.0,0.2068050846654633
s28,Eye,640.0,0.15252892918441718
s28,Eye,660.0,0.004110819313711135
s28,Eye,680.0,0.10721375786452993
s28,Eye,700.0,0.22563093375127014
s28,Eye,720.0,0.2629788708933627
s28,Eye,740.0,0.23907747098439577
s28,Eye,760.0,0.06108309367586118
s28,Eye,780.0,0.09211523426862786
s28,Eye,800.0,0.2649282012518951
s28,Eye,820.0,0.4974173517830424
s28,Eye,840.0,0.5574906359851919
s28,Eye,860.0,0.5517951931405026
s28,Eye,880.0,0.3755834068269787
s28,Eye,900.0,0.3052240541672595
s28,Eye,920.0,0.18827451844396548
s28,Eye,940.0,0.17709226189483895
s28,Eye,960.0,0.2209108142748848
s28,Eye,980.0,0.2934321369290868
s28,Mouth,0.0,-0.3884362950575678
s28,Mouth,20.0,-0.5880843036531814
s28,Mouth,40.0,-0.5349039437293287
s28,Mouth,60.0,-0.3989075752977879
s28,Mouth,80.0,-0.36637147607579945
s28,Mouth,100.0,-0.4722803028500346
s28,Mouth,120.0,-0.7035854549842396
s28,Mouth,140.0,-0.6013008606070546
s28,Mouth,160.0,-0.3777074093917435
s28,Mouth,180.0,-0.28799411333798636
s28,Mouth,200.0,-0.2401059338069589
s28,Mouth,220.0,-0.6986988369831822
s28,Mouth,240.0,-0.6546164445250161
s28,Mouth,260.0,-0.3594220297223924
s28,Mouth,280.0,-0.5103267295767024
s28,Mouth,300.0,-0.6559124438324428
s28,Mouth,320.0,-0.5307331087446577
s28,Mouth,340.0,-0.4285545999898147
s28,Mouth,360.0,-0.5168007869833451
s28,Mouth,380.0,-0.6017966346532149
s28,Mouth,400.0,-0.7246315431608401
s28,Mouth,420.0,-0.39941770584753844
s28,Mouth,440.0,-0.3623470848028867
s28,Mouth,460.0,-0.29261021536409865
s28,Mouth,480.0,-0.1899082853914284
s28,Mouth,500.0,-0.36321893446672054
s28,Mouth,520.0,-0.37678729354999263
s28,Mouth,540.0,-0.23503545126693273
s28,Mouth,560.0,-0.05384546132270035
s28,Mouth,580.0,0.01678647930524097
s28,Mouth,600.0,-0.07535145084119858
s28,Mouth,620.0,0.036897050893122965
s28,Mouth,640.0,-0.006814455862737299
s28,Mouth,660.0,-0.1444248531602276
s28,Mouth,680.0,-0.31185416611425454
s28,Mouth,700.0,-0.37307262295209775
s28,Mouth,720.0,-0.31226196663116534
s28,Mouth,740.0,-0.37519368381807916
s28,Mouth,760.0,-0.4041103533597547
s28,Mouth,780.0,-0.47444445596118234
s28,Mouth,800.0,-0.512330443883644
s28,Mouth,820.0,-0.7472503346745125
s28,Mouth,840.0,-0.6296408993066713
s28,Mouth,860.0,-0.5825228312145336
s28,Mouth,880.0,-0.7977089882411221
s28,Mouth,900.0,-0.8736929144764976
s28,Mouth,920.0,-0.7518622670577721
s28,Mouth,940.0,-0.728679943747309
s28,Mouth,960.0,-0.7437274275068579
s28,Mouth,980.0,-0.5210620350616703
s28,Skin,0.0,0.25859995037390293
s28,Skin,20.0,0.20711836675395473
s28,Skin,40.0,0.04059749649346332
s28,Skin,60.0,0.2824850317041202
s28,Skin,80.0,0.4269856969494079
s28,Skin,100.0,0.2675510434692874
s28,Skin,120.0,-0.04259939235686133
s28,Skin,140.0,-0.17144975218025651
s28,Skin,160.0,-0.07465074557662749
s28,Skin,180.0,0.08373344661559348
s28,Skin,200.0,0.17509952104415438
s28,Skin,220.0,0.1713573801456942
s28,Skin,240.0,0.13552728851470708
s28,Skin,260.0,0.26748535031009807
s28,Skin,280.0,0.3494963882401715
s28,Skin,300.0,0.15737223352727847
s28,Skin,320.0,-0.246209253718623
s28,Skin,340.0,-0.48126996330321703
s28,Skin,360.0,-0.5531076499814754
s28,Skin,380.0,-0.5408870893209706
s28,Skin,400.0,-0.5743756712114689
s28,Skin,420.0,-0.7087683202272419
s28,Skin,440.0,-0.6780924463686655
s28,Skin,460.0,-0.3519637971173824
s28,Skin,480.0,-0.3094795188839987
s28,Skin,500.0,-0.2888944395955971
s28,Skin,520.0,-0.15546259168877374
s28,Skin,540.0,-0.19035221955926585
s28,Skin,560.0,-0.25996446916659177
s28,Skin,580.0,-0.2713213624859537
s28,Skin,600.0,-0.2840126067996407
s28,Skin,620.0,-0.16684063438773095
s28,Skin,640.0,-0.23915024873018087
s28,Skin,660.0,-0.5131384526123942
s28,Skin,680.0,-0.37789883433307375
s28,Skin,700.0,-0.1891187262819488
s28,Skin,720.0,-0.28681391892897573
s28,Skin,740.0,-0.17197913630956954
s28,Skin,760.0,-0.27748742232451545
s28,Skin,780.0,-0.37111703920242417
s28,Skin,800.0,-0.44766741578578717
s28,Skin,820.0,-0.48613947446184425
s28,Skin,840.0,-0.4257619061249397
s28,Skin,860.0,-0.32552659617039537
s28,Skin,880.0,-0.26919253024436796
s28,Skin,900.0,-0.10114233705788969
s28,Skin,920.0,-0.019591289925018768
s28,Skin,940.0,-0.04908569078587219
s28,Skin,960.0,-0.06464205510782359
s28,Skin,980.0,-0.12115333197341845
s28,Surface,0.0,-0.06491817234183245
s28,Surface,20.0,-0.19048296844961335
s28,Surface,40.0,-0.24715322361793268
s28,Surface,60.0,-0.05821127179683386
s28,Surface,80.0,0.03030711043680423
s28,Surface,100.0,-0.1023646296903736
s28,Surface,120.0,-0.3730924236705505
s28,Surface,140.0,-0.3863753063936555
s28,Surface,160.0,-0.2261790774841855
s28,Surface,180.0,-0.10213033336119644
s28,Surface,200.0,-0.032503206381402264
s28,Surface,220.0,-0.263670728418744
s28,Surface,240.0,-0.2595445780051545
s28,Surface,260.0,-0.045968339706147165
s28,Surface,280.0,-0.08041517066826548
s28,Surface,300.0,-0.2492701051525822
s28,Surface,320.0,-0.3884711812316404
s28,Surface,340.0,-0.45491228164651587
s28,Surface,360.0,-0.5349542184824103
s28,Surface,380.0,-0.5713418619870927
s28,Surface,400.0,-0.6495036071861545
s28,Surface,420.0,-0.5540930130373902
s28,Surface,440.0,-0.5202197655857761
s28,Surface,460.0,-0.3222870062407405
s28,Surface,480.0,-0.24969390213771356
s28,Surface,500.0,-0.3260566870311588
s28,Surface,520.0,-0.2661249426193832
s28,Surface,540.0,-0.21269383541309927
s28,Surface,560.0,-0.15690496524464606
s28,Surface,580.0,-0.12726744159035636
s28,Surface,600.0,-0.17968202882041964
s28,Surface,620.0,-0.064971791747304
s28,Surface,640.0,-0.12298235229645908
s28,Surface,660.0,-0.3287816528863109
s28,Surface,680.0,-0.3448765002236641
s28,Surface,700.0,-0.2810956746170233
s28,Surface,720.0,-0.2995379427800705
s28,Surface,740.0,-0.27358641006382434
s28,Surface,760.0,-0.3407988878421351
s28,Surface,780.0,-0.4227807475818033
s28,Surface,800.0,-0.4799989298347156
s28,Surface,820.0,-0.6166949045681784
s28,Surface,840.0,-0.5277014027158056
s28,Surface,860.0,-0.4540247136924645
s28,Surface,880.0,-0.5334507592427451
s28,Surface,900.0,-0.4874176257671936
s28,Surface,920.0,-0.38572677849139547
s28,Surface,940.0,-0.38888281726659063
s28,Surface,960.0,-0.4041847413073408
s28,Surface,980.0,-0.3211076835175444
s28,Structural,0.0,0.12220840965376766
s28,Structural,20.0,0.12056834688955853
s28,Structural,40.0,0.10650644135855847
s28,Structural,60.0,0.2047969283434212
s28,Structural,80.0,0.20412370237832433
s28,Structural,100.0,0.1756844522384399
s28,Structural,120.0,0.2150022558500746
s28,Structural,140.0,0.22385371075906713
s28,Structural,160.0,0.3892699155107795
s28,Structural,180.0,0.3471936304450337
s28,Structural,200.0,0.12406080266618036
s28,Structural,220.0,0.11490426860149858
s28,Structural,240.0,0.15810382277149496
s28,Structural,260.0,0.03039193950363489
s28,Structural,280.0,-0.18579515628426208
s28,Structural,300.0,-0.2049043561893079
s28,Structural,320.0,-0.23455719792219545
s28,Structural,340.0,-0.20148258684353546
s28,Structural,360.0,-0.23224673083424188
s28,Structural,380.0,-0.3174147155086561
s28,Structural,400.0,-0.25775446614818226
s28,Structural,420.0,-0.04058686571416784
s28,Structural,440.0,0.11466768973001963
s28,Structural,460.0,0.03010119071717192
s28,Structural,480.0,0.02418634509966895
s28,Structural,500.0,0.03668705296807784
s28,Structural,520.0,-0.05569784888430118
s28,Structural,540.0,-0.14759909209249392
s28,Structural,560.0,-0.017713454342457417
s28,Structural,580.0,-0.05452344988854943
s28,Structural,600.0,-0.15844821629072836
s28,Structural,620.0,-0.02533742161214113
s28,Structural,640.0,-0.03909250420842461
s28,Structural,660.0,-0.13417134070574913
s28,Structural,680.0,-0.10523952142816104
s28,Structural,700.0,-0.1020495337271419
s28,Structural,720.0,-0.05561480064410135
s28,Structural,740.0,-0.024101456438317834
s28,Structural,760.0,-0.15758951854915962
s28,Structural,780.0,-0.207848955899762
s28,Structural,800.0,-0.09053869607914289
s28,Structural,820.0,0.00739461349596407
s28,Structural,840.0,-0.06231554647727355
s28,Structural,860.0,0.06819295095835182
s28,Structural,880.0,0.06998195514351127
s28,Structural,900.0,0.021457034447030232
s28,Structural,920.0,-0.0662992738123043
s28,Structural,940.0,-0.058134925214618355
s28,Structural,960.0,0.0007571739116731535
s28,Structural,980.0,0.0907749934342177
s28,Surface_minus_Structural,0.0,-0.18712658199560012
s28,Surface_minus_Structural,20.0,-0.31105131533917185
s28,Surface_minus_Structural,40.0,-0.35365966497649115
s28,Surface_minus_Structural,60.0,-0.26300820014025506
s28,Surface_minus_Structural,80.0,-0.1738165919415201
s28,Surface_minus_Structural,100.0,-0.2780490819288135
s28,Surface_minus_Structural,120.0,-0.5880946795206251
s28,Surface_minus_Structural,140.0,-0.6102290171527227
s28,Surface_minus_Structural,160.0,-0.615448992994965
s28,Surface_minus_Structural,180.0,-0.44932396380623013
s28,Surface_minus_Structural,200.0,-0.1565640090475826
s28,Surface_minus_Structural,220.0,-0.37857499702024255
s28,Surface_minus_Structural,240.0,-0.41764840077664944
s28,Surface_minus_Structural,260.0,-0.07636027920978206
s28,Surface_minus_Structural,280.0,0.1053799856159966
s28,Surface_minus_Structural,300.0,-0.044365748963274276
s28,Surface_minus_Structural,320.0,-0.15391398330944492
s28,Surface_minus_Structural,340.0,-0.2534296948029804
s28,Surface_minus_Structural,360.0,-0.30270748764816846
s28,Surface_minus_Structural,380.0,-0.2539271464784366
s28,Surface_minus_Structural,400.0,-0.39174914103797226
s28,Surface_minus_Structural,420.0,-0.5135061473232224
s28,Surface_minus_Structural,440.0,-0.6348874553157957
s28,Surface_minus_Structural,460.0,-0.35238819695791246
s28,Surface_minus_Structural,480.0,-0.2738802472373825
s28,Surface_minus_Structural,500.0,-0.36274373999923665
s28,Surface_minus_Structural,520.0,-0.210427093735082
s28,Surface_minus_Structural,540.0,-0.06509474332060536
s28,Surface_minus_Structural,560.0,-0.13919151090218865
s28,Surface_minus_Structural,580.0,-0.07274399170180693
s28,Surface_minus_Structural,600.0,-0.02123381252969128
s28,Surface_minus_Structural,620.0,-0.03963437013516287
s28,Surface_minus_Structural,640.0,-0.08388984808803447
s28,Surface_minus_Structural,660.0,-0.19461031218056177
s28,Surface_minus_Structural,680.0,-0.23963697879550308
s28,Surface_minus_Structural,700.0,-0.17904614088988138
s28,Surface_minus_Structural,720.0,-0.24392314213596916
s28,Surface_minus_Structural,740.0,-0.2494849536255065
s28,Surface_minus_Structural,760.0,-0.18320936929297546
s28,Surface_minus_Structural,780.0,-0.2149317916820413
s28,Surface_minus_Structural,800.0,-0.3894602337555727
s28,Surface_minus_Structural,820.0,-0.6240895180641425
s28,Surface_minus_Structural,840.0,-0.465385856238532
s28,Surface_minus_Structural,860.0,-0.5222176646508163
s28,Surface_minus_Structural,880.0,-0.6034327143862563
s28,Surface_minus_Structural,900.0,-0.5088746602142238
s28,Surface_minus_Structural,920.0,-0.3194275046790912
s28,Surface_minus_Structural,940.0,-0.3307478920519723
s28,Surface_minus_Structural,960.0,-0.4049419152190139
s28,Surface_minus_Structural,980.0,-0.41188267695176206
s29,FSlim,0.0,0.39867974469553
s29,FSlim,20.0,0.40194720341525425
s29,FSlim,40.0,0.18778761761211699
s29,FSlim,60.0,-0.22168777731790174
s29,FSlim,80.0,-0.1630762743241569
s29,FSlim,100.0,-0.17868757315622635
s29,FSlim,120.0,-0.5401291291264786
s29,FSlim,140.0,-0.620083821389572
s29,FSlim,160.0,-0.4192502195361822
s29,FSlim,180.0,-0.3088493521880657
s29,FSlim,200.0,-0.323042085706282
s29,FSlim,220.0,-0.36976767604761984
s29,FSlim,240.0,-0.13927560779680273
s29,FSlim,260.0,0.20327467220252976
s29,FSlim,280.0,0.1502600200843317
s29,FSlim,300.0,0.3125015243044645
s29,FSlim,320.0,0.14000910861604018
s29,FSlim,340.0,0.6003755421685444
s29,FSlim,360.0,0.8600922763771087
s29,FSlim,380.0,0.5348934339091753
s29,FSlim,400.0,0.4046422835787417
s29,FSlim,420.0,0.7505232860526533
s29,FSlim,440.0,0.33126834900727614
s29,FSlim,460.0,0.4743200165293636
s29,FSlim,480.0,0.7213144867044512
s29,FSlim,500.0,0.15814849194883857
s29,FSlim,520.0,-0.13688811680919757
s29,FSlim,540.0,-0.04804434776067035
s29,FSlim,560.0,0.8341978467550872
s29,FSlim,580.0,1.0866924355393843
s29,FSlim,600.0,0.5145416657861765
s29,FSlim,620.0,0.46314161008245947
s29,FSlim,640.0,0.43120405353183405
s29,FSlim,660.0,0.31565566930152233
s29,FSlim,680.0,0.26442790326087073
s29,FSlim,700.0,0.08727928448265546
s29,FSlim,720.0,0.3403938882434176
s29,FSlim,740.0,0.3290569870540275
s29,FSlim,760.0,0.1802943027821748
s29,FSlim,780.0,0.23196568710586712
s29,FSlim,800.0,0.5246777821339698
s29,FSlim,820.0,1.0100923487869442
s29,FSlim,840.0,1.108419060205239
s29,FSlim,860.0,0.3815289776361212
s29,FSlim,880.0,0.17290891635434716
s29,FSlim,900.0,0.47019004660848773
s29,FSlim,920.0,0.6486573130645006
s29,FSlim,940.0,0.719657231687669
s29,FSlim,960.0,0.14847215364655952
s29,FSlim,980.0,-0.09666602188688328
s29,Eye,0.0,0.008550289015729629
s29,Eye,20.0,0.11541612364978995
s29,Eye,40.0,0.3173300237102892
s29,Eye,60.0,0.1803495028907463
s29,Eye,80.0,0.09895807008784033
s29,Eye,100.0,-0.004776517517888157
s29,Eye,120.0,0.23802397393406116
s29,Eye,140.0,0.6639082032686247
s29,Eye,160.0,0.4292474535230236
s29,Eye,180.0,-0.02041018391373217
s29,Eye,200.0,0.1342383571076318
s29,Eye,220.0,-0.17405819671287692
s29,Eye,240.0,0.012904648069728186
s29,Eye,260.0,0.3295819948807611
s29,Eye,280.0,0.6112214616596902
s29,Eye,300.0,0.6270853564058047
s29,Eye,320.0,0.030567414174062793
s29,Eye,340.0,-0.29317099669417396
s29,Eye,360.0,-0.001117222980350524
s29,Eye,380.0,0.3423671561647327
s29,Eye,400.0,-0.1088616869812741
s29,Eye,420.0,-0.2444070979930853
s29,Eye,440.0,-0.2574941255492937
s29,Eye,460.0,-0.0735964885651724
s29,Eye,480.0,-0.21768885531262036
s29,Eye,500.0,-0.48897119781910087
s29,Eye,520.0,-0.8125461546678695
s29,Eye,540.0,-0.5737651496101038
s29,Eye,560.0,-0.31178000924628746
s29,Eye,580.0,-0.14469103765438807
s29,Eye,600.0,-0.6670387112553866
s29,Eye,620.0,-0.8526669632333653
s29,Eye,640.0,-0.7312611424064968
s29,Eye,660.0,-0.8297119677118762
s29,Eye,680.0,-0.5621758294551635
s29,Eye,700.0,-0.23676377270710397
s29,Eye,720.0,-0.16201926079643067
s29,Eye,740.0,-0.38191152614227325
s29,Eye,760.0,-0.3584157769042331
s29,Eye,780.0,-0.21273350247144956
s29,Eye,800.0,0.1965702876411004
s29,Eye,820.0,0.2518183088483109
s29,Eye,840.0,-0.09570583010347904
s29,Eye,860.0,-0.34884401282767397
s29,Eye,880.0,-0.201207794470631
s29,Eye,900.0,-0.030371266072337366
s29,Eye,920.0,0.17169640531038147
s29,Eye,940.0,0.5147922198699255
s29,Eye,960.0,0.3615922118742183
s29,Eye,980.0,0.16597239534857128
s29,Mouth,0.0,-0.6607960089048559
s29,Mouth,20.0,-0.8894690043062616
s29,Mouth,40.0,-0.40879585463413376
s29,Mouth,60.0,0.1299715584189001
s29,Mouth,80.0,0.33298150082047123
s29,Mouth,100.0,0.4784658989360067
s29,Mouth,120.0,-0.2034946341044243
s29,Mouth,140.0,-0.639604481976145
s29,Mouth,160.0,-0.5570756595724775
s29,Mouth,180.0,-0.6216541951881918
s29,Mouth,200.0,-0.7286822246507698
s29,Mouth,220.0,-0.6536982141302881
s29,Mouth,240.0,-0.19615184223605678
s29,Mouth,260.0,-0.5441611900128469
s29,Mouth,280.0,-1.022492571084541
s29,Mouth,300.0,-1.1782648105432538
s29,Mouth,320.0,-1.0142912852793518
s29,Mouth,340.0,-1.0879927795874798
s29,Mouth,360.0,-0.6486663050994539
s29,Mouth,380.0,-0.4225338446786278
s29,Mouth,400.0,-1.0299245880651975
s29,Mouth,420.0,-1.083687877853758
s29,Mouth,440.0,-0.9137724567031803
s29,Mouth,460.0,-0.8014469111352471
s29,Mouth,480.0,-1.0741527505514579
s29,Mouth,500.0,-1.076341211909417
s29,Mouth,520.0,-0.8840271899768894
s29,Mouth,540.0,-0.8883945923559433
s29,Mouth,560.0,-0.5334424824940638
s29,Mouth,580.0,-0.700020366545336
s29,Mouth,600.0,-0.9268356879125721
s29,Mouth,620.0,-0.5351990013655655
s29,Mouth,640.0,-0.20995817218925245
s29,Mouth,660.0,-0.4155392325522144
s29,Mouth,680.0,-0.6385829010492452
s29,Mouth,700.0,-0.6478023034461566
s29,Mouth,720.0,-0.7902197630218235
s29,Mouth,740.0,-0.7084472791154881
s29,Mouth,760.0,-1.0177423190175747
s29,Mouth,780.0,-0.9232728199159631
s29,Mouth,800.0,-0.571130350538103
s29,Mouth,820.0,0.07676449164100796
s29,Mouth,840.0,-0.10089269448195698
s29,Mouth,860.0,-0.09711903186047705
s29,Mouth,880.0,-0.31326056118852397
s29,Mouth,900.0,-0.13785934558523738
s29,Mouth,920.0,-0.27348718433050817
s29,Mouth,940.0,-0.1760020323204297
s29,Mouth,960.0,-0.3893345939197669
s29,Mouth,980.0,-0.4215921761994558
s29,Skin,0.0,-0.12484052271439183
s29,Skin,20.0,0.02790123178131515
s29,Skin,40.0,-0.042151585704238104
s29,Skin,60.0,-0.10407901684222565
s29,Skin,80.0,0.004035563483597501
s29,Skin,100.0,-0.03760951719630298
s29,Skin,120.0,-0.26930149920435525
s29,Skin,140.0,-0.29724037592669067
s29,Skin,160.0,-0.39153605531017505
s29,Skin,180.0,-0.7328170322476304
s29,Skin,200.0,-0.9154684061887454
s29,Skin,220.0,-0.7624742004290201
s29,Skin,240.0,-0.724209990454551
s29,Skin,260.0,-0.7134218024392174
s29,Skin,280.0,-1.0198638909108513
s29,Skin,300.0,-0.9736167501424541
s29,Skin,320.0,-1.0548364686685996
s29,Skin,340.0,-0.6562957750009869
s29,Skin,360.0,-0.49416172391076896
s29,Skin,380.0,-0.6402158482876853
s29,Skin,400.0,-0.8657029826064682
s29,Skin,420.0,-1.1620451309287607
s29,Skin,440.0,-0.43372005367635025
s29,Skin,460.0,-0.24028449926644968
s29,Skin,480.0,-0.25659298365401806
s29,Skin,500.0,-0.4604531748983319
s29,Skin,520.0,-0.6949403552770654
s29,Skin,540.0,-0.47800705617064176
s29,Skin,560.0,-0.6482732386980709
s29,Skin,580.0,-0.7971178305839248
s29,Skin,600.0,-0.4414342382683197
s29,Skin,620.0,-0.2553077510377851
s29,Skin,640.0,-0.4897308833120473
s29,Skin,660.0,-0.7929287492950983
s29,Skin,680.0,-0.5266591211591904
s29,Skin,700.0,-0.6156961712109152
s29,Skin,720.0,-0.6503891067945293
s29,Skin,740.0,-0.5902124680024617
s29,Skin,760.0,-0.5092946340889334
s29,Skin,780.0,-0.8358539341552018
s29,Skin,800.0,-1.1115564410264511
s29,Skin,820.0,-0.986968627130993
s29,Skin,840.0,-0.9189763614108133
s29,Skin,860.0,-0.9027705068816296
s29,Skin,880.0,-1.0085924481157862
s29,Skin,900.0,-1.377423141446028
s29,Skin,920.0,-1.135685965938943
s29,Skin,940.0,-0.9849627710909759
s29,Skin,960.0,-0.7755791884838331
s29,Skin,980.0,-0.6606301742956561
s29,Surface,0.0,-0.39281826580962387
s29,Surface,20.0,-0.4307838862624732
s29,Surface,40.0,-0.22547372016918593
s29,Surface,60.0,0.012946270788337225
s29,Surface,80.0,0.16850853215203437
s29,Surface,100.0,0.22042819086985188
s29,Surface,120.0,-0.23639806665438978
s29,Surface,140.0,-0.46842242895141784
s29,Surface,160.0,-0.47430585744132625
s29,Surface,180.0,-0.6772356137179111
s29,Surface,200.0,-0.8220753154197575
s29,Surface,220.0,-0.7080862072796541
s29,Surface,240.0,-0.4601809163453039
s29,Surface,260.0,-0.6287914962260321
s29,Surface,280.0,-1.021178230997696
s29,Surface,300.0,-1.075940780342854
s29,Surface,320.0,-1.0345638769739756
s29,Surface,340.0,-0.8721442772942334
s29,Surface,360.0,-0.5714140145051114
s29,Surface,380.0,-0.5313748464831566
s29,Surface,400.0,-0.9478137853358328
s29,Surface,420.0,-1.1228665043912593
s29,Surface,440.0,-0.6737462551897653
s29,Surface,460.0,-0.5208657052008484
s29,Surface,480.0,-0.6653728671027379
s29,Surface,500.0,-0.7683971934038744
s29,Surface,520.0,-0.7894837726269774
s29,Surface,540.0,-0.6832008242632925
s29,Surface,560.0,-0.5908578605960673
s29,Surface,580.0,-0.7485690985646304
s29,Surface,600.0,-0.6841349630904459
s29,Surface,620.0,-0.39525337620167533
s29,Surface,640.0,-0.3498445277506499
s29,Surface,660.0,-0.6042339909236564
s29,Surface,680.0,-0.5826210111042178
s29,Surface,700.0,-0.6317492373285359
s29,Surface,720.0,-0.7203044349081764
s29,Surface,740.0,-0.649329873558975
s29,Surface,760.0,-0.7635184765532541
s29,Surface,780.0,-0.8795633770355824
s29,Surface,800.0,-0.8413433957822771
s29,Surface,820.0,-0.4551020677449925
s29,Surface,840.0,-0.5099345279463852
s29,Surface,860.0,-0.49994476937105337
s29,Surface,880.0,-0.6609265046521551
s29,Surface,900.0,-0.7576412435156328
s29,Surface,920.0,-0.7045865751347257
s29,Surface,940.0,-0.5804824017057028
s29,Surface,960.0,-0.5824568912018
s29,Surface,980.0,-0.5411111752475559
s29,Structural,0.0,0.20361501685562983
s29,Structural,20.0,0.2586816635325221
s29,Structural,40.0,0.25255882066120305
s29,Structural,60.0,-0.020669137213577715
s29,Structural,80.0,-0.03205910211815828
s29,Structural,100.0,-0.09173204533705726
s29,Structural,120.0,-0.15105257759620871
s29,Structural,140.0,0.021912190939526344
s29,Structural,160.0,0.004998616993420718
s29,Structural,180.0,-0.16462976805089893
s29,Structural,200.0,-0.09440186429932511
s29,Structural,220.0,-0.2719129363802484
s29,Structural,240.0,-0.06318547986353727
s29,Structural,260.0,0.2664283335416454
s29,Structural,280.0,0.38074074087201093
s29,Structural,300.0,0.4697934403551346
s29,Structural,320.0,0.0852882613950515
s29,Structural,340.0,0.1536022727371852
s29,Structural,360.0,0.4294875266983791
s29,Structural,380.0,0.438630295036954
s29,Structural,400.0,0.1478902982987338
s29,Structural,420.0,0.25305809402978396
s29,Structural,440.0,0.03688711172899123
s29,Structural,460.0,0.2003617639820956
s29,Structural,480.0,0.2518128156959154
s29,Structural,500.0,-0.16541135293513115
s29,Structural,520.0,-0.4747171357385335
s29,Structural,540.0,-0.3109047486853871
s29,Structural,560.0,0.2612089187543999
s29,Structural,580.0,0.47100069894249813
s29,Structural,600.0,-0.07624852273460503
s29,Structural,620.0,-0.19476267657545293
s29,Structural,640.0,-0.15002854443733135
s29,Structural,660.0,-0.2570281492051769
s29,Structural,680.0,-0.1488739630971464
s29,Structural,700.0,-0.07474224411222426
s29,Structural,720.0,0.08918731372349346
s29,Structural,740.0,-0.02642726954412286
s29,Structural,760.0,-0.08906073706102915
s29,Structural,780.0,0.00961609231720878
s29,Structural,800.0,0.3606240348875351
s29,Structural,820.0,0.6309553288176275
s29,Structural,840.0,0.50635661505088
s29,Structural,860.0,0.01634248240422362
s29,Structural,880.0,-0.014149439058141922
s29,Structural,900.0,0.21990939026807518
s29,Structural,920.0,0.410176859187441
s29,Structural,940.0,0.6172247257787973
s29,Structural,960.0,0.2550321827603889
s29,Structural,980.0,0.034653186730844
s29,Surface_minus_Structural,0.0,-0.5964332826652536
s29,Surface_minus_Structural,20.0,-0.6894655497949953
s29,Surface_minus_Structural,40.0,-0.478032540830389
s29,Surface_minus_Structural,60.0,0.03361540800191494
s29,Surface_minus_Structural,80.0,0.20056763427019264
s29,Surface_minus_Structural,100.0,0.31216023620690914
s29,Surface_minus_Structural,120.0,-0.08534548905818107
s29,Surface_minus_Structural,140.0,-0.4903346198909442
s29,Surface_minus_Structural,160.0,-0.479304474434747
s29,Surface_minus_Structural,180.0,-0.5126058456670122
s29,Surface_minus_Structural,200.0,-0.7276734511204325
s29,Surface_minus_Structural,220.0,-0.4361732708994057
s29,Surface_minus_Structural,240.0,-0.3969954364817666
s29,Surface_minus_Structural,260.0,-0.8952198297676776
s29,Surface_minus_Structural,280.0,-1.401918971869707
s29,Surface_minus_Structural,300.0,-1.5457342206979887
s29,Surface_minus_Structural,320.0,-1.119852138369027
s29,Surface_minus_Structural,340.0,-1.0257465500314187
s29,Surface_minus_Structural,360.0,-1.0009015412034905
s29,Surface_minus_Structural,380.0,-0.9700051415201105
s29,Surface_minus_Structural,400.0,-1.0957040836345666
s29,Surface_minus_Structural,420.0,-1.3759245984210433
s29,Surface_minus_Structural,440.0,-0.7106333669187566
s29,Surface_minus_Structural,460.0,-0.721227469182944
s29,Surface_minus_Structural,480.0,-0.9171856827986533
s29,Surface_minus_Structural,500.0,-0.6029858404687432
s29,Surface_minus_Structural,520.0,-0.3147666368884439
s29,Surface_minus_Structural,540.0,-0.37229607557790545
s29,Surface_minus_Structural,560.0,-0.8520667793504672
s29,Surface_minus_Structural,580.0,-1.2195697975071285
s29,Surface_minus_Structural,600.0,-0.6078864403558408
s29,Surface_minus_Structural,620.0,-0.2004906996262224
s29,Surface_minus_Structural,640.0,-0.19981598331331854
s29,Surface_minus_Structural,660.0,-0.34720584171847946
s29,Surface_minus_Structural,680.0,-0.4337470480070714
s29,Surface_minus_Structural,700.0,-0.5570069932163116
s29,Surface_minus_Structural,720.0,-0.8094917486316698
s29,Surface_minus_Structural,740.0,-0.6229026040148521
s29,Surface_minus_Structural,760.0,-0.674457739492225
s29,Surface_minus_Structural,780.0,-0.8891794693527912
s29,Surface_minus_Structural,800.0,-1.2019674306698123
s29,Surface_minus_Structural,820.0,-1.08605739656262
s29,Surface_minus_Structural,840.0,-1.0162911429972652
s29,Surface_minus_Structural,860.0,-0.516287251775277
s29,Surface_minus_Structural,880.0,-0.6467770655940132
s29,Surface_minus_Structural,900.0,-0.977550633783708
s29,Surface_minus_Structural,920.0,-1.1147634343221666
s29,Surface_minus_Structural,940.0,-1.1977071274845001
s29,Surface_minus_Structural,960.0,-0.837489073962189
s29,Surface_minus_Structural,980.0,-0.5757643619783999
s30,FSlim,0.0,0.3271420449567376
s30,FSlim,20.0,0.3323509357136858
s30,FSlim,40.0,0.17316662957819418
s30,FSlim,60.0,-0.17707331493092732
s30,FSlim,80.0,0.4764789237929722
s30,FSlim,100.0,0.7707360435565036
s30,FSlim,120.0,0.8724113127294575
s30,FSlim,140.0,0.5236314745301529
s30,FSlim,160.0,0.31702118646718075
s30,FSlim,180.0,0.4451527899673319
s30,FSlim,200.0,0.5630491435954608
s30,FSlim,220.0,0.039278066140196244
s30,FSlim,240.0,0.1750125408333303
s30,FSlim,260.0,-0.06135026175582045
s30,FSlim,280.0,-0.12402939180947128
s30,FSlim,300.0,-0.27565770482977614
s30,FSlim,320.0,-0.1734598464195395
s30,FSlim,340.0,0.13800957681427972
s30,FSlim,360.0,0.37489063367891484
s30,FSlim,380.0,0.004067997924794967
s30,FSlim,400.0,-0.36002439547382314
s30,FSlim,420.0,0.1103418648440484
s30,FSlim,440.0,0.5746871768109993
s30,FSlim,460.0,0.3948361059985849
s30,FSlim,480.0,-0.02200869509928885
s30,FSlim,500.0,-0.0664136326180992
s30,FSlim,520.0,-0.1523324585138971
s30,FSlim,540.0,0.1791159523223428
s30,FSlim,560.0,0.3254008081897254
s30,FSlim,580.0,-0.14506181032566387
s30,FSlim,600.0,-0.44797207006635875
s30,FSlim,620.0,-0.23703388813683787
s30,FSlim,640.0,0.38687710700118627
s30,FSlim,660.0,0.22453678060102683
s30,FSlim,680.0,-0.27268646737233
s30,FSlim,700.0,-0.3393789285271823
s30,FSlim,720.0,-0.4155925984104809
s30,FSlim,740.0,-0.30318508930568155
s30,FSlim,760.0,-0.4109787959055645
s30,FSlim,780.0,-0.5633618387157293
s30,FSlim,800.0,-0.35249528907929206
s30,FSlim,820.0,-0.0867297623717818
s30,FSlim,840.0,-0.16092447663467796
s30,FSlim,860.0,-0.33643346649973715
s30,FSlim,880.0,-0.19811187267279012
s30,FSlim,900.0,-0.35273622333526705
s30,FSlim,920.0,-0.04696236980458521
s30,FSlim,940.0,-0.15073162270814805
s30,FSlim,960.0,-0.01063344034717778
s30,FSlim,980.0,0.003902268553731103
s30,Eye,0.0,0.019580448264217308
s30,Eye,20.0,-0.03567199160436471
s30,Eye,40.0,0.40664151890036926
s30,Eye,60.0,0.5589086828782062
s30,Eye,80.0,0.477832556019344
s30,Eye,100.0,-0.04556750635921229
s30,Eye,120.0,-0.12635962129275471
s30,Eye,140.0,-0.10042364168994783
s30,Eye,160.0,-0.22076535533573505
s30,Eye,180.0,-0.46377509732009126
s30,Eye,200.0,-0.7908648501603783
s30,Eye,220.0,-0.412191831893582
s30,Eye,240.0,-0.24654230229325722
s30,Eye,260.0,-0.05897730159798222
s30,Eye,280.0,-0.16479074417777395
s30,Eye,300.0,-0.44795167952652254
s30,Eye,320.0,-0.8877419602898835
s30,Eye,340.0,-0.8531756322486932
s30,Eye,360.0,-0.6901767058447847
s30,Eye,380.0,-0.4513098162503404
s30,Eye,400.0,-0.6158293385666722
s30,Eye,420.0,-0.8644819601803856
s30,Eye,440.0,-0.4032491202704373
s30,Eye,460.0,-0.519593521562569
s30,Eye,480.0,-0.6313909377095756
s30,Eye,500.0,-0.8575536596402038
s30,Eye,520.0,-0.8441580282203214
s30,Eye,540.0,-0.9460676135967148
s30,Eye,560.0,-0.608797438408526
s30,Eye,580.0,0.31218925239247564
s30,Eye,600.0,0.3414320847381558
s30,Eye,620.0,-0.37219654663511026
s30,Eye,640.0,-0.48142014674431377
s30,Eye,660.0,0.309114172857613
s30,Eye,680.0,0.6104411294355686
s30,Eye,700.0,0.46494716763260313
s30,Eye,720.0,-0.04374250130850871
s30,Eye,740.0,-0.09645997398619577
s30,Eye,760.0,0.12331435519581221
s30,Eye,780.0,0.5892310160975897
s30,Eye,800.0,0.7843909552986243
s30,Eye,820.0,0.3118912713574879
s30,Eye,840.0,-0.12593227811999813
s30,Eye,860.0,0.2474721306858076
s30,Eye,880.0,0.5727562867902174
s30,Eye,900.0,0.6083006456456326
s30,Eye,920.0,0.5825793470699906
s30,Eye,940.0,0.17845543042761422
s30,Eye,960.0,0.06880302006031207
s30,Eye,980.0,0.14384324367960505
s30,Mouth,0.0,0.49955021990759524
s30,Mouth,20.0,0.2746976781948369
s30,Mouth,40.0,0.1708095743679089
s30,Mouth,60.0,0.14575948713196604
s30,Mouth,80.0,-0.12651804510101936
s30,Mouth,100.0,-0.08248889943883281
s30,Mouth,120.0,-0.38660087478839494
s30,Mouth,140.0,-0.8775595788626558
s30,Mouth,160.0,-0.7613006184961317
s30,Mouth,180.0,-0.37439914774074357
s30,Mouth,200.0,-0.15146705759545676
s30,Mouth,220.0,-0.019138574883548157
s30,Mouth,240.0,-0.31154751938071346
s30,Mouth,260.0,-0.15064788202736878
s30,Mouth,280.0,0.03112510897445224
s30,Mouth,300.0,-0.03719398240260652
s30,Mouth,320.0,-0.26135282182833386
s30,Mouth,340.0,-0.8072449686268767
s30,Mouth,360.0,-0.7985875390606
s30,Mouth,380.0,-0.054583561888527116
s30,Mouth,400.0,0.17292891153491552
s30,Mouth,420.0,-0.4960115445741583
s30,Mouth,440.0,-1.1804323859720616
s30,Mouth,460.0,-0.7516956197283768
s30,Mouth,480.0,-0.22430269449980828
s30,Mouth,500.0,-0.22200644493892535
s30,Mouth,520.0,-0.9310867512682218
s30,Mouth,540.0,-1.0963561320717163
s30,Mouth,560.0,-0.202742317267608
s30,Mouth,580.0,0.6875563566221015
s30,Mouth,600.0,0.7372963583987725
s30,Mouth,620.0,0.25962974876557443
s30,Mouth,640.0,-0.010559233286148564
s30,Mouth,660.0,-0.15225969716670157
s30,Mouth,680.0,-0.2625039405489701
s30,Mouth,700.0,-0.236600793319787
s30,Mouth,720.0,-0.48571435237757665
s30,Mouth,740.0,-0.45778835958539543
s30,Mouth,760.0,-0.44747928091492917
s30,Mouth,780.0,-0.022601046122377344
s30,Mouth,800.0,0.08652063895888812
s30,Mouth,820.0,0.04412940216343658
s30,Mouth,840.0,-0.16642602694551084
s30,Mouth,860.0,-0.47376359724350187
s30,Mouth,880.0,-0.12894064252646395
s30,Mouth,900.0,-0.013331407844266507
s30,Mouth,920.0,-0.24373191388439142
s30,Mouth,940.0,-0.1355585054398885
s30,Mouth,960.0,0.1546598343015525
s30,Mouth,980.0,0.26097391604067655
s30,Skin,0.0,-0.31817736391187085
s30,Skin,20.0,-0.45229928667042363
s30,Skin,40.0,-0.5090226453931341
s30,Skin,60.0,-0.4158442048993236
s30,Skin,80.0,0.0744512389459868
s30,Skin,100.0,0.1464932854715456
s30,Skin,120.0,-0.4060552236694527
s30,Skin,140.0,-0.5287109048447326
s30,Skin,160.0,-0.9619174777150519
s30,Skin,180.0,-0.8064988309161619
s30,Skin,200.0,-0.5395024418946727
s30,Skin,220.0,-0.5033552835348669
s30,Skin,240.0,-0.6912099215144059
s30,Skin,260.0,-0.906016445362801
s30,Skin,280.0,-0.8921803093657712
s30,Skin,300.0,-0.6463341175875178
s30,Skin,320.0,-0.7257085136711059
s30,Skin,340.0,-0.8140170525136882
s30,Skin,360.0,-0.547826138602248
s30,Skin,380.0,-0.19141174528794783
s30,Skin,400.0,0.2222148890198437
s30,Skin,420.0,0.08882746417521845
s30,Skin,440.0,-0.34864490797183867
s30,Skin,460.0,-0.9489842037113949
s30,Skin,480.0,-1.1547801345421234
s30,Skin,500.0,-1.1733106162301565
s30,Skin,520.0,-1.045568647591647
s30,Skin,540.0,-1.0152126508081951
s30,Skin,560.0,-1.4814376165326268
s30,Skin,580.0,-1.8285197274006708
s30,Skin,600.0,-2.018598415816976
s30,Skin,620.0,-1.3704170123190882
s30,Skin,640.0,-0.7895001487278375
s30,Skin,660.0,-1.1538080868693603
s30,Skin,680.0,-1.5460506798241318
s30,Skin,700.0,-1.11127571305692
s30,Skin,720.0,-0.4018283173163344
s30,Skin,740.0,-0.12383824293733908
s30,Skin,760.0,-0.568939527334223
s30,Skin,780.0,-0.7477035758166716
s30,Skin,800.0,-0.6537634344641824
s30,Skin,820.0,-0.37584208040324424
s30,Skin,840.0,-0.32696978094215945
s30,Skin,860.0,-0.1851430546965867
s30,Skin,880.0,-0.3789233107850446
s30,Skin,900.0,-0.41905269832940706
s30,Skin,920.0,-0.5713033140225459
s30,Skin,940.0,-0.5236288542769734
s30,Skin,960.0,-0.5425824604507956
s30,Skin,980.0,-0.3960617862177998
s30,Surface,0.0,0.0906864279978622
s30,Surface,20.0,-0.08880080423779335
s30,Surface,40.0,-0.16910653551261262
s30,Surface,60.0,-0.13504235888367877
s30,Surface,80.0,-0.026033403077516275
s30,Surface,100.0,0.0320021930163564
s30,Surface,120.0,-0.39632804922892384
s30,Surface,140.0,-0.7031352418536942
s30,Surface,160.0,-0.8616090481055918
s30,Surface,180.0,-0.5904489893284528
s30,Surface,200.0,-0.3454847497450647
s30,Surface,220.0,-0.26124692920920756
s30,Surface,240.0,-0.5013787204475597
s30,Surface,260.0,-0.5283321636950848
s30,Surface,280.0,-0.4305276001956595
s30,Surface,300.0,-0.34176404999506216
s30,Surface,320.0,-0.4935306677497199
s30,Surface,340.0,-0.8106310105702824
s30,Surface,360.0,-0.6732068388314241
s30,Surface,380.0,-0.12299765358823747
s30,Surface,400.0,0.19757190027737961
s30,Surface,420.0,-0.20359204019946991
s30,Surface,440.0,-0.7645386469719502
s30,Surface,460.0,-0.8503399117198859
s30,Surface,480.0,-0.6895414145209658
s30,Surface,500.0,-0.697658530584541
s30,Surface,520.0,-0.9883276994299344
s30,Surface,540.0,-1.0557843914399556
s30,Surface,560.0,-0.8420899669001174
s30,Surface,580.0,-0.5704816853892847
s30,Surface,600.0,-0.6406510287091016
s30,Surface,620.0,-0.5553936317767569
s30,Surface,640.0,-0.40002969100699304
s30,Surface,660.0,-0.653033892018031
s30,Surface,680.0,-0.9042773101865509
s30,Surface,700.0,-0.6739382531883535
s30,Surface,720.0,-0.4437713348469555
s30,Surface,740.0,-0.2908133012613673
s30,Surface,760.0,-0.5082094041245762
s30,Surface,780.0,-0.38515231096952446
s30,Surface,800.0,-0.28362139775264716
s30,Surface,820.0,-0.16585633911990383
s30,Surface,840.0,-0.24669790394383515
s30,Surface,860.0,-0.3294533259700443
s30,Surface,880.0,-0.2539319766557543
s30,Surface,900.0,-0.21619205308683678
s30,Surface,920.0,-0.40751761395346864
s30,Surface,940.0,-0.3295936798584309
s30,Surface,960.0,-0.19396131307462156
s30,Surface,980.0,-0.06754393508856163
s30,Structural,0.0,0.17336124661047744
s30,Structural,20.0,0.14833947205466053
s30,Structural,40.0,0.2899040742392817
s30,Structural,60.0,0.19091768397363942
s30,Structural,80.0,0.4771557399061581
s30,Structural,100.0,0.3625842685986457
s30,Structural,120.0,0.3730258457183514
s30,Structural,140.0,0.21160391642010254
s30,Structural,160.0,0.04812791556572285
s30,Structural,180.0,-0.009311153676379691
s30,Structural,200.0,-0.11390785328245878
s30,Structural,220.0,-0.18645688287669288
s30,Structural,240.0,-0.035764880729963464
s30,Structural,260.0,-0.06016378167690134
s30,Structural,280.0,-0.1444100679936226
s30,Structural,300.0,-0.36180469217814937
s30,Structural,320.0,-0.5306009033547114
s30,Structural,340.0,-0.35758302771720674
s30,Structural,360.0,-0.15764303608293495
s30,Structural,380.0,-0.22362090916277272
s30,Structural,400.0,-0.4879268670202477
s30,Structural,420.0,-0.3770700476681686
s30,Structural,440.0,0.08571902827028102
s30,Structural,460.0,-0.06237870778199206
s30,Structural,480.0,-0.3266998164044322
s30,Structural,500.0,-0.4619836461291515
s30,Structural,520.0,-0.49824524336710924
s30,Structural,540.0,-0.383475830637186
s30,Structural,560.0,-0.14169831510940029
s30,Structural,580.0,0.08356372103340588
s30,Structural,600.0,-0.053269992664101484
s30,Structural,620.0,-0.3046152173859741
s30,Structural,640.0,-0.04727151987156375
s30,Structural,660.0,0.2668254767293199
s30,Structural,680.0,0.1688773310316193
s30,Structural,700.0,0.0627841195527104
s30,Structural,720.0,-0.2296675498594948
s30,Structural,740.0,-0.19982253164593866
s30,Structural,760.0,-0.14383222035487614
s30,Structural,780.0,0.012934588690930171
s30,Structural,800.0,0.21594783310966614
s30,Structural,820.0,0.11258075449285304
s30,Structural,840.0,-0.14342837737733805
s30,Structural,860.0,-0.04448066790696478
s30,Structural,880.0,0.18732220705871364
s30,Structural,900.0,0.12778221115518276
s30,Structural,920.0,0.2678084886327027
s30,Structural,940.0,0.013861903859733085
s30,Structural,960.0,0.029084789856567143
s30,Structural,980.0,0.07387275611666808
s30,Surface_minus_Structural,0.0,-0.08267481861261525
s30,Surface_minus_Structural,20.0,-0.23714027629245388
s30,Surface_minus_Structural,40.0,-0.45901060975189434
s30,Surface_minus_Structural,60.0,-0.32596004285731817
s30,Surface_minus_Structural,80.0,-0.5031891429836743
s30,Surface_minus_Structural,100.0,-0.33058207558228925
s30,Surface_minus_Structural,120.0,-0.7693538949472752
s30,Surface_minus_Structural,140.0,-0.9147391582737968
s30,Surface_minus_Structural,160.0,-0.9097369636713146
s30,Surface_minus_Structural,180.0,-0.5811378356520731
s30,Surface_minus_Structural,200.0,-0.23157689646260593
s30,Surface_minus_Structural,220.0,-0.07479004633251468
s30,Surface_minus_Structural,240.0,-0.46561383971759623
s30,Surface_minus_Structural,260.0,-0.4681683820181835
s30,Surface_minus_Structural,280.0,-0.2861175322020369
s30,Surface_minus_Structural,300.0,0.02004064218308721
s30,Surface_minus_Structural,320.0,0.037070235604991564
s30,Surface_minus_Structural,340.0,-0.4530479828530757
s30,Surface_minus_Structural,360.0,-0.5155638027484891
s30,Surface_minus_Structural,380.0,0.10062325557453525
s30,Surface_minus_Structural,400.0,0.6854987672976273
s30,Surface_minus_Structural,420.0,0.17347800746869868
s30,Surface_minus_Structural,440.0,-0.8502576752422312
s30,Surface_minus_Structural,460.0,-0.7879612039378938
s30,Surface_minus_Structural,480.0,-0.36284159811653366
s30,Surface_minus_Structural,500.0,-0.23567488445538948
s30,Surface_minus_Structural,520.0,-0.49008245606282513
s30,Surface_minus_Structural,540.0,-0.6723085608027697
s30,Surface_minus_Structural,560.0,-0.7003916517907172
s30,Surface_minus_Structural,580.0,-0.6540454064226906
s30,Surface_minus_Structural,600.0,-0.5873810360450001
s30,Surface_minus_Structural,620.0,-0.25077841439078286
s30,Surface_minus_Structural,640.0,-0.3527581711354293
s30,Surface_minus_Structural,660.0,-0.9198593687473509
s30,Surface_minus_Structural,680.0,-1.0731546412181703
s30,Surface_minus_Structural,700.0,-0.7367223727410639
s30,Surface_minus_Structural,720.0,-0.21410378498746072
s30,Surface_minus_Structural,740.0,-0.09099076961542862
s30,Surface_minus_Structural,760.0,-0.3643771837697
s30,Surface_minus_Structural,780.0,-0.39808689966045463
s30,Surface_minus_Structural,800.0,-0.4995692308623133
s30,Surface_minus_Structural,820.0,-0.27843709361275687
s30,Surface_minus_Structural,840.0,-0.1032695265664971
s30,Surface_minus_Structural,860.0,-0.2849726580630795
s30,Surface_minus_Structural,880.0,-0.4412541837144679
s30,Surface_minus_Structural,900.0,-0.34397426424201955
s30,Surface_minus_Structural,920.0,-0.6753261025861713
s30,Surface_minus_Structural,940.0,-0.343455583718164
s30,Surface_minus_Structural,960.0,-0.2230461029311887
s30,Surface_minus_Structural,980.0,-0.1414166912052297
