subj,metric,time_ms,beta_uV
s1,G,0.0,0.10457457649364502
s1,G,20.0,0.04988111915723256
s1,G,40.0,0.025865940425663494
s1,G,60.0,0.06262446857815639
s1,G,80.0,0.08890615772759625
s1,G,100.0,0.01373142996828261
s1,G,120.0,-0.11705219540477724
s1,G,140.0,-0.07678671988411333
s1,G,160.0,-0.15981317449514837
s1,G,180.0,-0.03955354849278477
s1,G,200.0,-0.00022463835267760857
s1,G,220.0,0.08575210546605284
s1,G,240.0,-0.05429945942195182
s1,G,260.0,-0.07335816598241282
s1,G,280.0,0.017215495182687696
s1,G,300.0,0.16038382154383007
s1,G,320.0,-0.03042781709680647
s1,G,340.0,-0.0479839454861704
s1,G,360.0,0.029460331098817558
s1,G,380.0,0.07584174544858241
s1,G,400.0,0.3081078143262961
s1,G,420.0,0.23470828213553543
s1,G,440.0,0.09535471011215829
s1,G,460.0,0.1561051545327498
s1,G,480.0,0.34433851196874554
s1,G,500.0,0.2799535061469074
s1,G,520.0,0.212210916902328
s1,G,540.0,0.1649370702604871
s1,G,560.0,0.333328650883814
s1,G,580.0,0.5291602261700123
s1,G,600.0,0.3719348080994235
s1,G,620.0,0.09236255202369124
s1,G,640.0,0.23457607017963283
s1,G,660.0,0.4175776334321274
s1,G,680.0,0.3851351242215629
s1,G,700.0,0.21299624755405488
s1,G,720.0,0.08767588070950916
s1,G,740.0,0.053395817217040495
s1,G,760.0,0.10164173398850385
s1,G,780.0,0.14454776001673408
s1,G,800.0,0.24160718126538303
s1,G,820.0,0.2452783038141493
s1,G,840.0,0.4085372246002693
s1,G,860.0,0.3653456760369052
s1,G,880.0,0.23378991099787705
s1,G,900.0,0.23795928807307004
s1,G,920.0,0.2537944586634347
s1,G,940.0,0.29449393661351925
s1,G,960.0,0.24783893017339792
s1,G,980.0,0.20275552056530488
s1,A,0.0,0.02467654940406855
s1,A,20.0,-0.1755068218949034
s1,A,40.0,-0.09658490028025768
s1,A,60.0,0.12208100060726852
s1,A,80.0,0.12172360492159492
s1,A,100.0,0.12788777988811986
s1,A,120.0,0.0522281598986151
s1,A,140.0,0.13657848272828949
s1,A,160.0,0.25745277029389724
s1,A,180.0,0.3007043983419362
s1,A,200.0,0.052833852170592305
s1,A,220.0,-0.10491138370928121
s1,A,240.0,-0.013338208956958919
s1,A,260.0,0.22863600310055054
s1,A,280.0,0.3273191605919965
s1,A,300.0,0.1693018991261746
s1,A,320.0,0.11416395302576357
s1,A,340.0,0.21358810503027972
s1,A,360.0,0.37441842333251985
s1,A,380.0,0.3660289069235827
s1,A,400.0,0.19741167784753572
s1,A,420.0,0.13678768866634347
s1,A,440.0,0.12082896850897201
s1,A,460.0,0.10469034990205422
s1,A,480.0,0.03239216026370663
s1,A,500.0,-0.06033506373569068
s1,A,520.0,-0.0748661181561502
s1,A,540.0,-0.009355665239064961
s1,A,560.0,-0.018069363566246926
s1,A,580.0,-0.10445147484284933
s1,A,600.0,0.02488935845296112
s1,A,620.0,-0.13194396695154995
s1,A,640.0,-0.2828317473692594
s1,A,660.0,0.016293571886815295
s1,A,680.0,0.09108078388046703
s1,A,700.0,-0.03123502478792571
s1,A,720.0,-0.05079279166029267
s1,A,740.0,0.07528258620283866
s1,A,760.0,0.17569800228182725
s1,A,780.0,0.13379439233838344
s1,A,800.0,-0.2584306874176435
s1,A,820.0,-0.4422354847428673
s1,A,840.0,-0.3249198652241834
s1,A,860.0,-0.08772455235607096
s1,A,880.0,-0.05000876521065499
s1,A,900.0,-0.07013377286864904
s1,A,920.0,-0.1434505421730467
s1,A,940.0,-0.012717218478301817
s1,A,960.0,0.13180515534002807
s1,A,980.0,0.23675619564071165
s1,I,0.0,-0.15252266175047802
s1,I,20.0,0.12903661833325847
s1,I,40.0,0.0229249486992387
s1,I,60.0,-0.2852608797184747
s1,I,80.0,-0.2730671905388717
s1,I,100.0,-0.1493436728566577
s1,I,120.0,-0.1334209505604037
s1,I,140.0,-0.3208021991856215
s1,I,160.0,-0.30542619198931503
s1,I,180.0,-0.35656571525270114
s1,I,200.0,-0.12918427321159945
s1,I,220.0,-0.028443151244222926
s1,I,240.0,-0.07431744827211736
s1,I,260.0,-0.3603478874609942
s1,I,280.0,-0.38737203541797904
s1,I,300.0,-0.24761982759991347
s1,I,320.0,-0.26426847633828743
s1,I,340.0,-0.4999525886231058
s1,I,360.0,-0.6490809353939708
s1,I,380.0,-0.3489964213806067
s1,I,400.0,-0.22190282171324807
s1,I,420.0,-0.4975140171501823
s1,I,440.0,-0.4881409266396685
s1,I,460.0,-0.28547059079784526
s1,I,480.0,-0.3006965324874181
s1,I,500.0,-0.18685641695314267
s1,I,520.0,-0.42920041812253196
s1,I,540.0,-0.42210245499784593
s1,I,560.0,-0.19170801516500544
s1,I,580.0,-0.3558627149653848
s1,I,600.0,-0.5556618821534128
s1,I,620.0,-0.041062852232662456
s1,I,640.0,0.028108633476355338
s1,I,660.0,-0.4664109228664577
s1,I,680.0,-0.5591466279988442
s1,I,700.0,-0.4239955398392361
s1,I,720.0,-0.21308494576209935
s1,I,740.0,-0.33825895927572547
s1,I,760.0,-0.6640483259442178
s1,I,780.0,-0.6780762900822984
s1,I,800.0,-0.3279542398586747
s1,I,820.0,-0.010090049174003884
s1,I,840.0,-0.37625185970488606
s1,I,860.0,-0.6504075368475076
s1,I,880.0,-0.4815284659621428
s1,I,900.0,-0.4093887116049098
s1,I,920.0,-0.3807169028413545
s1,I,940.0,-0.2406701972770493
s1,I,960.0,-0.48923560845860337
s1,I,980.0,-0.7657765345535583
s2,G,0.0,-0.1505760732634557
s2,G,20.0,-0.02511772491776071
s2,G,40.0,-0.04049053762987168
s2,G,60.0,0.003166819419922957
s2,G,80.0,0.02605190317314291
s2,G,100.0,0.14990341402960164
s2,G,120.0,0.12490253916614066
s2,G,140.0,0.06389358823189405
s2,G,160.0,0.14683050350445823
s2,G,180.0,0.03743506724025435
s2,G,200.0,-0.041037714804340014
s2,G,220.0,0.019160446232609055
s2,G,240.0,-0.007340011531435958
s2,G,260.0,0.003499915894086311
s2,G,280.0,0.027981463498840564
s2,G,300.0,0.15329111302548082
s2,G,320.0,0.0880113392683663
s2,G,340.0,0.16052175495587076
s2,G,360.0,0.25141289211465045
s2,G,380.0,0.2487842852996926
s2,G,400.0,0.1761587021182941
s2,G,420.0,0.19670742921812004
s2,G,440.0,0.24426059416664123
s2,G,460.0,0.3483799540779236
s2,G,480.0,0.39100556139116854
s2,G,500.0,0.26058922657749617
s2,G,520.0,0.34459006471204523
s2,G,540.0,0.2775040454684833
s2,G,560.0,0.0978879709580798
s2,G,580.0,0.24930097076026433
s2,G,600.0,0.13073646206703857
s2,G,620.0,0.11823623311312173
s2,G,640.0,0.09781577831165647
s2,G,660.0,0.053411324979501185
s2,G,680.0,0.01360715453058553
s2,G,700.0,0.2816921412580146
s2,G,720.0,0.3584914205092442
s2,G,740.0,0.32635623503100447
s2,G,760.0,0.30017314949594254
s2,G,780.0,0.2770230403546367
s2,G,800.0,0.3285392935931726
s2,G,820.0,0.40210012807571305
s2,G,840.0,0.3967430586881257
s2,G,860.0,0.38052329617462033
s2,G,880.0,0.38841211679675836
s2,G,900.0,0.5418911696356529
s2,G,920.0,0.49708519014834607
s2,G,940.0,0.42245759125882676
s2,G,960.0,0.4970021429753344
s2,G,980.0,0.4093065237248843
s2,A,0.0,-0.05340131038135562
s2,A,20.0,-0.09035587306663
s2,A,40.0,-0.14076137067881692
s2,A,60.0,-0.21468330396264879
s2,A,80.0,-0.0872168581963101
s2,A,100.0,-0.11746557644396736
s2,A,120.0,-0.35648012193296597
s2,A,140.0,-0.25048061433432467
s2,A,160.0,-0.059414370306065625
s2,A,180.0,0.011297214768432068
s2,A,200.0,-0.1007814248377753
s2,A,220.0,-0.007153616596242474
s2,A,240.0,0.15553864324477934
s2,A,260.0,0.20965305956204575
s2,A,280.0,0.3893349154422485
s2,A,300.0,0.17909408556306905
s2,A,320.0,0.24928100705542838
s2,A,340.0,0.46285131306381105
s2,A,360.0,0.3758460921957307
s2,A,380.0,0.3964627235291706
s2,A,400.0,0.3998502883483782
s2,A,420.0,0.34902047573856454
s2,A,440.0,0.32276740289816325
s2,A,460.0,0.2102218040719772
s2,A,480.0,0.27612084873207204
s2,A,500.0,0.23703335584241852
s2,A,520.0,0.05420041080216384
s2,A,540.0,0.29210286901620136
s2,A,560.0,0.2561033197604278
s2,A,580.0,0.06099910684444941
s2,A,600.0,0.16173881182898533
s2,A,620.0,0.4700769124735532
s2,A,640.0,0.306323383425677
s2,A,660.0,0.10753951214852876
s2,A,680.0,0.14172193640452496
s2,A,700.0,0.07230862328137098
s2,A,720.0,-0.028629875251871367
s2,A,740.0,0.04335026654627711
s2,A,760.0,0.14621402221565735
s2,A,780.0,0.03189474799492286
s2,A,800.0,-0.05112814822794463
s2,A,820.0,0.0066184964200416
s2,A,840.0,0.1883994645589248
s2,A,860.0,0.4084183942728874
s2,A,880.0,0.29162965874908275
s2,A,900.0,0.2707797267429227
s2,A,920.0,0.3222307932610904
s2,A,940.0,0.42649191403993875
s2,A,960.0,0.22238978122345252
s2,A,980.0,0.3206948905608978
s2,I,0.0,0.00727790534097077
s2,I,20.0,0.3535477233868285
s2,I,40.0,0.29210469345451595
s2,I,60.0,0.3971721375364325
s2,I,80.0,0.21044218490402142
s2,I,100.0,0.13832406365676267
s2,I,120.0,0.4061605778925047
s2,I,140.0,0.23811100353069295
s2,I,160.0,0.03691411027620112
s2,I,180.0,0.1538171020249933
s2,I,200.0,0.3930578695612733
s2,I,220.0,0.2693117223136278
s2,I,240.0,0.25503639304387976
s2,I,260.0,0.37236229488102407
s2,I,280.0,-0.0970998659252649
s2,I,300.0,-0.1263867696653802
s2,I,320.0,0.1455649384605775
s2,I,340.0,-0.2919356761805876
s2,I,360.0,-0.3097320303420477
s2,I,380.0,-0.1851754703619615
s2,I,400.0,-0.2236133463821401
s2,I,420.0,-0.1718929912098395
s2,I,440.0,-0.15692269785463417
s2,I,460.0,-0.2247163729003922
s2,I,480.0,-0.42238254141030895
s2,I,500.0,-0.21196812075850863
s2,I,520.0,-0.0032405806512577073
s2,I,540.0,-0.24958805379312132
s2,I,560.0,-0.09983292556606793
s2,I,580.0,-0.17353722271106825
s2,I,600.0,-0.28662420912995185
s2,I,620.0,-0.3389491045892094
s2,I,640.0,-0.3150680854904823
s2,I,660.0,-0.17283047763580744
s2,I,680.0,-0.07741251012835507
s2,I,700.0,-0.016190746116181723
s2,I,720.0,0.02898972143270931
s2,I,740.0,-0.08818770053805403
s2,I,760.0,-0.2005375563736515
s2,I,780.0,-0.08977675333796376
s2,I,800.0,-0.1695562440964602
s2,I,820.0,-0.3985226426109624
s2,I,840.0,-0.5029150323965494
s2,I,860.0,-0.642615534831201
s2,I,880.0,-0.5208756017036715
s2,I,900.0,-0.6058246522135197
s2,I,920.0,-0.4813551829374684
s2,I,940.0,-0.5659808849249944
s2,I,960.0,-0.4762792915307604
s2,I,980.0,-0.40541449224468695
s3,G,0.0,-0.15329186499356187
s3,G,20.0,-0.24795441869286267
s3,G,40.0,-0.15339272622038513
s3,G,60.0,-0.23914779099216213
s3,G,80.0,-0.1882751094529154
s3,G,100.0,-0.16782624975588012
s3,G,120.0,-0.11942252083771357
s3,G,140.0,-0.1810163381770954
s3,G,160.0,-0.10242680199844406
s3,G,180.0,-0.005861500369268836
s3,G,200.0,0.13676552500475572
s3,G,220.0,-0.040052625737053316
s3,G,240.0,-0.07726091193318779
s3,G,260.0,-0.1493329616504383
s3,G,280.0,-0.22087250461028074
s3,G,300.0,-0.11433214973147193
s3,G,320.0,-0.08861107451603947
s3,G,340.0,-0.07650002330939798
s3,G,360.0,-0.006986467103730298
s3,G,380.0,0.12056492388207221
s3,G,400.0,0.11217208136191442
s3,G,420.0,0.10141792636715172
s3,G,440.0,0.1147150054856719
s3,G,460.0,0.20327533663688557
s3,G,480.0,0.18289063515040013
s3,G,500.0,0.19011509626224235
s3,G,520.0,0.05251538795658258
s3,G,540.0,0.08613724899100607
s3,G,560.0,-0.07990082316846614
s3,G,580.0,-0.07645594281707746
s3,G,600.0,-0.22545323991463936
s3,G,620.0,-0.32188160347818623
s3,G,640.0,-0.16460137796586505
s3,G,660.0,-0.12498692214510615
s3,G,680.0,-0.17269811306310057
s3,G,700.0,-0.11822065559836256
s3,G,720.0,-0.06709099150572126
s3,G,740.0,-0.13752319321581022
s3,G,760.0,-0.14754108177200187
s3,G,780.0,-0.2511832812189202
s3,G,800.0,-0.21651301770651638
s3,G,820.0,-0.24489640398444174
s3,G,840.0,-0.1920779476953985
s3,G,860.0,-0.06750885028445096
s3,G,880.0,0.025458623318811845
s3,G,900.0,0.0035285512259149547
s3,G,920.0,0.015590860782797717
s3,G,940.0,0.03685382754677363
s3,G,960.0,-0.14780937880271786
s3,G,980.0,-0.12046666713376544
s3,A,0.0,0.22472922214979862
s3,A,20.0,0.2962441085600074
s3,A,40.0,0.12873887828718367
s3,A,60.0,0.10578471418764843
s3,A,80.0,0.09017353672007178
s3,A,100.0,-0.10276685277308961
s3,A,120.0,0.011007783455598663
s3,A,140.0,0.08364021081510468
s3,A,160.0,0.13481037316128416
s3,A,180.0,-0.16670873122611746
s3,A,200.0,-0.2694083363207363
s3,A,220.0,-0.15557686169138513
s3,A,240.0,-0.14331090056666207
s3,A,260.0,-0.1790778532649383
s3,A,280.0,-0.22577174286022933
s3,A,300.0,-0.25517013581536846
s3,A,320.0,-0.44708762576792915
s3,A,340.0,-0.5034863377400525
s3,A,360.0,-0.493019797700182
s3,A,380.0,-0.24072489087889049
s3,A,400.0,-0.19692868393074414
s3,A,420.0,-0.46076880135884346
s3,A,440.0,-0.3580187662487986
s3,A,460.0,-0.38202266188040723
s3,A,480.0,-0.37012499735679383
s3,A,500.0,-0.5761024976812448
s3,A,520.0,-0.618921107641268
s3,A,540.0,-0.6510694855523096
s3,A,560.0,-0.4933744237786851
s3,A,580.0,-0.505083404484684
s3,A,600.0,-0.443967218008702
s3,A,620.0,-0.2183270502391079
s3,A,640.0,-0.32246485808399367
s3,A,660.0,-0.35522692217956126
s3,A,680.0,-0.439820086465633
s3,A,700.0,-0.4936541646374165
s3,A,720.0,-0.37159664720656105
s3,A,740.0,-0.18447769136585465
s3,A,760.0,-0.11169944061396345
s3,A,780.0,-0.30400628774482197
s3,A,800.0,-0.391065638570085
s3,A,820.0,-0.4594726202139764
s3,A,840.0,-0.43425362159930897
s3,A,860.0,-0.3371541893676634
s3,A,880.0,-0.26713596169780995
s3,A,900.0,-0.36259314764843065
s3,A,920.0,-0.3676630422723857
s3,A,940.0,-0.34945973469814123
s3,A,960.0,-0.27479198155510715
s3,A,980.0,-0.2935756352493937
s3,I,0.0,-0.10876443076412634
s3,I,20.0,-0.10759934454600917
s3,I,40.0,0.060810596423229446
s3,I,60.0,0.2314632426364105
s3,I,80.0,0.32805534189034535
s3,I,100.0,0.3551633541959356
s3,I,120.0,0.04524914181317863
s3,I,140.0,-0.00017066612220383026
s3,I,160.0,-0.20875547457543042
s3,I,180.0,0.11508776243338503
s3,I,200.0,0.1402998760691499
s3,I,220.0,0.0783209509338734
s3,I,240.0,0.07166632047689336
s3,I,260.0,0.028742929678204993
s3,I,280.0,0.01496710356178664
s3,I,300.0,0.14233031138685404
s3,I,320.0,0.25161226941951415
s3,I,340.0,0.47673861320020533
s3,I,360.0,0.38136151468080787
s3,I,380.0,0.1459852354484126
s3,I,400.0,0.1276186395751763
s3,I,420.0,0.15953189125145772
s3,I,440.0,0.07457906827264588
s3,I,460.0,0.0013077709732691664
s3,I,480.0,-0.016121219724213133
s3,I,500.0,0.06829916934431907
s3,I,520.0,-0.20214013666748465
s3,I,540.0,-0.26744909009593787
s3,I,560.0,-0.2107974843619636
s3,I,580.0,-0.22056214807355265
s3,I,600.0,-0.13702293730726817
s3,I,620.0,-0.20560139741671907
s3,I,640.0,-0.10403479046254946
s3,I,660.0,-0.0832027948126287
s3,I,680.0,0.07433347690473452
s3,I,700.0,0.092070635678483
s3,I,720.0,-0.2764431525318188
s3,I,740.0,-0.4145827837409158
s3,I,760.0,-0.5037851656343248
s3,I,780.0,-0.34220221892713365
s3,I,800.0,-0.11905688113837651
s3,I,820.0,0.08508087804013631
s3,I,840.0,0.1425934112277107
s3,I,860.0,0.011562142538080689
s3,I,880.0,-0.11636143939858687
s3,I,900.0,0.019292325305999114
s3,I,920.0,-0.07349736882228264
s3,I,940.0,0.020346853690771605
s3,I,960.0,0.2022414841173632
s3,I,980.0,0.30208058710401314
s4,G,0.0,0.056827259127515
s4,G,20.0,0.03017630247667849
s4,G,40.0,-0.007002444178870554
s4,G,60.0,-0.04906590627342808
s4,G,80.0,-0.033808934788768286
s4,G,100.0,-0.024329375929657553
s4,G,120.0,0.030407542739141112
s4,G,140.0,0.04558250218500884
s4,G,160.0,0.02254929011985003
s4,G,180.0,0.06139765035595532
s4,G,200.0,0.08040606609471576
s4,G,220.0,0.05003063485704831
s4,G,240.0,0.038936397120350165
s4,G,260.0,0.11107654761229843
s4,G,280.0,0.10940732842211358
s4,G,300.0,0.0874683330321122
s4,G,320.0,0.11005348025966362
s4,G,340.0,0.12238638844728805
s4,G,360.0,0.12298985808472405
s4,G,380.0,0.0514266218776782
s4,G,400.0,0.04535573911201123
s4,G,420.0,0.04378118941770356
s4,G,440.0,0.0692519869991187
s4,G,460.0,0.09616905458450246
s4,G,480.0,0.0784608503816207
s4,G,500.0,0.03130909596422483
s4,G,520.0,0.04953184920301512
s4,G,540.0,0.0695299954718619
s4,G,560.0,0.021839673210424806
s4,G,580.0,-0.049765936128193904
s4,G,600.0,-0.08088811940303603
s4,G,620.0,-0.11770878059516263
s4,G,640.0,-0.04740063650593673
s4,G,660.0,0.0009659075007518204
s4,G,680.0,-0.028680022418848934
s4,G,700.0,-0.03956189587032514
s4,G,720.0,-0.03650877534930161
s4,G,740.0,-0.06425084830730844
s4,G,760.0,-0.04193044810814873
s4,G,780.0,-0.05185030243608453
s4,G,800.0,-0.10398294769767043
s4,G,820.0,-0.1090045204618416
s4,G,840.0,-0.10478744664320801
s4,G,860.0,-0.11261173806600286
s4,G,880.0,-0.08392349983932797
s4,G,900.0,-0.04851347257322009
s4,G,920.0,-0.009009996871669396
s4,G,940.0,0.0232083108860915
s4,G,960.0,0.01485782103676371
s4,G,980.0,0.006157204787017867
s4,A,0.0,-0.0061797268638458525
s4,A,20.0,0.0006657597250714145
s4,A,40.0,0.005912016088681089
s4,A,60.0,0.0516755593276151
s4,A,80.0,0.0793445285265641
s4,A,100.0,0.01967607463465143
s4,A,120.0,0.028101992817445708
s4,A,140.0,0.015543199770385246
s4,A,160.0,-0.04743713213612057
s4,A,180.0,-0.1184006189678263
s4,A,200.0,-0.13093598057997835
s4,A,220.0,-0.011122184652851272
s4,A,240.0,0.037335375612969575
s4,A,260.0,0.041210584072919165
s4,A,280.0,0.018589089922922537
s4,A,300.0,0.0025725332200246167
s4,A,320.0,0.02437863750352286
s4,A,340.0,0.03829382826793526
s4,A,360.0,0.10214253361750919
s4,A,380.0,0.18250671740144594
s4,A,400.0,0.143115754291831
s4,A,420.0,0.15691855916636044
s4,A,440.0,0.08002022751403948
s4,A,460.0,0.03036511163222573
s4,A,480.0,0.06939257869103496
s4,A,500.0,0.1436754128625538
s4,A,520.0,0.15271642155535298
s4,A,540.0,0.10338547329510481
s4,A,560.0,0.06060201090570132
s4,A,580.0,0.07503523073980793
s4,A,600.0,0.11486579440006078
s4,A,620.0,0.13587543941502914
s4,A,640.0,0.11219017276629276
s4,A,660.0,0.05072856414196063
s4,A,680.0,0.07394183303826951
s4,A,700.0,0.13539796177556174
s4,A,720.0,0.13418111287211157
s4,A,740.0,0.08626512720510146
s4,A,760.0,0.09920133655163446
s4,A,780.0,0.07836984819644019
s4,A,800.0,0.06780839811641702
s4,A,820.0,0.0578510828278479
s4,A,840.0,0.05768293161739363
s4,A,860.0,0.010187581955801592
s4,A,880.0,-0.02424107097399518
s4,A,900.0,-0.033655666002632964
s4,A,920.0,-0.04518367255123419
s4,A,940.0,-0.06920483827778076
s4,A,960.0,-0.08950785369689372
s4,A,980.0,-0.0732358537329299
s4,I,0.0,0.010229466694282291
s4,I,20.0,-0.013490479977452785
s4,I,40.0,-0.09887647255466754
s4,I,60.0,-0.14113117378426696
s4,I,80.0,-0.1663055989983237
s4,I,100.0,-0.09659891011792673
s4,I,120.0,-0.14242302016354966
s4,I,140.0,-0.13593025501405082
s4,I,160.0,-0.004381855505009177
s4,I,180.0,0.06057281661752555
s4,I,200.0,0.09363149823358263
s4,I,220.0,0.010655594520481815
s4,I,240.0,-0.09247182996103907
s4,I,260.0,-0.15806228438824946
s4,I,280.0,-0.10277231468084844
s4,I,300.0,-0.07054105933303331
s4,I,320.0,-0.09203097659880262
s4,I,340.0,-0.07853228682315794
s4,I,360.0,-0.17423060102839422
s4,I,380.0,-0.19237171848188894
s4,I,400.0,-0.1111712077711658
s4,I,420.0,-0.06939341391247805
s4,I,440.0,-0.03151178577414866
s4,I,460.0,0.05358856183352938
s4,I,480.0,0.04037636655802899
s4,I,500.0,0.011005319490864427
s4,I,520.0,-0.07812623176590577
s4,I,540.0,-0.0257168737029784
s4,I,560.0,0.07513016866063163
s4,I,580.0,0.1885545577203228
s4,I,600.0,0.13405975591381322
s4,I,620.0,0.04160443446381292
s4,I,640.0,0.0487237687450669
s4,I,660.0,0.1485432624077231
s4,I,680.0,0.18219723748437083
s4,I,700.0,0.03184710428991769
s4,I,720.0,-0.027432180096320903
s4,I,740.0,-0.010390328512226155
s4,I,760.0,0.0016552215659201563
s4,I,780.0,0.02584830208998022
s4,I,800.0,0.04213745066162186
s4,I,820.0,0.09470128906694761
s4,I,840.0,0.11020743695489038
s4,I,860.0,0.14563419508737835
s4,I,880.0,0.16650619951057222
s4,I,900.0,0.1407247393579602
s4,I,920.0,0.15839933766608397
s4,I,940.0,0.1531810934528703
s4,I,960.0,0.27079118253529494
s4,I,980.0,0.2627032256559437
s6,G,0.0,-0.15115702775460466
s6,G,20.0,-0.2308416197338758
s6,G,40.0,0.011951106698520064
s6,G,60.0,0.07555360525967102
s6,G,80.0,-0.02668120237533579
s6,G,100.0,-0.07043911593871793
s6,G,120.0,0.14204691736139857
s6,G,140.0,0.14899233860578018
s6,G,160.0,0.06269761910161897
s6,G,180.0,0.0030314478486403104
s6,G,200.0,0.11920660498262753
s6,G,220.0,0.08698308064672522
s6,G,240.0,0.028505828928498456
s6,G,260.0,-0.0013173871680805527
s6,G,280.0,-0.06102762607255518
s6,G,300.0,-0.05256100915506447
s6,G,320.0,-0.11259570578536562
s6,G,340.0,-0.004184497052301034
s6,G,360.0,0.10463415890230056
s6,G,380.0,0.12530737772296832
s6,G,400.0,0.20330479122985776
s6,G,420.0,0.3379686848724133
s6,G,440.0,0.2429862374008945
s6,G,460.0,0.17515337275151244
s6,G,480.0,0.30328462219789476
s6,G,500.0,0.14480560582792767
s6,G,520.0,0.1666715105020316
s6,G,540.0,0.06400959385459032
s6,G,560.0,-0.028056444857015722
s6,G,580.0,-0.16986982585228663
s6,G,600.0,-0.3280753338997498
s6,G,620.0,-0.29862600103630177
s6,G,640.0,-0.09743594697538988
s6,G,660.0,-0.02699573121557866
s6,G,680.0,-0.05189488802201933
s6,G,700.0,0.024974351260252672
s6,G,720.0,0.17167092084544777
s6,G,740.0,0.2215196463348343
s6,G,760.0,-0.10412936944698943
s6,G,780.0,-0.17331301927102896
s6,G,800.0,0.13101245243001097
s6,G,820.0,0.11266488530447145
s6,G,840.0,0.0005714304661163239
s6,G,860.0,-0.023066178127562897
s6,G,880.0,-0.06255410353290615
s6,G,900.0,0.032550671883667524
s6,G,920.0,-0.1130507154112513
s6,G,940.0,-0.24196525903827754
s6,G,960.0,-0.05787193379903029
s6,G,980.0,0.05849279715349308
s6,A,0.0,-0.22976847455066174
s6,A,20.0,-0.1031900234227483
s6,A,40.0,-0.13466012373763367
s6,A,60.0,0.0013003701862323302
s6,A,80.0,0.16861784574571737
s6,A,100.0,-0.042050982856039004
s6,A,120.0,-0.15264214080933464
s6,A,140.0,-0.08840580414342679
s6,A,160.0,-0.10846713843400871
s6,A,180.0,-0.1420954898496948
s6,A,200.0,-0.06839140671103275
s6,A,220.0,0.11642499684710911
s6,A,240.0,0.17847796821298928
s6,A,260.0,0.1208337684653249
s6,A,280.0,0.15361819834339052
s6,A,300.0,0.24953419293465884
s6,A,320.0,0.22101074131398468
s6,A,340.0,0.017078682026142128
s6,A,360.0,0.1768661237324121
s6,A,380.0,0.24532194877687097
s6,A,400.0,0.16351839435254145
s6,A,420.0,-0.09452326354740084
s6,A,440.0,-0.18362003523834874
s6,A,460.0,0.012676997891044123
s6,A,480.0,-0.06108697156209732
s6,A,500.0,-0.1793498992947089
s6,A,520.0,-0.2616262387681719
s6,A,540.0,-0.14434876581885928
s6,A,560.0,-0.1670352389514009
s6,A,580.0,-0.023164775778163532
s6,A,600.0,-0.017073530740085545
s6,A,620.0,0.0840901702073246
s6,A,640.0,0.05635338556005909
s6,A,660.0,-0.17557486421440407
s6,A,680.0,-0.03151973493231784
s6,A,700.0,0.051298866197488746
s6,A,720.0,0.04356274404603773
s6,A,740.0,-0.12393485251894988
s6,A,760.0,-0.036243202976195904
s6,A,780.0,0.21317253050196597
s6,A,800.0,0.2812450071744016
s6,A,820.0,0.3871879888590448
s6,A,840.0,0.27285960268129844
s6,A,860.0,0.298554508339849
s6,A,880.0,0.35682010174613105
s6,A,900.0,0.2369403708234029
s6,A,920.0,0.4121038472118357
s6,A,940.0,0.379003220992636
s6,A,960.0,0.3083175617238446
s6,A,980.0,0.2127765374900562
s6,I,0.0,0.23496766676044914
s6,I,20.0,0.251810696311932
s6,I,40.0,0.22279755819678487
s6,I,60.0,-0.17247550562195216
s6,I,80.0,-0.30977551737787573
s6,I,100.0,-0.15511529579044953
s6,I,120.0,-0.09278864598582968
s6,I,140.0,0.002524258085366979
s6,I,160.0,-0.09544864128846392
s6,I,180.0,-0.08429387603376298
s6,I,200.0,0.13448745816851276
s6,I,220.0,0.03813191041936631
s6,I,240.0,-0.1727191130882355
s6,I,260.0,-0.07558536821656872
s6,I,280.0,-0.09881101190567643
s6,I,300.0,-0.05765464403462375
s6,I,320.0,-0.21754686990164807
s6,I,340.0,-0.02775189639117126
s6,I,360.0,0.005399587238675799
s6,I,380.0,-0.031027008387109756
s6,I,400.0,-0.047086768299041404
s6,I,420.0,-0.04335201083568037
s6,I,440.0,0.16286656222989318
s6,I,460.0,0.3156451272791288
s6,I,480.0,0.11993658185248846
s6,I,500.0,0.01484079027533193
s6,I,520.0,0.1864889068199831
s6,I,540.0,0.19189662854164208
s6,I,560.0,0.07812499809615168
s6,I,580.0,0.11715028436838197
s6,I,600.0,0.17286178253618045
s6,I,620.0,0.09219961324859924
s6,I,640.0,-0.06968348141928658
s6,I,660.0,0.16159969171057664
s6,I,680.0,0.11488825034040154
s6,I,700.0,-0.027063853948461836
s6,I,720.0,-0.17624253677499613
s6,I,740.0,-0.3445035404832422
s6,I,760.0,-0.044584963312914005
s6,I,780.0,-0.20290485684881981
s6,I,800.0,-0.5196624576658365
s6,I,820.0,-0.6436837720875493
s6,I,840.0,-0.6647182281987986
s6,I,860.0,-0.5402289576760146
s6,I,880.0,-0.3082120119058269
s6,I,900.0,-0.22144311403103967
s6,I,920.0,-0.3794312020147581
s6,I,940.0,-0.10961536582830397
s6,I,960.0,0.2071113771446108
s6,I,980.0,0.4213362504837891
s7,G,0.0,-0.39563946828601076
s7,G,20.0,-0.3353877338017748
s7,G,40.0,-0.32736815894418797
s7,G,60.0,-0.3336115782781611
s7,G,80.0,-0.34578174762373853
s7,G,100.0,-0.36354214585430594
s7,G,120.0,-0.374278312334253
s7,G,140.0,-0.5773387860269522
s7,G,160.0,-0.7790318987479712
s7,G,180.0,-0.7397804831855178
s7,G,200.0,-0.5201782085874016
s7,G,220.0,-0.29965620773646795
s7,G,240.0,-0.13257653505862205
s7,G,260.0,-0.2471355672832215
s7,G,280.0,-0.5145189337353053
s7,G,300.0,-0.5868561481358092
s7,G,320.0,-0.5596856247535099
s7,G,340.0,-0.33271681735684866
s7,G,360.0,-0.20770446927899916
s7,G,380.0,-0.2649168817272559
s7,G,400.0,-0.19359609506580863
s7,G,420.0,-0.14607616594972522
s7,G,440.0,-0.11589024776703007
s7,G,460.0,-0.20714683891110922
s7,G,480.0,-0.01067896782267519
s7,G,500.0,-0.004865362790967817
s7,G,520.0,0.04309506193140597
s7,G,540.0,0.19103541729207418
s7,G,560.0,0.19864532793436127
s7,G,580.0,0.14002531734980095
s7,G,600.0,-0.03373705166328132
s7,G,620.0,-0.08167729423971945
s7,G,640.0,0.05206389233458597
s7,G,660.0,0.18965969838621405
s7,G,680.0,0.14453268342194814
s7,G,700.0,0.09482325282824061
s7,G,720.0,0.11573913792090211
s7,G,740.0,0.16072006845725056
s7,G,760.0,0.13212050356365984
s7,G,780.0,0.23717144214652136
s7,G,800.0,0.07299836684231312
s7,G,820.0,-0.07378141252950494
s7,G,840.0,-0.044075152261191845
s7,G,860.0,-0.054801621549938354
s7,G,880.0,0.024221035367928842
s7,G,900.0,-0.19788001709584047
s7,G,920.0,-0.39735255383281576
s7,G,940.0,-0.5236421612999334
s7,G,960.0,-0.48914987286641687
s7,G,980.0,-0.39825639800949425
s7,A,0.0,-0.10068598186919611
s7,A,20.0,0.03772469432433183
s7,A,40.0,0.34580109098277123
s7,A,60.0,0.4915311893953783
s7,A,80.0,0.35325736589145396
s7,A,100.0,0.24414481519488143
s7,A,120.0,-0.05911644128646948
s7,A,140.0,-0.6049781435833907
s7,A,160.0,-0.9974109038191248
s7,A,180.0,-1.5719781533096076
s7,A,200.0,-1.8064052440407627
s7,A,220.0,-1.6862648721470714
s7,A,240.0,-1.3628443031004114
s7,A,260.0,-1.1323183235754148
s7,A,280.0,-1.1693256487528016
s7,A,300.0,-1.0273635799817271
s7,A,320.0,-0.9977543866646905
s7,A,340.0,-1.008379199109576
s7,A,360.0,-0.7376791418678365
s7,A,380.0,-0.8192137568523284
s7,A,400.0,-0.6527229282653098
s7,A,420.0,-0.41192259903865935
s7,A,440.0,-0.45469630419730334
s7,A,460.0,-0.44179606087244905
s7,A,480.0,-0.17032586915982711
s7,A,500.0,-0.05347311297969379
s7,A,520.0,-0.2791329581782848
s7,A,540.0,-0.5868993499101525
s7,A,560.0,-0.3234220185369289
s7,A,580.0,-0.29285514972095567
s7,A,600.0,-0.20820270524217926
s7,A,620.0,-0.25372840779919137
s7,A,640.0,-0.24117463650383372
s7,A,660.0,-0.06174280886941154
s7,A,680.0,-0.13030447897982966
s7,A,700.0,-0.3172370065287884
s7,A,720.0,-0.28217523307042847
s7,A,740.0,-0.19626900276157033
s7,A,760.0,-0.263918488430272
s7,A,780.0,-0.44195276266658123
s7,A,800.0,-0.4582427001997139
s7,A,820.0,-0.37839670680043114
s7,A,840.0,-0.12840599284363416
s7,A,860.0,-0.04535400134074545
s7,A,880.0,-0.13758011201339446
s7,A,900.0,-0.11283014246494624
s7,A,920.0,-0.11571787071626555
s7,A,940.0,0.007703735704639836
s7,A,960.0,-0.018088477474328485
s7,A,980.0,-0.08133440103015398
s7,I,0.0,0.20398427325377377
s7,I,20.0,0.10772865383467797
s7,I,40.0,-0.08982227748013469
s7,I,60.0,0.161111911986697
s7,I,80.0,0.2434093728752045
s7,I,100.0,0.14402318359116514
s7,I,120.0,0.706548193566428
s7,I,140.0,1.8095240126584264
s7,I,160.0,2.279446650816388
s7,I,180.0,2.6799798406704642
s7,I,200.0,2.901221381874353
s7,I,220.0,2.861802397111129
s7,I,240.0,2.558570926048344
s7,I,260.0,2.461932906799366
s7,I,280.0,2.4983601452255666
s7,I,300.0,2.144035899833717
s7,I,320.0,1.5867163447871475
s7,I,340.0,1.282646618477994
s7,I,360.0,1.0448102644045654
s7,I,380.0,0.7119164196106427
s7,I,400.0,0.30344911023381876
s7,I,420.0,0.26039921205511635
s7,I,440.0,0.49487587213532713
s7,I,460.0,0.6399046249110086
s7,I,480.0,0.18220825378297012
s7,I,500.0,-0.00017382922617248386
s7,I,520.0,0.4778774128910544
s7,I,540.0,0.9537393550467647
s7,I,560.0,0.6047191084221173
s7,I,580.0,0.21767798597550678
s7,I,600.0,0.36201028044956474
s7,I,620.0,0.510160879195813
s7,I,640.0,0.3855437551357008
s7,I,660.0,0.11915914161049138
s7,I,680.0,0.12875313216129022
s7,I,700.0,0.3250085126602854
s7,I,720.0,0.14862428710602732
s7,I,740.0,-0.02366736990801943
s7,I,760.0,-0.11642580015581505
s7,I,780.0,-0.014820837835481049
s7,I,800.0,0.13711083752175435
s7,I,820.0,0.26677282427503235
s7,I,840.0,0.09395455382224197
s7,I,860.0,0.1741503013904756
s7,I,880.0,0.3588556007374878
s7,I,900.0,0.6163116086757543
s7,I,920.0,0.5354709232408558
s7,I,940.0,0.0625195503836046
s7,I,960.0,-0.04337450622972358
s7,I,980.0,-0.01865213940392127
s8,G,0.0,0.05599690572906349
s8,G,20.0,0.026302005163749143
s8,G,40.0,-0.01309435619684006
s8,G,60.0,-0.03951277512751932
s8,G,80.0,0.001859073615884793
s8,G,100.0,0.057620225776274604
s8,G,120.0,-0.02767104300200061
s8,G,140.0,-0.0282350940649204
s8,G,160.0,-0.07747976176909412
s8,G,180.0,-0.1036875973199455
s8,G,200.0,-0.18946071329975822
s8,G,220.0,-0.13875537274996175
s8,G,240.0,-0.10437752973675149
s8,G,260.0,-0.13892909814272442
s8,G,280.0,-0.16300121750435115
s8,G,300.0,-0.042419438332302176
s8,G,320.0,-0.043296959774003364
s8,G,340.0,-0.10984393193414665
s8,G,360.0,-0.03058854188616817
s8,G,380.0,-0.03699934905095992
s8,G,400.0,-0.01863169207297541
s8,G,420.0,0.08487187238477312
s8,G,440.0,-0.13488972741598856
s8,G,460.0,-0.16301719928557074
s8,G,480.0,-0.09108574224216269
s8,G,500.0,-0.03513441745778639
s8,G,520.0,-0.049947855306624794
s8,G,540.0,-0.19021459310917802
s8,G,560.0,-0.14168513729949767
s8,G,580.0,-0.1504265946405129
s8,G,600.0,-0.1850648705966915
s8,G,620.0,-0.12757261566415284
s8,G,640.0,-0.018981533440194598
s8,G,660.0,0.023530472494201808
s8,G,680.0,0.05829243626283978
s8,G,700.0,0.001381993092663042
s8,G,720.0,-0.09932513062908624
s8,G,740.0,-0.127434687061604
s8,G,760.0,-0.029361272843804798
s8,G,780.0,-0.058743454830782645
s8,G,800.0,-0.12384794776975286
s8,G,820.0,-0.16580678108160496
s8,G,840.0,-0.09688566410690724
s8,G,860.0,-0.024724425016598925
s8,G,880.0,0.008197232977825831
s8,G,900.0,0.05686519044931979
s8,G,920.0,0.10887797330941232
s8,G,940.0,0.09520509713313148
s8,G,960.0,0.09478379578333096
s8,G,980.0,0.07328530161743185
s8,A,0.0,-0.055546580134165364
s8,A,20.0,-0.06254734621164813
s8,A,40.0,-0.02571653775820141
s8,A,60.0,0.02936519750416277
s8,A,80.0,-0.05693456824677015
s8,A,100.0,-0.15356954962156358
s8,A,120.0,-0.150222495061875
s8,A,140.0,-0.1549988948028661
s8,A,160.0,-0.271664911375927
s8,A,180.0,-0.1933618214238997
s8,A,200.0,-0.10410448426882041
s8,A,220.0,-0.010444329325838234
s8,A,240.0,-0.1109053932478305
s8,A,260.0,-0.13314205224845044
s8,A,280.0,0.032383959290228
s8,A,300.0,-0.06121366323546407
s8,A,320.0,-0.22850220548740946
s8,A,340.0,0.001491995076567854
s8,A,360.0,0.05877665174656926
s8,A,380.0,0.015361902737022828
s8,A,400.0,0.1090200883767783
s8,A,420.0,0.06776122079661728
s8,A,440.0,0.2919114110884025
s8,A,460.0,0.29441696515375565
s8,A,480.0,0.145426071884822
s8,A,500.0,0.13214187661666515
s8,A,520.0,0.029799858167922896
s8,A,540.0,0.009172204246324873
s8,A,560.0,-0.1093163450195511
s8,A,580.0,-0.0028196426908808914
s8,A,600.0,0.0844257017443312
s8,A,620.0,0.1330826883799264
s8,A,640.0,-0.10619340011016308
s8,A,660.0,-0.24737147574167434
s8,A,680.0,-0.11353617326241398
s8,A,700.0,0.008100549092550903
s8,A,720.0,0.034786011754924615
s8,A,740.0,0.01602968792248964
s8,A,760.0,-0.05399679063629427
s8,A,780.0,-0.1769691834087712
s8,A,800.0,-0.14113402963216182
s8,A,820.0,-0.11995141228152534
s8,A,840.0,-0.01037385948560178
s8,A,860.0,-0.09677216384034443
s8,A,880.0,-0.078983734315442
s8,A,900.0,-0.010733968989653255
s8,A,920.0,-0.04427903589194515
s8,A,940.0,-0.1000459554014507
s8,A,960.0,-0.16300308827080084
s8,A,980.0,-0.10443929471616839
s8,I,0.0,0.05546409090404923
s8,I,20.0,0.04058062660830644
s8,I,40.0,0.059712374264489755
s8,I,60.0,0.026660608408871814
s8,I,80.0,0.06899726663446873
s8,I,100.0,0.16017149354824617
s8,I,120.0,0.2028405353252035
s8,I,140.0,0.17719254829271514
s8,I,160.0,0.27781361717370057
s8,I,180.0,0.18708629601616
s8,I,200.0,0.04547645897433944
s8,I,220.0,0.011983663459215213
s8,I,240.0,0.08850029610261777
s8,I,260.0,-0.028256614059449188
s8,I,280.0,-0.15733130315772226
s8,I,300.0,-0.08362751180284006
s8,I,320.0,0.028752640753117897
s8,I,340.0,-0.23581593007224227
s8,I,360.0,-0.037808092290432915
s8,I,380.0,0.03673057706454926
s8,I,400.0,-0.2525057340137285
s8,I,420.0,-0.06702586089615375
s8,I,440.0,-0.07420587933418672
s8,I,460.0,-0.17668389938105775
s8,I,480.0,-0.007672681994800867
s8,I,500.0,0.14644458938201202
s8,I,520.0,0.17045607455969747
s8,I,540.0,0.3379998447248441
s8,I,560.0,0.4126983974556605
s8,I,580.0,0.19138112310834515
s8,I,600.0,0.14028519780137955
s8,I,620.0,0.3459803680017871
s8,I,640.0,0.41162688827840166
s8,I,660.0,0.27649745200359355
s8,I,680.0,0.032670469264817724
s8,I,700.0,-0.07979634903665178
s8,I,720.0,0.045755134001632586
s8,I,740.0,0.08859608298710914
s8,I,760.0,0.12156622905776482
s8,I,780.0,0.28855799391996095
s8,I,800.0,0.3192339504841937
s8,I,820.0,0.2375359333460056
s8,I,840.0,0.08890843869661075
s8,I,860.0,0.1452919124761861
s8,I,880.0,0.16887732649676387
s8,I,900.0,0.13022996182445612
s8,I,920.0,0.059272055906412685
s8,I,940.0,0.14957746056085633
s8,I,960.0,0.21395534634912802
s8,I,980.0,0.06821768538841083
s9,G,0.0,0.07643517238578319
s9,G,20.0,0.02789063925614051
s9,G,40.0,-0.01377744101920474
s9,G,60.0,-0.014852552305916127
s9,G,80.0,-0.03357416983995104
s9,G,100.0,-0.07733029586683338
s9,G,120.0,-0.04678370331332933
s9,G,140.0,0.04497766947522677
s9,G,160.0,0.1950595029865113
s9,G,180.0,0.12555692571216298
s9,G,200.0,-0.0193620064356856
s9,G,220.0,-0.005880642258406021
s9,G,240.0,0.18066042714291333
s9,G,260.0,0.19209360858288355
s9,G,280.0,0.1822841902978233
s9,G,300.0,0.28403791399428024
s9,G,320.0,0.29735610808591995
s9,G,340.0,0.20602627330958645
s9,G,360.0,0.42330433629823905
s9,G,380.0,0.29687590622556526
s9,G,400.0,0.20750463400951003
s9,G,420.0,0.22094874855817503
s9,G,440.0,0.23177474681281568
s9,G,460.0,0.2258123270485733
s9,G,480.0,0.16622701290622713
s9,G,500.0,0.2558782390885071
s9,G,520.0,0.19208044172606648
s9,G,540.0,0.04903650031702439
s9,G,560.0,-0.16237917212455868
s9,G,580.0,-0.04133520803435593
s9,G,600.0,0.21021849733126596
s9,G,620.0,0.10883350218795655
s9,G,640.0,0.19595828996635578
s9,G,660.0,0.294905864800592
s9,G,680.0,0.14822106288367254
s9,G,700.0,0.20844823574638746
s9,G,720.0,0.2509253238756647
s9,G,740.0,0.27423180256256663
s9,G,760.0,0.22631840844085077
s9,G,780.0,0.09179658049256152
s9,G,800.0,0.1457390142075643
s9,G,820.0,0.1813441845471881
s9,G,840.0,0.16746638936215963
s9,G,860.0,0.24916120906355005
s9,G,880.0,0.30356636185203256
s9,G,900.0,0.2970073888914295
s9,G,920.0,0.4323249262279971
s9,G,940.0,0.5322765965741407
s9,G,960.0,0.5349688173692675
s9,G,980.0,0.4956798087972709
s9,A,0.0,0.17975459378213993
s9,A,20.0,0.1632245743145704
s9,A,40.0,0.21465003072077482
s9,A,60.0,0.1840915174090898
s9,A,80.0,0.09808221959720168
s9,A,100.0,0.01918790164481568
s9,A,120.0,-0.04340376995754168
s9,A,140.0,-0.007976926752836053
s9,A,160.0,0.017815446587984306
s9,A,180.0,0.04743027134248844
s9,A,200.0,0.15260451401168704
s9,A,220.0,0.03683248403461784
s9,A,240.0,-0.05959735795921472
s9,A,260.0,0.08796658302202148
s9,A,280.0,0.10759289061118255
s9,A,300.0,-0.08317363496105648
s9,A,320.0,-0.18547106503703736
s9,A,340.0,-0.11373098596939783
s9,A,360.0,-0.19131755258781774
s9,A,380.0,-0.2686618998703496
s9,A,400.0,-0.058126282626007386
s9,A,420.0,0.1563218107850483
s9,A,440.0,-0.2263702034194261
s9,A,460.0,-0.3752125428552001
s9,A,480.0,-0.047752472495643176
s9,A,500.0,-0.12306648335497261
s9,A,520.0,-0.2801297279635126
s9,A,540.0,-0.14253558037059946
s9,A,560.0,-0.04283102772670848
s9,A,580.0,-0.10798023738773402
s9,A,600.0,-0.1868233269208027
s9,A,620.0,-0.07613102048168813
s9,A,640.0,-0.1208263516893974
s9,A,660.0,-0.23602032898956218
s9,A,680.0,-0.04310382344038538
s9,A,700.0,-0.0668822112831403
s9,A,720.0,-0.062296796126431554
s9,A,740.0,0.1926349306682416
s9,A,760.0,0.07547945295523659
s9,A,780.0,-0.031148917982214835
s9,A,800.0,-0.0721168230819843
s9,A,820.0,-0.303220465043352
s9,A,840.0,-0.21305848999385096
s9,A,860.0,-0.10576530543027166
s9,A,880.0,-0.16697618353823515
s9,A,900.0,-0.24851258306934987
s9,A,920.0,-0.22560282446672994
s9,A,940.0,-0.29458986632579853
s9,A,960.0,-0.2915975589275056
s9,A,980.0,-0.28452167498067316
s9,I,0.0,-0.21087589808450508
s9,I,20.0,-0.2463170739156987
s9,I,40.0,-0.10469419382599364
s9,I,60.0,-0.2524663885081162
s9,I,80.0,-0.27946175774140736
s9,I,100.0,-0.10351860731890306
s9,I,120.0,0.11353414376286335
s9,I,140.0,-0.012451194886444167
s9,I,160.0,-0.22369965373311904
s9,I,180.0,-0.25602951003138286
s9,I,200.0,-0.3143593119240589
s9,I,220.0,-0.10141264640752488
s9,I,240.0,-0.10985201056821234
s9,I,260.0,-0.29256842091672103
s9,I,280.0,-0.22935668594359798
s9,I,300.0,-0.14013891522249827
s9,I,320.0,-0.07684099296024512
s9,I,340.0,-0.12501712151260383
s9,I,360.0,-0.18882742298067923
s9,I,380.0,-0.1223120659125883
s9,I,400.0,-0.19552457294305303
s9,I,420.0,-0.2901362755645702
s9,I,440.0,-0.0311186841543358
s9,I,460.0,-0.006808239951263756
s9,I,480.0,-0.15858231994897848
s9,I,500.0,-0.0114703919799779
s9,I,520.0,0.2593524261066264
s9,I,540.0,0.06310258178737418
s9,I,560.0,0.08544088920378812
s9,I,580.0,-0.07069539975807301
s9,I,600.0,0.2095536160117173
s9,I,620.0,0.1584208240556021
s9,I,640.0,0.12451189071401378
s9,I,660.0,0.1636629084064232
s9,I,680.0,-0.080608548372822
s9,I,700.0,-0.15459973258375512
s9,I,720.0,-0.15239483067139
s9,I,740.0,-0.3843848656241905
s9,I,760.0,-0.2589248948199717
s9,I,780.0,0.09971172990052928
s9,I,800.0,-0.0972232758560356
s9,I,820.0,-0.049178780312346244
s9,I,840.0,-0.026830562788386754
s9,I,860.0,-0.0417164706386416
s9,I,880.0,-0.07530186646278397
s9,I,900.0,-0.021623062395524
s9,I,920.0,0.057124618458005066
s9,I,940.0,0.05860984164074729
s9,I,960.0,0.03201139209909306
s9,I,980.0,-0.028379900504145104
s10,G,0.0,0.1521544143211002
s10,G,20.0,-0.015245860890344892
s10,G,40.0,-0.16321873711156742
s10,G,60.0,-0.08731311425451269
s10,G,80.0,0.026604561869434322
s10,G,100.0,-0.1430935345232599
s10,G,120.0,-0.14075759556143141
s10,G,140.0,-0.15112406774867437
s10,G,160.0,-0.19585786248495068
s10,G,180.0,-0.26586637034036303
s10,G,200.0,-0.1256721148921756
s10,G,220.0,0.045567628211903306
s10,G,240.0,-0.10504659924282403
s10,G,260.0,-0.24870347174981772
s10,G,280.0,-0.13087948735783528
s10,G,300.0,-0.08833943015610093
s10,G,320.0,-0.06982062518747853
s10,G,340.0,-0.055484264311026876
s10,G,360.0,0.2332779665790976
s10,G,380.0,0.05573981197321162
s10,G,400.0,-0.38217683300927996
s10,G,420.0,-0.1058637206936161
s10,G,440.0,0.16773427862658458
s10,G,460.0,-0.11718716405909671
s10,G,480.0,-0.21626217332788744
s10,G,500.0,0.1833956791446293
s10,G,520.0,0.04134452530372312
s10,G,540.0,-0.19426273081836698
s10,G,560.0,-0.02185754311860269
s10,G,580.0,0.27642618630121873
s10,G,600.0,0.10346728199719332
s10,G,620.0,-0.2963394538000211
s10,G,640.0,-0.1565961969209715
s10,G,660.0,0.1974524088300651
s10,G,680.0,0.17142934416809308
s10,G,700.0,0.0003169262709762366
s10,G,720.0,0.024573657470112968
s10,G,740.0,0.045979034187671096
s10,G,760.0,-0.07628627016238555
s10,G,780.0,-0.14801507320834204
s10,G,800.0,-0.13645975683068648
s10,G,820.0,-0.09610087940148687
s10,G,840.0,-0.12217233295397728
s10,G,860.0,-0.26338547112500155
s10,G,880.0,-0.26238317057416827
s10,G,900.0,-0.2226605200582111
s10,G,920.0,-0.3056338607793078
s10,G,940.0,-0.37182724057596545
s10,G,960.0,-0.40314561843026947
s10,G,980.0,-0.27719535020700226
s10,A,0.0,-0.20082242018777466
s10,A,20.0,-0.1760555298899073
s10,A,40.0,-0.1273326825312268
s10,A,60.0,-0.06714513244272713
s10,A,80.0,-0.0024822734604345864
s10,A,100.0,0.03131319793175563
s10,A,120.0,-0.13025589510305136
s10,A,140.0,-0.20563958853002218
s10,A,160.0,-0.15293083062677104
s10,A,180.0,-0.0821071318354105
s10,A,200.0,-0.1511653077258333
s10,A,220.0,-0.07509031130863231
s10,A,240.0,0.015006777553354778
s10,A,260.0,0.0445190858127025
s10,A,280.0,-0.04133209294201928
s10,A,300.0,-0.13532170646100192
s10,A,320.0,-0.15645943247425112
s10,A,340.0,-0.44796038906179386
s10,A,360.0,-0.40119523427229487
s10,A,380.0,-0.35553778294690214
s10,A,400.0,-0.45338068079213595
s10,A,420.0,-0.6165124059569156
s10,A,440.0,-0.5309950603474082
s10,A,460.0,-0.4046109993095397
s10,A,480.0,-0.519931375153789
s10,A,500.0,-0.49053729840582916
s10,A,520.0,-0.18143907193523312
s10,A,540.0,-0.32551198679813087
s10,A,560.0,-0.5016974593347572
s10,A,580.0,-0.2846833682485455
s10,A,600.0,0.05662427753667719
s10,A,620.0,0.27650206106027597
s10,A,640.0,-0.23503727099413926
s10,A,660.0,-0.46572666314075456
s10,A,680.0,-0.09673354123787767
s10,A,700.0,0.07977226028617905
s10,A,720.0,-0.00447334465904178
s10,A,740.0,-0.19931204491654037
s10,A,760.0,-0.1690319557651117
s10,A,780.0,-0.028412588524694887
s10,A,800.0,-0.14159455976328947
s10,A,820.0,-0.37789450484839765
s10,A,840.0,-0.41383322167089037
s10,A,860.0,-0.3860927586917892
s10,A,880.0,-0.30380883752251947
s10,A,900.0,-0.3682069097795112
s10,A,920.0,-0.3860740220359658
s10,A,940.0,-0.15497821166218873
s10,A,960.0,-0.12798942927698037
s10,A,980.0,-0.2148560606520386
s10,I,0.0,0.01026502150825663
s10,I,20.0,0.019627957365887128
s10,I,40.0,0.23532106808440822
s10,I,60.0,0.22686962836802993
s10,I,80.0,0.026620121993668616
s10,I,100.0,-0.11672918354655898
s10,I,120.0,-0.0060212687953973
s10,I,140.0,0.26097317525020014
s10,I,160.0,0.32593829789739703
s10,I,180.0,0.09001653773777783
s10,I,200.0,0.011900799126038954
s10,I,220.0,0.17739394937817865
s10,I,240.0,0.3262921774420958
s10,I,260.0,0.3383662183206939
s10,I,280.0,0.37818498811805623
s10,I,300.0,0.3771426460627646
s10,I,320.0,0.09907384428165969
s10,I,340.0,0.4602926301901243
s10,I,360.0,0.5770089136310346
s10,I,380.0,0.42760636328965884
s10,I,400.0,0.4151915736061295
s10,I,420.0,1.0864238755067042
s10,I,440.0,0.8744571237078009
s10,I,460.0,0.19720882101372572
s10,I,480.0,0.4363203068303799
s10,I,500.0,0.960281207633685
s10,I,520.0,0.7970806401745204
s10,I,540.0,0.4984984945142802
s10,I,560.0,0.6265782599895859
s10,I,580.0,0.3475102724554161
s10,I,600.0,0.3176356402953762
s10,I,620.0,0.6371147222183571
s10,I,640.0,0.512178549318074
s10,I,660.0,0.30374113819582543
s10,I,680.0,0.2363402957577399
s10,I,700.0,0.3968357869797307
s10,I,720.0,0.3287018009576177
s10,I,740.0,0.19773550588752606
s10,I,760.0,0.20118842695053413
s10,I,780.0,0.19417199328340803
s10,I,800.0,0.2907173362310423
s10,I,820.0,0.6465993031080806
s10,I,840.0,0.8138538422389301
s10,I,860.0,0.8012292649592041
s10,I,880.0,0.3578229035742658
s10,I,900.0,0.28216847411973917
s10,I,920.0,0.5813729047785885
s10,I,940.0,0.49049449182430654
s10,I,960.0,0.47577014513571547
s10,I,980.0,0.3892421242293179
s11,G,0.0,-0.11339508146481603
s11,G,20.0,-0.20047262151385295
s11,G,40.0,-0.4252200960193462
s11,G,60.0,-0.06314342804444051
s11,G,80.0,0.06200471062291982
s11,G,100.0,-0.034317131957163724
s11,G,120.0,-0.2850625073596516
s11,G,140.0,-0.37435473042824235
s11,G,160.0,-0.24807681579043472
s11,G,180.0,-0.3976938235392692
s11,G,200.0,-0.39172849147749594
s11,G,220.0,-0.3147529105896094
s11,G,240.0,-0.3874574047219963
s11,G,260.0,-0.37541306152896137
s11,G,280.0,-0.42557889761102907
s11,G,300.0,-0.58268722619956
s11,G,320.0,-0.6305560409047642
s11,G,340.0,-0.5396726021936699
s11,G,360.0,-0.34237220550219805
s11,G,380.0,-0.3979546568114629
s11,G,400.0,-0.4616369788311349
s11,G,420.0,-0.41676088509323644
s11,G,440.0,-0.47670134561409017
s11,G,460.0,-0.5018183798295786
s11,G,480.0,-0.37267991417169977
s11,G,500.0,-0.23636522157887563
s11,G,520.0,-0.2572464517176471
s11,G,540.0,-0.370199546276068
s11,G,560.0,-0.1870385564076061
s11,G,580.0,-0.18661939599124372
s11,G,600.0,-0.2605963056264284
s11,G,620.0,-0.274385010564789
s11,G,640.0,-0.24923113208639727
s11,G,660.0,-0.32250553477292887
s11,G,680.0,-0.12517041774233467
s11,G,700.0,-0.20495980848510384
s11,G,720.0,-0.3106230769884224
s11,G,740.0,-0.2753547956201348
s11,G,760.0,-0.14753400057420923
s11,G,780.0,-0.21522552986392746
s11,G,800.0,-0.2566222375439116
s11,G,820.0,-0.3104544591493876
s11,G,840.0,-0.2663932230684876
s11,G,860.0,-0.12389474497670314
s11,G,880.0,-0.28847436510847146
s11,G,900.0,-0.28229894745794337
s11,G,920.0,-0.08636309033837622
s11,G,940.0,-0.2240428494176434
s11,G,960.0,-0.3314070846025216
s11,G,980.0,-0.27728762601626966
s11,A,0.0,0.002556580676958936
s11,A,20.0,0.04928276235576808
s11,A,40.0,0.294396750619894
s11,A,60.0,0.2567899992673474
s11,A,80.0,0.3219530325647363
s11,A,100.0,0.4345444913017298
s11,A,120.0,0.6020043749222266
s11,A,140.0,0.5483466028438079
s11,A,160.0,0.5220823078256926
s11,A,180.0,0.15201213278383033
s11,A,200.0,0.029825832629041857
s11,A,220.0,0.1625909029032775
s11,A,240.0,0.1437221578586811
s11,A,260.0,0.19536340296821939
s11,A,280.0,0.22923290026807744
s11,A,300.0,0.2377025586029496
s11,A,320.0,0.0765055188092294
s11,A,340.0,0.2231268720495728
s11,A,360.0,0.07555764812377161
s11,A,380.0,-0.04414926287412202
s11,A,400.0,0.04650335650049038
s11,A,420.0,0.029502338418102098
s11,A,440.0,-0.0511977453371123
s11,A,460.0,-0.08698369949768167
s11,A,480.0,-0.10542046336935287
s11,A,500.0,-0.08233779800049804
s11,A,520.0,-0.004493994455311706
s11,A,540.0,-0.020596339524017404
s11,A,560.0,-0.20747499465498162
s11,A,580.0,-0.1317342043998282
s11,A,600.0,-0.12962065679545628
s11,A,620.0,0.2307684559403431
s11,A,640.0,0.04728592583635699
s11,A,660.0,-0.2814907868890909
s11,A,680.0,-0.11798625122306264
s11,A,700.0,0.043208652302205275
s11,A,720.0,-0.10797007554113361
s11,A,740.0,-0.25822193743861355
s11,A,760.0,-0.24057696038586351
s11,A,780.0,-0.1576142254430269
s11,A,800.0,-0.14160922898992712
s11,A,820.0,-0.10691804235918889
s11,A,840.0,-0.0657680661484554
s11,A,860.0,-0.030001813274079192
s11,A,880.0,0.010985916470846818
s11,A,900.0,0.10241702781491188
s11,A,920.0,0.2716895234576071
s11,A,940.0,0.23692531149219226
s11,A,960.0,0.21111750849469774
s11,A,980.0,-0.04189601172234858
s11,I,0.0,-0.17708215928464618
s11,I,20.0,-0.14720562004184368
s11,I,40.0,-0.23101336836587782
s11,I,60.0,-0.5993442767762616
s11,I,80.0,-0.6515520611784633
s11,I,100.0,-0.6429820618883895
s11,I,120.0,-0.6484788883199255
s11,I,140.0,-0.43608492041887625
s11,I,160.0,-0.4486170763835112
s11,I,180.0,-0.04364753727337298
s11,I,200.0,-0.016977653213756022
s11,I,220.0,-0.4364680025693729
s11,I,240.0,-0.5896286111314338
s11,I,260.0,-0.4906412271200506
s11,I,280.0,-0.43047418105893676
s11,I,300.0,-0.27220120115909485
s11,I,320.0,-0.02148179715664865
s11,I,340.0,-0.02025490400191654
s11,I,360.0,-0.22303898366386052
s11,I,380.0,-0.058222180614984576
s11,I,400.0,0.08237368011293744
s11,I,420.0,-0.07472120849858052
s11,I,440.0,0.0021258505722635546
s11,I,460.0,-0.016690399760557584
s11,I,480.0,0.2654666926756654
s11,I,500.0,-0.05741488168307482
s11,I,520.0,-0.27195929341074326
s11,I,540.0,0.21005445744413465
s11,I,560.0,0.1329256210846434
s11,I,580.0,0.0951656330805713
s11,I,600.0,-0.15078938949521636
s11,I,620.0,-0.41209735249137214
s11,I,640.0,-0.015432661909297929
s11,I,660.0,0.282925526717257
s11,I,680.0,0.014239483821938792
s11,I,700.0,-0.25533145681855857
s11,I,720.0,0.2104407534530638
s11,I,740.0,0.20726040363297915
s11,I,760.0,-0.04216507026625349
s11,I,780.0,-0.05220504439202989
s11,I,800.0,0.042562198168312415
s11,I,820.0,-0.19350738876060913
s11,I,840.0,-0.49306976956453336
s11,I,860.0,-0.2962000131531314
s11,I,880.0,-0.0694288709719521
s11,I,900.0,-0.29017665335911463
s11,I,920.0,-0.6483145223312488
s11,I,940.0,-0.2585630411496945
s11,I,960.0,0.008169847519139406
s11,I,980.0,0.08107402668585431
s12,G,0.0,-0.14689949994494053
s12,G,20.0,-0.20444482689735724
s12,G,40.0,-0.3092602997999645
s12,G,60.0,-0.22130024896334757
s12,G,80.0,-0.06505575373282585
s12,G,100.0,-0.03408585393563966
s12,G,120.0,0.1318293414245478
s12,G,140.0,0.2324361826821268
s12,G,160.0,0.21245227957554205
s12,G,180.0,0.20206859836544172
s12,G,200.0,0.17433389719904765
s12,G,220.0,0.09021189763907599
s12,G,240.0,0.022228239058239212
s12,G,260.0,0.3149819171207268
s12,G,280.0,0.4259888251951096
s12,G,300.0,0.3394543503569568
s12,G,320.0,0.13819210574075885
s12,G,340.0,0.1812780165307834
s12,G,360.0,0.41216662775700397
s12,G,380.0,0.5078944780704974
s12,G,400.0,-0.022840796272074006
s12,G,420.0,-0.07521186720563566
s12,G,440.0,0.46423664178099405
s12,G,460.0,0.6556934388324586
s12,G,480.0,0.16037542114561487
s12,G,500.0,-0.3660287724902903
s12,G,520.0,0.15538297522508426
s12,G,540.0,0.6275940116215342
s12,G,560.0,0.16140330367360423
s12,G,580.0,-0.3437049988124846
s12,G,600.0,-0.14629942253768452
s12,G,620.0,0.328437649027869
s12,G,640.0,0.4395644663540512
s12,G,660.0,-0.10594139645157521
s12,G,680.0,-0.23786007287100608
s12,G,700.0,-0.11781638429618843
s12,G,720.0,0.03580233069523488
s12,G,740.0,-0.018271842534933566
s12,G,760.0,-0.17922077771272932
s12,G,780.0,-0.1419724708544921
s12,G,800.0,-0.016225581986832896
s12,G,820.0,-0.1458124922802874
s12,G,840.0,-0.27479909277086967
s12,G,860.0,-0.14567551330955655
s12,G,880.0,-0.12608692922874715
s12,G,900.0,-0.08247931190422886
s12,G,920.0,-0.12837307598611794
s12,G,940.0,-0.2531916547513165
s12,G,960.0,-0.2327403432692941
s12,G,980.0,-0.0006543308452344535
s12,A,0.0,0.18514312094814822
s12,A,20.0,0.21572967584205882
s12,A,40.0,0.37042624601870866
s12,A,60.0,0.31273110096686346
s12,A,80.0,0.008810139225794655
s12,A,100.0,-0.0782818510244683
s12,A,120.0,-0.03621697266309763
s12,A,140.0,-0.03715766151976541
s12,A,160.0,-0.02407267422220242
s12,A,180.0,0.003146968068611901
s12,A,200.0,-0.15610989799239863
s12,A,220.0,-0.14069874451968328
s12,A,240.0,-0.06770107184278136
s12,A,260.0,0.013044794521718445
s12,A,280.0,-0.06906268336634169
s12,A,300.0,-0.28610212671340635
s12,A,320.0,-0.1276398447349897
s12,A,340.0,0.003943200758447056
s12,A,360.0,-0.048530538749053796
s12,A,380.0,-0.3264972440860339
s12,A,400.0,-0.15220462274572527
s12,A,420.0,-0.023743016715077905
s12,A,440.0,-0.31127911138898023
s12,A,460.0,-0.2774323974313248
s12,A,480.0,-0.04077816652633573
s12,A,500.0,0.021772148940193803
s12,A,520.0,-0.32907901927429806
s12,A,540.0,-0.039674864744107835
s12,A,560.0,0.20521336474297733
s12,A,580.0,-0.14586996675732428
s12,A,600.0,-0.47365484108656286
s12,A,620.0,0.10815236708773056
s12,A,640.0,0.5645214268493629
s12,A,660.0,0.3239383615599706
s12,A,680.0,-0.06241947968547208
s12,A,700.0,-0.005198663048643151
s12,A,720.0,0.31796219231003797
s12,A,740.0,0.2765297369874186
s12,A,760.0,0.18302229048133578
s12,A,780.0,-0.0011343541179333616
s12,A,800.0,0.0762115135928314
s12,A,820.0,0.2353831439656885
s12,A,840.0,0.2136840512940706
s12,A,860.0,0.13295219750589335
s12,A,880.0,0.12839721392951597
s12,A,900.0,-0.019560078725942356
s12,A,920.0,-0.10257698091660347
s12,A,940.0,-0.06290549906618384
s12,A,960.0,-0.01902060211164096
s12,A,980.0,-0.061252565925819416
s12,I,0.0,-0.15192620870344828
s12,I,20.0,-0.44381867011863363
s12,I,40.0,-0.5657740199904999
s12,I,60.0,-0.450999514071778
s12,I,80.0,0.0017139177884804846
s12,I,100.0,-0.03607078647444658
s12,I,120.0,-0.16351947991836352
s12,I,140.0,-0.20352728266088166
s12,I,160.0,-0.2829026655911646
s12,I,180.0,-0.24977649705771665
s12,I,200.0,0.09793531585911303
s12,I,220.0,0.29900496720508574
s12,I,240.0,0.1277506436360815
s12,I,260.0,-0.10499487154531084
s12,I,280.0,0.05695083980003618
s12,I,300.0,0.35691126001411266
s12,I,320.0,-0.008107646735988037
s12,I,340.0,-0.3301977100475102
s12,I,360.0,0.0676680700201916
s12,I,380.0,0.17759744960863183
s12,I,400.0,-0.05657729515842796
s12,I,420.0,0.16062670291431483
s12,I,440.0,0.6127792388872589
s12,I,460.0,0.40416842062159275
s12,I,480.0,-0.3069229654077447
s12,I,500.0,-0.09896130694643074
s12,I,520.0,0.4953107960459481
s12,I,540.0,0.42200767308095266
s12,I,560.0,-0.15200141384444965
s12,I,580.0,-0.1046609521658928
s12,I,600.0,0.8907524227373986
s12,I,620.0,0.6536923226464982
s12,I,640.0,-0.6530199078179788
s12,I,660.0,-0.5600563742402007
s12,I,680.0,0.007779541822654959
s12,I,700.0,0.07040321651236708
s12,I,720.0,-0.5093557977909126
s12,I,740.0,-0.6622144234736864
s12,I,760.0,-0.2775417370908161
s12,I,780.0,0.2081545534395857
s12,I,800.0,0.17972303950334498
s12,I,820.0,-0.12634650550068838
s12,I,840.0,0.15394513185453879
s12,I,860.0,0.30066426963728426
s12,I,880.0,0.22103138854355137
s12,I,900.0,0.28255276195725304
s12,I,920.0,0.4134304300107384
s12,I,940.0,0.21831545041658992
s12,I,960.0,-0.02224741524723301
s12,I,980.0,-0.04312770703346982
s13,G,0.0,0.07388062268159949
s13,G,20.0,-0.060309405321603185
s13,G,40.0,0.02737287478742626
s13,G,60.0,0.2458765942501227
s13,G,80.0,0.05300718051967018
s13,G,100.0,0.001756054399231849
s13,G,120.0,0.034227312514656105
s13,G,140.0,-0.07564713360444722
s13,G,160.0,-0.056452604229853875
s13,G,180.0,-0.2561647466855223
s13,G,200.0,-0.3011481672649459
s13,G,220.0,-0.21859148869302053
s13,G,240.0,-0.11189534878458739
s13,G,260.0,-0.20016786469451356
s13,G,280.0,-0.2610927266084404
s13,G,300.0,-0.10493024618899927
s13,G,320.0,-0.07670249635413795
s13,G,340.0,0.0422493609121665
s13,G,360.0,0.041590433871377584
s13,G,380.0,0.06461439613852506
s13,G,400.0,-0.030035529708872133
s13,G,420.0,-0.058588284502871193
s13,G,440.0,0.11296705167661619
s13,G,460.0,0.1521067478935115
s13,G,480.0,-0.502293687131014
s13,G,500.0,-0.10154159043382617
s13,G,520.0,0.27897852774784027
s13,G,540.0,0.1318981771573603
s13,G,560.0,-0.24535022187720323
s13,G,580.0,-0.3464536296455024
s13,G,600.0,0.18674862593611558
s13,G,620.0,-0.07548179605372823
s13,G,640.0,-0.6176838307691497
s13,G,660.0,-0.5337234848961769
s13,G,680.0,-0.22385492026406945
s13,G,700.0,-0.4812420541424257
s13,G,720.0,-0.6048995497223204
s13,G,740.0,-0.6662970556051845
s13,G,760.0,-0.835162659859837
s13,G,780.0,-0.5852854888233755
s13,G,800.0,-0.5156475883924899
s13,G,820.0,-0.5126661125535324
s13,G,840.0,-0.46000944658236625
s13,G,860.0,-0.19750650465675879
s13,G,880.0,-0.11293306768723241
s13,G,900.0,-0.15763064000249505
s13,G,920.0,-0.31732956153145225
s13,G,940.0,-0.31520604967098287
s13,G,960.0,-0.3701899626148989
s13,G,980.0,-0.2833759559477273
s13,A,0.0,0.1737664065966566
s13,A,20.0,0.33974862404732076
s13,A,40.0,0.3716650595464335
s13,A,60.0,0.04617301984926714
s13,A,80.0,0.14486254047098
s13,A,100.0,0.19941846056494578
s13,A,120.0,0.2913458385778011
s13,A,140.0,0.4951284424757784
s13,A,160.0,0.23487945829429585
s13,A,180.0,0.32805291463113545
s13,A,200.0,0.3068395842079181
s13,A,220.0,0.052867206314084245
s13,A,240.0,0.12698927530907525
s13,A,260.0,0.36903501791895166
s13,A,280.0,0.14601725453494088
s13,A,300.0,-0.20782347630684156
s13,A,320.0,0.08575637085105582
s13,A,340.0,0.4084744417601791
s13,A,360.0,-0.19214780027639072
s13,A,380.0,-0.33729075449313833
s13,A,400.0,0.5483986071465218
s13,A,420.0,0.2923379385656256
s13,A,440.0,0.13594152658529973
s13,A,460.0,0.5510739309053517
s13,A,480.0,0.5319223919253453
s13,A,500.0,0.08367289996842496
s13,A,520.0,0.025229392191365642
s13,A,540.0,0.2436159752575245
s13,A,560.0,0.22198797656378488
s13,A,580.0,0.19781394256713536
s13,A,600.0,0.2256425938117316
s13,A,620.0,0.11057945780710267
s13,A,640.0,0.2681171228725696
s13,A,660.0,0.2911168491930255
s13,A,680.0,0.09662417949965924
s13,A,700.0,0.10367442297091634
s13,A,720.0,0.13689345018115584
s13,A,740.0,0.39897497439936425
s13,A,760.0,0.1845715732481663
s13,A,780.0,0.3218189562868952
s13,A,800.0,0.526343613841376
s13,A,820.0,0.4141002658368483
s13,A,840.0,0.09399176505204265
s13,A,860.0,0.025693753762198873
s13,A,880.0,0.036945470454869955
s13,A,900.0,0.0563549977974708
s13,A,920.0,0.16274778796233458
s13,A,940.0,0.08310939535165551
s13,A,960.0,-0.0500578111529027
s13,A,980.0,0.08710341822129844
s13,I,0.0,-0.1572084528665967
s13,I,20.0,-0.2618739718444194
s13,I,40.0,-0.46226760603873607
s13,I,60.0,-0.3733738302273874
s13,I,80.0,0.13516215440506674
s13,I,100.0,0.2985565395079754
s13,I,120.0,-0.16378885246884423
s13,I,140.0,-0.4245649135157042
s13,I,160.0,-0.09292988339948272
s13,I,180.0,-0.0798338146949671
s13,I,200.0,-0.3761726828191136
s13,I,220.0,-0.4349167766729727
s13,I,240.0,-0.49275167604825443
s13,I,260.0,0.0025420638186813838
s13,I,280.0,-0.07814725905009776
s13,I,300.0,0.03736594843578239
s13,I,320.0,0.16470939308070148
s13,I,340.0,-0.31830018763995355
s13,I,360.0,0.028396452379933393
s13,I,380.0,0.0926450807594478
s13,I,400.0,-0.6993514600878367
s13,I,420.0,-0.5770967927512873
s13,I,440.0,-0.2257455106449175
s13,I,460.0,-0.8005461549180459
s13,I,480.0,-0.5598035493953504
s13,I,500.0,0.0020534224414128846
s13,I,520.0,-0.26562352327715527
s13,I,540.0,-0.5113330656043934
s13,I,560.0,-0.5479970660150884
s13,I,580.0,-0.04945409836200011
s13,I,600.0,0.09085636826328403
s13,I,620.0,-0.16514156391884172
s13,I,640.0,-0.3094496693220047
s13,I,660.0,-0.08040665546158178
s13,I,680.0,0.20644944200807944
s13,I,700.0,0.149182009883551
s13,I,720.0,0.16225203331051727
s13,I,740.0,0.029923552255982533
s13,I,760.0,0.06243149702373636
s13,I,780.0,-0.08644765506113843
s13,I,800.0,-0.2755102779668416
s13,I,820.0,0.15233564027876928
s13,I,840.0,0.24014636816489598
s13,I,860.0,0.022596272127764383
s13,I,880.0,0.11415120109303512
s13,I,900.0,0.2525948719593547
s13,I,920.0,0.3539109683366159
s13,I,940.0,0.5193526350604474
s13,I,960.0,0.6074512920505979
s13,I,980.0,0.43515232879356125
s14,G,0.0,0.06576830298910363
s14,G,20.0,-0.10099211563873445
s14,G,40.0,-0.3143960206266666
s14,G,60.0,-0.12651440196356983
s14,G,80.0,-0.018483444386113143
s14,G,100.0,-0.19256369086460876
s14,G,120.0,-0.1764106140548129
s14,G,140.0,-0.020891290012019906
s14,G,160.0,-0.031873013754263116
s14,G,180.0,0.12179578793869963
s14,G,200.0,0.00559482067064835
s14,G,220.0,0.013797735329033056
s14,G,240.0,0.04481170580516117
s14,G,260.0,0.06440871626166275
s14,G,280.0,0.1758889819423496
s14,G,300.0,0.2917469427027306
s14,G,320.0,0.3698956918905464
s14,G,340.0,0.21891641882236396
s14,G,360.0,0.006354849940441096
s14,G,380.0,-0.36892623187310136
s14,G,400.0,-0.2696629519144583
s14,G,420.0,-0.004709910003760642
s14,G,440.0,-0.05375423068818459
s14,G,460.0,-0.2565939127404253
s14,G,480.0,-0.1734124538585921
s14,G,500.0,0.038746342905683476
s14,G,520.0,0.1858740785430149
s14,G,540.0,-0.03670649021913722
s14,G,560.0,-0.2733361386836774
s14,G,580.0,0.051158215609756044
s14,G,600.0,-0.13827515525705875
s14,G,620.0,-0.14291844116518737
s14,G,640.0,-0.14506467332547948
s14,G,660.0,-0.29749243958024274
s14,G,680.0,-0.12418798070723236
s14,G,700.0,0.04347105746091029
s14,G,720.0,0.16039305629702202
s14,G,740.0,0.19112401918314292
s14,G,760.0,-0.10571461869668318
s14,G,780.0,-0.1759454321816366
s14,G,800.0,-0.04282398838538105
s14,G,820.0,-0.14995619669452318
s14,G,840.0,-0.09172602758601113
s14,G,860.0,-0.07763397785538692
s14,G,880.0,0.1994538425985521
s14,G,900.0,0.2615537838886942
s14,G,920.0,0.005988057021445184
s14,G,940.0,-0.020942677699548773
s14,G,960.0,0.04566549549805379
s14,G,980.0,0.18221448932109835
s14,A,0.0,-0.09374760635450091
s14,A,20.0,0.2286425879661534
s14,A,40.0,0.1123332523991778
s14,A,60.0,0.17126105157440713
s14,A,80.0,0.4152025594590849
s14,A,100.0,0.1692199100354968
s14,A,120.0,0.10777636489172487
s14,A,140.0,0.08898303757109804
s14,A,160.0,0.025306006496530864
s14,A,180.0,0.01258690820532904
s14,A,200.0,0.03637814567313952
s14,A,220.0,-0.07619739032666889
s14,A,240.0,-0.02257677584624157
s14,A,260.0,-0.014608799947614437
s14,A,280.0,0.12330131290943375
s14,A,300.0,0.12700384235629064
s14,A,320.0,0.1741832060298063
s14,A,340.0,0.4275406718417325
s14,A,360.0,0.6347962475646025
s14,A,380.0,0.3884875364541661
s14,A,400.0,-0.08039702427571853
s14,A,420.0,0.08871174973384797
s14,A,440.0,0.33074421457506625
s14,A,460.0,0.2903962698391582
s14,A,480.0,0.16825937113070305
s14,A,500.0,0.2728019647225623
s14,A,520.0,0.3630391530822362
s14,A,540.0,0.2989581094520244
s14,A,560.0,0.11496202519233921
s14,A,580.0,0.05569379133209257
s14,A,600.0,0.04149706791481533
s14,A,620.0,-0.1799595592501816
s14,A,640.0,-0.3615070046593019
s14,A,660.0,-0.057084752056704435
s14,A,680.0,0.27511216599088933
s14,A,700.0,0.3133522334151985
s14,A,720.0,-0.08468518674847186
s14,A,740.0,-0.263538742954242
s14,A,760.0,-0.03100747839130616
s14,A,780.0,0.16401512615848948
s14,A,800.0,0.21008417920422914
s14,A,820.0,0.005282283080894679
s14,A,840.0,0.07071541547715221
s14,A,860.0,0.22503424929854093
s14,A,880.0,0.17336504671969874
s14,A,900.0,-0.09614114012053929
s14,A,920.0,-0.0010458344670614406
s14,A,940.0,-0.0650473762107705
s14,A,960.0,0.24313767875191059
s14,A,980.0,0.21245991287986704
s14,I,0.0,0.29951266049973224
s14,I,20.0,0.01844366381614886
s14,I,40.0,-0.009146172985037594
s14,I,60.0,0.10682732331450709
s14,I,80.0,0.034180498741253666
s14,I,100.0,0.17791767732530672
s14,I,120.0,0.16341608453663378
s14,I,140.0,0.07356695583492832
s14,I,160.0,0.11730044181581609
s14,I,180.0,0.11194233051366309
s14,I,200.0,-0.032235101426944024
s14,I,220.0,-0.15119795177149445
s14,I,240.0,-0.12808554703575578
s14,I,260.0,0.011211939440680357
s14,I,280.0,-0.0025791270939364286
s14,I,300.0,-0.4409979911621088
s14,I,320.0,-0.8775662293966646
s14,I,340.0,-0.26914276562965833
s14,I,360.0,0.15503468762373715
s14,I,380.0,-0.07252680191509711
s14,I,400.0,-0.13851924670209445
s14,I,420.0,-0.39426105990762556
s14,I,440.0,-0.5639164602802094
s14,I,460.0,-0.4740688334759289
s14,I,480.0,-0.21663371009751659
s14,I,500.0,-0.43673837678085625
s14,I,520.0,-0.5808457406002577
s14,I,540.0,-0.2871710766279836
s14,I,560.0,-0.5003745112200882
s14,I,580.0,-0.6594054763695986
s14,I,600.0,-0.18318509641862632
s14,I,620.0,-0.0865044841979293
s14,I,640.0,-0.14262127350342818
s14,I,660.0,-0.13485315805617287
s14,I,680.0,-0.19670551757934157
s14,I,700.0,-0.35205104369157825
s14,I,720.0,-0.6032872075233975
s14,I,740.0,-0.19660174207461908
s14,I,760.0,0.3242633270448874
s14,I,780.0,0.022874047291135402
s14,I,800.0,-0.38011535863230117
s14,I,820.0,-0.44916277878824323
s14,I,840.0,-0.39621095759786523
s14,I,860.0,-0.6418917466833376
s14,I,880.0,-0.6801964015335495
s14,I,900.0,-0.2815684022341993
s14,I,920.0,-0.07832353475560158
s14,I,940.0,-0.1169224411056767
s14,I,960.0,-0.5059752549347372
s14,I,980.0,-0.4919289257184038
s15,G,0.0,0.13724654132773198
s15,G,20.0,0.3461128337184225
s15,G,40.0,0.4022157308890004
s15,G,60.0,0.34325636126308773
s15,G,80.0,0.22706974925282059
s15,G,100.0,0.1893377317228533
s15,G,120.0,0.3278622867987139
s15,G,140.0,0.39750948183021106
s15,G,160.0,0.3319883876650958
s15,G,180.0,0.2502257822268914
s15,G,200.0,0.2554193243665571
s15,G,220.0,0.190993541919638
s15,G,240.0,0.24453030735644427
s15,G,260.0,0.3890510430338891
s15,G,280.0,0.29950689062218694
s15,G,300.0,0.26799908098762804
s15,G,320.0,0.4948006248391199
s15,G,340.0,0.4567693486214467
s15,G,360.0,0.180821199556147
s15,G,380.0,0.21218567857305665
s15,G,400.0,0.41563914983021266
s15,G,420.0,0.5391729527984129
s15,G,440.0,0.3495493277633368
s15,G,460.0,0.2876013393812143
s15,G,480.0,0.2920536394995845
s15,G,500.0,0.26105559974957443
s15,G,520.0,0.2338109300687624
s15,G,540.0,0.42222628238713
s15,G,560.0,0.570627488956988
s15,G,580.0,0.41117802067143727
s15,G,600.0,-0.0423260282847845
s15,G,620.0,-0.049445376606507094
s15,G,640.0,0.1859870654481914
s15,G,660.0,0.19417650887013954
s15,G,680.0,0.06302667579514007
s15,G,700.0,0.1289329649442194
s15,G,720.0,0.09240921175874628
s15,G,740.0,0.0991755727078983
s15,G,760.0,-0.0637581179689625
s15,G,780.0,-0.11747851083148186
s15,G,800.0,-0.03129346765303298
s15,G,820.0,-0.17832645119686752
s15,G,840.0,-0.12564562826315281
s15,G,860.0,0.24016708425372746
s15,G,880.0,0.4026954369704302
s15,G,900.0,0.32481140893090604
s15,G,920.0,0.016297830312466503
s15,G,940.0,0.002372564122472793
s15,G,960.0,0.28946919308678015
s15,G,980.0,0.37403656565496496
s15,A,0.0,-0.029486052165771742
s15,A,20.0,-0.11368188960381453
s15,A,40.0,-0.4333135172340876
s15,A,60.0,-0.3087301964156822
s15,A,80.0,-0.20614278222811774
s15,A,100.0,-0.36205054772598744
s15,A,120.0,-0.3488027240934569
s15,A,140.0,-0.3447893560135737
s15,A,160.0,-0.038492894116358034
s15,A,180.0,-0.17712346228420334
s15,A,200.0,-0.266192990730551
s15,A,220.0,-0.0908461526460243
s15,A,240.0,-0.17837639293153715
s15,A,260.0,-0.1814843599081109
s15,A,280.0,-0.011396147363945675
s15,A,300.0,-0.13912330924361913
s15,A,320.0,-0.36339097553705524
s15,A,340.0,-0.411373644867582
s15,A,360.0,-0.29474536765918313
s15,A,380.0,-0.39754248919029683
s15,A,400.0,-0.4303604319841811
s15,A,420.0,-0.17149978574925406
s15,A,440.0,-0.017357645159548962
s15,A,460.0,-0.4622657660565606
s15,A,480.0,-0.5770402335336646
s15,A,500.0,-0.11726268095280673
s15,A,520.0,0.08638927182371856
s15,A,540.0,-0.3926029687932495
s15,A,560.0,-0.8347471333448602
s15,A,580.0,-0.3140055795254159
s15,A,600.0,0.09517082536622568
s15,A,620.0,-0.11170838728586095
s15,A,640.0,-0.6367504476584483
s15,A,660.0,-0.6355589971580844
s15,A,680.0,-0.4812405459001263
s15,A,700.0,-0.20059591438860885
s15,A,720.0,-0.09045804188563156
s15,A,740.0,-0.28591933742591413
s15,A,760.0,-0.3379332908235864
s15,A,780.0,-0.1792996074035993
s15,A,800.0,-0.1269999668031342
s15,A,820.0,-0.23193195296720828
s15,A,840.0,-0.18715891119183672
s15,A,860.0,-0.373399248349884
s15,A,880.0,-0.407783999809772
s15,A,900.0,-0.26741079260032463
s15,A,920.0,-0.060061609535334154
s15,A,940.0,0.0030563753342198463
s15,A,960.0,-0.060714906722594095
s15,A,980.0,-0.11016772903363949
s15,I,0.0,0.24949444901359694
s15,I,20.0,0.14062064967049395
s15,I,40.0,0.26571625759211354
s15,I,60.0,0.21960548312925973
s15,I,80.0,0.16236446316006686
s15,I,100.0,0.39696477235691696
s15,I,120.0,0.4296644472666347
s15,I,140.0,0.33817612936763064
s15,I,160.0,0.014169067858320367
s15,I,180.0,0.154208188680237
s15,I,200.0,0.13849227028163477
s15,I,220.0,0.15859782046714707
s15,I,240.0,0.14874939673321985
s15,I,260.0,-0.04838967478151955
s15,I,280.0,-0.08346477862109063
s15,I,300.0,0.31060272738139044
s15,I,320.0,0.4491236110083876
s15,I,340.0,0.22794832874492857
s15,I,360.0,0.10569715706177704
s15,I,380.0,0.595111699998553
s15,I,400.0,0.43807817496185997
s15,I,420.0,-0.4226658981028451
s15,I,440.0,-0.5653812502852182
s15,I,460.0,0.3149244523262315
s15,I,480.0,0.3774157561507926
s15,I,500.0,-0.1760229115757266
s15,I,520.0,-0.04492181611588925
s15,I,540.0,0.2486734751032899
s15,I,560.0,0.18359978260775806
s15,I,580.0,0.14907931660451162
s15,I,600.0,0.15596062182464673
s15,I,620.0,0.366859800322201
s15,I,640.0,0.4451743786964507
s15,I,660.0,0.5702585178579842
s15,I,680.0,0.4446098841970951
s15,I,700.0,0.025767995281503142
s15,I,720.0,-0.08363160113384781
s15,I,740.0,0.0034476015681361993
s15,I,760.0,0.08201064683297826
s15,I,780.0,-0.2057735424114259
s15,I,800.0,-0.23757691205074238
s15,I,820.0,0.19709024077834592
s15,I,840.0,-0.21968557134163055
s15,I,860.0,-0.3959830731884304
s15,I,880.0,-0.3843125466432589
s15,I,900.0,-0.2041444909719329
s15,I,920.0,-0.11573507606301439
s15,I,940.0,-0.18685732627604185
s15,I,960.0,-0.6298482841931076
s15,I,980.0,-0.5284298272088436
s16,G,0.0,0.03797683091231224
s16,G,20.0,-0.0002427481658811778
s16,G,40.0,-0.13150664040511537
s16,G,60.0,-0.20835307432574748
s16,G,80.0,-0.0945042909261348
s16,G,100.0,-0.18917123895879506
s16,G,120.0,-0.0959520185595617
s16,G,140.0,-0.01676853307904401
s16,G,160.0,-0.03411513035868446
s16,G,180.0,-0.07992888799281542
s16,G,200.0,-0.31486234964799
s16,G,220.0,-0.4115499684668402
s16,G,240.0,-0.15041513261489536
s16,G,260.0,0.07762295096096063
s16,G,280.0,-0.0650249036769461
s16,G,300.0,-0.21949861916133007
s16,G,320.0,-0.08120537518544921
s16,G,340.0,0.044055670016029974
s16,G,360.0,0.12800366033761576
s16,G,380.0,0.07657215055152428
s16,G,400.0,0.22049261605126538
s16,G,420.0,0.29881474711777023
s16,G,440.0,0.2084936531004549
s16,G,460.0,0.04423961768668872
s16,G,480.0,0.009900191326909679
s16,G,500.0,0.09657810779954765
s16,G,520.0,0.31715825817888
s16,G,540.0,0.3352069164856849
s16,G,560.0,0.3635440797557363
s16,G,580.0,0.350911439210967
s16,G,600.0,0.325148973978715
s16,G,620.0,0.29435975328865877
s16,G,640.0,0.29594026832477316
s16,G,660.0,0.22124745681531302
s16,G,680.0,0.07884881175764508
s16,G,700.0,-0.10720498002722798
s16,G,720.0,-0.19093007140889573
s16,G,740.0,-0.15537213162258584
s16,G,760.0,-0.17145200597673818
s16,G,780.0,-0.24644869876002085
s16,G,800.0,-0.1998037833075978
s16,G,820.0,-0.12747114555508987
s16,G,840.0,-0.22673511254592818
s16,G,860.0,-0.20175035534276264
s16,G,880.0,-0.14018227871430816
s16,G,900.0,-0.1510040643965833
s16,G,920.0,-0.04622901108076227
s16,G,940.0,-0.05344485469820051
s16,G,960.0,-0.014280326261860071
s16,G,980.0,0.1014774501383705
s16,A,0.0,0.19849269198073857
s16,A,20.0,0.26875781344616867
s16,A,40.0,0.05828102621922995
s16,A,60.0,-0.06185698778398077
s16,A,80.0,-0.052136555681435166
s16,A,100.0,-0.06428959253009559
s16,A,120.0,-0.09291563219014978
s16,A,140.0,-0.31126043302226225
s16,A,160.0,-0.27308423089990896
s16,A,180.0,-0.3630641587693735
s16,A,200.0,-0.3619629799813399
s16,A,220.0,-0.23713825870047542
s16,A,240.0,-0.14968099280278815
s16,A,260.0,-0.005140869804864612
s16,A,280.0,0.008600791668104985
s16,A,300.0,0.11151644989355008
s16,A,320.0,0.11713028069446563
s16,A,340.0,-0.005967611407942108
s16,A,360.0,-0.05008909371529857
s16,A,380.0,-0.04007380896112306
s16,A,400.0,-0.026513346779242275
s16,A,420.0,-0.27362005472251105
s16,A,440.0,-0.22653526165214233
s16,A,460.0,-0.04194491066022604
s16,A,480.0,-0.024507451328201896
s16,A,500.0,-0.08050632325200649
s16,A,520.0,-0.12414960818433185
s16,A,540.0,-0.148464165898092
s16,A,560.0,-0.006340828173767327
s16,A,580.0,0.05097765797833781
s16,A,600.0,0.3392845350000587
s16,A,620.0,0.5994401192042946
s16,A,640.0,0.22897976530788988
s16,A,660.0,-0.049629957871285366
s16,A,680.0,-0.05206529407755939
s16,A,700.0,-0.04508197567758793
s16,A,720.0,0.1711905572398315
s16,A,740.0,0.11295925396736921
s16,A,760.0,0.038743567479508606
s16,A,780.0,0.2042645592569322
s16,A,800.0,0.3907670968600349
s16,A,820.0,0.3965516470895862
s16,A,840.0,0.38760478946627125
s16,A,860.0,0.32565675769123664
s16,A,880.0,0.21781169506159276
s16,A,900.0,0.2752814595836661
s16,A,920.0,0.27891197407270013
s16,A,940.0,0.11894201664639475
s16,A,960.0,0.016202919107965494
s16,A,980.0,0.06897543929278248
s16,I,0.0,-0.558966537959823
s16,I,20.0,-0.7255497262217966
s16,I,40.0,-0.6827528144541337
s16,I,60.0,-0.5916389973741201
s16,I,80.0,-0.598920210317567
s16,I,100.0,-0.637516560911729
s16,I,120.0,-0.7264407881756536
s16,I,140.0,-0.6622489893747225
s16,I,160.0,-0.5929639835779841
s16,I,180.0,-0.5273803179375033
s16,I,200.0,-0.2685955521454395
s16,I,220.0,-0.3549882143683743
s16,I,240.0,-0.7040217005968514
s16,I,260.0,-0.8679499104122415
s16,I,280.0,-0.8515804859919888
s16,I,300.0,-0.8712497411897051
s16,I,320.0,-0.6344304347689244
s16,I,340.0,-0.5131407299939189
s16,I,360.0,-0.3080423050381149
s16,I,380.0,-0.2349549034578102
s16,I,400.0,-0.16327330531181888
s16,I,420.0,0.2855182822419033
s16,I,440.0,0.22797534240931563
s16,I,460.0,0.033706628516907575
s16,I,480.0,0.14537015178412016
s16,I,500.0,0.31402794035205683
s16,I,520.0,0.12935515603183548
s16,I,540.0,-0.10008378782173125
s16,I,560.0,-0.40868669378762446
s16,I,580.0,-0.5328629777690794
s16,I,600.0,-0.6389906140388953
s16,I,620.0,-0.8421965840554135
s16,I,640.0,-0.6575905518155685
s16,I,660.0,-0.6006511463704868
s16,I,680.0,-0.48995448530476343
s16,I,700.0,-0.44640207683781297
s16,I,720.0,-0.5867009169819215
s16,I,740.0,-0.5994718197652117
s16,I,760.0,-0.6041695824039358
s16,I,780.0,-0.860168555342016
s16,I,800.0,-0.9079581704454679
s16,I,820.0,-0.7811465349130533
s16,I,840.0,-0.7648727928245327
s16,I,860.0,-0.8386557944171279
s16,I,880.0,-0.7609772224182215
s16,I,900.0,-0.5916889425457857
s16,I,920.0,-0.571804268553215
s16,I,940.0,-0.4283515684631329
s16,I,960.0,-0.3235389972206268
s16,I,980.0,-0.3229797325226781
s17,G,0.0,0.1644818639448188
s17,G,20.0,-0.010811137981033829
s17,G,40.0,0.1793350553297166
s17,G,60.0,0.23195211934293283
s17,G,80.0,0.14753801855307225
s17,G,100.0,-0.0044742018721373455
s17,G,120.0,0.03272017338277294
s17,G,140.0,-0.10568966942502786
s17,G,160.0,0.04931274358877887
s17,G,180.0,0.09457295462780828
s17,G,200.0,0.0033522190324818124
s17,G,220.0,-0.19948421934096308
s17,G,240.0,-0.32409181725722713
s17,G,260.0,-0.36392518759715364
s17,G,280.0,-0.2594392854229413
s17,G,300.0,-0.11119897117629923
s17,G,320.0,-0.042917342924603946
s17,G,340.0,0.15031503187920997
s17,G,360.0,0.13743480799432345
s17,G,380.0,0.4155570943593893
s17,G,400.0,0.46092422716714343
s17,G,420.0,0.4606100891803942
s17,G,440.0,0.4481073275994567
s17,G,460.0,0.2257335288235358
s17,G,480.0,0.13984729920473593
s17,G,500.0,0.07765289427100755
s17,G,520.0,0.04085595907688804
s17,G,540.0,-0.10978387959868305
s17,G,560.0,-0.2178180108403739
s17,G,580.0,0.10314627896284531
s17,G,600.0,0.17011842669521227
s17,G,620.0,0.08806511114969466
s17,G,640.0,0.02799928693009321
s17,G,660.0,-0.19362518749881105
s17,G,680.0,-0.06933414964119045
s17,G,700.0,0.07822396269988555
s17,G,720.0,0.11686438826686157
s17,G,740.0,0.06826244748481239
s17,G,760.0,0.029020552336700214
s17,G,780.0,0.009059546881930072
s17,G,800.0,-0.0015248972069305446
s17,G,820.0,0.02513199723107149
s17,G,840.0,-0.0857356214012589
s17,G,860.0,-0.12129023568918242
s17,G,880.0,0.06733894010965141
s17,G,900.0,0.20108124171648517
s17,G,920.0,0.17567587993341166
s17,G,940.0,0.2509420613391147
s17,G,960.0,0.2953303069477133
s17,G,980.0,0.43443693169054803
s17,A,0.0,0.09920617531686476
s17,A,20.0,0.22099434244007926
s17,A,40.0,0.23449688543627356
s17,A,60.0,0.12111250500218698
s17,A,80.0,0.06769265154702875
s17,A,100.0,0.14258186721122923
s17,A,120.0,0.29089303747464934
s17,A,140.0,0.18705875188445723
s17,A,160.0,0.09116840058600949
s17,A,180.0,0.3392444173282491
s17,A,200.0,0.39259427743879083
s17,A,220.0,0.5201369831839444
s17,A,240.0,0.5321649773528495
s17,A,260.0,0.654765741206711
s17,A,280.0,0.6789148765380001
s17,A,300.0,0.46540005067150503
s17,A,320.0,0.3174025884037405
s17,A,340.0,0.27040566835963786
s17,A,360.0,0.2066737759353538
s17,A,380.0,0.08785825899885868
s17,A,400.0,0.04995955380992237
s17,A,420.0,0.14773757448395003
s17,A,440.0,-0.00019781686829763168
s17,A,460.0,-0.2217555606366782
s17,A,480.0,-0.2661397671053143
s17,A,500.0,-0.16283664198835934
s17,A,520.0,-0.03267425745452564
s17,A,540.0,-0.1393737920505747
s17,A,560.0,-0.18079000501645734
s17,A,580.0,-0.2764704209798553
s17,A,600.0,-0.2491818433707506
s17,A,620.0,-0.07393664926383159
s17,A,640.0,0.03761945865950997
s17,A,660.0,0.15092273549289115
s17,A,680.0,0.03709461967834894
s17,A,700.0,0.061807358469692486
s17,A,720.0,0.09145215661334129
s17,A,740.0,0.07341156500864587
s17,A,760.0,0.1338096336430306
s17,A,780.0,-0.0008026398084118452
s17,A,800.0,-0.05379316826088518
s17,A,820.0,-0.10422946538724859
s17,A,840.0,-0.052840263326900005
s17,A,860.0,-0.07760767352987086
s17,A,880.0,-0.06083290524350262
s17,A,900.0,0.060896400377968
s17,A,920.0,-0.03995741227147351
s17,A,940.0,0.060723042246579234
s17,A,960.0,0.10102467010574383
s17,A,980.0,0.01707286258087111
s17,I,0.0,-0.20492513366698062
s17,I,20.0,-0.2531085305630856
s17,I,40.0,-0.5614140952600759
s17,I,60.0,-0.5055415040145428
s17,I,80.0,-0.35651822535996014
s17,I,100.0,-0.19918262466295017
s17,I,120.0,-0.1731690342434632
s17,I,140.0,0.18366086980436896
s17,I,160.0,0.1447389827126843
s17,I,180.0,-0.34733733767358754
s17,I,200.0,-0.4149375064848275
s17,I,220.0,-0.41554141282564294
s17,I,240.0,-0.22563341847147517
s17,I,260.0,-0.1999514940553549
s17,I,280.0,-0.26514071174373527
s17,I,300.0,-0.2503617471539203
s17,I,320.0,-0.11627650014174179
s17,I,340.0,-0.24244991278058584
s17,I,360.0,-0.15801038313539545
s17,I,380.0,-0.22789524286104906
s17,I,400.0,-0.2876026589694268
s17,I,420.0,-0.1568648219950484
s17,I,440.0,0.1377331816235031
s17,I,460.0,0.452856713455889
s17,I,480.0,0.38886491817402113
s17,I,500.0,0.08426475832853747
s17,I,520.0,0.20196677438186
s17,I,540.0,0.15036821908593023
s17,I,560.0,0.40579641046768844
s17,I,580.0,0.40362022461900754
s17,I,600.0,0.23160132183865323
s17,I,620.0,0.0915205452067645
s17,I,640.0,0.07307311497692205
s17,I,660.0,0.3397336416306652
s17,I,680.0,0.5459391214357311
s17,I,700.0,0.33601011998065655
s17,I,720.0,0.43087452469720544
s17,I,740.0,0.610972932189554
s17,I,760.0,0.5879188796121817
s17,I,780.0,0.5308122402927005
s17,I,800.0,0.3861747328653014
s17,I,820.0,0.37013595079674855
s17,I,840.0,0.5900908572806522
s17,I,860.0,0.646273210645161
s17,I,880.0,0.15793572875835257
s17,I,900.0,0.0048981408363236245
s17,I,920.0,0.1672646044320494
s17,I,940.0,0.02457657064582594
s17,I,960.0,0.08130988452905694
s17,I,980.0,0.02693736296377988
s18,G,0.0,-0.022814449180393874
s18,G,20.0,0.002966670818838801
s18,G,40.0,0.0070467860457177215
s18,G,60.0,0.010546060224773451
s18,G,80.0,0.020563464622388516
s18,G,100.0,0.05946519733261801
s18,G,120.0,0.13526181816576283
s18,G,140.0,0.06162782227875696
s18,G,160.0,0.04042128838738603
s18,G,180.0,0.06885541894665194
s18,G,200.0,0.11977413052370006
s18,G,220.0,0.09972114084328447
s18,G,240.0,0.06366731055393349
s18,G,260.0,0.08159007601877236
s18,G,280.0,0.14986643674157554
s18,G,300.0,0.19779029807861728
s18,G,320.0,0.214852968918575
s18,G,340.0,0.20664928544317288
s18,G,360.0,0.2551822974382717
s18,G,380.0,0.2756414086093068
s18,G,400.0,0.26641627219685665
s18,G,420.0,0.2958651521376592
s18,G,440.0,0.32853963560855354
s18,G,460.0,0.41757828789898443
s18,G,480.0,0.47695461783026033
s18,G,500.0,0.4753915680258845
s18,G,520.0,0.4158098991975289
s18,G,540.0,0.4796778540743663
s18,G,560.0,0.6173007254595492
s18,G,580.0,0.624223122961895
s18,G,600.0,0.5030432464011623
s18,G,620.0,0.6003690218461744
s18,G,640.0,0.7867159581383514
s18,G,660.0,0.8056570899585607
s18,G,680.0,0.7989972119668564
s18,G,700.0,0.746040583537427
s18,G,720.0,0.703480690507382
s18,G,740.0,0.6992174181506118
s18,G,760.0,0.761994180314483
s18,G,780.0,0.8231735450162616
s18,G,800.0,0.7839470674317807
s18,G,820.0,0.7015880917733197
s18,G,840.0,0.6606191311042553
s18,G,860.0,0.651704358960166
s18,G,880.0,0.6580211386873357
s18,G,900.0,0.7104391634407693
s18,G,920.0,0.706694633593955
s18,G,940.0,0.6685405186133274
s18,G,960.0,0.5586120399791841
s18,G,980.0,0.5292187598757723
s18,A,0.0,0.13230487994024226
s18,A,20.0,0.09281700981313426
s18,A,40.0,0.07905217504619406
s18,A,60.0,0.11183068239514139
s18,A,80.0,0.15739404940053595
s18,A,100.0,0.08485339637156898
s18,A,120.0,0.075453361568923
s18,A,140.0,0.04001847091420851
s18,A,160.0,-0.018577158696859254
s18,A,180.0,-0.0777169285466035
s18,A,200.0,-0.158876557300699
s18,A,220.0,-0.13676583258311925
s18,A,240.0,-0.15776529801161235
s18,A,260.0,-0.2160591591809338
s18,A,280.0,-0.16437396146354694
s18,A,300.0,-0.1896234314491208
s18,A,320.0,-0.1887034211474722
s18,A,340.0,-0.2383502429934481
s18,A,360.0,-0.30497630096301426
s18,A,380.0,-0.11724220732191253
s18,A,400.0,-0.09898553263690653
s18,A,420.0,-0.2443276409158037
s18,A,440.0,-0.2760552423005729
s18,A,460.0,-0.2039429695006118
s18,A,480.0,-0.06481932869473914
s18,A,500.0,-0.12013143080494051
s18,A,520.0,-0.1848606373432129
s18,A,540.0,-0.04814919179518718
s18,A,560.0,0.04345399184843125
s18,A,580.0,0.03633088367694588
s18,A,600.0,0.03145261130329735
s18,A,620.0,0.06665329835978451
s18,A,640.0,0.05905532198307157
s18,A,660.0,0.07464693204267424
s18,A,680.0,0.10980011806677588
s18,A,700.0,0.1011131568545586
s18,A,720.0,0.16355737039322385
s18,A,740.0,0.2175048215824376
s18,A,760.0,0.21173767079325417
s18,A,780.0,0.07225915763041511
s18,A,800.0,-0.12243111268831651
s18,A,820.0,-0.18078860591857446
s18,A,840.0,-0.16475978788866702
s18,A,860.0,-0.14765655763868113
s18,A,880.0,-0.16666484385937777
s18,A,900.0,-0.228801029470477
s18,A,920.0,-0.27095259859553905
s18,A,940.0,-0.31478637517325
s18,A,960.0,-0.3291929296874954
s18,A,980.0,-0.30398798024005047
s18,I,0.0,-0.1683352600814006
s18,I,20.0,-0.16601887463891807
s18,I,40.0,-0.20228824002440007
s18,I,60.0,-0.19935202864550453
s18,I,80.0,-0.1674616836119406
s18,I,100.0,-0.05785492738455875
s18,I,120.0,-0.11455794039372941
s18,I,140.0,-0.13078507795526315
s18,I,160.0,-0.1217545850108998
s18,I,180.0,-0.1742710882974499
s18,I,200.0,-0.20865138769298988
s18,I,220.0,-0.21269675129564722
s18,I,240.0,-0.18990397458641312
s18,I,260.0,-0.2647214161472765
s18,I,280.0,-0.4778756251465653
s18,I,300.0,-0.42577584332507395
s18,I,320.0,-0.34996183057455504
s18,I,340.0,-0.454829326389247
s18,I,360.0,-0.39391093222883666
s18,I,380.0,-0.501282429506713
s18,I,400.0,-0.5240381604595269
s18,I,420.0,-0.455437894472619
s18,I,440.0,-0.33588179118340206
s18,I,460.0,-0.3223699776176002
s18,I,480.0,-0.441190971773492
s18,I,500.0,-0.5695804237541319
s18,I,520.0,-0.4937440865227897
s18,I,540.0,-0.3719581375760696
s18,I,560.0,-0.4455974018899011
s18,I,580.0,-0.5864246859171756
s18,I,600.0,-0.7403721157814483
s18,I,620.0,-0.8236192039019287
s18,I,640.0,-0.7921176141486242
s18,I,660.0,-0.6861201713837491
s18,I,680.0,-0.6982375334353327
s18,I,700.0,-0.6161676916175042
s18,I,720.0,-0.6649673158956255
s18,I,740.0,-0.7467466650401886
s18,I,760.0,-0.8218101639328654
s18,I,780.0,-0.7788619142350012
s18,I,800.0,-0.5707902545491126
s18,I,820.0,-0.4386211233254677
s18,I,840.0,-0.48198508243564253
s18,I,860.0,-0.5820238159561888
s18,I,880.0,-0.5742867570633567
s18,I,900.0,-0.585153002089582
s18,I,920.0,-0.6032743735354335
s18,I,940.0,-0.5679472509216696
s18,I,960.0,-0.4840706699769753
s18,I,980.0,-0.38011230398275075
s19,G,0.0,0.036449099619946676
s19,G,20.0,0.07395830874116341
s19,G,40.0,-0.04926788278377403
s19,G,60.0,-0.14096590984210072
s19,G,80.0,-0.10472224122711724
s19,G,100.0,-0.013080188610553144
s19,G,120.0,-0.16413790878368234
s19,G,140.0,-0.18649220044321457
s19,G,160.0,0.015202149986701191
s19,G,180.0,-0.08926919638722573
s19,G,200.0,-0.3602337562092657
s19,G,220.0,-0.3980243303510086
s19,G,240.0,-0.2997065863295241
s19,G,260.0,-0.462046322145622
s19,G,280.0,-0.5690875670502471
s19,G,300.0,-0.3722359493158315
s19,G,320.0,-0.4723818718659354
s19,G,340.0,-0.3803094074174143
s19,G,360.0,-0.28766372023765496
s19,G,380.0,-0.24816958411962747
s19,G,400.0,-0.15461752247711436
s19,G,420.0,-0.17032659425139698
s19,G,440.0,-0.2555554629716684
s19,G,460.0,-0.07965159154938815
s19,G,480.0,0.08683308943923956
s19,G,500.0,-0.14355010016974196
s19,G,520.0,-0.1323091646973412
s19,G,540.0,0.15820961718580068
s19,G,560.0,0.17777345203158654
s19,G,580.0,-0.035506634707665574
s19,G,600.0,-0.16535630160440606
s19,G,620.0,-0.16508530268731075
s19,G,640.0,-0.03605380840426341
s19,G,660.0,-0.10442665265340575
s19,G,680.0,-0.023096240880656038
s19,G,700.0,-0.004792570818794601
s19,G,720.0,-0.1874179627231813
s19,G,740.0,-0.31265324420263507
s19,G,760.0,-0.2444041668573655
s19,G,780.0,-0.17142675129586016
s19,G,800.0,-0.155604462676654
s19,G,820.0,-0.17723534884984035
s19,G,840.0,-0.12185009729604458
s19,G,860.0,-0.17222644399033732
s19,G,880.0,-0.13724277295085793
s19,G,900.0,-0.0744818655027211
s19,G,920.0,0.04317881817873884
s19,G,940.0,0.05422772121514249
s19,G,960.0,0.060962861366791285
s19,G,980.0,-0.00294351251746576
s19,A,0.0,-0.030562958637061082
s19,A,20.0,0.018897979484101993
s19,A,40.0,0.0728300901804502
s19,A,60.0,0.09981505071032314
s19,A,80.0,0.1276221364387679
s19,A,100.0,0.0974547798187255
s19,A,120.0,0.08061979425176974
s19,A,140.0,-0.09029611711633773
s19,A,160.0,-0.002158730677189649
s19,A,180.0,0.057675218975375794
s19,A,200.0,0.15688626463883826
s19,A,220.0,0.28402613890681516
s19,A,240.0,0.3876325146004945
s19,A,260.0,0.4174516102977081
s19,A,280.0,0.5456799989628893
s19,A,300.0,0.5016640909558999
s19,A,320.0,0.31276347257483395
s19,A,340.0,0.3826996355885971
s19,A,360.0,0.3741829780408166
s19,A,380.0,0.32900215326496807
s19,A,400.0,0.2867582145842046
s19,A,420.0,0.22890652336816017
s19,A,440.0,0.25358248505802167
s19,A,460.0,0.1920767487262292
s19,A,480.0,0.11803641054788122
s19,A,500.0,0.2510622135068223
s19,A,520.0,0.22797938291934128
s19,A,540.0,0.15684673429073367
s19,A,560.0,0.13938085715543155
s19,A,580.0,0.2198889019974795
s19,A,600.0,0.07647158312581365
s19,A,620.0,0.044232827947850016
s19,A,640.0,0.1483484206239047
s19,A,660.0,0.16264330297832713
s19,A,680.0,0.026659556323387693
s19,A,700.0,0.08819073390778343
s19,A,720.0,0.2913736929682537
s19,A,740.0,0.3156014854087897
s19,A,760.0,0.19593613423858178
s19,A,780.0,0.09321325497408707
s19,A,800.0,0.12481675286744681
s19,A,820.0,0.14585544966536673
s19,A,840.0,-0.024035881486416624
s19,A,860.0,-0.1149119250651402
s19,A,880.0,-0.1440016312391232
s19,A,900.0,-0.23598162406943324
s19,A,920.0,-0.30873966113640305
s19,A,940.0,-0.19569812012527
s19,A,960.0,-0.1619430369488707
s19,A,980.0,-0.21080321113997996
s19,I,0.0,-0.1067449994481603
s19,I,20.0,-0.061781747859375
s19,I,40.0,-0.03562690584999311
s19,I,60.0,-0.13469076848360645
s19,I,80.0,-0.016343195347302317
s19,I,100.0,0.11831803171622163
s19,I,120.0,0.012749276940132448
s19,I,140.0,0.11317610431297506
s19,I,160.0,0.2484657049601281
s19,I,180.0,0.04278027998884698
s19,I,200.0,0.04733334746666715
s19,I,220.0,0.16623605734434677
s19,I,240.0,0.1732803123119941
s19,I,260.0,0.21142968734599366
s19,I,280.0,0.026159148999426594
s19,I,300.0,0.12055016188311109
s19,I,320.0,0.16963636793832254
s19,I,340.0,-0.00928288970098741
s19,I,360.0,0.060710597765874105
s19,I,380.0,-0.05330976054435401
s19,I,400.0,-0.08435274322401125
s19,I,420.0,-0.009999800394218397
s19,I,440.0,-0.05029395017276406
s19,I,460.0,-0.13151296771813464
s19,I,480.0,-0.15533213137014645
s19,I,500.0,-0.3479180457368385
s19,I,520.0,-0.18554870995504194
s19,I,540.0,-0.29237945307632995
s19,I,560.0,-0.21087618037464548
s19,I,580.0,-0.3630286682422024
s19,I,600.0,-0.0397710533751274
s19,I,620.0,0.41187321823127454
s19,I,640.0,0.16523570892909728
s19,I,660.0,0.17252769136912505
s19,I,680.0,0.27260470530362196
s19,I,700.0,0.2341796582027769
s19,I,720.0,0.24502520891514976
s19,I,740.0,0.3436636924788632
s19,I,760.0,0.26012362868142025
s19,I,780.0,0.12694311759107524
s19,I,800.0,0.22068220143530706
s19,I,820.0,0.4791254176238037
s19,I,840.0,0.3072547297449044
s19,I,860.0,0.17721138358306135
s19,I,880.0,0.4583625728921697
s19,I,900.0,0.6608233057335161
s19,I,920.0,0.5372369392766139
s19,I,940.0,0.2751392407125054
s19,I,960.0,0.28100258146705537
s19,I,980.0,0.27048680575444617
s20,G,0.0,-0.07748993092803791
s20,G,20.0,0.047907456423044836
s20,G,40.0,0.0646843131268878
s20,G,60.0,-0.0029991106624331076
s20,G,80.0,-0.10478923176894425
s20,G,100.0,-0.12578164037472128
s20,G,120.0,-0.028069644380873615
s20,G,140.0,-0.10749651242075964
s20,G,160.0,0.05138293086738005
s20,G,180.0,-0.011637600766072481
s20,G,200.0,-0.17372872702468486
s20,G,220.0,-0.08329884154996003
s20,G,240.0,-0.019666976781881652
s20,G,260.0,0.13307755277286093
s20,G,280.0,0.17327016032360432
s20,G,300.0,0.05873856703781878
s20,G,320.0,0.12063650317435458
s20,G,340.0,0.22791345117344336
s20,G,360.0,0.11934646533220308
s20,G,380.0,0.021878626030263353
s20,G,400.0,0.13881471381034624
s20,G,420.0,0.1719710271935185
s20,G,440.0,0.09009638955984255
s20,G,460.0,0.1643762101294475
s20,G,480.0,0.3361481203790909
s20,G,500.0,0.40144894279249776
s20,G,520.0,0.36453266349471863
s20,G,540.0,0.2317902161308587
s20,G,560.0,0.20439190147119413
s20,G,580.0,0.14979572169562
s20,G,600.0,0.259197699668247
s20,G,620.0,0.20939464332811347
s20,G,640.0,0.1662877404939818
s20,G,660.0,0.3333067311335833
s20,G,680.0,0.24899805176191234
s20,G,700.0,0.2955306486191921
s20,G,720.0,0.33146375799594974
s20,G,740.0,0.19788029547800673
s20,G,760.0,0.22115521295525015
s20,G,780.0,0.28888903978468633
s20,G,800.0,0.17360111791966068
s20,G,820.0,0.06335133565056977
s20,G,840.0,0.1027550100925882
s20,G,860.0,0.1666068119829226
s20,G,880.0,0.27698232286963764
s20,G,900.0,0.2991228592729237
s20,G,920.0,0.4634713186128238
s20,G,940.0,0.6032427079336258
s20,G,960.0,0.557427489174127
s20,G,980.0,0.4229493314164804
s20,A,0.0,0.10617499565773157
s20,A,20.0,0.06860578463649528
s20,A,40.0,-0.07452604445975672
s20,A,60.0,-0.2735527833291881
s20,A,80.0,-0.43267674102314213
s20,A,100.0,-0.4003041740165239
s20,A,120.0,-0.35900666774655976
s20,A,140.0,-0.31329516852148076
s20,A,160.0,-0.09807611098473477
s20,A,180.0,-0.276842169458401
s20,A,200.0,-0.3621717165201708
s20,A,220.0,-0.34009756611248465
s20,A,240.0,-0.39662804770183924
s20,A,260.0,-0.3630662036413715
s20,A,280.0,-0.4180578257787253
s20,A,300.0,-0.4251179367472244
s20,A,320.0,-0.47259114893172827
s20,A,340.0,-0.6957483384002503
s20,A,360.0,-0.6985088026939594
s20,A,380.0,-0.6726306368916288
s20,A,400.0,-0.6604400963223
s20,A,420.0,-0.810570493409912
s20,A,440.0,-0.7130863131721776
s20,A,460.0,-0.35748935290224293
s20,A,480.0,-0.41769085514092574
s20,A,500.0,-0.4471792926142161
s20,A,520.0,-0.4850013310604835
s20,A,540.0,-0.35404877622510866
s20,A,560.0,-0.2846593203300189
s20,A,580.0,-0.5122370314378392
s20,A,600.0,-0.49778943757204025
s20,A,620.0,-0.35202331090970035
s20,A,640.0,-0.6533488271648333
s20,A,660.0,-0.7293900425205256
s20,A,680.0,-0.4796551775765606
s20,A,700.0,-0.2667730235198106
s20,A,720.0,-0.34228331344303237
s20,A,740.0,-0.5479438761376003
s20,A,760.0,-0.5592675077868583
s20,A,780.0,-0.5368177963495186
s20,A,800.0,-0.5605050773112166
s20,A,820.0,-0.47522487767217775
s20,A,840.0,-0.4462609541634489
s20,A,860.0,-0.6098031547033611
s20,A,880.0,-0.5737034891156516
s20,A,900.0,-0.589218954127384
s20,A,920.0,-0.6027160054703289
s20,A,940.0,-0.7794616241540369
s20,A,960.0,-1.0934932474530652
s20,A,980.0,-1.1277568347396887
s20,I,0.0,-0.032390475414525804
s20,I,20.0,0.24066651524553606
s20,I,40.0,0.5060048280829063
s20,I,60.0,0.4839269962410017
s20,I,80.0,0.6227073333984114
s20,I,100.0,0.6391146011003173
s20,I,120.0,0.31517439291749905
s20,I,140.0,0.4367842115971917
s20,I,160.0,0.43452437103815306
s20,I,180.0,0.6427310280813966
s20,I,200.0,0.7906307919769794
s20,I,220.0,0.8343359501701026
s20,I,240.0,1.0295947564361154
s20,I,260.0,1.0470389074306152
s20,I,280.0,1.066806245413932
s20,I,300.0,1.0835272988696927
s20,I,320.0,0.7927488126698481
s20,I,340.0,0.8433618152511668
s20,I,360.0,0.9846536205201293
s20,I,380.0,1.0577665824224678
s20,I,400.0,0.7812282861513562
s20,I,420.0,0.684400632749523
s20,I,440.0,0.9120077869476138
s20,I,460.0,0.17911818637359123
s20,I,480.0,0.19068306914316385
s20,I,500.0,0.06978205980446527
s20,I,520.0,-0.03603873585525777
s20,I,540.0,0.15568771242422172
s20,I,560.0,0.1336427109699982
s20,I,580.0,0.41643743985061943
s20,I,600.0,0.441448445566908
s20,I,620.0,0.13110964260551272
s20,I,640.0,0.42199032877903286
s20,I,660.0,0.38296259301629687
s20,I,680.0,0.5319124203990624
s20,I,700.0,0.5189912275659007
s20,I,720.0,0.50580034251976
s20,I,740.0,0.4579768607209228
s20,I,760.0,0.3656592275745478
s20,I,780.0,0.6840660494165475
s20,I,800.0,0.7442024463486139
s20,I,820.0,0.5775312909046442
s20,I,840.0,0.6537986341620144
s20,I,860.0,0.7257948383455409
s20,I,880.0,0.5641813791906539
s20,I,900.0,0.46222267477793866
s20,I,920.0,0.5348740641665242
s20,I,940.0,0.7498130203789092
s20,I,960.0,1.1550663063382292
s20,I,980.0,1.0960844604146445
s21,G,0.0,0.10880861584049961
s21,G,20.0,-0.127654950917513
s21,G,40.0,-0.16001080068992582
s21,G,60.0,-0.04744086095784437
s21,G,80.0,0.033873058029227576
s21,G,100.0,-0.01941628632899512
s21,G,120.0,-0.06105819968692387
s21,G,140.0,-0.1259884535567582
s21,G,160.0,-0.14387577316749459
s21,G,180.0,-0.11595690196976804
s21,G,200.0,-0.20238431929595965
s21,G,220.0,-0.3662304060948464
s21,G,240.0,-0.3600963904885757
s21,G,260.0,-0.2808978086748848
s21,G,280.0,-0.4383687553850141
s21,G,300.0,-0.337496811706806
s21,G,320.0,-0.2502229594430933
s21,G,340.0,-0.3016179353504902
s21,G,360.0,0.024288800173150646
s21,G,380.0,0.04365432615892667
s21,G,400.0,-0.055253116132343266
s21,G,420.0,0.11599180034961276
s21,G,440.0,0.0245382939811725
s21,G,460.0,0.008580836500090422
s21,G,480.0,0.06357647942718239
s21,G,500.0,-0.3430863013807726
s21,G,520.0,0.01776564520227294
s21,G,540.0,0.01837268649761322
s21,G,560.0,-0.172723721467329
s21,G,580.0,-0.37847326655368646
s21,G,600.0,-0.5575673183655172
s21,G,620.0,-0.4254686769962697
s21,G,640.0,-0.1812643963092825
s21,G,660.0,-0.31919482520018133
s21,G,680.0,-0.3672888910695595
s21,G,700.0,-0.2980536384222431
s21,G,720.0,-0.41799336725246433
s21,G,740.0,-0.5060516952565642
s21,G,760.0,-0.49157986009789534
s21,G,780.0,-0.5155515836479623
s21,G,800.0,-0.6008574343795561
s21,G,820.0,-0.6455545613983424
s21,G,840.0,-0.5700678420873342
s21,G,860.0,-0.5498301477099914
s21,G,880.0,-0.47452263023807356
s21,G,900.0,-0.5672514278450758
s21,G,920.0,-0.6014018860737559
s21,G,940.0,-0.4452015496848231
s21,G,960.0,-0.4184907754011138
s21,G,980.0,-0.3055202038258896
s21,A,0.0,0.020558191130067655
s21,A,20.0,0.13313687513042993
s21,A,40.0,0.3294701413602491
s21,A,60.0,0.5771914675441971
s21,A,80.0,0.6087350368401202
s21,A,100.0,0.3202098276888023
s21,A,120.0,0.24664013035840307
s21,A,140.0,0.1851340917203178
s21,A,160.0,0.2364063865979097
s21,A,180.0,0.17512455131090354
s21,A,200.0,-0.15584057505484963
s21,A,220.0,-0.0428032332464169
s21,A,240.0,-0.1824587782443318
s21,A,260.0,-0.06823149091234978
s21,A,280.0,0.024156048303042535
s21,A,300.0,-0.37848088431640836
s21,A,320.0,-0.41999176963960794
s21,A,340.0,-0.10283778507687605
s21,A,360.0,-0.3502582692040008
s21,A,380.0,-0.6892397696190556
s21,A,400.0,-0.8854566081184739
s21,A,420.0,-0.6808090905299197
s21,A,440.0,-0.6600916143832006
s21,A,460.0,-0.6072655760276081
s21,A,480.0,-0.5847896894104911
s21,A,500.0,-0.20681975497265415
s21,A,520.0,-0.17850949625614196
s21,A,540.0,-0.20561371291201433
s21,A,560.0,-0.345292708856381
s21,A,580.0,-0.1363287874448567
s21,A,600.0,0.31892153504140985
s21,A,620.0,0.231806213265162
s21,A,640.0,-0.032754037485859366
s21,A,660.0,-0.029158099296850162
s21,A,680.0,0.05747979886422976
s21,A,700.0,0.10358509533991617
s21,A,720.0,0.15474290181276656
s21,A,740.0,0.15232030215818618
s21,A,760.0,0.06438222743364186
s21,A,780.0,0.08954787551672831
s21,A,800.0,0.17991965848089447
s21,A,820.0,0.261461834212776
s21,A,840.0,0.41846176640659194
s21,A,860.0,0.2648846117024392
s21,A,880.0,0.2022008809885526
s21,A,900.0,0.2607256212642131
s21,A,920.0,0.26857604795323925
s21,A,940.0,0.1769784329904314
s21,A,960.0,-0.004660592702317758
s21,A,980.0,-0.08964532610655475
s21,I,0.0,-0.0037622156575558077
s21,I,20.0,0.18345516843945034
s21,I,40.0,0.04658545817752413
s21,I,60.0,-0.1893021563060504
s21,I,80.0,-0.19684387751474924
s21,I,100.0,0.05260363507397664
s21,I,120.0,0.23759958513919374
s21,I,140.0,0.15636293501384116
s21,I,160.0,0.1248160368570027
s21,I,180.0,0.13706993790809593
s21,I,200.0,0.3418724450337345
s21,I,220.0,0.2773711333768883
s21,I,240.0,0.3705237610394732
s21,I,260.0,0.16425599046595712
s21,I,280.0,0.5900420134832138
s21,I,300.0,0.8567517314800498
s21,I,320.0,0.6933307307611898
s21,I,340.0,0.328546524394026
s21,I,360.0,0.3021065639903986
s21,I,380.0,0.8239379156946505
s21,I,400.0,1.041860559686099
s21,I,420.0,0.675142759818327
s21,I,440.0,0.7418028399445716
s21,I,460.0,0.8643270250774608
s21,I,480.0,0.9265492237045734
s21,I,500.0,0.7324225410257323
s21,I,520.0,0.5286897298213697
s21,I,540.0,0.5175669083508554
s21,I,560.0,0.77803604885324
s21,I,580.0,0.6176572537670876
s21,I,600.0,0.18803585293255
s21,I,620.0,0.5852864379586141
s21,I,640.0,0.6365061012040802
s21,I,660.0,0.7755934631657763
s21,I,680.0,0.5152012928102498
s21,I,700.0,0.27450529833365883
s21,I,720.0,0.3274428943724321
s21,I,740.0,0.22449513244473548
s21,I,760.0,0.5208653441715829
s21,I,780.0,0.7502318289406661
s21,I,800.0,0.5247852560447379
s21,I,820.0,0.28911781012445553
s21,I,840.0,-0.09007922166158872
s21,I,860.0,0.026994628309084584
s21,I,880.0,0.1087359338605203
s21,I,900.0,0.0023412213107088797
s21,I,920.0,-0.20230261151478837
s21,I,940.0,-0.15997903540761044
s21,I,960.0,0.12083958267676811
s21,I,980.0,-0.03190317686393819
s22,G,0.0,0.01021720000132914
s22,G,20.0,0.048891804071622885
s22,G,40.0,0.10336197989008168
s22,G,60.0,0.026195310603407823
s22,G,80.0,0.021104876318835286
s22,G,100.0,-0.016135382012455263
s22,G,120.0,-0.024130790892561357
s22,G,140.0,-0.0869178180643471
s22,G,160.0,0.030021013901895544
s22,G,180.0,0.1322597627832708
s22,G,200.0,0.18327501880779237
s22,G,220.0,0.10582411527084137
s22,G,240.0,0.0548972127877255
s22,G,260.0,0.060281194003349636
s22,G,280.0,0.3263884817646262
s22,G,300.0,0.4249384311637074
s22,G,320.0,0.21397784031039413
s22,G,340.0,-0.07160005011300713
s22,G,360.0,0.2212175955794394
s22,G,380.0,0.4427133744508629
s22,G,400.0,0.23276193328081016
s22,G,420.0,0.2342656159786824
s22,G,440.0,0.27024140551894577
s22,G,460.0,0.15710255739100099
s22,G,480.0,0.15250954922026572
s22,G,500.0,0.19681736588820004
s22,G,520.0,0.2364041578139216
s22,G,540.0,0.1759034026752322
s22,G,560.0,0.23491687918928245
s22,G,580.0,0.5097339284043656
s22,G,600.0,0.5798592478272211
s22,G,620.0,0.34996885002145905
s22,G,640.0,-0.0408959472796068
s22,G,660.0,-0.16419986901970168
s22,G,680.0,0.0572401597762662
s22,G,700.0,0.2609242318003484
s22,G,720.0,0.2513857629961944
s22,G,740.0,0.07369664449532923
s22,G,760.0,0.05371306273482976
s22,G,780.0,0.17102610487329584
s22,G,800.0,0.20546931039047894
s22,G,820.0,0.016146483398462308
s22,G,840.0,0.056625611461680936
s22,G,860.0,0.08802077794395131
s22,G,880.0,0.0813024053854509
s22,G,900.0,0.14028154853860458
s22,G,920.0,0.0568452065661533
s22,G,940.0,-0.13362615906267516
s22,G,960.0,-0.11704083872471438
s22,G,980.0,-0.12303370585161122
s22,A,0.0,-0.02991471417408577
s22,A,20.0,-0.0475806213507146
s22,A,40.0,0.1669025477667098
s22,A,60.0,0.2650643272505605
s22,A,80.0,0.17248041742455467
s22,A,100.0,0.13226897772267743
s22,A,120.0,0.11479767595875347
s22,A,140.0,0.13514851228493968
s22,A,160.0,0.08566672416695924
s22,A,180.0,0.259292547754758
s22,A,200.0,0.18516725321558508
s22,A,220.0,0.166585259427527
s22,A,240.0,0.08326472445982827
s22,A,260.0,0.12633874391557146
s22,A,280.0,0.19664377391074672
s22,A,300.0,0.05068606980727422
s22,A,320.0,-0.020512096736726777
s22,A,340.0,-0.05770529075365506
s22,A,360.0,-0.21118835544267886
s22,A,380.0,-0.41934182870800507
s22,A,400.0,-0.35174475779370734
s22,A,420.0,-0.18985632910448794
s22,A,440.0,-0.36650568150411955
s22,A,460.0,-0.8293425664810903
s22,A,480.0,-0.8725262710333708
s22,A,500.0,-0.2597251878326642
s22,A,520.0,-0.07335592717329968
s22,A,540.0,-0.44490678046776705
s22,A,560.0,-0.5652367142904485
s22,A,580.0,-0.17875232493321036
s22,A,600.0,0.16945627592974888
s22,A,620.0,-0.07510083056596366
s22,A,640.0,-0.2168742028528586
s22,A,660.0,-0.19229921781613502
s22,A,680.0,-0.08947728296215948
s22,A,700.0,0.03382377647177694
s22,A,720.0,0.09124739117806577
s22,A,740.0,0.10035982961339912
s22,A,760.0,0.05902626086707562
s22,A,780.0,0.08476974750641851
s22,A,800.0,0.06831177269524527
s22,A,820.0,0.20048672930680655
s22,A,840.0,0.029951452780987375
s22,A,860.0,-0.06016572394170087
s22,A,880.0,-0.07553108423126159
s22,A,900.0,-0.0054589333508306415
s22,A,920.0,0.07038308675230578
s22,A,940.0,-0.06095464912113642
s22,A,960.0,-0.15846525154378222
s22,A,980.0,-0.2090335867639735
s22,I,0.0,-0.0072443803312680025
s22,I,20.0,0.046414579855434235
s22,I,40.0,-0.2317850284646178
s22,I,60.0,-0.1440934699852348
s22,I,80.0,0.04403992726477318
s22,I,100.0,-0.03514000234406639
s22,I,120.0,-0.2242443320652377
s22,I,140.0,-0.14005549483843052
s22,I,160.0,0.06739686961090685
s22,I,180.0,-0.3239917016944772
s22,I,200.0,-0.49345699987211405
s22,I,220.0,-0.4747671136720834
s22,I,240.0,-0.48240790821090795
s22,I,260.0,-0.6297103030039076
s22,I,280.0,-0.782939319917415
s22,I,300.0,-0.4840144796707413
s22,I,320.0,-0.29668755384887724
s22,I,340.0,-0.23849454566732714
s22,I,360.0,-0.2977746288140322
s22,I,380.0,-0.06799518031056416
s22,I,400.0,-0.27171206518394986
s22,I,420.0,-0.5266505717032084
s22,I,440.0,0.07414362777299899
s22,I,460.0,0.9209403544935223
s22,I,480.0,0.6136277565440873
s22,I,500.0,-0.35709144854124364
s22,I,520.0,-0.342997257532505
s22,I,540.0,0.342481850204851
s22,I,560.0,0.5077045848513401
s22,I,580.0,-0.043873129870469485
s22,I,600.0,-0.4643898367764156
s22,I,620.0,-0.30357515679785385
s22,I,640.0,-0.01735956546037301
s22,I,660.0,0.2971688892042637
s22,I,680.0,0.26751440336761567
s22,I,700.0,-0.17936868430712818
s22,I,720.0,-0.3306969719145596
s22,I,740.0,-0.2617328374145158
s22,I,760.0,-0.03167645869467396
s22,I,780.0,-0.013324371310403427
s22,I,800.0,-0.080793462186526
s22,I,820.0,-0.1307851614240095
s22,I,840.0,0.07699662387210335
s22,I,860.0,0.15639488643135394
s22,I,880.0,0.1199738013990294
s22,I,900.0,0.008352031756190939
s22,I,920.0,0.03595027205857806
s22,I,940.0,0.26386076310609313
s22,I,960.0,0.1626390822711181
s22,I,980.0,0.16176859240049896
s23,G,0.0,-0.10763442649793564
s23,G,20.0,-0.18666374224950988
s23,G,40.0,-0.12049969582898408
s23,G,60.0,-0.16446961049354858
s23,G,80.0,-0.0767342011416659
s23,G,100.0,-0.030222221354010627
s23,G,120.0,-0.1761877116523424
s23,G,140.0,-0.20778670495554782
s23,G,160.0,-0.1791432353439534
s23,G,180.0,-0.21547999036058268
s23,G,200.0,-0.09799558144413616
s23,G,220.0,0.016883725118051314
s23,G,240.0,-0.01795788969196398
s23,G,260.0,-0.07517366847398528
s23,G,280.0,-0.09706783135483088
s23,G,300.0,0.06354948385524989
s23,G,320.0,0.05132366675976991
s23,G,340.0,0.0701906990737648
s23,G,360.0,0.12165081525327985
s23,G,380.0,-0.015062786503947514
s23,G,400.0,-0.06690748700649168
s23,G,420.0,0.05215670046075432
s23,G,440.0,0.11376202965511512
s23,G,460.0,0.1844098727660416
s23,G,480.0,0.16061949651952745
s23,G,500.0,0.2413526916886623
s23,G,520.0,0.34735685235785235
s23,G,540.0,0.3723119556550915
s23,G,560.0,0.1718449465964926
s23,G,580.0,0.09609698418856477
s23,G,600.0,0.07936475001170479
s23,G,620.0,0.027776990052001592
s23,G,640.0,0.02043365288372765
s23,G,660.0,-0.005886367365018713
s23,G,680.0,-0.020428386506293958
s23,G,700.0,0.08760339537262696
s23,G,720.0,-0.03403983378959714
s23,G,740.0,-0.16747580244977517
s23,G,760.0,-0.11427353997233797
s23,G,780.0,-0.10780854458217723
s23,G,800.0,-0.07716919180734598
s23,G,820.0,0.0383708449577283
s23,G,840.0,0.08471840799201415
s23,G,860.0,0.057856165679492554
s23,G,880.0,-0.08105374638761664
s23,G,900.0,-0.18640968865797786
s23,G,920.0,-0.2290769659773868
s23,G,940.0,-0.17228662177934745
s23,G,960.0,-0.045336005951460714
s23,G,980.0,-0.1004772057514571
s23,A,0.0,0.2799510382998579
s23,A,20.0,0.2325917114534955
s23,A,40.0,0.1780648974690332
s23,A,60.0,0.3018833363952286
s23,A,80.0,0.17079459772714808
s23,A,100.0,0.07116377459485082
s23,A,120.0,0.2622432384408234
s23,A,140.0,0.255778709592775
s23,A,160.0,0.040229567405126954
s23,A,180.0,-0.03429655224920376
s23,A,200.0,-0.11950928743212064
s23,A,220.0,-0.039812227518827605
s23,A,240.0,-0.06931840584434969
s23,A,260.0,-0.12270323634882005
s23,A,280.0,0.0016681307623523517
s23,A,300.0,0.06666243323070124
s23,A,320.0,-0.03803496257214674
s23,A,340.0,-0.1388389542604318
s23,A,360.0,-0.23229375972560715
s23,A,380.0,-0.2187410971508465
s23,A,400.0,-0.1469597365411288
s23,A,420.0,-0.0483340378842898
s23,A,440.0,-0.12858919767428004
s23,A,460.0,-0.2376501731785546
s23,A,480.0,-0.2710727603654391
s23,A,500.0,-0.11747666741498561
s23,A,520.0,-0.18800895452286118
s23,A,540.0,-0.43482592639017104
s23,A,560.0,-0.41044142393566874
s23,A,580.0,-0.06972822657684076
s23,A,600.0,0.25787838296993154
s23,A,620.0,0.21221548442649385
s23,A,640.0,0.08966130717356405
s23,A,660.0,0.16989657466307842
s23,A,680.0,0.2803294688895665
s23,A,700.0,0.228938501070557
s23,A,720.0,0.15382908865575048
s23,A,740.0,0.0766023591781882
s23,A,760.0,-0.08034818916980088
s23,A,780.0,-0.09466351458382333
s23,A,800.0,-0.08780559362195249
s23,A,820.0,-0.006254019693231749
s23,A,840.0,0.12422402373789913
s23,A,860.0,0.10889676740480103
s23,A,880.0,-0.012150831745916205
s23,A,900.0,0.006502933954832441
s23,A,920.0,0.08201793984682622
s23,A,940.0,0.09758162874640952
s23,A,960.0,0.004934776308231043
s23,A,980.0,-0.12293995575246573
s23,I,0.0,0.1482269915771002
s23,I,20.0,0.09767582751428813
s23,I,40.0,-0.011762120952898386
s23,I,60.0,-0.18477160640154094
s23,I,80.0,-0.1756881990248652
s23,I,100.0,-0.08912792744366113
s23,I,120.0,-0.16825933897662515
s23,I,140.0,-0.28331139581728615
s23,I,160.0,-0.05237247042902085
s23,I,180.0,0.08009526039016204
s23,I,200.0,-0.08907129793822974
s23,I,220.0,-0.17084513139140306
s23,I,240.0,0.06366020389137769
s23,I,260.0,0.029014483721478718
s23,I,280.0,-0.25371596234866395
s23,I,300.0,-0.2891438451672366
s23,I,320.0,-0.12244020087202234
s23,I,340.0,-0.12204617216717656
s23,I,360.0,0.01853648929984221
s23,I,380.0,0.17971132983960236
s23,I,400.0,0.015769290145366963
s23,I,420.0,-0.15163970981534675
s23,I,440.0,0.16140313419347208
s23,I,460.0,0.2653560626945867
s23,I,480.0,0.07627999849698255
s23,I,500.0,-0.2936248077948222
s23,I,520.0,0.013135226899535668
s23,I,540.0,0.29502645287736334
s23,I,560.0,0.29251825827860134
s23,I,580.0,0.20684034577836896
s23,I,600.0,0.20521817529208317
s23,I,620.0,0.29169992892128144
s23,I,640.0,0.30490069185644697
s23,I,660.0,0.1675570513049168
s23,I,680.0,0.10603616941355226
s23,I,700.0,-0.00837530063600219
s23,I,720.0,-0.029431660347230187
s23,I,740.0,0.018127131679013517
s23,I,760.0,0.14355732862733464
s23,I,780.0,0.22244586415814044
s23,I,800.0,0.2043276192256574
s23,I,820.0,-0.044195224064354804
s23,I,840.0,-0.11859637340469185
s23,I,860.0,-0.08588761850445821
s23,I,880.0,-0.007722950669208431
s23,I,900.0,-0.03279841420328326
s23,I,920.0,-0.03896251482283196
s23,I,940.0,-0.033599043092874925
s23,I,960.0,-0.021471360675979823
s23,I,980.0,0.1269409690207141
s24,G,0.0,-0.11389241299099745
s24,G,20.0,-0.17485358186993286
s24,G,40.0,-0.2995004738267643
s24,G,60.0,-0.19742682710106219
s24,G,80.0,-0.16555713345125767
s24,G,100.0,-0.17446922930066944
s24,G,120.0,-0.11986378619733186
s24,G,140.0,-0.035296156110589796
s24,G,160.0,0.1847323192682454
s24,G,180.0,0.06674341225998412
s24,G,200.0,-0.1181545997188711
s24,G,220.0,-0.018783474849784834
s24,G,240.0,0.049924006852645905
s24,G,260.0,-0.15727917968262844
s24,G,280.0,-0.19566709167943983
s24,G,300.0,-0.032117992843003734
s24,G,320.0,0.08542959377027552
s24,G,340.0,-0.12739976314530005
s24,G,360.0,-0.10943778814758501
s24,G,380.0,-0.0028069898192617957
s24,G,400.0,0.06722390328856169
s24,G,420.0,-0.06587025253250742
s24,G,440.0,-0.29045155640860676
s24,G,460.0,-0.09373098293466553
s24,G,480.0,0.13479743245766027
s24,G,500.0,0.024753557014342335
s24,G,520.0,-0.09843533192907387
s24,G,540.0,-0.0947179769897312
s24,G,560.0,0.2606230708162904
s24,G,580.0,0.1122703113768629
s24,G,600.0,-0.019042876767692507
s24,G,620.0,0.23382294189000452
s24,G,640.0,0.25482081532389117
s24,G,660.0,0.13338699169655355
s24,G,680.0,0.19591412906944028
s24,G,700.0,0.19979399143894094
s24,G,720.0,-0.07585765641509823
s24,G,740.0,-0.12904572116442112
s24,G,760.0,0.041333489331847995
s24,G,780.0,0.05578200563419977
s24,G,800.0,0.00036445568652412885
s24,G,820.0,-0.16262575968797646
s24,G,840.0,-0.10010065256161535
s24,G,860.0,0.05823499080475129
s24,G,880.0,0.006939994471812108
s24,G,900.0,-0.09712012228920544
s24,G,920.0,-0.05464613543281627
s24,G,940.0,0.040182003614635184
s24,G,960.0,0.10607857366014138
s24,G,980.0,-0.1271113358373644
s24,A,0.0,-0.04397467869067079
s24,A,20.0,0.0881653081611816
s24,A,40.0,0.08549948256310107
s24,A,60.0,-0.0955196023883032
s24,A,80.0,0.06488392326144872
s24,A,100.0,0.11934023993476921
s24,A,120.0,-0.11835799520584792
s24,A,140.0,-0.0673983282189445
s24,A,160.0,-0.14879166617062947
s24,A,180.0,-0.16033284192055636
s24,A,200.0,-0.01518184427130801
s24,A,220.0,0.06405751293247666
s24,A,240.0,-0.09136002242314
s24,A,260.0,-0.1159074426277768
s24,A,280.0,-0.17387682865299803
s24,A,300.0,-0.15915222920624958
s24,A,320.0,0.008963562053030436
s24,A,340.0,0.0007984448120458634
s24,A,360.0,-0.3458512529822066
s24,A,380.0,-0.31050838786311624
s24,A,400.0,-0.05445366358897364
s24,A,420.0,-0.1320720375333473
s24,A,440.0,-0.18635614525207983
s24,A,460.0,-0.3357124791871297
s24,A,480.0,-0.5307356273439149
s24,A,500.0,-0.3633819292971516
s24,A,520.0,-0.2613574259850841
s24,A,540.0,-0.3633497493948594
s24,A,560.0,-0.4719305204235005
s24,A,580.0,-0.4665836393976467
s24,A,600.0,-0.1692524865554944
s24,A,620.0,-0.024013654057673278
s24,A,640.0,-0.09347246587708813
s24,A,660.0,-0.1408243924349713
s24,A,680.0,-0.18147384466105684
s24,A,700.0,-0.06745685709148856
s24,A,720.0,-0.10258745274716194
s24,A,740.0,0.013354354069430592
s24,A,760.0,-0.02375908674553731
s24,A,780.0,0.05929219219535463
s24,A,800.0,-0.12048551326919506
s24,A,820.0,-0.10247744813969265
s24,A,840.0,0.1162489661457077
s24,A,860.0,0.13953007576201598
s24,A,880.0,0.11033254876785115
s24,A,900.0,-0.026628892505638935
s24,A,920.0,-0.04126965988372609
s24,A,940.0,-0.05908091210311128
s24,A,960.0,-0.18006775444396803
s24,A,980.0,0.06189540579151602
s24,I,0.0,0.2242988099391441
s24,I,20.0,-0.02182293358663631
s24,I,40.0,0.004644811122345632
s24,I,60.0,0.2546316899986434
s24,I,80.0,0.026463617757902208
s24,I,100.0,-0.16422632170781654
s24,I,120.0,0.021918698342010753
s24,I,140.0,-0.004988652691242296
s24,I,160.0,-0.06326009328141206
s24,I,180.0,-0.10068690927086411
s24,I,200.0,-0.18244861633328413
s24,I,220.0,-0.2694559759002205
s24,I,240.0,-0.21583579376803075
s24,I,260.0,-0.030835146384127557
s24,I,280.0,0.054768991771035044
s24,I,300.0,-0.08102687302651516
s24,I,320.0,-0.3111283309862362
s24,I,340.0,-0.1696603259063448
s24,I,360.0,0.23782748231358286
s24,I,380.0,-0.027882441166898322
s24,I,400.0,-0.5208178664208005
s24,I,420.0,-0.4289215569895952
s24,I,440.0,0.053027531624437185
s24,I,460.0,0.15539474174887566
s24,I,480.0,-0.0660966201597167
s24,I,500.0,-0.1797658729476354
s24,I,520.0,-0.04574721655277618
s24,I,540.0,-0.044511716156196035
s24,I,560.0,-0.16791227984890167
s24,I,580.0,0.13044102364078747
s24,I,600.0,0.07356843477720557
s24,I,620.0,-0.48060265007033937
s24,I,640.0,-0.4552955360090749
s24,I,660.0,-0.12551901615207725
s24,I,680.0,-0.13876873020804148
s24,I,700.0,-0.38033041001947854
s24,I,720.0,-0.43021481100778824
s24,I,740.0,-0.4981390488572527
s24,I,760.0,-0.41163230954988506
s24,I,780.0,-0.4201427862510885
s24,I,800.0,-0.31106068149399135
s24,I,820.0,0.0184727573070132
s24,I,840.0,-0.18492685973189255
s24,I,860.0,-0.3000291363035542
s24,I,880.0,-0.2227183741962251
s24,I,900.0,0.008805847209783807
s24,I,920.0,0.11320909001508697
s24,I,940.0,0.11241303012141428
s24,I,960.0,0.13442721650371267
s24,I,980.0,-0.016028886379117875
s25,G,0.0,1.8807227698498102e-05
s25,G,20.0,-0.0652497162561953
s25,G,40.0,-0.10135081578566608
s25,G,60.0,-0.08588230703825891
s25,G,80.0,0.016605385281521036
s25,G,100.0,-0.044518660938903096
s25,G,120.0,-0.04236233491655532
s25,G,140.0,0.01563672050736628
s25,G,160.0,0.0555074118042581
s25,G,180.0,-0.002454891344539925
s25,G,200.0,-0.07694250013966683
s25,G,220.0,-0.06680686874439833
s25,G,240.0,-0.004244192078743152
s25,G,260.0,0.03234443083052074
s25,G,280.0,-0.12903896222695005
s25,G,300.0,-0.267301211511881
s25,G,320.0,-0.10769625464801713
s25,G,340.0,0.1046339593148712
s25,G,360.0,0.08194318247062587
s25,G,380.0,-0.056247780867407886
s25,G,400.0,-0.15420620924647724
s25,G,420.0,-0.11125707114051842
s25,G,440.0,-0.041743502334074825
s25,G,460.0,-0.08093939991922774
s25,G,480.0,0.0662883396275579
s25,G,500.0,0.1804880256132416
s25,G,520.0,0.16374146220620053
s25,G,540.0,0.044446004777399926
s25,G,560.0,-0.0885996043374214
s25,G,580.0,0.19374079694791024
s25,G,600.0,0.22780273981541888
s25,G,620.0,0.028799842422192634
s25,G,640.0,-0.21294767750180355
s25,G,660.0,-0.33498080779023315
s25,G,680.0,-0.08428722999667174
s25,G,700.0,0.0036292425921895352
s25,G,720.0,-0.21451442967667284
s25,G,740.0,-0.2787781014454571
s25,G,760.0,-0.24504313420824353
s25,G,780.0,-0.08582097000312183
s25,G,800.0,-0.15747836435561496
s25,G,820.0,-0.1837085072773702
s25,G,840.0,-0.11123190250159352
s25,G,860.0,-0.12747582737235774
s25,G,880.0,-0.06454982949420021
s25,G,900.0,0.010411071203269836
s25,G,920.0,-0.09017910334270626
s25,G,940.0,-0.270950564630721
s25,G,960.0,-0.2936164979771533
s25,G,980.0,-0.0662635047234057
s25,A,0.0,-0.08896020172910157
s25,A,20.0,-0.19935496220178997
s25,A,40.0,-0.14810309778331748
s25,A,60.0,-0.15149569034650007
s25,A,80.0,-0.1654918229786137
s25,A,100.0,-0.1468460976496017
s25,A,120.0,-0.029524165507480372
s25,A,140.0,0.11842264467780678
s25,A,160.0,0.12291189782329816
s25,A,180.0,0.04114014432876313
s25,A,200.0,-0.11050045134366482
s25,A,220.0,-0.05293344999300282
s25,A,240.0,0.08867148898058352
s25,A,260.0,0.2778182640753049
s25,A,280.0,0.4105806376397041
s25,A,300.0,0.40876217615489396
s25,A,320.0,0.1674921789276018
s25,A,340.0,0.17888595711961827
s25,A,360.0,0.34366188767508277
s25,A,380.0,0.33854562946593925
s25,A,400.0,0.23096570586625978
s25,A,420.0,0.00750208770001454
s25,A,440.0,0.008013265506556733
s25,A,460.0,0.18087974230215992
s25,A,480.0,-0.041914835426733105
s25,A,500.0,-0.2692123824729991
s25,A,520.0,-0.08367806503425407
s25,A,540.0,0.029047735239417283
s25,A,560.0,0.12053932687861127
s25,A,580.0,-0.03483951768030777
s25,A,600.0,-0.09614905660256269
s25,A,620.0,0.11200686541993315
s25,A,640.0,0.2958565476462214
s25,A,660.0,0.22052921057438019
s25,A,680.0,0.09952637544788717
s25,A,700.0,0.16958379741858978
s25,A,720.0,0.29631005524556103
s25,A,740.0,0.46936326264078937
s25,A,760.0,0.44310014459330027
s25,A,780.0,0.1980168512341674
s25,A,800.0,0.12700842629056724
s25,A,820.0,0.23757787734591027
s25,A,840.0,0.2683475982390638
s25,A,860.0,0.19735502963289409
s25,A,880.0,0.10130851704340155
s25,A,900.0,0.05574873000265132
s25,A,920.0,0.06779933894750878
s25,A,940.0,0.20815137257582322
s25,A,960.0,0.2324021642454891
s25,A,980.0,0.14914923315384115
s25,I,0.0,-0.015098556463440702
s25,I,20.0,0.2030540294712692
s25,I,40.0,0.21603292615985628
s25,I,60.0,0.3650852522033602
s25,I,80.0,0.3732697501485926
s25,I,100.0,0.2668783416056738
s25,I,120.0,0.22349644616429026
s25,I,140.0,0.11347823497974699
s25,I,160.0,-0.08327068962375898
s25,I,180.0,0.02441080892354927
s25,I,200.0,0.2721557659727091
s25,I,220.0,0.29276698663945827
s25,I,240.0,0.044666885949441945
s25,I,260.0,-0.4240012228410317
s25,I,280.0,-0.2632376608769979
s25,I,300.0,-0.08961974260607938
s25,I,320.0,-0.012275913727333401
s25,I,340.0,-0.21810535717113025
s25,I,360.0,-0.3815049087132323
s25,I,380.0,-0.2652594501699819
s25,I,400.0,-0.08637970198427769
s25,I,420.0,0.09373170153269404
s25,I,440.0,-0.02660802659725823
s25,I,460.0,-0.06381341860358805
s25,I,480.0,0.4847418014213613
s25,I,500.0,0.7644295630077693
s25,I,520.0,0.3636098108692441
s25,I,540.0,0.20811779219583454
s25,I,560.0,0.3731674465894336
s25,I,580.0,0.28031128861561677
s25,I,600.0,0.1265636489450826
s25,I,620.0,-0.12874579189290478
s25,I,640.0,-0.3147144290365357
s25,I,660.0,-0.16963704993909046
s25,I,680.0,0.06333271181075259
s25,I,700.0,-0.0018421255170443865
s25,I,720.0,-0.29936949805030894
s25,I,740.0,-0.46565214948297184
s25,I,760.0,-0.4999221300130543
s25,I,780.0,-0.2779676953763457
s25,I,800.0,-0.08468634276103246
s25,I,820.0,-0.22707612784222814
s25,I,840.0,-0.2748236168267204
s25,I,860.0,0.08516410417320366
s25,I,880.0,0.07845779470433234
s25,I,900.0,-0.23118739431178933
s25,I,920.0,-0.34143597992787145
s25,I,940.0,-0.1390475720301625
s25,I,960.0,0.02489344385946912
s25,I,980.0,-0.0015417724557628136
s26,G,0.0,-0.23442696918208372
s26,G,20.0,-0.18270396826034552
s26,G,40.0,-0.24721864517586326
s26,G,60.0,-0.2323686525337122
s26,G,80.0,-0.2623352710024491
s26,G,100.0,-0.13687155661034645
s26,G,120.0,0.08488710976924337
s26,G,140.0,-0.20374085715762308
s26,G,160.0,-0.36486932811644945
s26,G,180.0,-0.13616395012304633
s26,G,200.0,-0.16106547554072048
s26,G,220.0,-0.2173016231098977
s26,G,240.0,-0.11482733122358543
s26,G,260.0,-0.179450573495605
s26,G,280.0,-0.030519877292862707
s26,G,300.0,0.07190276122425565
s26,G,320.0,-0.018339205261359653
s26,G,340.0,0.02739866920444064
s26,G,360.0,-0.031671342307763944
s26,G,380.0,-0.11256190267890143
s26,G,400.0,0.009326684253197826
s26,G,420.0,0.1016673787421237
s26,G,440.0,0.20587636101053702
s26,G,460.0,0.452606846467741
s26,G,480.0,0.4241716169939097
s26,G,500.0,0.23387605584708304
s26,G,520.0,0.22401922935107868
s26,G,540.0,0.21079132364027667
s26,G,560.0,0.3594892358278879
s26,G,580.0,0.21689590515068963
s26,G,600.0,-0.044772416789329694
s26,G,620.0,-0.021894057347267987
s26,G,640.0,0.17766538577069402
s26,G,660.0,0.12423975771828516
s26,G,680.0,0.09591067317875655
s26,G,700.0,0.06439547594308029
s26,G,720.0,0.1356922307638101
s26,G,740.0,0.04162307380286384
s26,G,760.0,0.07167737750497288
s26,G,780.0,0.16940406985637074
s26,G,800.0,0.20360462427152826
s26,G,820.0,0.2739557696016346
s26,G,840.0,0.3210293303020371
s26,G,860.0,0.3657493433502217
s26,G,880.0,0.2587964402070052
s26,G,900.0,0.1526407594647706
s26,G,920.0,0.05794596098957655
s26,G,940.0,0.08436670432318133
s26,G,960.0,0.14818506319167876
s26,G,980.0,0.2073367458158174
s26,A,0.0,-0.27003247632684535
s26,A,20.0,-0.4498392787161184
s26,A,40.0,-0.3151833409760161
s26,A,60.0,-0.03504851953059737
s26,A,80.0,0.03360722561290233
s26,A,100.0,0.008160265846810837
s26,A,120.0,-0.1005414573540751
s26,A,140.0,0.11770045253592612
s26,A,160.0,0.41645477042081486
s26,A,180.0,0.32893722799344277
s26,A,200.0,0.15454994133691843
s26,A,220.0,0.10054337613467679
s26,A,240.0,0.10268314735976874
s26,A,260.0,0.2525291576148446
s26,A,280.0,0.312212916093098
s26,A,300.0,0.28158108596366044
s26,A,320.0,0.35441351902808116
s26,A,340.0,0.434642030761954
s26,A,360.0,0.6778692778669255
s26,A,380.0,0.7212599047319272
s26,A,400.0,0.5904651380245347
s26,A,420.0,0.5120990104311709
s26,A,440.0,0.3981752869996461
s26,A,460.0,0.13406006876241217
s26,A,480.0,0.028005948598008798
s26,A,500.0,0.26731937925022287
s26,A,520.0,0.321783666573331
s26,A,540.0,0.16462375657750156
s26,A,560.0,0.09011298572306409
s26,A,580.0,0.17634604186293829
s26,A,600.0,0.34164007413457737
s26,A,620.0,0.30911490321280505
s26,A,640.0,0.20245999174708276
s26,A,660.0,0.11141655764164672
s26,A,680.0,-0.03226672192309202
s26,A,700.0,0.0631531643212708
s26,A,720.0,-0.10213000285811946
s26,A,740.0,-0.17207211156109112
s26,A,760.0,-0.26396089942998857
s26,A,780.0,-0.3513073266188924
s26,A,800.0,-0.22846254452480308
s26,A,820.0,0.10485264470675931
s26,A,840.0,0.262545900364557
s26,A,860.0,0.22308895255051794
s26,A,880.0,0.17155705462744295
s26,A,900.0,-0.00015434651182889836
s26,A,920.0,-0.06179886157949216
s26,A,940.0,-0.0991371379727125
s26,A,960.0,-0.018313205827631393
s26,A,980.0,-0.03979451322069194
s26,I,0.0,0.40589840832435925
s26,I,20.0,0.1464281364256917
s26,I,40.0,0.11767913116114831
s26,I,60.0,0.03260905373449574
s26,I,80.0,0.15748095285776018
s26,I,100.0,-0.013489400581805866
s26,I,120.0,-0.18887377717499823
s26,I,140.0,-0.106488543585646
s26,I,160.0,-0.01439629869967081
s26,I,180.0,0.07911786412007682
s26,I,200.0,0.33590186995019367
s26,I,220.0,0.2815978004749109
s26,I,240.0,0.22939630654546556
s26,I,260.0,0.2624673789654728
s26,I,280.0,0.08809967469845897
s26,I,300.0,0.11903183712832077
s26,I,320.0,-0.03610090257733677
s26,I,340.0,-0.10489456522653469
s26,I,360.0,-0.27894866116914163
s26,I,380.0,-0.22729379730113702
s26,I,400.0,-0.3130455281686171
s26,I,420.0,-0.529132810940705
s26,I,440.0,-0.39235339205698877
s26,I,460.0,-0.07153795043075331
s26,I,480.0,0.060745282669659936
s26,I,500.0,-0.005439356353991509
s26,I,520.0,-0.018688863227081826
s26,I,540.0,0.007482964214952786
s26,I,560.0,-0.26924161225879045
s26,I,580.0,-0.5098786668303328
s26,I,600.0,-0.8041059022520537
s26,I,620.0,-0.7075777464411137
s26,I,640.0,-0.38221975814799325
s26,I,660.0,-0.29159514804786485
s26,I,680.0,-0.09764405848515753
s26,I,700.0,-0.010533242648694263
s26,I,720.0,-0.11240806647088075
s26,I,740.0,-0.1413513910471642
s26,I,760.0,0.06858643702875084
s26,I,780.0,0.17593290795299837
s26,I,800.0,-0.01875684809573175
s26,I,820.0,-0.28761374793032257
s26,I,840.0,-0.4970273993912232
s26,I,860.0,-0.5320718401915928
s26,I,880.0,-0.5114306120997356
s26,I,900.0,-0.29761089872140234
s26,I,920.0,-0.16400620719563014
s26,I,940.0,-0.306959087672694
s26,I,960.0,-0.43971490044301215
s26,I,980.0,-0.28245215831608517
s27,G,0.0,0.11583608508047682
s27,G,20.0,0.1464014481760766
s27,G,40.0,0.014236503445328258
s27,G,60.0,-0.023998497854878488
s27,G,80.0,-0.05660868817246252
s27,G,100.0,-0.04903343082740466
s27,G,120.0,-0.019844173945172128
s27,G,140.0,-0.06592367331983089
s27,G,160.0,-0.008107164356664934
s27,G,180.0,0.06308061870471701
s27,G,200.0,0.033337674144686386
s27,G,220.0,-0.047106142398445766
s27,G,240.0,-0.027492865830177363
s27,G,260.0,-0.050936940246284444
s27,G,280.0,-0.0365700802379724
s27,G,300.0,0.09089468495023763
s27,G,320.0,-0.00840047774682777
s27,G,340.0,-0.1258918673994185
s27,G,360.0,-0.16429289866665509
s27,G,380.0,-0.0997876009514112
s27,G,400.0,0.0003851273159095961
s27,G,420.0,-0.08668009431210963
s27,G,440.0,-0.09364208716498496
s27,G,460.0,-0.04224135448446156
s27,G,480.0,-0.08590495096147707
s27,G,500.0,-0.05775240992913132
s27,G,520.0,0.04364718313972277
s27,G,540.0,-0.02483793415401571
s27,G,560.0,-0.01592117258413251
s27,G,580.0,0.14250606934071275
s27,G,600.0,-0.06862094130240065
s27,G,620.0,-0.14027371498870014
s27,G,640.0,0.12704742706848077
s27,G,660.0,0.1087803768750061
s27,G,680.0,0.039095720873572326
s27,G,700.0,0.06451865538005011
s27,G,720.0,0.020455527478610167
s27,G,740.0,-0.04151081177237074
s27,G,760.0,0.08514342944711632
s27,G,780.0,0.04894626269664265
s27,G,800.0,-0.06506507861372673
s27,G,820.0,-0.13496551954681693
s27,G,840.0,-0.09983788679120699
s27,G,860.0,-0.10201758491774282
s27,G,880.0,-0.13878412405693205
s27,G,900.0,-0.14922827541426534
s27,G,920.0,-0.16877375425188657
s27,G,940.0,-0.053943621250781254
s27,G,960.0,-0.0695612308670847
s27,G,980.0,-0.056447247474938726
s27,A,0.0,0.02751653898581146
s27,A,20.0,0.20362757429737674
s27,A,40.0,0.13377161621980987
s27,A,60.0,0.05835690977609219
s27,A,80.0,0.06372659745923742
s27,A,100.0,0.07922205179032005
s27,A,120.0,0.05913599351147386
s27,A,140.0,-0.09831179560994457
s27,A,160.0,-0.12150732703149095
s27,A,180.0,-0.09076442986825797
s27,A,200.0,0.02896175920985543
s27,A,220.0,-0.13610389548060187
s27,A,240.0,-0.19533255183544074
s27,A,260.0,0.1096393937519202
s27,A,280.0,0.09287006908616724
s27,A,300.0,-0.10460081841614287
s27,A,320.0,-0.17173465021261913
s27,A,340.0,0.1830236734039273
s27,A,360.0,0.24859627203871767
s27,A,380.0,-0.06481112715415807
s27,A,400.0,0.12720987153729701
s27,A,420.0,0.15059120773738432
s27,A,440.0,-0.09055655210516694
s27,A,460.0,-0.30278364142026554
s27,A,480.0,-0.05397964709382645
s27,A,500.0,0.16789904135553435
s27,A,520.0,-0.11033803683345116
s27,A,540.0,-0.034713450617508315
s27,A,560.0,0.1098217184354917
s27,A,580.0,-0.005775151473304416
s27,A,600.0,-0.23612926570950163
s27,A,620.0,0.09727221910373508
s27,A,640.0,-0.013200657128733972
s27,A,660.0,-0.11951717842318554
s27,A,680.0,-0.002728493981388719
s27,A,700.0,0.151595367632525
s27,A,720.0,0.17415322734485106
s27,A,740.0,0.25990050095375544
s27,A,760.0,0.28230886880150974
s27,A,780.0,0.18302733749178168
s27,A,800.0,0.20674087262951493
s27,A,820.0,0.1492066159938101
s27,A,840.0,-0.0002024089208757518
s27,A,860.0,-0.09460463858659655
s27,A,880.0,-0.0022689874567622392
s27,A,900.0,0.1632139632067277
s27,A,920.0,0.1586239985307917
s27,A,940.0,0.05532368686183929
s27,A,960.0,0.04533159075160498
s27,A,980.0,0.008504057097557888
s27,I,0.0,-0.1942696441291285
s27,I,20.0,-0.5556074290871885
s27,I,40.0,-0.4793661809666374
s27,I,60.0,-0.3709851557359669
s27,I,80.0,-0.3967729948250627
s27,I,100.0,-0.4197716385812422
s27,I,120.0,-0.2475073512572999
s27,I,140.0,0.0033900564043911896
s27,I,160.0,-0.17203266358289987
s27,I,180.0,-0.16475896644111107
s27,I,200.0,-0.04973223266681617
s27,I,220.0,0.03258400242987272
s27,I,240.0,-0.04220055560118971
s27,I,260.0,-0.2671367354005125
s27,I,280.0,-0.10776681369535702
s27,I,300.0,0.04437450636621362
s27,I,320.0,0.0881940181079165
s27,I,340.0,0.12386982138944215
s27,I,360.0,-0.15712705685269562
s27,I,380.0,-0.00944448673975215
s27,I,400.0,0.12395431376821078
s27,I,420.0,0.014285050861462839
s27,I,440.0,-0.0336759375912635
s27,I,460.0,0.20816285968799794
s27,I,480.0,0.1478369401350814
s27,I,500.0,-0.3283754045947773
s27,I,520.0,-0.13826562470292802
s27,I,540.0,-0.0419216365955018
s27,I,560.0,-0.19736517227148254
s27,I,580.0,-0.4009473911622668
s27,I,600.0,-0.022483575585967655
s27,I,620.0,-0.06011199943997025
s27,I,640.0,-0.20444688462908428
s27,I,660.0,-0.1579770670540692
s27,I,680.0,-0.22280561549928632
s27,I,700.0,-0.4886002700630337
s27,I,720.0,-0.5072453685023458
s27,I,740.0,-0.5184593172371879
s27,I,760.0,-0.8066813030864936
s27,I,780.0,-0.7868571717664263
s27,I,800.0,-0.7281902184687306
s27,I,820.0,-0.46203836967654593
s27,I,840.0,-0.369960777416798
s27,I,860.0,-0.25377745424136633
s27,I,880.0,-0.16069223128912502
s27,I,900.0,-0.22371603224938139
s27,I,920.0,-0.17654104322075928
s27,I,940.0,-0.2059785533990731
s27,I,960.0,-0.17232146528123815
s27,I,980.0,-0.1589550246554322
s28,G,0.0,0.09034015179091642
s28,G,20.0,0.1110156114507328
s28,G,40.0,0.09690534337229706
s28,G,60.0,0.018855502376146083
s28,G,80.0,-0.08079404892569085
s28,G,100.0,-0.1403929813066876
s28,G,120.0,-0.0011805876194574405
s28,G,140.0,0.11523791787074007
s28,G,160.0,0.1475987259096322
s28,G,180.0,0.02320848055802677
s28,G,200.0,-0.1245042110896387
s28,G,220.0,-0.04769614636432863
s28,G,240.0,-0.016671872963086684
s28,G,260.0,-0.05942317775301752
s28,G,280.0,-0.17607062892828163
s28,G,300.0,-0.14811961125572431
s28,G,320.0,-0.009234190588826657
s28,G,340.0,0.08747922651962194
s28,G,360.0,0.05621787982517909
s28,G,380.0,-0.08979009390010642
s28,G,400.0,-0.06320706332628372
s28,G,420.0,0.14220899255223413
s28,G,440.0,0.22036207014544185
s28,G,460.0,-0.003767737252063974
s28,G,480.0,0.038111085342835554
s28,G,500.0,0.05623610128259804
s28,G,520.0,-0.102941132422915
s28,G,540.0,-0.1640947440623155
s28,G,560.0,-0.06858820620906506
s28,G,580.0,-0.03798523284024111
s28,G,600.0,-0.03968921250092061
s28,G,620.0,-0.09989180795690433
s28,G,640.0,-0.025731854889712164
s28,G,660.0,0.04603216615923911
s28,G,680.0,0.02435298388484041
s28,G,700.0,0.006105482132415838
s28,G,720.0,0.004062131783970399
s28,G,740.0,-0.12111834119379991
s28,G,760.0,-0.15901542121458703
s28,G,780.0,-0.15115228674934422
s28,G,800.0,-0.10260244456512865
s28,G,820.0,-0.10608834179989374
s28,G,840.0,-0.19921198278493066
s28,G,860.0,-0.11899232593929977
s28,G,880.0,-0.05380065230264494
s28,G,900.0,-0.12144435256123408
s28,G,920.0,-0.1646248586317505
s28,G,940.0,-0.11525780447747451
s28,G,960.0,-0.03158767027274919
s28,G,980.0,0.03790857959551887
s28,A,0.0,0.043155967922337446
s28,A,20.0,-0.09595897282588599
s28,A,40.0,-0.12635066774786122
s28,A,60.0,0.05956240954447692
s28,A,80.0,0.1702047841200643
s28,A,100.0,0.07039820411644124
s28,A,120.0,-0.127767105641541
s28,A,140.0,-0.20800735212500399
s28,A,160.0,-0.05060389454549613
s28,A,180.0,0.004301387475340229
s28,A,200.0,-0.0206865551762844
s28,A,220.0,-0.10728668768036242
s28,A,240.0,-0.05001738508939543
s28,A,260.0,0.08016434267814918
s28,A,280.0,-0.03161965521823735
s28,A,300.0,-0.22764299300595953
s28,A,320.0,-0.37256286626536445
s28,A,340.0,-0.4074557105492619
s28,A,360.0,-0.43164450242259134
s28,A,380.0,-0.39716052102349103
s28,A,400.0,-0.4853687874072601
s28,A,420.0,-0.5517901369384154
s28,A,440.0,-0.5460141816851263
s28,A,460.0,-0.3716417228946287
s28,A,480.0,-0.3542802360828788
s28,A,500.0,-0.44638461351586656
s28,A,520.0,-0.34757498382813057
s28,A,540.0,-0.23103583014549556
s28,A,560.0,-0.2504297695467503
s28,A,580.0,-0.3016224700091477
s28,A,600.0,-0.28733669451964267
s28,A,620.0,-0.13503441628300022
s28,A,640.0,-0.19728406802348344
s28,A,660.0,-0.4161974775505862
s28,A,680.0,-0.3994097809235025
s28,A,700.0,-0.3970275997490019
s28,A,720.0,-0.43140514436804095
s28,A,740.0,-0.36017210879098205
s28,A,760.0,-0.3687237181725037
s28,A,780.0,-0.42223368577326925
s28,A,800.0,-0.44242682070482187
s28,A,820.0,-0.5432814344270547
s28,A,840.0,-0.57523429253412
s28,A,860.0,-0.5189817351092059
s28,A,880.0,-0.47147386820498427
s28,A,900.0,-0.375628125417324
s28,A,920.0,-0.3305448800202771
s28,A,940.0,-0.2995991512005896
s28,A,960.0,-0.32118180308337313
s28,A,980.0,-0.37561512858033647
s28,I,0.0,0.053430166750967165
s28,I,20.0,0.2546954055280015
s28,I,40.0,0.14269118512437418
s28,I,60.0,0.052612558421419084
s28,I,80.0,0.0221758359860718
s28,I,100.0,0.1697844291543272
s28,I,120.0,0.23886742186281293
s28,I,140.0,0.21414680165286887
s28,I,160.0,0.05165531552306454
s28,I,180.0,0.20097107288771907
s28,I,200.0,0.2757729256282019
s28,I,220.0,0.4756318511981046
s28,I,240.0,0.30127861873834677
s28,I,260.0,0.08293497634164557
s28,I,280.0,0.4183441297173881
s28,I,300.0,0.6884211121269528
s28,I,320.0,0.4238093475640277
s28,I,340.0,0.2303633476666414
s28,I,360.0,0.3266340893506759
s28,I,380.0,0.2936138111523513
s28,I,400.0,0.3978233985373165
s28,I,420.0,0.42265069597604843
s28,I,440.0,0.4438191065009056
s28,I,460.0,0.39937480702806816
s28,I,480.0,0.45667871644023345
s28,I,500.0,0.7320542962477178
s28,I,520.0,0.661818529845843
s28,I,540.0,0.4359992963826895
s28,I,560.0,0.44413017322366105
s28,I,580.0,0.5192580326188271
s28,I,600.0,0.35849831368883883
s28,I,620.0,0.14924100268849663
s28,I,640.0,0.16541044747393036
s28,I,660.0,0.30180295572248306
s28,I,680.0,0.4325981413492095
s28,I,700.0,0.5166220834482582
s28,I,720.0,0.48616102791566596
s28,I,740.0,0.6451107933799687
s28,I,760.0,0.6490785696367085
s28,I,780.0,0.5758428480163699
s28,I,800.0,0.5099763620094286
s28,I,820.0,0.670575411301461
s28,I,840.0,0.7611165603440081
s28,I,860.0,0.7925517656728949
s28,I,880.0,0.8158344552563198
s28,I,900.0,0.789739724436344
s28,I,920.0,0.7514149602136712
s28,I,940.0,0.6065841832543879
s28,I,960.0,0.5867099061049
s28,I,980.0,0.6201053796178839
s29,G,0.0,0.296121423373922
s29,G,20.0,0.32457093094029305
s29,G,40.0,0.00815734796555187
s29,G,60.0,-0.20412080108225805
s29,G,80.0,-0.31117285888023294
s29,G,100.0,-0.29093814704735277
s29,G,120.0,-0.30514561154123265
s29,G,140.0,-0.17509962375257188
s29,G,160.0,-0.075977276350958
s29,G,180.0,0.11885996054806233
s29,G,200.0,0.1963593490504694
s29,G,220.0,0.2083178442398349
s29,G,240.0,0.19782927406586515
s29,G,260.0,0.24504665791094818
s29,G,280.0,0.36754654521784197
s29,G,300.0,0.4454342160996968
s29,G,320.0,0.6011820705058927
s29,G,340.0,0.6783152454800259
s29,G,360.0,0.5073948968287703
s29,G,380.0,0.6425406617079923
s29,G,400.0,0.6681815658846209
s29,G,420.0,0.7589182431067129
s29,G,440.0,0.3643963300323283
s29,G,460.0,0.44670165762476394
s29,G,480.0,0.6068869801286252
s29,G,500.0,0.39166936956123366
s29,G,520.0,0.32873435938009843
s29,G,540.0,0.4003377016297851
s29,G,560.0,0.7669436372200433
s29,G,580.0,0.9414411149796558
s29,G,600.0,0.6910516973755924
s29,G,620.0,0.6161146326238941
s29,G,640.0,0.7004994591090201
s29,G,660.0,0.6208003873387861
s29,G,680.0,0.6157769258887826
s29,G,700.0,0.38003272602503113
s29,G,720.0,0.5623759326250422
s29,G,740.0,0.6119254121932708
s29,G,760.0,0.5264337024344098
s29,G,780.0,0.47627469776509623
s29,G,800.0,0.6204844722140597
s29,G,820.0,0.7809097727115641
s29,G,840.0,0.893256767898133
s29,G,860.0,0.490079763615065
s29,G,880.0,0.31984751756673807
s29,G,900.0,0.5801364406161326
s29,G,920.0,0.6969025887238313
s29,G,940.0,0.6712189035984196
s29,G,960.0,0.32628885513722244
s29,G,980.0,0.27531720020472844
s29,A,0.0,-0.08583507593417664
s29,A,20.0,-0.16205286284248205
s29,A,40.0,-0.23644031407221094
s29,A,60.0,-0.23017393686262372
s29,A,80.0,-0.005177958663867596
s29,A,100.0,-0.06700103529201308
s29,A,120.0,-0.20967326720995855
s29,A,140.0,-0.23488845511661907
s29,A,160.0,-0.21878594817335545
s29,A,180.0,-0.45477806260680653
s29,A,200.0,-0.6419825021456644
s29,A,220.0,-0.5252098806616095
s29,A,240.0,-0.39760876919559374
s29,A,260.0,-0.35346376554881176
s29,A,280.0,-0.6324702597773317
s29,A,300.0,-0.5483018780613589
s29,A,320.0,-0.5875537499799409
s29,A,340.0,-0.41122930551397596
s29,A,360.0,-0.29457419605708807
s29,A,380.0,-0.3673669586397488
s29,A,400.0,-0.4367542020110956
s29,A,420.0,-0.6788767328191383
s29,A,440.0,-0.4479748781154751
s29,A,460.0,-0.313754973716665
s29,A,480.0,-0.2641418892334936
s29,A,500.0,-0.26576625504741325
s29,A,520.0,-0.43045963959792644
s29,A,540.0,-0.38633910659927684
s29,A,560.0,-0.5610467573393061
s29,A,580.0,-0.6995826288891924
s29,A,600.0,-0.43323481563149446
s29,A,620.0,-0.01868913654179233
s29,A,640.0,-0.25171802139943855
s29,A,660.0,-0.6764233783762972
s29,A,680.0,-0.6317557745326448
s29,A,700.0,-0.5354931803482613
s29,A,720.0,-0.5282705052999858
s29,A,740.0,-0.5398597438189273
s29,A,760.0,-0.49785587305424567
s29,A,780.0,-0.650609223993365
s29,A,800.0,-0.733549399720586
s29,A,820.0,-0.5067004951873816
s29,A,840.0,-0.38200412429427383
s29,A,860.0,-0.34697285508229625
s29,A,880.0,-0.5196644002210663
s29,A,900.0,-0.748289736847673
s29,A,920.0,-0.5886303354015578
s29,A,940.0,-0.4654905883950424
s29,A,960.0,-0.38249597709519423
s29,A,980.0,-0.37369596832422813
s29,I,0.0,0.0896467348291315
s29,I,20.0,0.4222175109683083
s29,I,40.0,0.7399806320917398
s29,I,60.0,0.6853277106968125
s29,I,80.0,0.20325165120992858
s29,I,100.0,0.03565848456436151
s29,I,120.0,0.1454673541339322
s29,I,140.0,-0.004497041967430927
s29,I,160.0,-0.2541339000843008
s29,I,180.0,-0.19591247496175485
s29,I,200.0,0.13211925137535102
s29,I,220.0,-0.01657483787443091
s29,I,240.0,-0.19878760727487546
s29,I,260.0,-0.12363735241855878
s29,I,280.0,0.26681763109084317
s29,I,300.0,0.08274842174057505
s29,I,320.0,-0.20302477582931394
s29,I,340.0,-0.03909231338586214
s29,I,360.0,0.006925382821941654
s29,I,380.0,-0.14762796428920494
s29,I,400.0,-0.2678160611708387
s29,I,420.0,-0.003745652441832531
s29,I,440.0,0.23288032879475273
s29,I,460.0,0.030724866490112822
s29,I,480.0,-0.07836529932851236
s29,I,500.0,-0.2842623364165534
s29,I,520.0,-0.2778204859890208
s29,I,540.0,-0.23670895020073227
s29,I,560.0,0.04916769746193206
s29,I,580.0,0.246936058765811
s29,I,600.0,-0.025191582998856023
s29,I,620.0,-0.5977936944593754
s29,I,640.0,-0.348328254540369
s29,I,660.0,0.4488312576126168
s29,I,680.0,0.49895597396127467
s29,I,700.0,0.2957298434640145
s29,I,720.0,0.14688848746622918
s29,I,740.0,0.17186267283436465
s29,I,760.0,0.20938058192660425
s29,I,780.0,0.24797997252595944
s29,I,800.0,0.18458539606331012
s29,I,820.0,-0.1866051161310195
s29,I,840.0,-0.4675368508729032
s29,I,860.0,-0.5946527879463264
s29,I,880.0,-0.10694653382372124
s29,I,900.0,0.01945368665222179
s29,I,920.0,-0.01524771006416474
s29,I,940.0,0.0013622354214223586
s29,I,960.0,-0.007421690041268386
s29,I,980.0,-0.08559345916727433
s30,G,0.0,0.12414658258271226
s30,G,20.0,0.22400165001810401
s30,G,40.0,0.18023874552439034
s30,G,60.0,-0.13241920729898515
s30,G,80.0,0.006753297488398244
s30,G,100.0,0.07595530583457535
s30,G,120.0,0.3134815083873776
s30,G,140.0,0.12689975139336135
s30,G,160.0,0.2205064356911428
s30,G,180.0,0.21419142571926283
s30,G,200.0,0.058093213376660555
s30,G,220.0,-0.12040292418151885
s30,G,240.0,0.2028459176680618
s30,G,260.0,0.21014857110274746
s30,G,280.0,-0.07012102311539752
s30,G,300.0,-0.16828900712869957
s30,G,320.0,0.022768837199872174
s30,G,340.0,0.19042785509692833
s30,G,360.0,0.2725264284482353
s30,G,380.0,0.0014276529573399466
s30,G,400.0,-0.3297881452435507
s30,G,420.0,-0.16555396812015974
s30,G,440.0,0.24086719318956204
s30,G,460.0,0.30788321298751453
s30,G,480.0,0.18574527792894524
s30,G,500.0,0.12348596428533604
s30,G,520.0,0.10325700301642943
s30,G,540.0,0.21710963740488787
s30,G,560.0,0.445348316060746
s30,G,580.0,0.25618618576154883
s30,G,600.0,0.05598198142112132
s30,G,620.0,-0.08547158486311593
s30,G,640.0,0.25723953136769306
s30,G,660.0,0.49731665617678744
s30,G,680.0,0.42042812638693017
s30,G,700.0,0.2057259946230353
s30,G,720.0,-0.3067367104882203
s30,G,740.0,-0.2376498429180708
s30,G,760.0,-0.1319847263292208
s30,G,780.0,-0.2094470761531348
s30,G,800.0,-0.38954620403583096
s30,G,820.0,-0.4415002008919891
s30,G,840.0,-0.3888844593831657
s30,G,860.0,-0.3241589274385487
s30,G,880.0,-0.13025142158313763
s30,G,900.0,-0.3981237957854173
s30,G,920.0,-0.3914996081290656
s30,G,940.0,-0.4612851743231124
s30,G,960.0,-0.2906351645061642
s30,G,980.0,-0.09090594459247828
s30,A,0.0,-0.09254791209988822
s30,A,20.0,-0.18589544877644348
s30,A,40.0,-0.2263555404432668
s30,A,60.0,-0.3035826263103055
s30,A,80.0,-0.16435814789925812
s30,A,100.0,0.06988576547655036
s30,A,120.0,-0.1492370122337417
s30,A,140.0,-0.25831992175414265
s30,A,160.0,-0.5122460441666754
s30,A,180.0,-0.2708928876525629
s30,A,200.0,-0.026601115643641045
s30,A,220.0,-0.1915616835005484
s30,A,240.0,-0.34673213700822747
s30,A,260.0,-0.5164483185796991
s30,A,280.0,-0.49694169292470497
s30,A,300.0,-0.4334071956922845
s30,A,320.0,-0.3606287382340484
s30,A,340.0,-0.4792866590027508
s30,A,360.0,-0.28659560218560165
s30,A,380.0,-0.08812906658220362
s30,A,400.0,-0.034601314794983656
s30,A,420.0,-0.019059487491584714
s30,A,440.0,-0.33124724258245586
s30,A,460.0,-0.5481070796883535
s30,A,480.0,-0.7081259765115102
s30,A,500.0,-0.6851334907847743
s30,A,520.0,-0.8132948058572478
s30,A,540.0,-0.787530544956532
s30,A,560.0,-0.765512273268919
s30,A,580.0,-0.9260834085842449
s30,A,600.0,-1.019133996357742
s30,A,620.0,-0.679852048199872
s30,A,640.0,-0.29304245624937286
s30,A,660.0,-0.5565561327243738
s30,A,680.0,-0.741262650135488
s30,A,700.0,-0.5453323580376446
s30,A,720.0,-0.2937216248193576
s30,A,740.0,-0.08517688241399132
s30,A,760.0,-0.28890451545409324
s30,A,780.0,-0.35096765433321353
s30,A,800.0,-0.3380140437241261
s30,A,820.0,-0.1818965487862852
s30,A,840.0,-0.1516734271455636
s30,A,860.0,-0.10466180605427527
s30,A,880.0,-0.12132630721403592
s30,A,900.0,-0.2742625102241827
s30,A,920.0,-0.4670241551968089
s30,A,940.0,-0.36569722707618274
s30,A,960.0,-0.22314181015404666
s30,A,980.0,-0.07056730712795349
s30,I,0.0,-0.1569953128225925
s30,I,20.0,-0.17012569383842074
s30,I,40.0,-0.1755920331395065
s30,I,60.0,0.09390059414927523
s30,I,80.0,0.4524703030072766
s30,I,100.0,0.13796809872092802
s30,I,120.0,0.12618069997600534
s30,I,140.0,0.3642450628878301
s30,I,160.0,0.1382224353542184
s30,I,180.0,-0.41997409843140415
s30,I,200.0,-0.521891995598688
s30,I,220.0,-0.1480389747328621
s30,I,240.0,-0.103642842046202
s30,I,260.0,0.10452599359566656
s30,I,280.0,0.23009705279395226
s30,I,300.0,0.23670707954852616
s30,I,320.0,-0.04959575479657953
s30,I,340.0,0.2515638765549068
s30,I,360.0,0.11972857169238782
s30,I,380.0,0.0817418827419008
s30,I,400.0,0.42690254977182335
s30,I,420.0,0.3823504630971173
s30,I,440.0,0.704511415821392
s30,I,460.0,0.46282822731697115
s30,I,480.0,0.31787885953687633
s30,I,500.0,0.25295311560840017
s30,I,520.0,0.7905009308048203
s30,I,540.0,0.8813553613137202
s30,I,560.0,-0.034436522823581506
s30,I,580.0,-0.1303040126778588
s30,I,600.0,0.10765529160336129
s30,I,620.0,0.16432519361371306
s30,I,640.0,-0.15076230503944793
s30,I,660.0,-0.21381455417013462
s30,I,680.0,-0.30153486547004527
s30,I,700.0,-0.20349115913394492
s30,I,720.0,0.2860636320553842
s30,I,740.0,0.0059289774043117215
s30,I,760.0,-0.12716563093620958
s30,I,780.0,-0.14705825854284058
s30,I,800.0,0.25182393975858164
s30,I,820.0,0.3084535588161678
s30,I,840.0,0.1688772690611861
s30,I,860.0,0.06232511655896289
s30,I,880.0,-0.20992321360670357
s30,I,900.0,0.24819332247474807
s30,I,920.0,0.7709995759966094
s30,I,940.0,0.6894134148182094
s30,I,960.0,0.24839875339690223
s30,I,980.0,-0.06791412165352784
